Hugo_Symbol,T_Paired,P_Paired
HIST3H2A,-6.493395990431009,4.0436066512253233e-08
LXN,3.973482320516323,0.0002322367302316615
CNKSR2,9.159024392190302,3.420577429814983e-12
GSDMD,5.2703746829771,3.0417211551976194e-06
AKR1C1,-4.730171725567042,1.938574686660843e-05
C3orf62,8.396019782478298,4.7685593457208355e-11
CRISPLD2,4.83121694963112,1.3766122667116936e-05
SLC33A1,-7.609699484673376,7.584453673521964e-10
GLI1,-2.378963018545726,0.021301798351319134
STK17B,9.757950010920055,4.5118333201235695e-13
RP5-966M1.6,7.387690710249421,1.6678484321488424e-09
HAGHL,-2.991416470665105,0.0043376191026288135
MAS1L,4.5002230523097895,4.1894612096649376e-05
CDC37L1,8.994823383016264,6.001366612357002e-12
KRT10,-3.6810204912467173,0.0005784370532957751
CYHR1,-4.1379062081663625,0.00013726998677642221
TNFAIP8L2,13.773541106612019,1.795963782588152e-18
PFDN2,-9.903333469901414,2.7764211853232273e-13
TCP1,-7.646086131112803,6.667076623632453e-10
ALG9,6.2669772293952,9.061554520749951e-08
PMEL,-2.5316735815142617,0.014609367703784059
CYBA,6.297885016155053,8.117188180763711e-08
GINS1,-11.447005055703976,1.879765423781361e-15
GPX3,14.993614754357495,6.13706747456438e-20
IPO9,-5.6137637875067075,9.158591946660027e-07
SHKBP1,-2.1375322722070815,0.03756992993083356
ARHGAP40,-2.2551212026969116,0.028627129181617306
ENO3,-2.4809180186695454,0.016585508438194327
COX19,-4.407379653558207,5.697856636748291e-05
LMF1,9.35542286471539,1.7526988675838512e-12
RDH14,2.2241684637450057,0.030776565745962315
GDE1,5.029237121114093,6.99739127021176e-06
LSM14B,-6.792894964591419,1.388845894811739e-08
TLE2,11.729282537658452,7.791703854012944e-16
EIF4EBP3,8.703810582724957,1.6363249931656494e-11
LRP2BP,13.593922367228034,2.9979331839434105e-18
PELO,9.064534236506903,4.7255034640369924e-12
CDIPT,3.2875521876248595,0.0018738848609945826
C19orf44,4.220865548459503,0.0001049491941469644
PABPN1,-6.13028315754256,1.4736335555302038e-07
ZWINT,-9.813664608407123,3.744689136752807e-13
DYNLL1,-5.484037712583819,1.4437366536517687e-06
NRXN3,3.133716559828947,0.0029131240683504525
FYTTD1,-6.57854688362348,2.984349258484695e-08
CAPRIN1,-6.256523060774887,9.405155883650847e-08
AOC3,18.28584507274596,1.5638062769642546e-23
KIFC3,6.4598167049890405,4.558022443221413e-08
DOCK11,14.659945590292258,1.518022737206929e-19
TMEM231,5.08706420736502,5.735071317094531e-06
DNAH17,-3.7223366460883494,0.0005094300357369973
DCHS1,6.09442483444728,1.6738872544423413e-07
ZFYVE19,-4.339839261458058,7.116258468459776e-05
HS3ST4,-2.8225766992265657,0.0068652243169981435
CDH9,-2.455846291845689,0.01764834580876023
SLC5A8,5.523481113323278,1.2574044536538683e-06
WDR53,-9.058623186919045,4.822157568106048e-12
NLN,-9.042124098781498,5.10262746176015e-12
TBC1D31,-9.200050728644825,2.973647284772309e-12
G6PC2,4.9874801798546295,8.075464989150611e-06
ZNF597,14.128680795345893,6.598000493005038e-19
RNF114,3.3840352817499078,0.0014131486717412554
SFRP2,-3.2984738080532225,0.0018153485695934163
PNMA2,16.017425326088777,4.13029114854547e-21
C1orf158,5.070781089373826,6.065850414696989e-06
HENMT1,-3.8789210848673132,0.00031297701802725654
STX16,-4.2304510276387415,0.00010173023083279704
BFAR,4.622301959402968,2.7870282954423176e-05
SHROOM3,14.245422346979366,4.76342331018335e-19
NUP107,-10.436054272000282,4.788815360628296e-14
HS6ST1,-8.084740948867097,1.4181902494201291e-10
BRWD3,-5.167368226963074,4.346722863766674e-06
FGF11,-8.612493277062176,2.245408674477493e-11
CCDC138,-7.733158116185572,4.89876031526019e-10
FAM193B,3.4621338667615307,0.0011212434463776081
BATF,3.536864222168812,0.0008964065231191028
AGFG2,7.30455047786904,2.241620126390208e-09
TVP23B,-3.0289543650061272,0.00390897255679719
BCL6,3.6417617916094938,0.0006522560757200572
DNAJC3,6.424239241515253,5.1744883278708095e-08
CABP5,2.657138312185033,0.01060912665229938
C1orf233,-2.7052050033738517,0.009363293466989726
ADH6,2.5236530149763117,0.014906693500427884
ITGB6,10.732974288621747,1.825614388240186e-14
CEACAM21,11.604791672046343,1.1475214110101225e-15
ETV6,-2.9536462392410554,0.004812938538958732
C1RL,6.514089047034712,3.7559077711300735e-08
CCDC181,5.488989089805875,1.418922781852034e-06
GPN3,-3.0261352371231904,0.003939734019539448
RAP1GAP,8.592254775276624,2.4087869073988354e-11
MAGED2,4.232400784738824,0.00010108732276784366
C1orf85,-2.9817757816071797,0.004454589646382386
JRKL,-5.173974657485957,4.2485332095251085e-06
BHLHE40,2.959035010764136,0.00474227274242252
NMUR1,14.896290151712149,7.981702108468495e-20
SPATA18,6.1969803933276815,1.1624902540916057e-07
SLC17A3,6.402339512198573,5.594640408867856e-08
NTPCR,-4.4392950464802325,5.1275532125555824e-05
CBWD3,-3.8730852354345346,0.0003187615398817053
TLDC2,3.899420480110069,0.000293449822843126
IFNA5,4.345420819246419,6.987049889949357e-05
RP11-10J21.3,2.151918750433906,0.03635792562637377
GNAI2,16.570086385549324,1.0102583591032548e-21
MNDA,16.56341829454864,1.0273667809684508e-21
RP11-347C12.3,3.9428285507758316,0.00025590660014971863
CLEC6A,7.964134042366685,2.1677101268025556e-10
FCGR2A,11.206781743382729,4.009628352354457e-15
ZNF491,9.207643753431041,2.897633702640777e-12
SEP15,4.3459273391495765,6.975438181822338e-05
GMFG,18.928852898797558,3.5331765824257935e-24
MAGEH1,6.85762174306337,1.102409553587768e-08
GMFB,6.107279022800076,1.599163589434912e-07
AC068987.1,-5.834738509382448,4.2021144061342037e-07
SLC7A2,4.480755291131075,4.4693159677233615e-05
FAM83G,-5.860255905493049,3.839530751326034e-07
CCNA2,-12.160741019894544,2.068526459585337e-16
PSMC1,-7.060861682732886,5.339613324865667e-09
TGIF1,-3.8633542790902515,0.00032863695181498527
C18orf21,-3.6719075297202335,0.0005948222399626388
TDRKH,-2.135043385790863,0.037783166866434834
TXNDC15,10.163458470255256,1.171977221255638e-13
IPO5,-4.022804231617642,0.0001985303202500161
C8B,6.294920564946146,8.203338089951024e-08
DGKD,6.690553548869444,2.0011104268800483e-08
TMPO,-8.342097962617931,5.7562417107351124e-11
LY86,12.644252717486218,4.8148470308714843e-17
LDOC1,-2.196699785885087,0.03280242255300843
MAD2L1,-11.814482229173603,5.985063418320524e-16
BAI1,-2.0293396384341786,0.04787370427648216
TOMM70A,-9.711297416422326,5.27529530151086e-13
MRI1,-4.38121386498561,6.211193127856649e-05
ARAP1,10.963554026793924,8.699467229663251e-15
DZIP1,-2.062196583485796,0.04451209545457711
VDAC3,-5.784836785825924,5.0123576158189e-07
RBM42,-4.090428286423254,0.0001599175087298175
MROH7-TTC4,2.7062417595539574,0.009337968086166224
ATP8B2,4.068125181976565,0.00017176914944426648
MMADHC,-5.563841976275583,1.091408534344491e-06
SIK3,4.323364751924275,7.511359127000687e-05
GOLIM4,-3.872427467691745,0.0003194199522817927
GPR149,-2.4645162154237505,0.017274043072858413
FLJ20306,-3.961631439272605,0.00024112525564400438
ZAR1L,-3.738126295193773,0.0004852060316592732
TSHZ2,-4.977266745952461,8.363120897994943e-06
ADAM11,-4.115448703415978,0.00014756504800253757
SNX18,9.147717043068228,3.555273608992354e-12
KIF17,16.034184733429214,3.95569073250965e-21
IL7,6.597638241136713,2.787832620570607e-08
RBPMS2,5.171190576142484,4.289642485984772e-06
AGTR2,6.645897686563803,2.346819477011472e-08
PLA2G4D,-3.1726199136481728,0.0026082743993067112
MTDH,-4.573662135029796,3.2798607977982405e-05
MT-CYB,7.130596586123374,4.164524442709295e-09
TRIP6,-4.770523260752361,1.6913083941205077e-05
CYSLTR1,12.099437721366566,2.4937980001082574e-16
SH3BGRL,15.470087808836416,1.722206617470178e-20
TAF15,-4.439205920329931,5.1290654348624606e-05
NMU,-2.887197992811023,0.005768878176304488
AC079354.1,3.665547110155402,0.0006065211428319271
NPIPA1,2.7097784192904926,0.009252049435356048
DNAJA3,-5.0910816815265125,5.656234127123097e-06
TIAF1,2.687293179360208,0.009810923616617437
KAT5,9.80515324163599,3.852743753309367e-13
CPNE9,7.540357963487846,9.69851467045676e-10
CHORDC1,-4.979109263291285,8.310491821137407e-06
IL26,2.430787972006407,0.01877171564499961
ELP3,2.100954464665223,0.04081230518809019
RIOK1,-9.429438472937163,1.3637764461170303e-12
HIBCH,-3.1100535312596573,0.00311462371050496
OGFOD1,-4.059809127454745,0.00017640254413582923
CSNK1G2,-5.268338910777935,3.0633043914217986e-06
GNA14,16.921148938587915,4.201105102993897e-22
SYT14,-6.602084921062489,2.743949499373241e-08
CCDC68,14.981800349002047,6.335635862746489e-20
ZNF564,5.174633752198685,4.2388581969694146e-06
ANKRD6,3.846499646225406,0.00034644388041349107
NDUFS3,-3.170273290320115,0.0026257764350143095
EFCAB4B,-3.4562133295777833,0.0011411878384863295
STRN,-5.461999046614665,1.5595002825328892e-06
SCARF2,4.424635309880249,5.382232608249952e-05
C5orf22,-8.199374245653269,9.484795960985025e-11
FBXO45,-8.508194481986918,3.226005956613873e-11
TOP2B,2.4164409012724413,0.019443543652200142
ZNF16,-7.534149553567042,9.914501811212736e-10
CYP2F1,2.2182568596774934,0.031202959998434296
AMIGO1,11.545686600805565,1.3800279983038578e-15
SOX11,-3.0455870140590333,0.003732010942967787
STX16-NPEPL1,4.224521383130129,0.00010370998801565911
PPDPF,2.0346880159405,0.0473119549848177
ESPN,-6.888264441849467,9.88232486508044e-09
LAPTM4A,8.12126801840799,1.2474363610312805e-10
KCNK3,12.866922142596744,2.4854872271988575e-17
PDE2A,9.14660637148559,3.568789593984689e-12
TTLL11,12.245752769708274,1.5973709883819893e-16
FBXO38,13.999506275748177,9.480146900926967e-19
ANKMY1,7.007612500781719,6.456061475990617e-09
GTF2IRD1,-10.13390745921155,1.2920900716183848e-13
BIRC6,-4.219405177546232,0.00010544822515468537
EIF1AY,3.4679212696560255,0.0011020688192623126
SEC22A,-5.6327827674111095,8.566129796970075e-07
ZC3H15,-7.345531488102286,1.9375566620487838e-09
DHCR24,11.252966571168253,3.464185645868283e-15
ZDHHC2,2.8808302370525904,0.005869207742924268
C1orf220,-3.3274104265302045,0.0016685170254195348
GLG1,-4.239983175291568,9.862448002660813e-05
DKKL1,-3.0537220913525056,0.00364821778346097
AK3,5.5006078265542,1.3623417937133895e-06
HEATR2,-9.364197975241543,1.7012770896015955e-12
PRKX,-6.279184501684934,8.676142420147246e-08
PARD6A,4.399964131627345,5.8389783282597216e-05
ANKRD18B,-5.730598574190765,6.069701716544231e-07
GKN2,19.854113879528338,4.440853120843267e-25
FAM89B,-2.408504196511096,0.019824426011985787
RABL2B,4.674328154601668,2.3401417122919906e-05
PFN4,-3.906661857843732,0.0002868371445988921
POTEE,-2.7058484021245093,0.009347569407663285
HDAC2,-8.500985595812283,3.307942120394925e-11
TMEM182,-9.869915240564712,3.1035609935912826e-13
ARNT,5.931362377941363,2.985115619649584e-07
OR5P2,2.8337066971152653,0.006663587403409549
CHDH,8.413649849804543,4.48416115831301e-11
PRRG4,-4.815639884669674,1.4514103271790503e-05
UVRAG,4.35210935844965,6.835225534189207e-05
C16orf96,6.974364500827686,7.268840449452233e-09
SMIM8,-2.663384197979501,0.010439064911303017
DYNC2H1,6.444844044386039,4.807981902053124e-08
C17orf53,-14.27410351959577,4.398118489331443e-19
IST1,4.656583305846985,2.4840446566647748e-05
SLC39A10,-4.230751663081971,0.00010163084138941898
ZNF675,-2.466922021440253,0.0171714579504257
MAPK1,-2.433920428041202,0.01862784534420965
RIMBP2,-2.347696469376986,0.022972421077724903
BUB1B,-12.404639034291991,9.878373959657603e-17
GABRR1,-5.331506028979783,2.4591857691203147e-06
LCAT,10.17978653264339,1.1105187396211486e-13
AKR1C3,-3.921266900676953,0.0002739350103480828
DAPK3,3.428079832152245,0.001240667264330552
ZP2,3.0160905427178135,0.0040511900801511866
SETDB1,-3.5918473779688602,0.0007592103387244589
GRIA2,-2.616566022329726,0.011777062413336514
AEBP2,-7.039737176798761,5.757297252302856e-09
ABTB2,-2.992703447319752,0.004322223122161887
RP11-77K12.7,3.346849256783727,0.001576280371070659
CLEC11A,-2.0265720342574025,0.04816665242599369
IL20RB,-5.854177127502697,3.922978655886196e-07
UBQLN4,-8.685524545988878,1.743257385861156e-11
LHCGR,3.9727224091755375,0.00023279705132151388
ZFYVE9,6.649557628126196,2.3163682443427365e-08
AGPAT4,4.7714734531967835,1.6858757597315316e-05
PSME1,5.156639010624246,4.510981676624847e-06
SCAMP1,-2.844673818913222,0.006470280891315229
TRAM2,-2.7354125127457047,0.008650713471409874
PPP2R1B,-2.7106465392925894,0.009231070995740352
ATG5,-3.098208479448356,0.0032203395260772525
H2AFV,-8.14748100719522,1.1377888904860377e-10
KARS,-6.985790550651475,6.978570869485234e-09
ANKRD2,-3.345685341608104,0.0015816641308990058
NFIB,4.62951880302049,2.720376146899738e-05
SGCZ,-3.1178192682631902,0.0030470943645307218
SRC,-4.275265789775336,8.791136420289472e-05
EIF4EBP2,8.362055230048375,5.368698682835599e-11
EPHA7,-3.0865884891420454,0.003327313515743266
BANK1,6.523917818231361,3.62650956525727e-08
RNASEL,5.692995010141004,6.929973792448974e-07
FAM84A,-7.294181453210948,2.325864758612376e-09
CEP128,-7.266986770817634,2.5622072585668767e-09
RPP21,-7.738924225916218,4.799865870472632e-10
CCDC104,3.30732942960738,0.0017691610210829926
SLC4A7,-2.9032781639172214,0.005522571828392651
SFMBT2,4.495320611799826,4.258277703555714e-05
IGSF1,-3.6950760822280406,0.0005540110878028815
FAM189B,-12.528242029726012,6.812238708988559e-17
SLC36A1,-5.622916769073081,8.868559742637276e-07
CHI3L2,6.638399269600034,2.4104626807747254e-08
TMEM8A,2.5181230610872167,0.015114880337716147
DPYSL2,21.388427883193664,1.675562060510201e-26
FNDC1,-4.621171956730378,2.7976084142441212e-05
LGALS2,4.865092135738267,1.2267833036761304e-05
ZNF354A,-2.28831099280843,0.02647138023434496
FAM179B,3.827975284882416,0.0003670872664178155
SPAG4,-3.4462972181334535,0.001175351068986403
C3orf58,-3.622805221753431,0.0006910547209257979
ABT1,-2.5754022211612293,0.013081075538699437
TNC,-5.608002971761456,9.345939042192753e-07
ARNTL,2.5251054280826697,0.014852447798253121
KCTD15,-5.0445550152493785,6.638567069113675e-06
CARD11,-3.1045944408764634,0.0031629338871672795
POGLUT1,-4.941410374336054,9.455159826758384e-06
ETS2,5.890515747449714,3.4496663559925397e-07
SIVA1,-3.310328450082097,0.0017537732277012705
C8orf4,11.018180884094832,7.305617587550154e-15
C3orf27,3.4955051686967216,0.0010148942160492032
CXADR,-4.63622812995399,2.6598133216077135e-05
MIB1,-4.937787114891253,9.57302374573884e-06
ELOVL6,-6.793319515739893,1.3867432873610482e-08
ADAMTS10,6.180605649601326,1.2322108857693179e-07
RHOF,2.5668692333389718,0.013367339743844084
MOSPD2,7.560839414592071,9.018912051707143e-10
AMN1,-2.697142842998603,0.009562397347497267
LCE2B,-2.477506584587027,0.01672663758845331
SELENBP1,18.987037528331374,3.0941113762574882e-24
RSPH9,5.439735952638141,1.6857703428730276e-06
PIGU,-8.684450904821512,1.7497503729519673e-11
PRELID1,-2.1616975087713746,0.035553836734342086
PLAC8L1,-2.320061253037695,0.024545663417549633
ZNF649,4.782944442659015,1.6216281171228084e-05
NOSTRIN,19.71165910269852,6.081165476884827e-25
XKR8,5.5961871305046165,9.742174010136417e-07
RCC1,-12.689900966336387,4.202298821419433e-17
CERK,-2.0367013714043347,0.04710197383681391
MANF,-3.9798990845495257,0.00022755704065220697
IFNAR1,3.8100130392535014,0.0003882328053890517
EMC4,-2.3915828381961712,0.02065898183814697
ABCA6,14.730985677077863,1.2504327789203848e-19
RAB7L1,2.860900736162524,0.006193785314839295
CDKN1C,3.262437668482177,0.0020153402259502485
C15orf54,2.6140917244867476,0.011851957679416476
C19orf59,13.167240822575316,1.0290563953842268e-17
AKAP11,8.922997001270131,7.681183280018267e-12
NMRK1,2.6904416124037382,0.009730844700064576
MRPS5,-4.099258760855307,0.00015544758531901463
CTD-2535L24.2,4.323057186019394,7.518934904803294e-05
CAMP,3.333329078235469,0.001639904747705144
SMARCD2,-6.521773097613375,3.6543601589200825e-08
SMARCAL1,-2.3718830089525875,0.021670243763862555
SLC39A12,5.546409605988423,1.1602570319348893e-06
CD1E,7.371729713550226,1.7652173734075526e-09
ACR,9.54036534756351,9.374236298802991e-13
SYCE3,-3.5513101189214096,0.0008582263895847486
C12orf49,15.56236756085424,1.3505481494194373e-20
PLEKHA5,-4.90875060777584,1.0571280573749974e-05
PRMT8,7.8208415457745195,3.5933010112583497e-10
SLC35D2,4.00459188355692,0.00021038507793414286
MCAM,4.614354624742812,2.862278144591217e-05
EIF2B1,-5.309188829947427,2.657807890949699e-06
LRRC8C,9.212936319317299,2.8458125547203755e-12
IRF8,9.795442902349087,3.9798738529366516e-13
CKLF,3.855663768510899,0.00033664969885817316
FANCB,-9.307472249830264,2.06271369116331e-12
SPP1,-6.133037744849413,1.4592759861670055e-07
GPR50,-3.467928370265542,0.0011020454868292185
TCHHL1,-2.4834064502161346,0.016483244177475403
CERS5,-3.006744710792136,0.004157534190364764
MKI67,-11.739584936390823,7.546710511740728e-16
IRAK1,-8.599550627984698,2.348552991998879e-11
MGARP,2.316087869656763,0.02477960736327651
IL2RA,-2.1832240730882613,0.033838645312889985
MARCH3,4.141286015231974,0.00013578223612325198
CD55,16.529736528202108,1.118396385622759e-21
TMEM63C,-4.907569846947643,1.061397135740477e-05
SSSCA1,-5.3628050500432325,2.2051289597704514e-06
ATF3,5.625832867028425,8.778084406790675e-07
TDRD12,-2.412232962769138,0.01964465403346236
CDH15,3.0595376559714595,0.003589400385543424
NDUFA12,-4.538002806571615,3.694394468348874e-05
MARK4,-4.75367487134244,1.7905412966344178e-05
KIAA1107,4.7309268124178265,1.9336372741724434e-05
TSFM,-9.050757809894714,4.953867871151714e-12
TBC1D23,-3.1770220614667024,0.0025757375679438432
DHFR,-7.964589097276883,2.1642384993681705e-10
MAPK10,4.033359666094186,0.00019195836110428826
CNIH3,-2.3793357054942703,0.021282560344200965
PTP4A3,4.325124596280337,7.468154511516262e-05
MBTPS2,-4.878101286268291,1.1736088689668786e-05
PUS1,-8.332168689036092,5.959427549762065e-11
DDX27,-5.9406192991616535,2.8888058503515825e-07
B3GNT1,10.15247207253868,1.2152548060259791e-13
C4A,8.62513315220808,2.1490830058114562e-11
C17orf103,12.27725027996025,1.4518342408880304e-16
PIK3R4,-6.416889181019887,5.3118673704065915e-08
NOMO3,-5.959337322691179,2.7034035945749716e-07
EIF4A2,-2.9237118862185776,0.005223688151864339
NMRK2,2.4415018374338433,0.018283746617768343
BMPR2,10.82715859083496,1.3476068246670258e-14
AC090186.1,8.937266626859936,7.313364183396354e-12
RNF32,-3.0975175372600865,0.0032266089696947027
SMIM13,-7.520284400943606,1.041445968094337e-09
NIPAL4,-3.423909107105273,0.0012560994910501828
EPHX4,-3.457896005231138,0.001135485330384334
LNX2,7.71285915916036,5.263484715749767e-10
CTD-2583A14.10,-3.6600656324189753,0.0006167801187123639
GADL1,3.299170579681739,0.0018116734776376779
ACAT2,-3.4482489108777745,0.0011685509899391293
ULBP3,-4.760350739261547,1.7505565128225865e-05
AGPAT3,3.5224448314767467,0.0009361312123433069
ABCC1,-5.615759795638879,9.094552568058029e-07
NEU2,-2.7591017603178276,0.008127220541878786
CHCHD2,-3.369965980493961,0.0014728877715618465
ANO5,15.227751591834942,3.2760387379556396e-20
RALBP1,-2.7750435646944585,0.0077915538977737136
HERPUD2,4.034016677653553,0.0001915563364497629
ZNF596,3.427154338136268,0.0012440760576030564
NFU1,2.366159337693569,0.021972273341880694
MRPL54,6.368909031782179,6.302575796293095e-08
DMXL1,10.402237202322533,5.348493588986113e-14
ZBTB8A,4.354105736088727,6.790535985815797e-05
NFXL1,-5.214960818664094,3.6864841556532843e-06
CTU2,-4.215600404853858,0.00010675923409555589
NPDC1,11.512187436977326,1.5324582594368403e-15
PPP3R1,-6.218639689908487,1.076272406925118e-07
FAT2,-7.449412171281658,1.339402719843786e-09
AMMECR1L,-3.112533445616978,0.003092907503668342
ZFHX2,4.418128103196536,5.499199098242516e-05
RSRC1,-11.364119286826158,2.4392520087867796e-15
MS4A13,-2.188515702386074,0.03342835062827231
UBE2J1,5.20552341913708,3.8090109706987976e-06
PSMA5,-4.787995396977779,1.5941065268182052e-05
CXorf56,-3.733907025342057,0.0004915684804610918
RRP15,-6.145130786165613,1.3978749329810326e-07
IL32,4.409270784694482,5.662403334756752e-05
MYOD1,-2.1699811162996534,0.03488496777180025
RAD51D,-5.6532543779144975,7.970850435734521e-07
KLF17,8.797128798168131,1.1851879708440867e-11
C18orf54,-6.072265916889339,1.8109529914356157e-07
RPUSD4,-3.9906496075264957,0.0002199204356471874
MRPS7,-6.095060266349253,1.6701129938062507e-07
PRRC2B,-2.6594641842026037,0.010545503688872606
LGR4,-8.341472451179502,5.7688333708322356e-11
ANO7,-4.246429978310945,9.65764802938498e-05
CCDC107,10.152707484359597,1.2143107377106546e-13
C10orf112,7.789762861317946,4.010286873009619e-10
NMBR,2.054961211410941,0.04523419716514958
GPATCH8,-2.0487821558055814,0.04585891352732862
MRPS31,4.1327901608339666,0.00013955215428706187
NLGN3,3.2014751710057356,0.0024018557814332467
TNFSF13,20.29695073318471,1.6901844138648345e-25
RPS17,-3.491641175678302,0.0010266969544053162
HSDL2,13.724057940827219,2.067413762263827e-18
PSPN,3.13825401493428,0.002875914271704944
NKX6-1,-3.288314145612015,0.001869743711738918
ST3GAL2,7.339635700643477,1.978611466230609e-09
TBC1D4,3.577883857972776,0.0007920149773667878
ADAR,-2.7228359831458886,0.008941092472362955
MTPN,-2.2503915716987537,0.02894669457150761
RHBDD3,-9.758167345763008,4.5085513062742206e-13
MTR,3.1744809960974667,0.002594471931920771
CHRM2,5.160032028192662,4.458384783914868e-06
LAMTOR3,2.366528794162057,0.02195266430243018
RPS10-NUDT3,-7.099784061773746,4.647875669005295e-09
LSMEM1,4.101538962204873,0.00015431319208971653
TULP4,-4.585912935490978,3.148237956878255e-05
LENG8,3.7056958373725424,0.0005362157442643854
PFDN4,-9.835237800808398,3.4843242421935445e-13
LPAR2,-9.478725937023032,1.1543299574264764e-12
MRPS16,-7.492116268022981,1.1509476173192706e-09
CASP3,-6.888311147174034,9.88067820144243e-09
ARSA,3.1759231129979475,0.002583824022990886
RP11-998D10.1,2.085156837196634,0.04228661411330228
FAM102B,3.399393583409449,0.0013505669063895377
ENPP2,3.4810325676872838,0.0010597782057428114
RHBDF2,-5.685003284165654,7.127843265476318e-07
VTN,3.46417275068208,0.0011144523025710083
NPIPA8,2.087026752795274,0.04210971486259547
KIF5B,5.216781913526706,3.663292687092186e-06
SNN,2.24418093132176,0.02937113181607294
ST6GALNAC5,13.691671053997363,2.2672968289828877e-18
PSMB7,-7.383414119117346,1.6933963138130349e-09
UBE2H,-4.245545900481828,9.685486382977741e-05
ASB11,3.7924685914988663,0.0004100159360678924
PHF6,-6.540858100923147,3.4138503562739635e-08
NUDCD1,-7.897528250812224,2.7412775081594706e-10
CAPZA2,6.831130219380892,1.211705460282621e-08
ARHGAP29,13.504310680880382,3.876954735269711e-18
AGTR1,16.116730452117928,3.1990976578536803e-21
FAM72C,-7.387685740662884,1.6678778943528909e-09
WDR66,-6.497841282894981,3.98000236358072e-08
RCAN2,10.116742246915182,1.3675000510366735e-13
CLEC4E,10.114814529150637,1.376242207227276e-13
NTN3,-3.960515193371009,0.00024197922176268197
SEPN1,5.417387978275312,1.822694129059364e-06
GDF1,-2.448374422664681,0.017976786773097896
ST14,-7.941205294424673,2.350081197790031e-10
CIAPIN1,-4.034010299399332,0.00019156023537457724
RBMS3,17.074473466950955,2.875410246582264e-22
EIF3E,-3.341424718176726,0.001601521091803844
SDAD1,-3.90275871766044,0.00029038333319072877
ACVRL1,21.940098987392954,5.4010056350401866e-27
PLB1,2.7598783259988338,0.008110565027007195
MAP3K4,-2.9210219181861827,0.005262154839571723
HIST1H2BL,-5.739467799824037,5.882772435515565e-07
TARS2,-3.820994994360035,0.0003751693777216673
PUS7,-10.60859680388023,2.730647162551448e-14
ZNF132,7.655616960944069,6.445778069244592e-10
DPF1,-4.793599901357819,1.5641054421962743e-05
RMI2,-9.859427135104164,3.2140622242779357e-13
C6orf10,-3.544220262090534,0.0008767663418635938
ZNRD1,-4.819497930868814,1.432520934272564e-05
IGSF10,12.966815653082318,1.8512861417058772e-17
PCDHGA9,4.970701471649938,8.553330927599943e-06
ANKRD7,-4.395003087198546,5.93528786895566e-05
MTCH2,-10.098164726969081,1.4541400361336758e-13
FOSB,5.228758867403698,3.5143169308197693e-06
KCNJ14,-7.481169296923619,1.1965581529720654e-09
JPH2,7.418788498342117,1.4933414421421465e-09
CRIP2,13.48643591027193,4.081476289364377e-18
PALMD,12.1578670574835,2.086714946650276e-16
GINM1,7.59259363007487,8.058534069732842e-10
APOBEC3C,-4.55765411709238,3.459993577201901e-05
CYP24A1,-3.7497062909330476,0.0004681480474570725
IGFALS,14.748531645794106,1.1920641979756314e-19
ZNF705A,4.000007672623868,0.00021347528042204742
CCT4,-6.071456941854672,1.8161630315977923e-07
BEND7,6.6897474359929685,2.0068754481480116e-08
CXorf36,7.551231201039272,9.331558530690262e-10
LRRC46,4.518500847276526,3.942344624453046e-05
RPL35A,-5.367352836606832,2.1704421776320907e-06
C5orf55,-3.8310892419249694,0.0003635361259546548
NPRL3,-2.237851588670741,0.02980934982081416
FOXA2,15.380750566961984,2.181200129398651e-20
MSI2,-9.270556817574281,2.338658910043708e-12
RPL21,3.9222495111728994,0.0002730873886521684
TRUB2,-7.648501051167897,6.610292354944932e-10
EVC,4.018221474804371,0.00020145094723688302
CEP57L1,-4.290032484618986,8.37718843370591e-05
PANX3,-2.021147540975833,0.04874533482298039
ENTPD1,7.928182421440773,2.4604537579405086e-10
EXOSC2,-9.46462574903753,1.2106927438775108e-12
UTP6,-7.13243883902217,4.137275752792926e-09
SH3YL1,3.6762636753514992,0.0005869350660854098
SORBS1,16.85827844103124,4.911252062459135e-22
MTMR2,-4.479403018181283,4.489419869954633e-05
NOC2L,-7.237158127454889,2.8492312828395303e-09
MT-ND1,7.632616836480527,6.992899548881473e-10
MAP3K7,-7.18968063397196,3.374048691650401e-09
VWA3A,5.665299218784711,7.639978659440288e-07
STEAP1,-8.885148508823342,8.74975385429672e-12
PIK3C2A,6.593742580887575,2.8268537689923914e-08
DNM2,8.150730395378796,1.1248903751978857e-10
CYTH1,9.918229743336344,2.6420473333428934e-13
FAM195B,4.325705643526063,7.453942900486635e-05
RNF8,-3.3912455040713407,0.0013834329533222783
OR51I1,2.251452390154547,0.02887474452435149
ALMS1,-4.361387424297693,6.629934645633597e-05
TRIQK,5.28055221072565,2.9360523172873892e-06
SLC25A3,-2.5107784287703248,0.015395464569598897
P2RX4,5.354789143787623,2.2676078080367427e-06
NKX3-2,-2.8710670544890546,0.0060261873364947545
ACTN1,-3.8500379350816503,0.0003426302040827407
C15orf61,-3.638778638594005,0.0006582201908583838
CD80,7.563517025619852,8.933672947736694e-10
OFCC1,-5.716908948532898,6.369864503366771e-07
AL078585.1,6.355530711716339,6.610313901127893e-08
ACTR1A,13.125669176857643,1.1618662939131621e-17
TRNP1,7.390054589887538,1.653893195877771e-09
C9orf66,5.871355895210601,3.691679347794515e-07
VAV3,-4.560169235687338,3.4310641351334e-05
PGLYRP1,3.8212215442280493,0.0003749043971024094
ANKRD54,-2.9888377042860914,0.004368622960051844
NEK7,12.49994764221909,7.415838776448778e-17
RNF4,-3.200090234817739,0.0024114004755212623
HTR2C,-6.711233913230602,1.8587417071807284e-08
ASB6,-4.3373164640546005,7.175420593442963e-05
CX3CR1,9.650452905341714,6.470808830233943e-13
AIMP2,-6.137176588334697,1.437964886737229e-07
KCNQ1,15.256656953477208,3.033088454236528e-20
C19orf52,-8.068083099441951,1.5036876908560926e-10
CCSER2,9.05543066888238,4.875186794798008e-12
LITAF,7.244226657732585,2.778426835790924e-09
NTF3,-2.2130591751647493,0.031582168315420066
SLC43A3,9.572636793958345,8.407837055551285e-13
CNGA4,4.7738130688887646,1.672572150367733e-05
OXGR1,-3.8498156960371697,0.00034286854431660527
DDX39B,-4.935781034653141,9.638901793449985e-06
ZNF436,-7.144561600276307,3.962370510539739e-09
C22orf26,2.1060740740862522,0.04034424927870534
FH,-7.181528896330316,3.473449645068024e-09
ICAM3,4.838418859232095,1.3433233023519087e-05
MSANTD1,10.439725471978264,4.7317361861271756e-14
DRD2,-2.8888495525424767,0.0057431179440480895
DGKA,-6.654806493418141,2.273384971865413e-08
PFDN5,5.327807920118052,2.4910533784999564e-06
PLBD1,5.0918462818062755,5.641351443843605e-06
TNFAIP1,4.453256411981368,4.8959661528144306e-05
CCR4,4.553308057111717,3.5105464190883516e-05
CHRAC1,-5.194762764905514,3.953629523616378e-06
LRRN1,-3.127348112377515,0.002966113426739485
OSBPL1A,2.7016327512766583,0.009451039165047307
ZNF695,-7.8322040690520405,3.4519735125766085e-10
PDCL,2.5653154892543735,0.013420074758796504
P2RY12,11.333466710458648,2.6865803472362734e-15
KHDRBS1,-5.9464814951971725,2.829419888517296e-07
KRT6A,-6.9318997925668695,8.45765085457236e-09
CCDC91,-3.24055670375078,0.0021467584413525777
SMTNL2,6.641543862341805,2.383565420636109e-08
GINS4,-9.868588792642637,3.117321414426347e-13
BMP7,-7.823403945788026,3.560930212379632e-10
CPQ,12.722760995663764,3.810820281059061e-17
MRPL30,-7.230880636736289,2.9136273711987076e-09
CXCL3,5.343296731804086,2.360249674005714e-06
TMEM66,17.592636888690404,8.128227780258506e-23
TACC2,5.582135086554776,1.0235130647859466e-06
C2orf49,-4.530293048601538,3.790538755082538e-05
RSU1,9.925039747598246,2.5828249246721454e-13
CTD-2021H9.3,-6.350019090759258,6.741415260151959e-08
SCAND3,-4.047606790971382,0.00018342111041597207
EXOSC6,-2.968610984347987,0.004619080639224366
UBE2F,-3.097664619538976,0.003225273420916505
LRRC4B,2.4589408386032425,0.017513913507754816
TGM4,-2.6058434814209073,0.012104781261833166
RASSF5,8.356782772442378,5.468454051370592e-11
PPP3CA,3.975202654480144,0.00023097305465068566
APOL6,8.865339660910326,9.367561355366409e-12
KANSL3,5.7269751595446,6.147755382139402e-07
DAPK1,9.194342216497965,3.0321176532252346e-12
LAMA5,-2.9518817833695317,0.004836289370508177
GJB6,-5.826584065292713,4.325007227862305e-07
FAM155B,-5.555681959916313,1.123116917578026e-06
PTPRF,-7.617951319380881,7.365874652677609e-10
ATP1A3,-2.033340195682876,0.04745297771413738
TUBGCP3,-2.220178398632965,0.03106379284952042
USP31,-8.433558285817918,4.1834821675513173e-11
RASEF,5.994729508250545,2.3845925008853264e-07
PLA2G10,11.423887046604488,2.021273130986864e-15
FAM181B,-5.8255613223584,4.3406705382624255e-07
GPRC6A,-3.0236914369536,0.003966583198386463
C3orf49,6.039282173699998,2.035934772927266e-07
SPATS2L,-3.548855144660481,0.0008646033303941585
AHI1,3.394533184380829,0.001370081334210459
CXCL12,11.491228102463435,1.636398020221147e-15
CHGA,-2.6738981974596614,0.010158428262032075
LDHC,-2.845067610018947,0.006463437589172281
HPX,2.6715463505990558,0.010220595224761625
CCM2,-2.0318818546740127,0.047605974445332024
DOHH,-2.6161634094050608,0.011789219679935747
LINC00908,7.518053584678075,1.0497231009735923e-09
EMG1,-3.8413103265021076,0.00035211118175031294
SPINT3,2.6147267201049784,0.011832695393940496
GPR89C,-2.5297106789082924,0.01468163113389072
LPL,16.325579465812467,1.875917995949639e-21
IL12RB1,11.357279108659954,2.4923659849135293e-15
EZR,7.305083301409598,2.2373747532825603e-09
LSR,-6.754571665124687,1.5923926822823138e-08
TM7SF3,-3.0985841187103556,0.0032169358676132427
PCDH17,8.725096575832994,1.520143918037218e-11
POLR3K,-4.614374049227162,2.8620918187526754e-05
CPVL,6.4312133204032484,5.047417087479533e-08
MMP7,-2.799224387398018,0.007306776349666066
WDR74,-8.456083425580445,3.867681252122876e-11
ZP3,-7.191833965373188,3.3482707686735977e-09
KBTBD3,3.982497089687948,0.00022568838890678558
SWI5,-7.229174526446738,2.9313799023710138e-09
C7orf31,2.3870235755119165,0.020889178399383743
GRWD1,-4.422681786085074,5.417089546460851e-05
FAM81B,5.970950982775582,2.5943711799441517e-07
EMP2,14.142443859216211,6.348831519546628e-19
MAT1A,-2.7836965897911967,0.007614763546721162
HPDL,-5.60890915709586,9.31621913680307e-07
FBXO8,13.810124678311055,1.6187807117649794e-18
PARP16,-4.4308664484812486,5.2725064370047935e-05
ST6GALNAC4,12.008404767152454,3.2947985848409373e-16
CLEC3B,14.590746212384849,1.8346977913177124e-19
LRRC29,4.805173044119342,1.5038981516869973e-05
HMMR,-9.351279658585433,1.777520437162772e-12
CYP2W1,-3.6196274357857194,0.000697771384384656
AC114494.1,-3.256716072580869,0.0020489500933659876
FBXO43,-7.95046884811685,2.2746127385858454e-10
PLEKHH2,12.787768787950823,3.1418004990221856e-17
FXYD3,-4.943837188946635,9.377015847357255e-06
FCER1A,12.904440983379935,2.224819923740401e-17
NCK1,-4.91614414600662,1.0307779285006789e-05
DSN1,-7.95066375105968,2.2730513528701966e-10
CD247,7.350986947351775,1.9003295500682714e-09
MLANA,2.6556454369691216,0.010650148630780504
RAB37,15.50760918086132,1.5599373950704407e-20
THUMPD2,-6.145338570763144,1.3968427373827967e-07
ELP5,-2.247519501560128,0.029142291766293852
HVCN1,6.342171036367695,6.932580371956658e-08
LMX1B,-3.331009471899115,0.0016510624317364164
SFTPA1,17.813649664069604,4.7812645531319644e-23
CA8,3.2137475074818678,0.002318820814625103
RPL38,-3.352296726608633,0.0015513130813375486
RNF215,-5.381829882723203,2.0635776633164003e-06
STAR,-4.082371353349369,0.0001641044197958465
SLC16A11,12.296982334027133,1.367584274065366e-16
PLEKHN1,-7.187408424530571,3.4014654702536046e-09
KIF18A,-11.765872251617454,6.956363071127294e-16
IL17RC,9.108257827258484,4.068681808159808e-12
RC3H1,6.2534663607169945,9.50805418224257e-08
PTDSS1,-6.340545340764733,6.97285060326735e-08
TMEM115,9.929707239848366,2.543011251737696e-13
QDPR,7.542606424394104,9.621462540547425e-10
FITM1,9.105649426400428,4.1051462590698395e-12
FABP4,9.831003640770703,3.5339416689550585e-13
ZNF514,-4.363591904728823,6.582048295302741e-05
MMP17,-4.071407612321594,0.00016997295414557774
MLH1,10.816293787277006,1.3955572667611484e-14
SPRY3,2.336121353332456,0.02362005489176232
VRK1,-8.775012868109652,1.2792430973518806e-11
ORM2,2.7795085424467927,0.007699861798133851
C16orf46,2.467057648471552,0.017165691161124267
ZNF717,5.7536517073750195,5.59564012191485e-07
FAM13B,13.499359725872733,3.9325386798945665e-18
POLR3C,-2.7458054799496394,0.008417333613946754
FMNL1,11.68727629241731,8.876993778133919e-16
MGST3,9.596124273392183,7.7683078852719e-13
DDX41,-3.363167683745592,0.0015026058439364868
ZXDB,3.0177169370221706,0.004032945660688785
C3orf35,4.806762379181409,1.495809735260399e-05
SH3PXD2A,-3.4122740397448985,0.0013001220032063667
MAGEF1,-6.210982627215844,1.1059986609487494e-07
NOB1,-8.00396711705114,1.8840531832663467e-10
TSC22D1,10.971576510957666,8.479009084387255e-15
CELF5,-3.79969650768815,0.0004009029184578949
NUTF2,-6.722975527353944,1.782464261601381e-08
LRRC69,-4.926361116969604,9.954258405775755e-06
SMARCC1,-6.254046870481677,9.488426406411314e-08
DCUN1D4,-3.2999934507395934,0.0018073423540667746
C10orf118,4.9183708861633875,1.0229693376990928e-05
ZBTB45,-2.0376524524241746,0.04700306298770561
RGL4,5.410357331170222,1.8680046753579642e-06
C9orf172,-2.408809840124553,0.019809634753494693
SLC12A5,-2.564447968456521,0.013449601311311527
C9orf116,4.84714170828839,1.3040622161212058e-05
CDKN2AIP,2.7720523912409547,0.00785354303261899
CTNND2,5.623480908564556,8.850984797648213e-07
RBKS,5.6390772363027715,8.378549145054559e-07
B4GALT2,-12.12511197820503,2.3058360917302107e-16
LRRC2,8.652825901654667,1.9523426035528552e-11
POTEM,-2.880805292075894,0.005869603941065823
GAA,2.4615012661503477,0.017403384496767413
L3HYPDH,-2.0745083352600955,0.04330639360970542
LHX6,3.4223529549477094,0.0012619041067409272
DSC1,-3.307136730683739,0.001770154108455113
MEA1,-6.842440898084997,1.1637736997250856e-08
SLC46A2,16.0020712703911,4.297123795975774e-21
C6orf201,6.478018992516453,4.2715548168056517e-08
DDX4,-2.3927540657835555,0.020600215917407443
ZHX1-C8ORF76,-5.2432914045737755,3.341570018309849e-06
ZNF33B,8.91342698231729,7.938261970570582e-12
HSD17B12,7.42922503936886,1.4389808559461446e-09
CACNA2D3,-3.4900569026266988,0.0010315739285941536
PDSS1,-4.3572380762999465,6.72099106345332e-05
MYCL,-5.494208727796444,1.3932218317337945e-06
ITIH5,11.90739217406532,4.493673801887674e-16
PLTP,-3.4441115207631268,0.0011830111907392827
RAB41,7.568761614816374,8.769053143267477e-10
FBN2,-4.326920269795108,7.424319888456027e-05
TCN1,-2.411360215231603,0.01968659906265883
WSCD1,3.4883355907132008,0.001036897798044224
MCF2L2,-3.1051634238085235,0.00315786600996866
MSANTD2,5.771741685343555,5.249544950893818e-07
GPT,-2.2303806694904207,0.030334053930646088
RASA4B,9.200083379162198,2.9733161501557542e-12
TAF7L,-3.839755949410401,0.0003538260487673132
NPSR1,-3.5980847872865707,0.0007449805124360756
YTHDC2,3.5928967220549572,0.0007567983388074729
SLC25A45,9.164207922627108,3.3605627901706265e-12
TLE6,5.36228411394263,2.209137070143199e-06
GAL3ST4,-4.097386999898712,0.00015638482092607603
GNMT,9.626820133066264,7.005921601886083e-13
CLEC7A,5.85128108940202,3.9633662253701697e-07
FAM177A1,10.926589624054582,9.792692134650647e-15
SND1,-6.094225144318672,1.675075102473447e-07
KCNC1,-4.26955489598204,8.956509794596133e-05
TNK1,-4.479610526618201,4.486329164731976e-05
RP11-830F9.6,14.242517399332598,4.802101274061257e-19
PDE1B,12.690866123088908,4.1902381189407215e-17
BYSL,-8.785872888464313,1.232152400275358e-11
SPTBN5,-3.528926397459913,0.0009180711914254876
HOXC13,-8.695991095257202,1.6812179171158143e-11
SPATA19,-3.2868493463446895,0.0018777124149411933
ZNF273,-5.981715829564166,2.4972190699107844e-07
MAP1LC3B2,4.390244633122173,6.0291198164785893e-05
RAB11FIP3,5.02744031187272,7.0407143395004176e-06
MAST4,7.0641268504889805,5.277818524251724e-09
TBC1D17,2.709872396128344,0.009249776335862223
CYYR1,14.216382258631697,5.164748585729552e-19
PLEKHB2,9.088193742409342,4.357805842423774e-12
KIAA1462,14.239801875370894,4.83854558597315e-19
SGK3,4.271706071694098,8.893864640517659e-05
C11orf52,8.662958964506576,1.8849783503027794e-11
XXbac-BPG32J3.20,-2.257839205783235,0.028444903114452875
EIF6,-7.35180474512099,1.8948112165388534e-09
EPC1,8.62609588226435,2.1419191914941694e-11
DIS3,-2.8359518654581115,0.006623583681235906
NELFE,-4.857880526833005,1.2572736592219778e-05
TSKU,-9.273935972078673,2.311920260299087e-12
AOC2,7.022891883181114,6.11370598025834e-09
TTC39C,-4.6715352373115815,2.3622365451827944e-05
SLC29A3,2.7623423449822795,0.008057925843570228
MVB12B,13.288884592922022,7.223154377212548e-18
FUT11,6.703897479866786,1.908049604342898e-08
VPS51,4.167176145783237,0.0001248935097635159
PKP1,-8.534845018109294,2.940446474848924e-11
PPP1R14A,15.783669827257356,7.568814980118985e-21
CDKN2A,-7.245023881579051,2.770552684571012e-09
MCM8,-13.00435407773823,1.6578256146951256e-17
HSPA9,-5.314709250531975,2.6072475885413773e-06
DNAJB11,-8.326807084368282,6.072130558053489e-11
PRKDC,-12.453724775986254,8.520975805753821e-17
MLF1IP,-9.185788585406302,3.121908950030755e-12
UNC119,-7.015143069792003,6.2849938247982885e-09
FGF18,12.179883097062344,1.951413411017185e-16
NRBP1,-9.349167519633397,1.790310333192003e-12
CRYL1,11.808418022120668,6.09831045230486e-16
KRT6B,-4.399248494797163,5.852776390095073e-05
PLEKHS1,2.418814625192852,0.019330915727778824
CST9,-2.9645398767989466,0.004671084765892091
METAP1,-9.26142480848405,2.4124910918351762e-12
TMEM80,9.690222519178043,5.661781804559222e-13
SAPCD2,-7.851785060722101,3.221405761532806e-10
A2ML1,-4.680951353630282,2.2885521441345776e-05
LEPR,11.979755591839952,3.5974515080665397e-16
PDGFRB,3.5459168701355828,0.0008722952003489414
HIST1H4J,-6.503916866066702,3.894684247881957e-08
USH2A,-2.842662444464379,0.006505339457044201
EXOC8,5.740707154705817,5.85711085383333e-07
CTB-133G6.1,6.167304304257357,1.291900591756058e-07
SYNPO2L,4.5917585985807134,3.087268243408255e-05
RALGPS1,5.225436984900231,3.5550259659507525e-06
MED24,2.8224117557617077,0.006868254564685009
STRADB,2.299056328473706,0.025805091580629106
C12orf54,-5.441781671264252,1.6737572970164762e-06
ACSL3,-3.513668437902762,0.0009611266620175791
ZNF215,-3.899304817253876,0.00029355662847890894
MSRB3,12.843539512786242,2.663412084262692e-17
QSOX2,-8.013230478331794,1.8236255925110286e-10
PCCA,7.8166533544461405,3.646848460029049e-10
GABARAPL3,-4.323001159814055,7.520315709816867e-05
FOXRED1,-6.911338486949281,9.101364845246131e-09
SLC26A5,2.4552911925419596,0.017672558622010875
ITPR1,14.409437807203048,3.022318046575761e-19
ZHX3,5.068970325775043,6.103777092855879e-06
DUT,-6.06143381751545,1.8819662693109593e-07
SSTR1,11.559298864983697,1.3225642692932133e-15
RDH16,-3.3797793505018396,0.0014309723606747342
PPP1R9A,4.998695541113479,7.770807789284475e-06
MORC4,-5.636429098199002,8.45696424577609e-07
PI4K2A,3.206864267000083,0.002365053343739489
PCDHA7,2.5492672376977334,0.013975953107049336
RMI1,-7.138830530992002,4.04411427513673e-09
SLC27A3,10.01331845509315,1.9261159020030438e-13
PGGT1B,3.6739830033954637,0.0005910518208648053
TSC22D3,10.891795334164534,1.094869432775833e-14
PHF11,10.668119282780086,2.2515432473164827e-14
IP6K2,2.052502938279283,0.04548184287435399
MPLKIP,-6.950499315672693,7.914703640019104e-09
HN1,-11.435452402426906,1.949179942322841e-15
OMD,3.2485803517681675,0.002097654608294398
ATAD3C,9.093167369067721,4.28425813489227e-12
ZNF736,-2.6647454452170534,0.010402334483996528
PDE4DIP,3.5817166030718672,0.0007828781177597548
SIGIRR,7.473253200193325,1.2306668836367478e-09
ZNF594,-2.925272053369569,0.0052014978065692856
C1orf173,4.385502174220014,6.124075632324344e-05
MBNL1,11.521517075146354,1.4883676301026925e-15
PIBF1,2.6623136675046344,0.01046803445094231
STX2,16.434364572622922,1.4232560229609927e-21
MRPS30,-9.118539511682384,3.928102391026623e-12
LIMS3L,3.4042914726385147,0.001331169427751785
GYPC,21.30020219672689,2.012551642713884e-26
PROS1,15.949217520263163,4.9256435665813736e-21
PSKH1,3.4933900126739688,0.0010213389279493802
TSPYL1,10.175511217956416,1.126288865261724e-13
ERGIC1,10.381094908640865,5.731578435154953e-14
TSPAN13,13.330065416143423,6.410222237649627e-18
IL4,3.7985792516047083,0.00040229871229159023
GPR146,15.549931450762935,1.3954473254214466e-20
ATE1,5.49619933762613,1.383542207396765e-06
GPC2,-4.335806888759527,7.211050588671864e-05
H2AFY2,-5.812550555472926,4.5449188659851507e-07
GLCCI1,6.4350850424470645,4.978221897588972e-08
NARF,-9.527868489564408,9.777942306190076e-13
BTBD8,2.629765325851541,0.011384789057114668
SPATA5L1,-10.319089761375817,7.022964962986265e-14
MPHOSPH8,10.038926890620623,1.769284035861072e-13
PPP1R2,-4.493130733425997,4.289373282516188e-05
TAF10,-2.429410234398361,0.018835310241672655
OR52L1,-2.773037034385012,0.007833087172906856
RAD1,-9.825633007681295,3.597905383323568e-13
PDSS2,6.9685516068533895,7.421121072955784e-09
MAP4,8.616859280091532,2.2116541123838224e-11
LDHD,9.048788543055805,4.987408703863586e-12
RASAL1,-6.542385339341786,3.395301521976638e-08
C5orf56,12.42718095199601,9.229700696954417e-17
FBXL2,8.785777731291091,1.2325573321426057e-11
MPDZ,9.223344287907107,2.746616653640541e-12
GALE,2.0347126013020604,0.047309385990265976
GOSR2,-3.1982211999722368,0.0024243382102973514
CENPL,-11.483310237652104,1.6774978678566378e-15
C21orf128,3.208651588871274,0.002352965571546337
DHX57,-9.376673152266884,1.63078307663899e-12
VMP1,-3.298697667063895,0.001814167065784045
KDR,10.369516337054986,5.953019704618814e-14
FAM111B,-6.591664321197263,2.8478935384271335e-08
NME1,-10.469342278069272,4.295719193142855e-14
STK25,-2.750859299660249,0.00830595703710277
SERTM1,7.5408815382271985,9.680517224138967e-10
SPRR2E,-2.899366301646051,0.00558157458816989
KCNQ5,-5.686711530706396,7.085082525006913e-07
MLIP,-3.721497246016658,0.0005107498201201934
PGS1,7.1636070035990675,3.70242954854622e-09
MARCH1,7.900887042001072,2.7089979405967735e-10
KCNH1,-4.432414112195649,5.2455935135783314e-05
TMEM8C,3.0435544920717157,0.003753226108723269
IVNS1ABP,-3.6482675623368466,0.000639428418617875
WDR83OS,3.9249796913325956,0.000270745549109584
TCIRG1,5.147018024311295,4.663474176104648e-06
NLE1,-8.924003795203292,7.654630696807128e-12
TIGD7,-3.6932934509645405,0.0005570532423028931
LYN,7.132044087548936,4.143099426187874e-09
MYOM3,-4.128036480061394,0.00014170565199770748
C1orf123,11.068691782073518,6.2184518944979085e-15
RASSF8,10.202169150221751,1.0315282599275931e-13
MBOAT7,-4.031344784648496,0.00019319636613763643
DKK4,-3.464593245605363,0.0011130565953090025
NGLY1,3.7126761239046595,0.0005248193065467903
ST8SIA4,9.857156840481498,3.238500525845259e-13
TBC1D12,9.127712443756462,3.806823363539177e-12
DNAJC11,-4.641780269373762,2.610696567315767e-05
VOPP1,-2.51341009134341,0.015294389394988344
PBDC1,3.101177208248939,0.0031935319399081334
GLTPD1,-2.5817430304216136,0.012871985552782182
KRTAP29-1,-2.3935176007278733,0.020561986764154085
FILIP1L,10.181320289133376,1.1049158315152443e-13
SKA2,-6.935589711116745,8.347050064921108e-09
GZMB,3.49718135569937,0.0010098145756467054
WDR11,5.682170768608344,7.199311762444197e-07
MYPOP,-8.722903873365052,1.531717413572179e-11
PDCD2L,-6.413984713223443,5.3671525235301e-08
ASB5,5.28136801632934,2.9277409412480876e-06
ITSN2,11.32150412553338,2.789863511544412e-15
FAXDC2,15.022444702207903,5.678633510847811e-20
PIGX,-6.805350632137055,1.3284643091681319e-08
ANKHD1-EIF4EBP3,7.647014991845053,6.645177701961145e-10
NACAD,2.6353654173413834,0.011221999667649307
PCSK2,6.956339568701796,7.751525346366873e-09
GGA3,6.175174525459097,1.2562436818706024e-07
DNAJC13,-5.325888747651468,2.5077520036211504e-06
SLC25A37,2.48693306703868,0.016339292464604617
GPX1,7.097877711260799,4.679563415332715e-09
PHEX,2.482592107831989,0.0165166472780609
CTD-3214H19.16,5.885769898984741,3.508101182644156e-07
DUSP26,4.633805774221668,2.6815251840759116e-05
ILF2,-10.34585015828914,6.432941738919918e-14
LYPD3,-6.619611487049278,2.5776035370070994e-08
UBR3,2.9484824708470936,0.004881574000890205
RPS6KC1,-6.632814461959848,2.4589822657654128e-08
CGB8,-3.8697806876936585,0.0003220826091901162
TENC1,20.051077787128886,2.883812599912982e-25
LGALS9,4.914212222419552,1.0376001620228776e-05
FAM19A3,-2.305304329823398,0.02542458024268449
PDIA3,-8.554729010599495,2.7440962484672e-11
C9orf16,-3.1838817886773816,0.0025257978359962295
HOMER2,-3.358481912694378,0.0015234196774720629
IL36A,-3.540566166609584,0.0008864706060058167
GID8,-12.599305234264158,5.506606676809677e-17
AC062017.1,2.824448765961547,0.006830918422651279
ZBBX,4.438117223659279,5.14757276757965e-05
BRPF1,5.062448408506542,6.2423267712679844e-06
CCR5,4.90345418270575,1.076410446709466e-05
ZNF44,10.702326904602186,2.0156555031955305e-14
FBXO27,-4.282097291385105,8.597214751822994e-05
C17orf89,-8.246071117438413,8.053539643023328e-11
MAGEA2,-3.5991574163938482,0.0007425593135606348
GNL3L,-3.7497769197372954,0.00046804579768666146
ALDH3A1,-3.599208290963427,0.0007424446638800979
FAS,7.975641032999969,2.081618399115434e-10
CSPP1,4.1293222404736545,0.00014112001991319282
NDNF,24.83716269220492,2.028048616674844e-29
KCTD20,2.0555342704020103,0.0451766360516048
PARN,-3.6368986003301207,0.0006620056926480185
DECR2,-4.464035442650582,4.724185534493388e-05
SMAD9,12.555218575638401,6.28316202626791e-17
TOP1MT,-6.6675048145513385,2.1726662625945028e-08
LENG1,4.457137259280418,4.8334273288863546e-05
POLR3F,-4.401963749943728,5.800592088343501e-05
MYCN,-2.326575782191573,0.02416636833364498
VAMP3,10.365811199501906,6.025693217941101e-14
OR1F1,-3.63336949712852,0.0006691680281257982
XKR6,3.059072375706922,0.0035940732206461543
PPBP,5.9312556186818615,2.986244775651786e-07
CLK3,5.407968939672027,1.883649454953691e-06
ERMAP,4.617641379558498,2.8309190119341385e-05
CDR1,6.54596655985084,3.352200206804551e-08
STXBP6,9.833120934211431,3.509041832847555e-13
NR2C2AP,-7.7340143574170055,4.883946514088281e-10
C2orf54,9.576333259900323,8.303768408380676e-13
TRAPPC6A,-2.139812783234726,0.03737547307962126
PBLD,4.870812995218051,1.2031138831473709e-05
PURB,-2.3388321986022054,0.02346693428085979
IKZF1,7.8381261038742345,3.380543525225584e-10
MED22,2.1605984063764754,0.035643427115633015
ODC1,-2.958434838473572,0.004750094954243206
ISG20,2.916683309511366,0.005324753274601798
STYXL1,-5.239686228301556,3.383625571645955e-06
FAM105A,16.675530229596355,7.751394374053442e-22
ABCB5,3.692603686781473,0.0005582346580637147
FAM86A,-4.526871759276175,3.833983720160709e-05
CD81,17.85306966800263,4.351717531776426e-23
TMX4,8.185516350463146,9.956913956220721e-11
NFKBID,5.547006143467084,1.157831409467301e-06
REEP2,-3.957290574148994,0.0002444626187057313
RNPS1,-8.438447893805288,4.112793088089044e-11
IYD,10.03252890829071,1.8072141795748463e-13
BAIAP2,3.132448253686644,0.0029236056221713146
FEZF1,-4.779074891313196,1.643027623774307e-05
ROBO2,7.986998629269359,2.0000159676171012e-10
CCNC,-3.616467994689184,0.000704511223938964
C17orf99,-4.456808050720121,4.838702007572004e-05
ARRDC1,2.7057050463000154,0.00935107078526725
MFNG,21.243713333125328,2.2638344125669154e-26
PNPLA6,14.245438033941952,4.763215307084476e-19
DMRTA1,4.3885244067237235,6.06339583694814e-05
WDR54,-2.2870077997948095,0.026553220566423397
RP2,11.770242377636734,6.862858073883663e-16
STIL,-9.841464364300464,3.4126348697571213e-13
FREM1,8.55228592842233,2.7674910264043807e-11
DBF4,-13.562375288192655,3.281591047990952e-18
ZNF418,2.7900690352133486,0.007486945469724084
OR5AK2,3.1323352826516313,0.002924540957439991
MESDC2,-4.332189514311336,7.297133315754595e-05
AARD,8.73636268018436,1.462054527134394e-11
ZNF626,5.668828423438242,7.545638910681112e-07
PPWD1,4.9570473669757416,8.962662706016438e-06
ZC2HC1C,10.934513783469422,9.547176724275989e-15
C16orf93,3.3770208842931075,0.0014426385623536287
CD33,18.10156326654282,2.4125656438414825e-23
BLVRB,2.4977496508570214,0.015904847279140107
CLDND2,4.031811335462415,0.00019290901699766638
IER3IP1,-2.5170956048037416,0.015153850605955694
RAD21,-5.897149577399507,3.3696034323889907e-07
TMED5,14.648438643692714,1.5665499285235409e-19
TXNDC9,-3.6811393389346265,0.000578226251804791
LMAN2L,-4.941087547521408,9.465603102956687e-06
TBX10,-2.205444007053296,0.03214510577073787
RNFT2,-4.309479322157782,7.860897417666923e-05
ART1,4.413199626118825,5.5894356455223124e-05
FERMT3,13.536608587303496,3.5334004242902e-18
DUSP8,6.936571539491956,8.317865635565104e-09
CTPS1,-6.714084170351636,1.839930699841189e-08
GADD45G,5.185345073173877,4.08463881560686e-06
SYTL2,5.342222745998697,2.369096118899273e-06
HSPA14,-6.892048772045456,9.749789258489078e-09
TH,-2.5510561189575003,0.01391296866786053
ABCF2,-7.017564258756429,6.23096329596447e-09
SZT2,3.1327137981563347,0.0029214081743073692
PPP1R3C,3.833008200925079,0.0003613642625532614
PLCH2,-6.76604911341831,1.528485944638149e-08
EQTN,2.410263317622855,0.019739431267052066
CUL2,-6.535347322991292,3.48162616127282e-08
DNAH11,3.9307081625831684,0.0002658947723853961
ARMCX3,6.241726400518604,9.913799277058523e-08
SLC25A18,2.887310064177045,0.005767126750873654
TEC,14.60060955707358,1.7857502261631815e-19
MATN3,7.002784433855204,6.568183287675695e-09
KLHL12,-7.816639759149869,3.647023580025455e-10
GPRIN1,-8.069026454108553,1.4987101992260106e-10
THOP1,-10.49848705440475,3.906309265761376e-14
TMEM178A,9.094039390400734,4.271492714867374e-12
ADRA2B,-3.5183857690678546,0.0009476134302713069
SUPV3L1,-7.251534913642184,2.707075362983005e-09
PPP1R13L,-4.759031836312858,1.758385912082928e-05
CABLES2,-7.432108274279025,1.42431617356876e-09
SEC61G,-3.7616463941531335,0.00045116389355844287
PSMB5,-8.53173553916777,2.9724070716567875e-11
LIN7C,-3.8390760955214165,0.00035457862520215766
PARP14,7.364898669923652,1.8086135438667623e-09
EPS8L2,3.5535691284370476,0.0008523982050427791
WIPI2,-4.836439753191066,1.3523915588124513e-05
KLRD1,10.691010653972649,2.0907847057709172e-14
NOLC1,-5.873705946616012,3.6611102147314084e-07
GCHFR,8.515674198625499,3.143151557303801e-11
SPRTN,-7.617475424910544,7.378306736785867e-10
MYLIP,6.467498692654022,4.434855515288896e-08
C16orf71,4.480786942892139,4.468846464138176e-05
PNO1,-7.493752469600104,1.144281933337237e-09
MRPL28,-5.5745099056373135,1.051289711330486e-06
MT-CO1,5.9562019460799664,2.7336128927263605e-07
PPP1R21,2.107142386172985,0.040247173532593876
ALOX5AP,16.04535463254609,3.843506802801606e-21
MBD6,-3.332361956402005,0.0016445480420885109
RRN3,-2.9006901683584494,0.005561541346495493
DOPEY1,8.472417351284374,3.65379864509745e-11
HCAR1,-2.0673289285298626,0.04400597592534505
CLIC3,14.698435487819049,1.366520883626871e-19
SSX2IP,-9.783609432122699,4.140546882321564e-13
SGIP1,3.2038565684466267,0.0023855269576253117
AC069547.1,2.327025465928327,0.02414038067894379
TRIM28,-8.390000487000009,4.8697632538278536e-11
CILP2,-5.159826072587486,4.461560080819598e-06
SLC23A1,3.8119611141884744,0.0003858839770958052
DAZL,-2.571143342628276,0.013223246319970726
TTPA,4.020074500017713,0.00020026502521470948
ZNF763,14.675012256375108,1.4567835407157012e-19
IPO13,-6.6174433298968145,2.597622657567321e-08
CCL7,-2.191853979127904,0.03317177450576121
ATP6V1C1,-5.295536560580229,2.7870463923039395e-06
ATRIP,-3.0694309124836403,0.0034913798316822367
C7orf60,-4.561360575612241,3.417443820267772e-05
ZNF331,5.664722512342116,7.655505546825836e-07
CCDC88B,7.335476207581996,2.008099641983914e-09
PLEKHM2,2.9530955523743563,0.004820215025743737
TBX15,-4.796096610666209,1.550919676434021e-05
PYCR1,-9.466189787596926,1.204306168487784e-12
GPR126,8.923803919807554,7.659894716783498e-12
AP3S2,-2.1786311062907497,0.03419835942118633
LCE3A,-2.421806507656787,0.019189794766753285
NFATC2IP,-4.322118807036364,7.542094523435061e-05
SCN1A,10.736037333509108,1.807646594511379e-14
C11orf85,2.982449401853325,0.004446321825263138
MAP1LC3C,11.970493578654562,3.7012083423541484e-16
DHX16,-3.040060506935141,0.003789960033756969
SLC6A16,6.25774322143522,9.364392087873827e-08
TRIM45,-5.90535475903109,3.27312740536722e-07
HDAC6,2.021726776195071,0.048683256674108805
ITGB5,-5.438343037614798,1.693998745630396e-06
MMP10,-3.9649296580956666,0.00023861899300054094
HIF1A,-5.045459558883263,6.617954480721881e-06
CAV2,9.64163051723661,6.665566486194671e-13
ACYP1,-5.989138190789799,2.432349494751095e-07
FAM110A,-8.769680377649037,1.3030256281784204e-11
PXDC1,13.216528371867275,8.913750740689289e-18
MYZAP,13.753001969273509,1.903947432435458e-18
CRLF2,4.559708755473277,3.4363429203110244e-05
RP11-248J23.6,5.31530110250653,2.6018837142426737e-06
SUMO3,-2.8127761869434096,0.0070474382362648675
SPACA5,4.747357450968262,1.8292040163336358e-05
BCAP29,7.842996443262697,3.3229133837407354e-10
SLC1A4,-6.035118659215122,2.066243637782001e-07
BTNL8,11.093683678573669,5.742650601184506e-15
GAK,4.173716939026321,0.0001222797340747718
UNC5C,4.824508206157902,1.408350237501132e-05
MGAT3,9.186001671349342,3.1196398223768024e-12
TCP11L2,12.401661207365153,9.967455412849612e-17
ZNF518B,-4.5019288666606085,4.16577225133063e-05
TFRC,-4.785029337208037,1.6102118722618138e-05
SEPHS1,-5.486279489965577,1.4324491665529055e-06
NIPA2,-3.6907671892113467,0.0005613919145370181
BEND3,-6.92633336051736,8.627280032772279e-09
ZNF688,5.610134979722671,9.276165264487743e-07
USP40,3.2435729797420105,0.0021281731114239926
SAP30L,2.7729957968230847,0.007833942891078307
LATS2,11.282681056485758,3.153605404380026e-15
XPC,13.99072432266354,9.717360057559563e-19
EIF4A3,-8.989373132268856,6.114696845794378e-12
CEBPB,6.041033455493817,2.0233186780362143e-07
PSMG3,-8.160087440512035,1.0885633267535479e-10
SS18,-2.512013190551739,0.0153479654233832
TMEM258,-4.266042983939846,9.059705417815406e-05
RARG,-9.832912612928963,3.5114838529352455e-13
FKSG48,-4.816639172451275,1.446494358449614e-05
PPFIBP2,-3.090955916689231,0.003286721454149952
TTLL4,-2.262055055397252,0.028164292637144483
C12orf45,-6.147647869791652,1.3854219941817112e-07
PRAME,-7.081938231896072,4.9531275824535494e-09
ANKH,-4.293583104891497,8.280521860316655e-05
BNIP2,7.081681574649212,4.957661144398617e-09
ZWILCH,-12.85386731171256,2.5832841605347894e-17
PIP4K2C,-6.717927419857842,1.814867204481101e-08
ITGA4,5.482363963899163,1.452221479098935e-06
ELK4,-3.3679271342109605,0.0014817412802165134
FZD9,-5.217448450262174,3.6548404733538454e-06
SEC16B,-2.2664497010625335,0.02787440148153675
OXT,-2.7472762171444662,0.008384780158923745
GGTLC3,6.622387363662326,2.5521980905433254e-08
S1PR5,-6.46739858354498,4.4364390193000267e-08
TNRC6B,-4.118097413022478,0.00014631291402908785
HLA-DRB1,12.874313576453307,2.4317902326502128e-17
FCER1G,14.46705211354449,2.5779232270978203e-19
NBPF9,2.6778637806330616,0.010054390287681405
SYPL2,10.827140099767304,1.3476869995986342e-14
PFKFB3,4.037402628849526,0.00018949737071739017
NAAA,8.36010974150746,5.4052923941207096e-11
TRPC3,12.218508718236638,1.7351484523395889e-16
TMEM53,8.88885935783923,8.63867059952567e-12
CXCL5,3.155872958649805,0.002735625812219049
ZCCHC24,13.831489128768975,1.5236235575493253e-18
PIK3CB,-3.1853950385499035,0.0025149047350299914
AIM1,-2.6485451456220046,0.01084725112945884
AC019294.1,-4.854708905793795,1.2709178361191983e-05
KIAA1239,-2.252800849104593,0.02878351434707034
PKIB,-2.456302439385113,0.017628471596331415
SGSH,6.081128745749101,1.7548391601827616e-07
SYNRG,3.7713973432880494,0.0004377347527348641
AXIN1,-4.1623883666118875,0.00012684107590614808
DIAPH1,7.207912597997754,3.161928761171683e-09
MRPS23,-5.613051609699308,9.181549343895858e-07
RAPGEF2,12.353007643537289,1.1543993542901978e-16
SLC25A17,-9.135128225186737,3.711543054030328e-12
CPSF2,-7.502722959097666,1.1084198582223456e-09
KCNA5,7.663245286158178,6.27398118896618e-10
C10orf76,10.088380306237402,1.5019821339626495e-13
RBM38,-2.5784748947290397,0.012979369642428677
AC002451.1,2.1451407642803098,0.03692459933564313
HSD17B13,7.170449082706886,3.6132780905963676e-09
MANEAL,-2.0977226044712607,0.04111021156838868
CDC7,-8.534664411590471,2.942293322140102e-11
IKZF5,8.112489191466668,1.2864861170440847e-10
CABYR,-5.171476720691407,4.285399285498912e-06
CHD1,6.731501730354132,1.729044286000826e-08
GHRL,4.736319720528804,1.898730747967455e-05
DDX60L,6.508962379811449,3.825221072465333e-08
IP6K1,10.015591129752233,1.9116466070761945e-13
ERO1L,-7.6450143149912,6.692435968395032e-10
EXOSC4,-9.225759063093605,2.7241051735662935e-12
C4orf32,17.62678165710816,7.486075283774786e-23
KLF11,7.101078140225546,4.6264878262367425e-09
VTI1A,-2.169893673630561,0.03489197019435795
FBXO33,14.664865771214837,1.4977420451099841e-19
SNX33,3.497425895921745,0.001009075533150066
CCL21,4.777706052293027,1.6506638136011512e-05
ZSWIM6,3.7212945288541746,0.0005110690432781394
ZNF329,3.538667462478091,0.0008915534609727707
CD164L2,3.124578575076775,0.002989439307198456
ARMC6,-3.6818060714187477,0.000577045026736958
PIF1,-9.090398186317383,4.325051642632782e-12
ZNF728,8.930657329283303,7.481466359710937e-12
SLBP,-8.172475322632664,1.04227875910208e-10
POR,4.5999129876939895,3.004145761510719e-05
EFCAB11,-8.782502472920552,1.2465769506864647e-11
ITPRIPL1,-2.8343782019646384,0.006651599332460356
C11orf53,-2.381710585684186,0.021160335564177207
NACC2,10.695381999878187,2.0614328253597627e-14
TUBE1,2.4173437695326245,0.01940063510859767
ITGAD,2.511776032133251,0.01535707816764597
C1orf167,12.632206233136905,4.9911085498523856e-17
TLR7,9.039257690328048,5.1530059273429525e-12
RP11-295P9.3,4.348192055584541,6.923750381283179e-05
FAM184A,15.717150391045012,9.002582101175694e-21
PPP1CA,-4.068011528759818,0.00017183167053685952
CLCN2,-6.559743045752168,3.1914294785686194e-08
COL27A1,-4.062420472670158,0.00017493470925877396
CXXC1,-2.290397515251368,0.02634081456965567
FAM184B,-3.3545687686056964,0.0015410109729972104
TRABD2A,9.475772424642198,1.1659124702626523e-12
C15orf60,-4.856038982309432,1.2651782743534351e-05
ESCO2,-11.478988944082579,1.70036830236944e-15
PROK1,3.2337087557382738,0.0021895241900746158
TMEM206,-7.857788456299605,3.15386450375501e-10
C15orf53,2.746701154722567,0.008397494809638702
MSN,13.164428358316588,1.037534791880484e-17
AC078925.1,2.6587018949718657,0.010566317060396456
PHC3,-3.2846708273832426,0.0018896233324325713
ADAMTS2,-2.7490271044514665,0.008346177173620923
NCS1,-8.164108461338019,1.0733172874291823e-10
RBM17,-6.032167390833847,2.087999383002484e-07
TRIM24,-2.943381147123439,0.004950274593431277
OST4,-4.091209430461275,0.00015951712706477344
PRIM1,-8.540544274136176,2.882763015060408e-11
NAPSA,21.290769095039572,2.0524482672512416e-26
FAM150B,7.698163862711711,5.544439109567176e-10
FCGR1B,12.096337060246361,2.5175255852083293e-16
ZNF724P,-6.472635922166009,4.354348913056801e-08
POLRMT,-5.180648440038517,4.151565937956062e-06
ZIC3,-2.27768540325742,0.027145264135774002
PRG4,2.786353537003162,0.0075612275624178035
C1orf106,-8.131223851609365,1.2045919463199706e-10
CBL,3.391911679918565,0.0013807175923839408
EIF2A,-6.04230689555586,2.0141938101109138e-07
SLC40A1,12.09942447576394,2.493898877416396e-16
HIVEP1,2.4370700852206886,0.018484188308018675
AIM1L,-4.2948261120287805,8.246938033879513e-05
SLC25A46,7.846640213179749,3.280443748126866e-10
RAB31,4.515089685351605,3.987355656472828e-05
ADM,-4.986224270406195,8.110304687940334e-06
VPS8,-4.538674196773675,3.686135724980555e-05
SLC51A,-5.375012768889727,2.1132346044365863e-06
DEPDC1,-14.302701504452404,4.0621713383885833e-19
SMKR1,-3.939872552517324,0.00025830861846257765
ALG1L,-7.160353761149736,3.745588958117861e-09
MGLL,17.963586197323874,3.345031548190172e-23
C4orf19,4.1294013351595105,0.00014108407102615903
ZNF174,-4.851635059631857,1.284280234360664e-05
UCK2,-11.360537993466831,2.4669161750319033e-15
FAM83D,-9.178933688020498,3.195801483397784e-12
NCLN,-4.433047328196796,5.234620979854999e-05
FDX1,6.047079312647185,1.9803598609672927e-07
C10orf68,4.8044486259140085,1.5075990870268627e-05
LRRC14,-4.137114810893371,0.00013762062986543978
ZNF433,5.074736472440789,5.983810544831942e-06
TTYH2,3.748285983226896,0.00047020879951487857
MS4A8,4.85471391381799,1.2708961775056463e-05
CD68,9.977131992756354,2.1720080184908805e-13
MYO3B,-5.284180983963386,2.899260525055832e-06
ATP5I,-2.5684547730280234,0.013313720235260656
TMEM245,6.809876984286754,1.3071784992934038e-08
LHX5,-5.581916129579784,1.0243004307131625e-06
COL4A5,-5.581725023901734,1.0249881345652849e-06
IGF2BP3,-8.617907033138765,2.2036300583778945e-11
STX5,5.990784140644678,2.418192988667393e-07
BZW2,-8.430402792460495,4.2297495373409226e-11
TNRC6C,3.6011663492328423,0.0007380448832259896
POLD1,-6.1964672517592545,1.1646142522082933e-07
COL6A3,-3.059077414073951,0.003594022589524733
TRIM43,-2.240429537278952,0.02963016848630989
EPS15,10.08548706327937,1.5164315890418558e-13
SMAD6,8.140689475744626,1.1652306632139221e-10
CFL2,16.14537611279949,2.9724147541819144e-21
ZNF287,-2.2982956841244593,0.02585176071968488
KRT33B,-2.7789159885426953,0.007711972773825839
KCNAB1,7.256515968176718,2.6595003274455134e-09
GGTLC2,8.357346192739044,5.457705627543584e-11
MYLK3,6.136541476291705,1.4412148586232365e-07
KCNJ12,2.8839177265932583,0.005820360901271248
ZNF704,3.958272018660397,0.00024370417616518823
GPSM1,5.280645970473653,2.93509591417676e-06
AC132186.1,5.512615956050469,1.3062130360455047e-06
SPATA31A6,-3.0362354133269163,0.003830561005660596
GALNS,-2.6651662871078536,0.01039100294779165
DSCAML1,7.453606749813107,1.319595883703644e-09
ZCWPW1,5.520974568046921,1.2685015140618256e-06
SWAP70,7.8992977561793305,2.7242238199539464e-10
TMPPE,2.3394895897159036,0.023429935935789382
CHMP5,3.5450418107448582,0.0008745985533490149
FBXO30,-2.3857597468737097,0.02095339552116319
UBE4B,-7.051034591878375,5.5300033826539415e-09
DHDH,3.923492152444562,0.00027201908508130075
C20orf27,-5.046533554692525,6.593562336460462e-06
GTF2A2,-5.461159183456388,1.564089153325813e-06
RASSF3,15.985347829062059,4.4866451324919515e-21
CRIM1,6.139918046674307,1.4240199561068562e-07
C11orf96,8.044250854339166,1.6351052362227821e-10
TRIM71,4.130234062467002,0.00014070613165864012
ICAM4,8.944887234398117,7.1242619912394005e-12
GABARAPL1,5.656624880475107,7.876856133606945e-07
SULT1A2,18.47656957379666,1.0018360842961801e-23
MROH1,-2.3495363615733122,0.022870955283577306
ZNF622,-4.692777007343433,2.1991981710938222e-05
ADCK3,3.9688838515447444,0.0002356474515719286
PDZRN3,6.644798903139013,2.3560393638823295e-08
GTF2F2,-5.017924437128182,7.274596107270115e-06
ZNF259,-3.4668285453026835,0.0011056651011785584
PSMD9,-2.507180481258793,0.015534632789308453
ABHD5,9.291885005282145,2.174979096016559e-12
TRMT5,-8.130685606142627,1.206869936341348e-10
ZNF619,4.434197750428547,5.2147434703057805e-05
ACO1,5.321647775739731,2.545046030475867e-06
NUP88,-4.923257031343455,1.0060383069935166e-05
VIM,14.680934578889186,1.4334045630275083e-19
IRAK3,11.556692952257656,1.3333742568800021e-15
CRIPAK,6.797441587975891,1.3664933728604416e-08
ZNF43,2.9243123128692448,0.005215137836407028
ZIC5,-5.084671004576316,5.782548419327999e-06
C7orf55-LUC7L2,-4.697101543956909,2.1673839994694062e-05
LRP5,2.937277844279974,0.005033652884528092
SPAG1,2.965149582422999,0.00466326178729028
HMHA1,10.249131258863603,8.837566054206338e-14
LYG1,-2.9823524061438813,0.0044475114388485585
RASGRP2,12.459437174372228,8.375817062699466e-17
SLC6A5,-2.906124241968826,0.0054800094652212835
SLC12A4,13.504308189308132,3.8769825064243764e-18
VMO1,5.862536319004066,3.8086829527962644e-07
NOL8,-5.202824190720594,3.844788983499279e-06
SLC35A4,9.759672628259532,4.485885870419752e-13
RP11-480I12.4,-5.974782964261289,2.559364168124401e-07
EIF2S1,-6.7414796418353085,1.6685583551948745e-08
ZMYND12,8.799736179105064,1.1745688326484005e-11
MCM3,-8.704692858423035,1.63133616162158e-11
DLL4,6.952574416770374,7.856334537917326e-09
ALG11,4.627647294984382,2.7375092223275564e-05
AC027763.2,5.843625956619657,4.072123920565286e-07
BARD1,-4.804653154348707,1.5065532789948528e-05
TBX3,5.296471911038019,2.7779971020436165e-06
TNK2,-6.165762508738736,1.2990030948986284e-07
BCL2L11,-8.148913503030245,1.1320843258913618e-10
EXTL1,6.058844767383475,1.8993460599762882e-07
SMARCE1,-4.4950176396944,4.262566641908452e-05
ZNF793,-3.5541976990341158,0.0008507832480192313
SLC24A2,-6.035948612212631,2.0601662559845017e-07
CCR7,2.5683185029709965,0.01331832088424789
SYT10,-2.3201013580357164,0.024543312213294713
CTTN,-2.3578727897783835,0.022416231234772262
LIPT1,4.208943562256909,0.00010909119388044709
ZNF92,-4.282303019787144,8.591439935294873e-05
CENPK,-8.528207402152244,3.009094883777817e-11
SLC6A12,12.118278275064563,2.354416694038567e-16
SUPT20H,2.9649521890155457,0.004665793152909701
CHN2,3.3576674312510146,0.001527065346418214
P2RY13,13.615199509626528,2.820794653608045e-18
FXR1,-9.947243144621718,2.398892775011752e-13
GYG2,-4.720386700651625,2.0036873736833646e-05
CCDC77,-5.814233181584247,4.5179760448826367e-07
GDF11,-5.259796526908993,3.155532513881853e-06
RP11-345J4.5,-8.780008321417005,1.257360806247342e-11
AC004466.1,5.475752764579193,1.4862215139496424e-06
LEMD1,-4.72061333542522,2.002155279666064e-05
MAN2B1,6.6576934899436955,2.25008397971465e-08
TCF23,2.4742783650420628,0.016861187036362146
KIAA1522,-7.393381062047102,1.6344534553929437e-09
MBD1,-2.4981372302602134,0.01588947634951919
TMED9,-2.4395557525644787,0.01837152243909475
GATA2,6.381243247080262,6.031535952396967e-08
ZNF365,6.071731986304131,1.814389991209988e-07
TOX,11.07596453438621,6.07601326662689e-15
SIX2,-4.261147870911446,9.205478342034674e-05
DNAJC8,3.337608633900545,0.0016195067942357513
APOH,8.487973997745415,3.4611760836244365e-11
AL035252.1,-2.084194388801421,0.04237791676341051
FFAR4,11.053774695585743,6.521278730297087e-15
THEMIS2,12.917983516340035,2.137696895884071e-17
MED7,6.940443949934309,8.203752454728598e-09
FBXO7,7.822031255471094,3.578234789905721e-10
COX16,-3.6492475322143028,0.0006375172562917376
PYCARD,2.259198999619645,0.028354124059820723
C14orf28,6.421389479442128,5.227326834542475e-08
AC020922.1,-3.6696814043795976,0.0005988919805376144
CHPF,-5.955954523776084,2.736011047729842e-07
NDUFAF6,-5.252347707938017,3.2381895675110075e-06
ANAPC4,2.654407192915735,0.01068428396757121
OPTN,3.2143186740970413,0.0023150230418173693
CLSTN1,-9.163931283473197,3.3637386977721227e-12
RBM12,-3.803733974209765,0.0003958976514610205
NRG4,-4.12524138364918,0.00014298689666118218
SLC6A6,3.609821397885743,0.0007188940790158914
AK2,-7.1674147708725595,3.65254617307269e-09
FRAT2,-4.037301411659471,0.00018955860801760278
ZNF449,2.3672582932499893,0.021913991944063082
POMGNT2,5.896728982121091,3.37462423831067e-07
CNTN1,-2.5294661870170687,0.014690654706083502
NDRG2,7.114542612838619,4.409721006220581e-09
TUBB4A,-4.113855220270291,0.00014832334271535933
CNOT2,-5.524755123715393,1.2518010375650591e-06
ZNF610,2.0808121761750313,0.04270013491456656
RNF152,-2.655755580002494,0.010647117104868768
SEC61A1,-7.732880035161132,4.90358109098234e-10
ARPC4,7.117141207355132,4.369072375715933e-09
C11orf16,4.695325893574519,2.180391879498988e-05
UCHL3,-7.552558396845746,9.287732855172155e-10
IQSEC2,8.271229800831476,7.374687265075355e-11
ATIC,-7.979366477505259,2.054489193784478e-10
MOV10,-4.212970257529949,0.00010767475199805764
C16orf13,-6.070784313107715,1.820506321475302e-07
ATP5G3,-6.723732215769499,1.777657316712825e-08
NDST2,7.047306377465287,5.604000241508414e-09
GPR144,-4.218556029205939,0.00010573945206139132
GPR156,-4.852317998700838,1.281299530635449e-05
SLC16A4,9.59195659431824,7.878090833366916e-13
C2orf73,4.730428408523319,1.9368948847550164e-05
GZMM,8.406136896304668,4.6032058891766966e-11
JDP2,11.44025469761408,1.9200151834604134e-15
SNRPN,8.367958027093927,5.259189347208153e-11
C6orf211,9.163414049548132,3.3696848393428786e-12
ENTPD2,-5.608559687046977,9.327669488967912e-07
ZNF623,-9.466502284994984,1.203034203856704e-12
GDF3,3.6219559837203605,0.0006928436080602562
CBX8,-4.4971507279738425,4.2324597356523225e-05
HEXIM2,-3.03074346579096,0.0038895672027077707
QTRT1,-5.722981149031391,6.234947161799289e-07
OR2T33,2.0448980812040967,0.046255425194427324
RMDN2,13.715770152665707,2.11679465053465e-18
PTCRA,13.823975400660203,1.5564244827886806e-18
SAFB,-3.383821771454798,0.001414037797100391
HCFC1,-5.0262980168983376,7.068393638478041e-06
REXO4,-7.870183159893169,3.018886766310673e-10
APMAP,-3.848171816956164,0.0003446364920286776
RP11-155D18.14,-3.9179283007119676,0.0002768339838540874
NPW,-4.080168249811166,0.0001652676761520476
NR2F1,12.21592448398583,1.748827662805342e-16
AL603965.1,5.827066915783154,4.3176319001262384e-07
AC104667.3,5.502183061781761,1.354844792417422e-06
PLRG1,-2.942505646818134,0.004962155358538724
CACNB4,6.354028306203838,6.645796375311764e-08
ERAP2,6.4121462558622975,5.4024430892367923e-08
NKIRAS2,-9.065442811829929,4.710821231744129e-12
RP11-1407O15.2,-2.6721243991164094,0.010205283252401052
PLCD4,4.033506243857024,0.00019186859958752008
MAP3K11,8.950681179770974,6.983793939865598e-12
OR6C70,-4.498714040240785,4.2105268671052736e-05
BZRAP1,4.877737331501109,1.1750652325893197e-05
PRKRA,-3.549668814549443,0.0008624847750780436
PIGS,-5.306866147384289,2.6793694196778075e-06
TM4SF18,6.33952552052713,6.998231667182862e-08
ZNF567,-3.9312214150269518,0.00026546427950435654
CD36,14.191886549658523,5.529888595316252e-19
HMCN1,6.186633603896592,1.2060731683797226e-07
TSPAN19,4.335745041997546,7.212514007636944e-05
MMP14,-6.68457779960071,2.0442435126031397e-08
FBF1,-6.267466232419944,9.045792296473947e-08
SMPD3,3.6177473909203934,0.0007017744904718224
HIST1H4B,-4.33165447650821,7.309950335460135e-05
KLRF1,9.538051366461945,9.447697532938585e-13
GJA1,-2.093335189754424,0.041517672265437795
C1orf213,-3.3569498621303415,0.001530284090065801
FAM178A,3.8131269414679436,0.0003844848701098825
DOCK3,-3.142578273010199,0.0028408693173418223
PITX1,-7.2237971437724715,2.9880456644697655e-09
DNMT3B,-3.2953744848755484,0.0018317815322176512
C2orf43,-4.896492833138203,1.102281221600128e-05
LRRC61,-3.6250669178544364,0.0006863120979310905
RIPK1,9.82653665792069,3.587061701326673e-13
GPR111,-4.436153918896267,5.181112985160439e-05
CTD-3105H18.14,7.9731338243498895,2.1000787700614773e-10
FAM174A,10.612806053744697,2.693606802406492e-14
PKHD1,-2.343015035496417,0.023232410771696674
PSMD8,-4.503770285806368,4.1403470850115045e-05
CCDC66,3.9836428758726656,0.00022486899004050263
ANAPC5,-6.185720439109577,1.209996927984512e-07
DMRT2,-5.8059943355126356,4.651430782563321e-07
PPT1,6.202937471951383,1.1381134203904968e-07
SYCE2,-4.75319568314924,1.7934456065874212e-05
KCNK9,-4.516877578487008,3.963701709836056e-05
PTPRK,-2.4852589311585516,0.01640748588396682
GSTZ1,-5.33660924936214,2.4158709622554346e-06
PRDM5,11.688221750391532,8.8509552690846145e-16
MTMR4,-5.924722551624567,3.0561571862375547e-07
RP11-507M3.1,3.4816385160830063,0.0010578616022437546
RTCB,-7.007525207968822,6.458071555994074e-09
MEGF8,-2.280277199272798,0.026979497758289568
IL36G,-5.075743774926907,5.963093126442553e-06
FUS,-3.953081652362774,0.00024774114797944597
TAF5,-6.718548658273498,1.8108480132500858e-08
PNPLA8,3.8332842881124063,0.0003610528197220271
AKR1B15,-3.389048630915204,0.001392423509236065
FAM154A,2.483023712372375,0.016498935884051866
CILP,-3.9119574910333035,0.0002820925871915555
C7orf63,4.109602747943493,0.00015036552829029653
HSPH1,-3.248387735117817,0.0020988208625068302
PRPF38B,3.44076858810258,0.0011948190397771295
FRMD7,-3.2564486391019702,0.0020505339469780648
KCTD5,-8.229005211923015,8.549503498173566e-11
ZNF396,6.1552161038947135,1.3486409459915e-07
C1QTNF6,-5.58523304218089,1.012436956696194e-06
PAQR8,10.994641927347688,7.876161900541323e-15
SPATA31A1,-2.282238488712166,0.026854656698533947
BLOC1S4,-4.383194995212058,6.170797042435224e-05
TPRN,4.078728382669595,0.00016603225249229542
CCL14,8.049855325457331,1.6031972214211395e-10
VWC2L,3.022011765361238,0.003985136349949861
LSM4,-8.286161650712025,6.999331119412638e-11
BCL2A1,2.284149198604518,0.02673352980213649
DKFZP434H0512,8.23739788397709,8.301869950745804e-11
C7orf76,-3.6693319734088865,0.000599533220646693
ATXN7L2,-2.2543226125819067,0.028680866537353678
DKC1,-9.447964789055519,1.280885972663487e-12
OSGEP,3.9672534800305015,0.00023686830113487604
OR2C1,4.348776234305267,6.910478313817189e-05
ANKRD32,-4.274467065502411,8.814085443443161e-05
PSMD7,-8.902379504943074,8.245841130587692e-12
ZNF37A,2.991807361603234,0.0043329375015484254
ANKS1B,6.796571631150157,1.3707423124591741e-08
ZNF202,-3.9905235803262173,0.0002200085057135748
SLC25A24,9.03803482314672,5.174650802718992e-12
CYTH4,6.933305531838772,8.41534359460828e-09
FAM161A,-4.473502750947218,4.578176408304084e-05
CERCAM,-7.603593310185528,7.750380386125837e-10
B3GNT4,-7.749368462235327,4.6258155787056676e-10
TNFRSF10D,4.848998054526244,1.2958536060503658e-05
AES,11.146979488631706,4.847381029084148e-15
FAM189A1,12.130698058207823,2.266880488779263e-16
PPM1G,-10.965371016779352,8.649033235766859e-15
PRDM10,-2.5781124987534136,0.012991327383778855
PGF,-3.480926172542636,0.0010601150730899323
C9orf24,5.438155696423545,1.6951084602236856e-06
WNT9B,2.093531757582552,0.04149934179833164
BBS9,3.428782603353897,0.001238084746073701
PARM1,5.455507714944556,1.5953174287569253e-06
METTL21A,-4.444687574416337,5.036862609547117e-05
CUL4B,-5.144023259950343,4.711971077759632e-06
DEXI,3.8060304579492295,0.0003930775886784213
ALPL,12.637888107835126,4.907171383058144e-17
PCTP,8.543807381527438,2.8502509722676546e-11
HAUS7,-4.506672966236052,4.100576411344161e-05
TRPV3,-5.225535196993884,3.553815740770515e-06
SNRPD1,-8.843895899196333,1.0086067070877729e-11
TMSB15B,-3.7850795589566966,0.00041953803668398377
RP11-863K10.7,10.07280230437474,1.5814593795585153e-13
TMCC3,2.8224187243937027,0.006868126515881744
SNURF,10.09106804539032,1.4886837445251738e-13
GPR97,3.327427057873457,0.0016684359661109966
METTL7A,16.051233095933036,3.7857714564050014e-21
RP11-690P14.4,8.814560406355971,1.1159911033797148e-11
AC109829.1,-3.431777721597366,0.0012271356438468745
CTSZ,7.121924102798882,4.295234657068866e-09
SLC39A9,-3.1696522217363516,0.0026304270903986775
RBM43,7.1152209193589115,4.39907416018987e-09
TIMMDC1,-7.0080444004094264,6.446125396004339e-09
ELOVL1,2.090368983097485,0.04179513790062377
WFIKKN1,4.528020652925437,3.819340557064336e-05
ZXDA,4.308423445212403,7.888115909252054e-05
AGRP,9.70366008916681,5.412175415848205e-13
IQCJ-SCHIP1,-2.0722858413677887,0.043521917662227606
SMU1,-2.1101623561878724,0.03997385749282726
MGMT,4.63249286543972,2.6933654002912072e-05
AC021860.1,2.299765511081513,0.02576164752483063
OSCAR,16.40746718121061,1.5236475026036009e-21
SULT1C2,6.894189194269051,9.675616144373044e-09
TBL2,-4.364056123232407,6.572007480428627e-05
CCDC178,3.7922646302733205,0.00041027596276805174
HMGB2,-6.7962408661806215,1.372361260845119e-08
PPP1R7,6.7923043760932025,1.3917761140444845e-08
ZC3H6,6.166565539780419,1.295298975703869e-07
RIN1,-5.04556126046361,6.615640870333036e-06
HAGH,12.968441255742075,1.8424517622678418e-17
FANCE,-9.064577187845684,4.724808348214266e-12
KLK13,-3.135010446172105,0.0029024675426829287
CRLS1,3.7694515607702392,0.00044038342806597153
FERMT1,-10.476120782547296,4.201780548734932e-14
C17orf105,2.3969316085791714,0.02039183086613062
FAM209B,3.5579339745651417,0.0008412439929969457
STX3,10.822254249577199,1.3690415217517108e-14
SEMA6C,-2.2188936734651103,0.031156777889292615
PPP3CB,7.778575405858709,4.1720156836855905e-10
SCAMP3,-6.13368080050593,1.4559443370046423e-07
KBTBD6,-4.835611522871368,1.3562043378769177e-05
CCDC108,4.715366951201505,2.0379182097623868e-05
TNNT1,-5.730186437650621,6.078529917978653e-07
EIF3C,-2.604624178344133,0.012142570286862624
CAPN12,-2.3348349996951447,0.023693025987250173
C1orf226,-2.6391974681314423,0.011111836273226275
HRCT1,7.809647076339073,3.7382252639498606e-10
G0S2,3.5407882541192732,0.0008858778864002821
GNA11,7.878959240385915,2.9268412939152926e-10
PRSS57,2.940108156584653,0.0049948260894035045
SH3BGRL3,2.4442670364160404,0.01815967645386951
EIF5AL1,-3.591872078072128,0.0007591534791590546
SLC39A3,-2.6256263820160917,0.01150648968734621
ZNF48,-2.9802765215903864,0.004473042696894681
COL16A1,-3.8597072309979876,0.000332413616088129
OR10Q1,2.2810678105334343,0.026929111347771022
OR56A3,-2.0460605454137797,0.046136442423001724
RETSAT,10.47852581834474,4.168952602396379e-14
IARS,-6.312719485676774,7.699451035889243e-08
COASY,-12.40996428795459,9.721077303430586e-17
ACSM3,3.4522344952768425,0.0011547806308516068
KDM1A,-7.349722609149794,1.908892794088517e-09
LRRC1,-7.053090886022087,5.489610068262536e-09
PLA2G2C,2.663712361909624,0.010430199226362997
THAP5,2.176450651247564,0.03437030539906283
C4orf45,4.761735929163487,1.742370458045697e-05
CYP2S1,-6.116421245470797,1.5480488637576647e-07
C8orf49,-2.3816093256679385,0.021165534087356008
PDK4,9.431878439315952,1.352557113311481e-12
CHRND,-2.5045323367938943,0.015637790591575215
C9orf163,-2.974201599348633,0.004548546494459374
CSRP1,14.339523311645321,3.667661412739967e-19
PPP2R3A,-6.025748327947188,2.1361089265010467e-07
NPAS2,-7.174316496402079,3.5638412705334348e-09
PIK3C2B,6.790462015461681,1.4009568275051803e-08
TMEM212,4.535178067825167,3.729340167529079e-05
FGD1,-7.673067300905598,6.059535359315219e-10
GVQW1,3.5657497711328707,0.0008216186691934506
ANP32B,-6.917542557469091,8.902130604157861e-09
DHRS4,5.7324873262997516,6.029406125103602e-07
DMRT1,-2.3801444596102987,0.02124086629637383
IL6ST,17.769248275646103,5.31705398447939e-23
HHATL,5.363533286703388,2.1995379218733165e-06
KIAA1217,-4.6550262660614,2.497077763119158e-05
RPS14,2.620143665472947,0.011669534520793272
AFAP1L1,8.245713575664496,8.063627403851799e-11
PPP1R16B,9.675593985705602,5.946756722122177e-13
MRTO4,-9.33192789020681,1.898239173750217e-12
NBR1,4.941462043132771,9.453489421590627e-06
JUP,-12.04787026843118,2.91963641682319e-16
ZNF496,-3.2957898722441286,0.0018295709554861813
DENND2C,-5.678879988771407,7.283236324624385e-07
ARHGEF10,13.414811719454528,5.017112273272979e-18
FAM229A,3.08598312599145,0.003332976915182695
CSF3,4.27655271129501,8.754282765547223e-05
ZNF581,-7.028677173309574,5.988877305949236e-09
BLOC1S1,4.9329610965398665,9.73226119423689e-06
HOMEZ,-5.206063971319646,3.8018856140787542e-06
BTG3,3.7584287997712424,0.0004556815057653896
RRP7A,-5.752799179458543,5.612498227518195e-07
HERPUD1,5.089226445830269,5.692506783522982e-06
NOL10,-13.072883236876326,1.3559096979203142e-17
HEPACAM2,-2.083804340759533,0.042414967578100156
SCYL1,-2.509060690713794,0.015461764789378623
ECI2,4.967951308181638,8.634269034572375e-06
RP11-934B9.3,2.6654712896091106,0.010382797564923054
SIGMAR1,-6.125788672844769,1.4973625756844928e-07
SERPINB2,-2.2224182831090946,0.030902262879619575
DHRS7,5.314078089535238,2.6129797611323874e-06
MICU3,11.474015711299955,1.7270804488862374e-15
NME3,4.440015004623022,5.1153534819005566e-05
OSER1,-4.124136205542926,0.00014349659436458642
GPR26,-2.4415100512257846,0.01828337694785897
PILRA,16.84397989879761,5.089130221319467e-22
SAMD5,5.972819560533473,2.577241707296991e-07
ARHGAP11B,-9.716970753705704,5.175883334600912e-13
ZMYND8,-2.486977759674969,0.01633747549939573
HECTD3,2.86049900610387,0.006200496090741308
MMS22L,-10.193431903201725,1.0616635916888993e-13
YJEFN3,-3.1943020450683344,0.002451680056309566
CASKIN1,-4.985720857258161,8.12431119538225e-06
EPHA1,-7.80016921521271,3.8655099217348307e-10
MARC2,22.584980363861153,1.4804588582030577e-27
MIDN,4.626092032909108,2.751827545543677e-05
CRNN,-2.5560271916451147,0.013739296702294885
PEF1,9.135421536175443,3.707824367775723e-12
ARL4C,-5.539110982237973,1.1903453682463086e-06
SLIT2,10.181789915317731,1.1032059804992212e-13
C9orf69,-6.114182910865605,1.5604110737639606e-07
TBC1D28,2.7511624039507248,0.00829932058043898
ADD2,-3.548087852670543,0.0008666056860176638
MTCH1,6.241975133884532,9.905026371710822e-08
MTX1,-7.452414388124256,1.3251961325373549e-09
SETD6,-4.988631437697471,8.043657883837106e-06
GABRA5,-3.0061800533738885,0.004164042195488549
PNMAL1,-2.8138576424811044,0.007027114010731181
IKBKE,-5.310831251332876,2.6426648676829638e-06
PLEK2,-5.410930067704997,1.8642722130695903e-06
RAB34,-4.547513131512898,3.57907783287579e-05
AC092964.2,-2.408374287455747,0.01983071581524659
RBCK1,-2.610268387066048,0.011968543774169602
AHNAK2,-6.978689451393003,7.1575730838553095e-09
SELP,12.00997473483316,3.2789795582885984e-16
ZDHHC6,2.699863419464385,0.009494778837425536
TMEM179B,4.205617941850138,0.0001102746659142651
CDKN2AIPNL,-4.511038854717884,4.041460171240063e-05
CLDN17,-2.89764439576453,0.005607731510942947
PANX2,-6.076308950177184,1.7851368351013406e-07
FGD2,10.35290387991772,6.285942818509592e-14
ARMC9,11.567206623205857,1.2903013382482944e-15
TSSC1,-8.068781662495386,1.5000002165752753e-10
ACD,-3.74031455329003,0.0004819374882025761
BBOX1,-4.022693732699242,0.00019860025734077814
POPDC2,2.1560878070818,0.03601317850698961
OSBPL5,7.959843462935949,2.2007196608047204e-10
ZNF195,-3.0098060274708955,0.004122415981202557
NDUFAF7,-4.849717123029793,1.2926876089713075e-05
SLC35E2,2.1069625031040773,0.040263504899137936
ARHGAP10,4.910006927449026,1.0526043401868114e-05
FHL3,-2.244844475876252,0.029325523129506956
MN1,-4.38509150228712,6.132366603083728e-05
DHRS13,-8.05654799320799,1.565913168192708e-10
UBXN2B,3.4036166785820314,0.001333826044096178
USP16,6.640790641798341,2.3899806421087067e-08
HMGXB4,-7.466207362878595,1.26184591626084e-09
GPT2,-9.60448511013989,7.552707400312522e-13
C1orf101,5.554471374287134,1.127898177141656e-06
LEPREL1,2.909659208578359,0.005427569828669985
TMEM61,3.9729552859982955,0.0002326252006851094
ONECUT2,-6.161765506636577,1.3175975379626437e-07
ZNF81,-3.1848699662979443,0.0025186794307521412
KRT222,6.424050428583825,5.1779726298408294e-08
TMEM240,2.8344687145914107,0.006649984980868346
AOC1,-2.087045417133833,0.042107952421994985
FAM160A1,-4.738278794604231,1.8862040304591197e-05
SOAT1,5.092613011731962,5.626466084404717e-06
STAT3,4.72044956374324,2.0032622920432705e-05
RXFP3,-2.8706365170430765,0.006033198776624552
NEK5,4.3489172103555775,6.907279168522336e-05
GPC3,2.696821127421462,0.009570422614121334
PXMP2,-4.169668794794154,0.0001238910815891977
OTC,6.5840850084441485,2.9259590609504785e-08
LCE2C,-2.656322409295115,0.01063152846193401
OSCP1,8.632337543205319,2.0960542210479804e-11
NFKBIZ,6.556201130581505,3.23201264690202e-08
PTPRS,-3.9259294983349675,0.0002699353992445029
PDS5B,3.0145982410240513,0.004067998182489395
TPD52L2,-4.7863159682261225,1.6032060933735032e-05
QTRTD1,-4.996148931635068,7.838975530854185e-06
ALDH1A1,2.138380385698915,0.03749750876087357
PCBD1,3.9972837789493445,0.00021533220142991741
KCTD16,8.687512975300152,1.7312961604170128e-11
HIRA,-2.9206303366627417,0.005267776415083724
IFI44L,2.3276483846314124,0.02410442286636151
IER5L,-6.94061360473445,8.198789017664052e-09
DECR1,7.539858481444008,9.71571525850154e-10
C6orf118,4.508002709875321,4.0824820788055206e-05
ZFP69,-3.4509265475335322,0.0011592825177650296
C1orf210,9.076598375498804,4.534258742651794e-12
IFIT1B,3.5163032818230557,0.0009535563974926192
HIST1H3C,-4.711821574194188,2.062439955794339e-05
USH1G,-6.001298740796956,2.3296736479409653e-07
RNF219,-2.8678842539015297,0.006078199531545791
WDR52,4.368752947415682,6.471253884617719e-05
ZNF143,-2.5049407211050596,0.015621841679404298
RPS2,-6.981991468813095,7.073772058046897e-09
TGM5,-3.84487673496559,0.0003482067602024646
ACN9,-2.8507165589020897,0.006366005891556795
CLDN12,-3.434430726691412,0.001217514210570452
SUSD1,8.055624131090173,1.5710075425956833e-10
ZNF445,3.0880726573804793,0.0033134667594801786
GOPC,-2.804385112431549,0.007206993233774602
GLI4,-6.397803585344406,5.6858310904736906e-08
PLCG2,6.645818288180084,2.347484498050328e-08
ANXA7,3.256092221046057,0.0020526466041430698
MAP4K4,-4.986040946624856,8.115402566182371e-06
LINS,-3.848398737794337,0.000344391923045403
DHTKD1,-4.659349883417189,2.461051455434455e-05
RP11-10A14.4,-3.426400231162782,0.001246860183192069
SYNM,10.599870942120225,2.8090828326623342e-14
CTTNBP2NL,4.7767252138152685,1.6561569275967748e-05
TPRKB,-8.570092908893711,2.6014704596088338e-11
LSM5,-7.315791286382465,2.1537457105329393e-09
MT-ND5,10.074276069739987,1.5737616893432692e-13
CD40,4.277193768043706,8.735980940648306e-05
GRAMD1A,5.482495811481051,1.451551308757929e-06
C2CD4D,-4.207169176241146,0.0001097210910477526
UBE2J2,-3.2063079589033276,0.0023688276318461258
TCAP,7.433360089285766,1.4179959836684457e-09
CCDC125,7.596664039976346,7.943093793152464e-10
CALML3,-6.269413617827123,8.983292203212667e-08
CNTROB,5.305611575611885,2.6910874770015117e-06
PRKCB,7.946380209693454,2.3076169696747774e-10
PDE4D,8.249516089637451,7.956990906896649e-11
AL136531.1,-2.7906477009859096,0.0074754373805850875
C1orf65,-6.401817938374151,5.605051464188849e-08
CGRRF1,9.65379475078799,6.39854634538694e-13
TOMM6,-4.19239129618551,0.00011510629876781365
MLF2,-8.21471420328989,8.988404926363483e-11
MYRFL,2.5159768788369266,0.01519638631904899
IDI1,6.3874326409438265,5.899940802265954e-08
IPO11,2.9473127455335386,0.004897247938388508
IL23R,2.9741090912590646,0.0045497053995868465
CEACAM7,-2.505659321778432,0.015593813484002553
FBXO22,-11.03067481578579,7.019973208909253e-15
AK8,4.582990899031245,3.179154810120515e-05
NLRP1,6.382844043872168,5.997222587310897e-08
CADM1,20.870958724942398,4.9522148994172547e-26
DUOX1,11.219221124678072,3.85468234149454e-15
FLT4,11.13304284829787,5.066865671072149e-15
COX6A1P2,-3.7410517810372967,0.0004808410837896144
CXCL6,-2.721320923043548,0.008976672773164874
ZFP3,6.928079515558593,8.573704984674727e-09
MAK,7.121636809831206,4.2996343378603806e-09
RPN2,-8.163337018858881,1.0762255262982276e-10
TMEM203,-3.5616222668376043,0.000831927567733922
C14orf37,-4.260384060213912,9.228428973419192e-05
MRPL55,-4.868871915402953,1.2110941199388906e-05
ADRA1B,8.31659946285908,6.292665441048245e-11
ARHGEF10L,6.2623597013916505,9.211749822425364e-08
PEX13,-5.58656050671388,1.007727325386468e-06
CCDC101,7.671388431859174,6.095661654089982e-10
KCNA10,6.9513160657925415,7.89167819781755e-09
PGAP3,6.163804241394974,1.3080802475761377e-07
UBLCP1,3.1990363925573084,0.002418687296956393
LIPN,5.208347213154168,3.771933702217393e-06
MYH10,9.206847710787097,2.905509977775395e-12
FAXC,-5.845566533940134,4.0442763764143114e-07
C14orf166,-6.626034208433726,2.5192012856326264e-08
BDH2,14.762330042883416,1.1481119835174716e-19
PTPRR,2.760465346487526,0.008097995717425331
CRYZL1,10.376339225040253,5.821504994382573e-14
ABCC6,21.15411420927434,2.7297205988260394e-26
RUVBL2,-6.585924840677158,2.906814820475313e-08
RASGEF1C,-2.2645447095272555,0.027999736404258523
WIF1,10.299359668244664,7.492791966401992e-14
PLCL2,9.708789866605846,5.319846879637906e-13
TNXB,12.123586309355323,2.316593163712597e-16
TANGO2,8.623212482282808,2.1634472057899848e-11
PRICKLE3,-9.071558665159952,4.6131816516946084e-12
FTSJ3,-5.9880327877258335,2.441903112782141e-07
USP42,-5.624333498415406,8.824489132431802e-07
IFI44,3.6054108080026612,0.0007285930527868523
TMCC1,-5.7927042411807035,4.875007958299196e-07
MSI1,-5.247041560470855,3.298371160171451e-06
DAAM2,16.35243147302988,1.752100309395598e-21
CD300A,6.834564177523122,1.196948061736934e-08
ANKRD20A3,3.104931012440201,0.0031599351538454663
SMUG1,-7.151788282953807,3.861650566820381e-09
C11orf80,-7.98733824493899,1.9976260580372447e-10
CXCR2,6.458852375098987,4.5737230657612354e-08
GLRA3,-3.0765981799638014,0.003421942076660101
HNRNPD,-5.923502075744191,3.0693971809433597e-07
PSMG1,-7.889741472364728,2.817607479363375e-10
NKX6-3,-2.2672537223208207,0.027821652371928598
ATP8B3,-4.322250821563272,7.538832148934833e-05
NUP85,-9.29998793673126,2.115869407531036e-12
VTA1,-9.259677449572463,2.4268844064119406e-12
CMTM3,4.6364830511496224,2.6575384737508964e-05
C5AR1,11.768592278156472,6.898013666306689e-16
PMCH,-3.6021086530391333,0.0007359364200692372
AC010441.1,2.158866841062926,0.0357849737105439
JPH4,7.112111874598764,4.448086894916695e-09
BARX2,-6.74118075990463,1.6703390544439763e-08
KIFC2,-5.476552197387367,1.482068658816705e-06
TP63,-7.83967186923508,3.3621446622661254e-10
SLC16A3,-4.0798541108418815,0.0001654341938133078
ORC3,-4.609241254804602,2.9117426513401436e-05
SPDYC,-2.0730256557500684,0.043450071456391806
SCN11A,3.856035022524213,0.0003362585995797521
PDGFA,2.5063093174629145,0.015568500436116604
TPSG1,6.0764966675985015,1.7839471369790406e-07
LAD1,-8.949288254867497,7.017306781657793e-12
SMAD2,-2.869465138664869,0.006052313403705407
TMEM105,-4.65096861968681,2.5313577321148867e-05
HIPK4,4.043845306878052,0.0001856386674899065
AC008964.1,2.8349435362751016,0.0066415221732328755
RUNDC3A,-4.559519708417693,3.438512390294812e-05
ID4,2.824671428519002,0.006826848679742761
CASC5,-13.30265476002167,6.940289035589801e-18
TMEM186,-6.09667411750798,1.6605652877241948e-07
KNDC1,11.885639778846087,4.805060145750284e-16
SP6,-2.8645357542544208,0.006133369146513777
CNTNAP1,2.8379616512881483,0.006587962818735744
ACACA,-2.140026099197355,0.03735732908213757
ADA,-6.211170389755799,1.1052600336686012e-07
WDR6,5.788349029401108,4.950572424936766e-07
AKAP9,2.872865385213698,0.005996982665140164
PYHIN1,6.1295082881731675,1.4776976575370752e-07
MON1B,4.276831934319426,8.746306515254418e-05
LILRB3,10.73180865575974,1.8324993681994967e-14
ZNF57,-2.7866992507653783,0.007554287253188162
AL354993.1,-3.7446169078267064,0.00047557277063720206
CR1L,2.2763788263111433,0.027229173336861114
VTCN1,-3.6524592396113813,0.0006312920049475762
CASP12,10.021335688482194,1.8755610198963795e-13
ITGBL1,2.633970045284118,0.01126236132357657
ZFP28,4.410191463068061,5.6452212540702155e-05
BOLA2,-6.495650948110371,4.0112163487659563e-08
CBFA2T2,-5.358315245695256,2.2399112786366744e-06
LPXN,10.769288404708728,1.623739330802549e-14
SOX7,5.528504704367893,1.2354526139107364e-06
PDK1,-9.478840882146278,1.1538815443427349e-12
INO80D,3.174217146484237,0.0025964245415431965
KDM3A,-7.325073651005603,2.0837915685656875e-09
MSMP,4.557732572961212,3.459087564936183e-05
EDNRA,7.243098770700096,2.7896052787999275e-09
ANKRD13A,10.356855262180856,6.205085864766495e-14
SERPIND1,5.415522176158497,1.8346115630806355e-06
SCN10A,2.8306028352145733,0.006719259796290383
MCU,2.4724959338026604,0.01693589610603767
GPR158,-5.541826616034326,1.179060983734072e-06
LYSMD3,19.366953091051563,1.3108229507071248e-24
CSAG1,-3.3284567996372143,0.0016634243855704364
ERMP1,-4.161376488037398,0.00012725644570514504
FAM21D,6.644676160466702,2.357071542450171e-08
RAC2,5.472053270327622,1.5055900263850964e-06
C20orf144,-4.9876383039391765,8.071088989324317e-06
FKTN,-4.8259352479655995,1.4015394921634452e-05
TPSAB1,10.712413655309012,1.950994147953773e-14
HOXA11,-4.115256857980674,0.00014765614243064413
GSR,-3.8764563400892618,0.0003154076253390261
ACAA1,15.718814353949954,8.963546441083306e-21
MARCKSL1,-4.412695562693678,5.598745701999049e-05
MICAL3,-8.108865162317459,1.3029629536787443e-10
RNF183,-2.13226722605406,0.038022267444305896
PPAPDC3,4.487679104114252,4.367751807857669e-05
MAF,-2.4572084171916133,0.017589058360350594
SLC35F2,-6.5579299358725915,3.212140041555652e-08
PRDM2,5.341689121245087,2.3735037839275245e-06
ATP11A,15.108786143100222,4.5031667104416194e-20
FZD8,2.308494494049505,0.02523223148963601
C4BPB,2.2155048545888416,0.0314032338990254
LMBR1L,4.11138209538112,0.0001495077263583461
CYCS,-6.172237023380278,1.2694361948771611e-07
BRMS1L,-3.9467751141872607,0.00025273327770502157
AHDC1,-3.798132049301639,0.00040285871441512235
C9orf72,5.495566504934839,1.3866122019106232e-06
TMCC2,-2.417319132958717,0.01940180482177892
FAM83H,-9.989411434025316,2.08519885435059e-13
RP11-867G23.8,11.71192789834408,8.222771846603886e-16
NCOA7,6.866657767409207,1.0674323494331153e-08
EMC1,-8.771662727463974,1.2941328750080203e-11
TMEM192,7.101561811441477,4.618519304947103e-09
RP11-770J1.5,2.7577397083324438,0.00815650959133816
SIAE,9.843875764996111,3.3852733292495663e-13
MTA3,-8.439551340457019,4.0970076487577005e-11
RGCC,15.822277345075511,6.845421464738788e-21
BHLHB9,-3.2702983770125296,0.0019700141853560673
AMMECR1,-8.139508805131044,1.1700687734376106e-10
ZNF286A,-6.693950248943921,1.976999789925839e-08
ASB14,9.064556412043496,4.725144566733916e-12
SOGA3,9.240791326354703,2.5880955635001273e-12
COQ10A,4.623933028207773,2.7718258184762433e-05
RGN,19.480602897725902,1.0163980174101882e-24
GPRC5C,6.322510253062265,7.4355603830757e-08
CDC42SE1,-4.747623466404523,1.827559597678002e-05
KRT75,-2.281294191648724,0.02691469929231985
GLUD1,2.381430691627894,0.0211747076618794
IER5,4.042268233812585,0.00018657612644600914
C10orf35,-6.913031311562896,9.046563739919243e-09
PALM2-AKAP2,3.230884942795778,0.002207392319286951
EXOSC7,-2.2081968058775194,0.03194059525879705
KLHL9,5.178232543457545,4.1864129750456115e-06
CCDC88A,4.991842842187214,7.955583388843906e-06
COPE,-3.3480854419452832,0.0015705813642747089
CMPK2,5.119421801664248,5.129660432045786e-06
C1QTNF2,14.194799297360369,5.485131487235322e-19
FMO1,-2.7225398539982137,0.00894803666915646
TLX1NB,-2.615119378291083,0.011820798619124223
SERTAD3,3.074141194919264,0.0034455985293218067
EIF3M,-4.5725832965695234,3.2917066009768794e-05
SUV39H1,-9.83809980868718,3.4511855011414716e-13
HBA1,6.01752838375769,2.199329854503377e-07
ZBTB20,4.609938967049255,2.904944291475516e-05
DAZ1,-2.0329437294693866,0.04749452934115202
GPR21,3.2358874253914203,0.002175831768805519
ARHGAP39,-3.433392585919802,0.0012212705671773344
STAB1,4.9266108016290895,9.945770033746357e-06
SCP2,10.419358350536722,5.0573183118886325e-14
RP11-793H13.10,6.586403485951247,2.901854859346955e-08
C7orf13,-4.051882131591866,0.00018093176555449616
GP9,6.7213443480684285,1.7928707589478296e-08
BAIAP3,3.5307932212705913,0.0009129315573283009
KLF5,-6.036185778324019,2.0584328633715226e-07
SOBP,7.7299836620469,4.954076480240957e-10
LIN37,-3.214220340094011,0.0023156764607815917
ZNF19,8.857433378299552,9.626263357768407e-12
ATP2A2,-10.332551446954609,6.719612382042647e-14
FGF12,-4.684596101220015,2.2606397565796815e-05
VCPIP1,2.531497622414918,0.014615832352359425
HMBS,-6.969667784272203,7.391634767585766e-09
SMAD3,-5.873207787448761,3.667569111959575e-07
SSR4,-2.0633199984099306,0.044400880621354215
SYNPO,17.83814583209861,4.509518768151927e-23
TRIM59,-10.055184394064872,1.6764823343552812e-13
FRG2,-4.230279405067888,0.00010178701126920796
WHSC1,-7.203398658199472,3.213167375382064e-09
TEF,4.834339290605533,1.3620816753823885e-05
CXCR3,3.2941942639761845,0.0018380761512796552
HAS1,2.74338257729892,0.008471216548876075
RAB40A,8.274480676438301,7.291277724071578e-11
EFCAB10,4.636836645541781,2.654386248351227e-05
SLC4A1AP,-8.581696094699113,2.4987260581235047e-11
PEAR1,14.914675799425277,7.594467455506347e-20
TMPRSS11B,-3.1043147852312494,0.0031654275529385493
RHBDL2,-5.572729228245194,1.0578831623160707e-06
ACE,12.726692172457657,3.7665332921486496e-17
RP11-307N16.6,2.5875760194655077,0.012682337156522666
LZTS3,2.5482348908058308,0.014012418786594254
CRELD2,-3.2328714665956295,0.0021948079719756033
MORN4,2.7728176982207047,0.0078376395959082
PPP1R15B,4.266623551136139,9.042566289851801e-05
PPARGC1B,7.111775480644264,4.453422695898339e-09
STAB2,3.5665573090344256,0.0008196160890748021
ZNF74,-7.560462334312518,9.030981448095111e-10
THTPA,8.415357002323585,4.457546039154332e-11
MRPS12,-5.6163025361617915,9.077216354278525e-07
SENP2,-7.642405518565313,6.754566147230579e-10
EWSR1,-4.758050286375209,1.764234982823014e-05
CREG2,-5.7046655021100685,6.650774603359594e-07
RAD23B,-6.346438928448193,6.827960698970984e-08
LPAR5,-5.950620949615701,2.7882188349007575e-07
CCNI2,14.522159887452364,2.214963437344641e-19
KRT9,-4.72735567857483,1.9570977715019928e-05
PCDH18,3.0565445015859884,0.0036195606056555253
AC079210.1,10.03994718222444,1.7633101216846172e-13
WNT9A,6.332767479963565,7.168768990113913e-08
PRAP1,-2.234494157366241,0.03004414867146229
NDUFB11,-3.6527720561536112,0.0006306887965763468
IGSF8,-3.9597213375793303,0.00024258832661842162
RPL11,4.275071064557413,8.796725916917117e-05
FGF5,-2.0707314086853095,0.04367321161948618
FAM127C,-2.0901345006828844,0.04181714075797145
INSL5,2.702784509541507,0.009422666146659108
ASAP2,-4.350074073729769,6.881081142732751e-05
MCIDAS,-4.2451040126313,9.699430047777927e-05
OPHN1,8.688858287347374,1.723250497903785e-11
TFAP2C,-7.546929469875218,9.475039280297712e-10
FAM105B,-6.177491356377813,1.2459350765937271e-07
HPS1,8.250322391521088,7.934562265292277e-11
SPRR2A,-4.374922702938001,6.341190079349303e-05
SALL4,-5.283995264132681,2.9011324083885576e-06
RSPH3,4.030223122170879,0.0001938888962141836
CTCF,-2.114813365713325,0.03955610217992473
PCBP4,6.246475925756646,9.74761231356772e-08
C20orf26,5.081214338772519,5.8518076538837765e-06
HBP1,6.371298655285473,6.249132142784299e-08
WBP4,5.675181033755763,7.37872990684483e-07
HIST1H4C,-4.095225468035207,0.00015747397058251842
LPCAT4,-5.303995315252022,2.7062585113174067e-06
AKIRIN2,3.0431693587340387,0.0037572587833360114
ZDHHC21,5.043889922922855,6.6537634316294824e-06
B4GALT3,-7.212357730058175,3.1122716876829554e-09
CCDC170,5.845277676771776,4.0484094951243473e-07
FBXO17,-2.227590548662887,0.030532099906754404
SEC11C,2.087571499114252,0.042058301883256766
RAB1B,4.167678339296614,0.00012469091915149155
GPRC5A,14.760394140032597,1.154177743550731e-19
WDR70,-7.394290495926869,1.629178786864525e-09
AC068620.1,3.770943418856306,0.0004383512786049856
SLC38A6,2.315504992539351,0.024814092776450393
CFH,3.893727844680369,0.00029875128361047
DCTPP1,-8.125976420262987,1.226986168215083e-10
RP11-343C2.7,3.2038200359095104,0.002385776661920364
CRISP2,3.891410635062305,0.000300935629783646
ATP13A2,-3.1618002118888153,0.00268989727335914
ZNF831,5.403275899293991,1.914769161946062e-06
IL13,2.7297573712934424,0.008780192997631442
LMBR1,-3.428094006173682,0.0012406151275332956
AJUBA,-2.9862209985498485,0.0044002944754334
SENP7,3.7494618350232636,0.00046850211364522857
IGFBP5,-3.546948093466163,0.0008695882280099048
DRG1,-7.1600307351606025,3.74990183321256e-09
ARL11,11.459376973924439,1.8082016370012997e-15
FAM206A,-3.290127867834167,0.0018599211792720111
SLX1A,-3.596095616210941,0.0007494905924298529
C15orf38-AP3S2,-2.213389560022659,0.031557943672997864
TNNI1,-4.138770261711801,0.00013688814221130121
NAA15,-5.742306175748269,5.824166310234815e-07
CASZ1,5.042435485284402,6.687114702971229e-06
VNN2,8.63747225844599,2.059066114714638e-11
C9orf9,3.4339117358175524,0.0012193907244461052
BAK1,-6.718004118169408,1.8143705114904498e-08
ZNF428,-2.1542015138444657,0.03616880220992236
PDLIM3,8.21837698211213,8.873798492471982e-11
IRG1,2.654795669417514,0.010673563849009372
ANKFY1,9.842297483543202,3.4031565037450105e-13
SSR1,-7.150796744534101,3.875316515059067e-09
RBBP4,-3.816695443006806,0.0003802326144011005
PUF60,-8.812395166370234,1.1243597604451164e-11
RASA4,7.216822413965067,3.0631831039490987e-09
ACRBP,5.229067161513649,3.510562276163259e-06
F12,-8.18315873335315,1.0039557103188606e-10
MYEOV,-2.191456473407512,0.03320223495865649
KRT81,-2.068693713761935,0.043872235137594986
TNFAIP2,-2.0829618197180935,0.042495095375612434
SP8,-2.974692695294322,0.004542398849946644
CAND2,2.6504752135321508,0.010793344732336074
COL6A6,12.148206208924448,2.1490530096204574e-16
DPY30,-8.165601291064306,1.0677119501492514e-10
SUPT5H,-2.7445067493952138,0.008446176673809508
CYB561D2,9.93501765027084,2.498467175509986e-13
AL358113.1,5.396778794614221,1.9586930208734054e-06
HGFAC,-2.820566814527364,0.006902233280241291
POP7,-8.58586527652537,2.462815453774065e-11
AMY2B,8.423404104255338,4.3342152446234734e-11
POLR3GL,12.64308885512868,4.831597273640507e-17
CTD-3105H18.18,4.096202999603442,0.00015698050532581074
NDNL2,4.955695562055024,9.004222043198903e-06
TM2D1,3.4390328971210127,0.0012009939859513631
C12orf71,2.1717380644710875,0.03474453293854858
PDE8B,10.698666374456987,2.0396541852341118e-14
NFE2L1,-4.74047470629474,1.872259308213591e-05
GRHL2,-7.964767625350398,2.1628780308670558e-10
SMO,-9.964387002854838,2.2659756044796793e-13
DMTF1,2.8034982738805607,0.007224050160991333
SPAG9,4.606000380673981,2.943525853743604e-05
SDSL,2.7851777405886913,0.0075848761527295494
SGTB,5.569880330322875,1.0685173532565724e-06
NCR1,6.033555351465414,2.077739556813982e-07
TRIM13,5.261520403120105,3.1367022927369867e-06
ARFIP1,4.628180970837746,2.7326128411786672e-05
CCDC176,5.746858783815664,5.731373405938513e-07
LGALSL,4.113400357668339,0.0001485404919285184
TPK1,23.391324941877983,3.0620448843804725e-28
KCNMB1,4.3418989501029674,7.068309472097889e-05
TCTEX1D1,7.399083493575906,1.60166054735041e-09
NHLRC4,5.801099907245053,4.732558595115882e-07
TADA3,5.653697002627702,7.958443631128944e-07
KCNB2,-2.3809770728974953,0.021198018848079852
ARHGAP11A,-12.854904765425895,2.5753714996410155e-17
ZNF589,2.2779349071679937,0.027129267017258825
INPP5D,6.649487017232836,2.3169519843048207e-08
RIMS3,5.45179141915007,1.616188182865243e-06
RNF41,10.989122867438015,8.01634056840929e-15
LRRC38,-2.8884733732651204,0.005748975987682128
AAAS,-7.192299451251349,3.3427243542599102e-09
VDAC1,-7.656181681778962,6.432899649184419e-10
NDUFS2,-6.334815920988698,7.11664388202592e-08
C7orf65,-2.174926751466935,0.03449092842364892
AC079602.1,3.5773498880400796,0.0007932959708191881
FAM188A,12.606562523957468,5.3884392233963295e-17
TP53,-3.9665379090291344,0.00023740606159449893
GPR143,-3.835803060252147,0.00035822341177218456
NAPG,-2.425418182677466,0.01902067630437917
EPM2AIP1,7.973912121391027,2.0943306801999074e-10
NXN,2.1097938913734753,0.04000711746670485
UBAP1,2.6552621636337963,0.010660703835907429
EYA3,-3.2766347062113153,0.0019341816716449763
TMEM130,4.039833345993862,0.00018803250646107732
VCP,-4.050967066844781,0.00018146179973168908
NFIC,7.088776768150804,4.833850271256458e-09
LINGO1,-4.171333262072496,0.00012322606580599812
FBXO46,-4.969300164873609,8.5944780118234e-06
PTPRH,-6.6668873797044785,2.1774587424251485e-08
CC2D2B,9.515860171481203,1.0182406031283454e-12
TMEM194B,-5.315420440011732,2.600803497025013e-06
NAPEPLD,3.5106290755149607,0.0009699304084303314
NPY4R,4.896120390267534,1.1036824512750937e-05
NEBL,11.85703869684356,5.248046880512511e-16
MAP3K2,-2.2891631847369474,0.026417984240437734
AMN,-3.6104219685445877,0.0007175830125075078
PIEZO2,8.340321452098351,5.792075705398538e-11
RP11-542P2.1,3.834486682625754,0.0003596994602198358
CD47,4.574749463152771,3.267963995441625e-05
PLAU,-6.280833296366003,8.625354786372053e-08
REEP4,-7.720939110370229,5.115147127633852e-10
MAGED4B,-9.194108178161331,3.0345394356016623e-12
MED28,-2.3232332567472906,0.02436032085585628
SBF1,-5.918519665870538,3.124041791622031e-07
SLC30A5,2.7413046821116382,0.00851767989395327
GYS1,-6.445856571418296,4.79065518127664e-08
MCMDC2,-4.884934389293629,1.1465933848213572e-05
PTCHD1,7.574457900710466,8.593703687186427e-10
ACCSL,2.2368622703737215,0.029878367327646184
KPNA1,-10.043783131571967,1.741032100250987e-13
LIPK,-4.437254374959969,5.162287094167132e-05
VNN3,4.943496900764007,9.387934767726633e-06
RIN3,13.947954989851018,1.0961735323049967e-18
SLAMF8,2.5788655520234944,0.012966490620428399
DNASE2B,8.320825365553803,6.20040333590355e-11
CIRH1A,-6.578185250265009,2.9882023147326915e-08
TMEM64,5.345924728872086,2.338740343029853e-06
PLCB1,-5.500254459561345,1.3640292048760415e-06
CTHRC1,-7.4727337907758535,1.2329387238559324e-09
SIM2,-7.961128282002543,2.1907822446464432e-10
TM4SF4,3.56870026822101,0.0008143244501837503
ASGR1,8.41221622976825,4.5066354013428387e-11
C14orf39,-2.7653164180733145,0.007994810221413764
KB-1980E6.3,-3.4980549201500315,0.0010071768837240215
NUDT2,-2.9312556834874193,0.005117203673708368
RGS7BP,8.639916161751815,2.0416930993282406e-11
ADRA2A,4.636148917902732,2.6605205769705376e-05
ANXA8L1,-2.691067483058828,0.009714997689143372
UBP1,6.8303710224022565,1.2149925959909849e-08
TRHDE,9.064228614624088,4.7304525668912145e-12
ADCY9,15.761645471305968,8.015831231908029e-21
NOP2,-8.084648386288556,1.418651557433122e-10
PPP1R9B,3.386542758277519,0.00140274640638921
ANGPTL7,8.330537265526411,5.993495966874181e-11
ZIC2,-4.3217334160634815,7.551626267992633e-05
RGS16,5.337688798214549,2.406805172101025e-06
PPFIA2,6.669884434911346,2.154294260121372e-08
RAET1L,-5.343607591721152,2.3576952159582602e-06
FAM76B,-2.918118349833516,0.00530397187461079
SUDS3,-6.64189407341436,2.380588517454308e-08
TMEM159,-5.897830537223512,3.3614902972279495e-07
UBASH3B,10.207584525896404,1.0132859616826788e-13
TMEM151B,-3.9685602798000033,0.0002358892626235561
MOCOS,-3.6236629344937916,0.0006892524726605163
TRIM22,14.394917030093819,3.1461219985598307e-19
SNX22,12.992435390269897,1.7169197596592243e-17
AL353791.1,4.1884862727323755,0.00011657169888240454
ABCC11,-4.445198574969165,5.028350388011959e-05
CCDC65,6.106112581805088,1.6058049896944118e-07
PRODH,6.7171301147607405,1.8200385570962097e-08
C21orf88,-3.7218585264642448,0.000510181378655951
DPYS,4.525711729029678,3.848824523726742e-05
SLC9A4,-3.4946001995813085,0.0010176468230019256
RPS6KA1,19.51186974831363,9.478872486385136e-25
ZC3H7B,2.1429408048904124,0.0371101862664473
AFP,-2.1658356572219817,0.03521830050988836
BRCC3,-3.5088492615441482,0.0009751214477337036
RASGEF1B,10.672657465970072,2.2187080826085494e-14
COX7A1,7.478634426924292,1.2073758055305235e-09
RYBP,10.377689304078135,5.79583186142572e-14
INA,-5.534968391404022,1.2077657240502412e-06
KIDINS220,4.863044551206914,1.2353657214986009e-05
DOCK2,13.040645390674584,1.490288947214471e-17
SAE1,-7.864178485725082,3.083536451943198e-10
GNB5,-5.9213269421676396,3.093135083273975e-07
STX17,2.635028545543241,0.01123173166864103
KIAA0141,19.931545910879343,3.7461194322180445e-25
CDK6,-6.304154166984138,7.937960539917658e-08
CASC1,5.323819632963282,2.5258792720623632e-06
OGFOD3,2.532929620738288,0.014563296869137507
NDP,-2.6260984927259488,0.01149254796391506
KIF7,-5.913926447218073,3.17527445995532e-07
RP11-287D1.3,3.4406365191884944,0.0011952878276405632
AUH,5.612516208203394,9.198845840997165e-07
CDK4,-9.94047549358093,2.45350790516751e-13
GNG11,12.412751901731788,9.639752416503793e-17
PADI4,5.402086056396838,1.922739563367798e-06
ULK1,-6.100650877871447,1.6372697202768628e-07
GPR116,27.58453705850071,1.6625637624911816e-31
SIRT3,2.541789684196504,0.014242047068255272
RNF112,4.318011382541352,7.64428815258116e-05
CEP192,-4.132772423083844,0.00013956013044272338
DAP,-2.5831861130510316,0.012824827239533767
PLA2G5,9.972107676566631,2.2085722183818104e-13
GTF2IRD2,3.886176724633583,0.0003059263047968149
UBE2A,-4.053165339237605,0.00018019101703610604
ERLIN2,-3.583588715053266,0.0007784519346436949
NXPE4,2.6946457647487327,0.009624850142553255
RARS,-5.597237103547224,9.706299862798375e-07
ZNRF1,-6.085026501750703,1.7307123856993958e-07
GRIPAP1,2.938619934397158,0.005015206893746457
KIAA1683,6.594183060439527,2.8224144524410292e-08
SLFNL1,10.858530251858951,1.2183025856967795e-14
RPTN,-2.474360201062267,0.016857764119483705
CDC123,-7.290742442342053,2.3545009405568147e-09
AP005482.1,4.251870360070963,9.488043694615115e-05
C1QTNF9,4.066514973855453,0.00017265699134507464
FAM120C,-5.3445080838637065,2.3503109399794557e-06
KIAA1279,2.657607855652333,0.010596254270874931
EED,-6.34764929902598,6.798578363207947e-08
TCF24,-4.943065988331676,9.401779530281353e-06
TMC8,4.290669653810489,8.359760808708323e-05
CHST15,-2.306495280288427,0.02535262025537703
C3orf72,-3.2580776526271586,0.0020409041632129606
ZNF391,-2.0275324735656173,0.048064815473609294
SLC30A6,-8.963759019990793,6.676915938467154e-12
SH2D4B,9.603337794953552,7.581931573701996e-13
PSMD5,-2.3235158043364414,0.024343872181285826
CTSG,5.898983274421829,3.3478005239389024e-07
WWP2,14.589582574623257,1.8405616110286224e-19
TMEM119,7.8477417923324255,3.2677121119283127e-10
PKD2L1,5.119506551691069,5.128160631829592e-06
SLC22A13,-2.7183172185848234,0.009047598592361004
ST3GAL6,10.859857526619338,1.2131176648013707e-14
GPR125,-6.947483059805666,8.000320918007722e-09
MALL,9.166375866321768,3.335778631986977e-12
TLCD2,9.927798768364099,2.5592149887046563e-13
ALG2,5.843015884622135,4.080917842203554e-07
EMILIN3,-3.992043062917185,0.00021894893442295658
CXCR6,4.04184833769605,0.00018682649704006242
STOX2,-3.9238821462031805,0.00027168463883631486
MAMDC2,12.071621764845986,2.715030767429829e-16
MB,-2.6977601060999197,0.009547016895733923
LEPREL4,-9.342419964565877,1.8317955102773574e-12
PIAS3,-6.822620558495188,1.2490649394766182e-08
B3GALNT1,4.517492170649964,3.9556023454856254e-05
THBS2,-5.793042673655992,4.869184237388695e-07
PLOD3,-3.308166658721557,0.001764852427471061
AHCY,-9.22572148722059,2.72445404037614e-12
ZNF226,3.638849556762699,0.0006580778021748247
COPS5,-5.075181883413779,5.974640939597288e-06
APOBEC3F,-4.066007755741351,0.00017293758286104108
MAP3K8,11.435014792063333,1.9518597998841406e-15
PHLDA1,-2.4600534958182587,0.017465804417414438
RGS11,6.770226059831355,1.505870734130235e-08
ZNF740,-4.047073743592937,0.00018373379712464523
PIK3AP1,7.964376410702323,2.1658603951289297e-10
KDELR2,-5.3136663355080005,2.6167260042538784e-06
TMEM79,-7.227438494896841,2.9495550900699747e-09
NUDT5,-7.254214238545721,2.6813795088760354e-09
C1orf162,20.029180733090634,3.0251030164470854e-25
PSMD3,-11.831334747775117,5.681411705016435e-16
TMEM106B,-6.6002742741252725,2.7617343753911166e-08
ORC5,-9.294818616514833,2.1533887387024085e-12
IRF1,5.59344443044888,9.836504534137512e-07
PRIMA1,-3.840557681097737,0.0003529405354098539
FRMD4A,3.7057162393182668,0.0005361820911587452
CCDC13,8.424260286271576,4.3212972414228846e-11
CLEC4D,4.108178424272694,0.00015105561599198768
DNASE1L3,6.103416906771159,1.6212587138174768e-07
SLC9A3,-2.677986341331155,0.010051190514934893
DPPA4,3.2599173100858057,0.0020300805900685093
NUBP2,-5.653723091663597,7.95771295164857e-07
TRAM1,11.833478906131223,5.643914156623801e-16
FAM220A,-9.140891080880792,3.639164394644712e-12
HIST1H2BH,-6.063876499351486,1.8657141996177473e-07
C21orf91,-3.6919148008102876,0.0005594169695665647
NEUROG2,-2.427927866137493,0.01890395129256941
EIF5A,-7.818333014045551,3.6252777825904783e-10
TPGS2,-4.327724488276165,7.40476929305741e-05
DNAH8,3.9105735933689516,0.0002833251084426065
PDE6C,2.6654407623577434,0.010383618561917406
UBE3A,-3.2447672480344867,0.002120856514681109
HS6ST2,-6.637762262000109,2.415948161518607e-08
DNAJB2,3.855511107555357,0.0003368106474676934
MTM1,11.76995434318981,6.868981578939726e-16
P2RY10,3.1975726271614335,0.0024288430081909657
SNRPD3,-8.232966337955302,8.431713718986505e-11
MORC2,-12.209358049835426,1.7840800033827254e-16
ATXN3,-4.24705057850796,9.638152727258114e-05
PVRL3,5.2613322447366615,3.13875217199754e-06
TNS4,-9.801632857409748,3.8983523028345814e-13
ZNF415,5.954109179298734,2.7539632872469657e-07
GRSF1,-5.161633788042111,4.433765838129047e-06
ITGB1BP1,-3.246329884484436,0.0021113190333965355
APTX,-5.111530449807653,5.2712241344522725e-06
WIPI1,-3.6890126305789996,0.0005644243061639378
ZNF211,2.5691569322023065,0.013290037398882154
SLC43A2,14.64041071704319,1.601336034401521e-19
OLFML3,10.271167622473067,8.219861698396112e-14
SERPINB1,2.1452892344959547,0.036912103895344384
CERS3,-8.164167956047564,1.0730933287615475e-10
RBMS1,5.956192603147969,2.7337034116378296e-07
RBFA,-3.0260192981901475,0.003941003947324206
PCDHB12,3.617481381470483,0.0007023426668945191
TEX29,-2.0931015775164257,0.04153946641052375
GINS2,-10.245785331329815,8.935378450242953e-14
RGR,4.380674942452136,6.222226539742606e-05
MEX3B,-5.838279162861491,4.1498408063735577e-07
SH3BP5,16.74051651182236,6.587603202858921e-22
SPATC1L,-5.632333978922635,8.57966207244383e-07
IL18BP,7.684841965511682,5.812136953180643e-10
ZDHHC22,-2.0438084919323263,0.04636719062398565
PRELP,10.025193912586529,1.8517121142241287e-13
PARD3B,10.72350599445522,1.88230654304555e-14
E2F1,-6.918866374743602,8.860186668870647e-09
SPATA25,-3.040231932922494,0.003788149923934105
RAB17,16.680302987081745,7.659215992592832e-22
RP11-77K12.1,-2.0957953331298858,0.041288765914305484
CTD-3203P2.2,3.8883329937816575,0.00030386064574709055
WISP1,-4.619467801796656,2.8136387127707413e-05
ARHGAP17,11.295545588836351,3.028038788514604e-15
PGM1,9.407695329923513,1.4679985511009033e-12
MCRS1,-2.1981949766636295,0.0326891927470098
UPK3B,8.034205387573367,1.693904495555904e-10
C9orf64,3.5318577636641297,0.0009100130328254679
NEK10,4.300152197380923,8.104532387381475e-05
FOXO4,6.408643906355618,5.470315393824055e-08
TRAPPC11,2.6056392236585233,0.01211110418294362
CPT2,2.810583663272926,0.00708881025458797
PPIB,-3.9915162488803513,0.00021931573408478857
ZBTB18,2.7556489535504047,0.008201657874181907
TMED7,6.633219345189781,2.4554321467528053e-08
APAF1,7.263827362080104,2.5911819244463626e-09
C10orf128,19.395569315151743,1.2293588228232254e-24
ELFN1,-2.4793926966919995,0.016648476418932544
TM7SF2,2.8998832858236128,0.005573743419494805
TDG,-10.66880973564497,2.2465160662008356e-14
FARP2,-2.5315778899521018,0.014612883041190593
MORN2,2.4516333015212033,0.017832863514687478
SPTLC3,11.263633293244883,3.349280992365908e-15
YY1AP1,-2.7297502282858535,0.008780357665797718
RP11-451M19.3,5.914898082260113,3.164367647948281e-07
EXD2,3.8493247858002153,0.00034339558747822164
AFAP1,-4.100215448800258,0.0001549706546361565
FSD2,3.056375261940001,0.003621273007069106
DEFB4B,-2.09770985835552,0.04111139022910632
GPATCH2,-7.587805015372587,8.196502068124869e-10
IGFBPL1,-2.425373870952104,0.019022743058721706
DEFB126,-4.224118380586963,0.00010384589156300916
PIH1D3,5.158221073070895,4.486381561377615e-06
RNF122,6.13118212618632,1.4689325156840842e-07
NR2F2,6.919456618650878,8.841549153395016e-09
STT3B,4.207000968723014,0.00010978098691095263
FAHD2B,-4.028387090864883,0.0001950276780452745
PRR13,8.81160528631815,1.1274283747095717e-11
ADRB2,14.864186727535234,8.706623427465594e-20
EFNA3,-9.937812553689772,2.4753409342275066e-13
KLHDC8A,-2.8192145531737007,0.0069272369657382175
MBLAC2,2.6633408410643074,0.010440236759469472
HIGD2A,2.225031404627792,0.03071475645447074
DGAT2,-2.346671709446385,0.023029108781124668
RAB40AL,-2.26537994653673,0.02794472222666744
LENEP,-4.285470861192621,8.50299364407231e-05
STAT1,-2.25215060013611,0.028827475048138866
BCL7C,-3.219371015382652,0.0022816839747298204
AC022431.2,3.170104044301023,0.0026270430063619838
RP11-503N18.3,4.002464722936925,0.00021181356938638915
SLC41A1,7.476408299885642,1.2169568124932433e-09
UGT1A7,-3.368255286022483,0.00148031290610166
SNX31,-5.054153645811896,6.423024189659086e-06
MROH6,-2.3562006652358627,0.02250678519137973
OVOL1,-6.170659371849528,1.2765784134934677e-07
STK35,-8.364302955143991,5.32673051123506e-11
CSRNP1,10.551265309674672,3.289645773765488e-14
FJX1,-3.8935391262444368,0.0002989286075145751
RNF168,-6.530270491367882,3.545253700120681e-08
ANKRD53,2.8939364200504296,0.0056644456278824
BORA,-9.758671827789072,4.5009423246690377e-13
CBS,-4.358574667719966,6.691527576976692e-05
DIRC3,-5.222900967337709,3.5864175586702818e-06
KSR1,2.1253583456608953,0.03862307001099982
SLC4A3,-6.716828324113292,1.821999824976115e-08
SIAH1,-2.7971687780592203,0.007346876346849356
PPP1R10,2.9729923310002118,0.004563717500831805
MARCH7,-5.478678317032365,1.4710798369004309e-06
HCK,8.48579501824682,3.4875275757564174e-11
PPP1R12B,10.764708336725262,1.6479009432790526e-14
PDE11A,-2.5184836751357738,0.015101224231256455
EHD1,8.833455740534715,1.045574486849198e-11
TBCCD1,-7.591972801963615,8.076288757033092e-10
DHRS11,-5.658887453740551,7.814376721021386e-07
MATN2,-2.6142879327288955,0.011846002739741252
USP34,-3.6454107523252777,0.0006450312317442101
GTF2B,6.449372083715999,4.73097897179936e-08
EID1,9.007404706224587,5.747778563912362e-12
RPRD1A,-3.8522311471938817,0.0003402866431172114
TMED10,-8.589727243595707,2.430015051996243e-11
PAQR7,-4.294475142326588,8.256407145122817e-05
CD160,8.654860478131209,1.9386248653832355e-11
BICD1,-7.117183172441654,4.368419024924661e-09
ELAVL1,-8.031121435634157,1.7123790737238336e-10
TOP3B,-5.329461984669992,2.476749692502711e-06
DKFZP667F0711,6.190982675876931,1.1875590181122359e-07
ALKBH7,2.9584039059650036,0.004750498432146745
DTD1,-5.209253934638464,3.7601039379746863e-06
PTH1R,8.141542975627086,1.1617457611928502e-10
GTF2A1,-4.819295960810482,1.4335037817093316e-05
LUZP2,-2.574722444674845,0.01310367413545122
TGIF2,-5.140365876489075,4.771873738677383e-06
TAF1D,-6.154710318931928,1.351068398230233e-07
PRKCH,11.176617454235839,4.412080039633973e-15
SENP1,-8.917784954600641,7.820135204122995e-12
DBR1,-3.6234107657199077,0.0006897818685075174
WBSCR28,-3.805801258596269,0.0003933581724128449
SRRT,-9.385179803417733,1.5844122150175423e-12
SPCS3,4.335173999195125,7.226039711078832e-05
PROP1,-2.2504845952856254,0.028940378886711065
MT1A,3.2922473303076654,0.001848504757568891
TBC1D10C,10.313829467026329,7.145234156849038e-14
SIK1,4.118907598487935,0.00014593197518870954
ATOH1,-2.2714440055421967,0.02754817549346341
KRT19,-7.309561465262503,2.2020113211206833e-09
SLC4A11,-6.847202511366231,1.1441670495806896e-08
CPB2,10.380546487887107,5.741876589029112e-14
SULT1A1,20.615226410031568,8.528232144785571e-26
ZNF438,15.169342221905152,3.8291108649672096e-20
SEC14L6,15.8012380949011,7.230464856318834e-21
TCTN3,4.9733620903223725,8.475739218658509e-06
TATDN2,2.814079450333114,0.007022952196953229
BZW1,-4.715742305624653,2.035338858765875e-05
CAMSAP2,-2.0625595251885223,0.044476138812571016
SETDB2,8.68751053335281,1.731310798896557e-11
BIRC3,4.649818781511817,2.541155413522406e-05
RP11-293I14.2,-4.586515506611526,3.141899105100162e-05
FLJ20373,3.8045592476839114,0.0003948819876168733
TOB1,4.286077504204151,8.486157569501266e-05
VIP,10.364640131623831,6.048848982299714e-14
MKL2,4.117502874655503,0.00014659307192903603
TTC6,3.3672688305706084,0.001484610681122083
IGFBP3,-5.662066196813733,7.727427727244482e-07
CDC25C,-7.730861819740256,4.938711731227251e-10
RP11-664D7.4,13.678528345037984,2.353908034835013e-18
AQP5,5.388960722068787,2.012870739234801e-06
USB1,-5.22565222398924,3.5523741989855244e-06
AC097381.1,2.291791897069769,0.02625388013427958
STAP2,-9.300525094424922,2.1120087179138814e-12
HBB,5.96950653308224,2.6076901956113255e-07
HDHD2,3.3104107002030077,0.0017533529991781208
GSTM5,17.721325695141264,5.964210536718665e-23
SLC44A3,12.726801189299794,3.7653126221156703e-17
SH3BP5L,-4.203534662125056,0.00011102237979132511
PRG2,3.072141818769627,0.003464962132495215
ACTR2,-3.1298690037732095,0.0029450306016435314
AARS2,-5.498635483005318,1.3717867124152679e-06
SAG,4.0789299198595605,0.000165925029276956
MDH2,-9.323090785073765,1.956086924034922e-12
CNTNAP5,-3.882396803863807,0.0003095801236733503
TMEM107,4.1523465256272685,0.00013102214948441173
TOR1AIP1,9.482924583730794,1.1380642096243469e-12
MURC,-2.8902337623375876,0.005721610097647258
PSMD2,-11.519372500728203,1.4983874858448305e-15
LONRF3,13.914729346937763,1.2039274615575187e-18
PRR24,5.634810333043393,8.50525621483653e-07
SLC6A8,-10.060442827035356,1.6475315846642193e-13
ZNF707,-4.706800856591912,2.0976617714720714e-05
MYF6,-2.3550531097859975,0.02256912058946322
RXRG,11.688854676122236,8.833567357885005e-16
MNS1,2.8188344084368198,0.006934281031837718
SRPRB,-5.268008251318973,3.0668242973679617e-06
MMACHC,-6.014762132944353,2.2210215738497107e-07
C1orf74,-8.123996416693002,1.235544577088724e-10
HK1,-3.838682005261922,0.0003550155764682899
FBLN5,14.975484288450597,6.444457427236815e-20
TAF1B,-4.5855744705442225,3.151803986966043e-05
LRCH2,15.654935583695925,1.0593181788419314e-20
C2ORF15,-2.399234966992771,0.02027774655555087
ENKD1,8.003334557293824,1.8882522679740098e-10
SUZ12,-6.532331654804495,3.5192824409297914e-08
ABCD3,8.778578248215586,1.2635863232050715e-11
BOD1L1,2.321810410941987,0.024443303637972105
SNAI3,9.035635089073985,5.217393310474436e-12
SV2C,-2.343161355627235,0.023224244987459952
CLASP1,-5.293235110363184,2.8094366036942558e-06
SLC39A2,-6.282301095519764,8.580391810991458e-08
RB1CC1,-2.4737703405342932,0.01688245000989889
PLOD2,-4.834931603119046,1.3593422591639039e-05
RBL2,9.536332163029957,9.502652765924485e-13
TRMT6,-9.57954275882846,8.214465296107481e-13
KYNU,-2.634687035176157,0.011241605559142331
UQCC2,-7.507784105031475,1.0886865624252308e-09
PLD6,-5.676207071386532,7.35211751774469e-07
KCNK17,9.795960528478476,3.972991216381194e-13
SCPEP1,-2.8520647884728194,0.0063429541696294126
RPS21,-3.400918303592721,0.0013444998209934341
SPECC1,-2.132500099713819,0.03800216004004276
TMEM108,2.152322563429779,0.0363244072348678
MYO15A,5.443496946457231,1.663750061383714e-06
PODN,7.415053370391605,1.5132932825217693e-09
AGPAT1,2.785239093563785,0.007583640482933016
ZNF133,-5.363887857675166,2.1968207809348816e-06
KXD1,-2.300309105320369,0.025728391454498914
ARHGDIB,12.747609339775405,3.5395181591078956e-17
CUX1,4.225953354242947,0.00010322848559019915
H2AFY,-2.039784710309718,0.04678196601510131
CST1,-2.1918553467138815,0.03317166975162341
METAP1D,-5.982608482956884,2.4893273442139287e-07
ZNF121,-6.528392201050492,3.569087370316937e-08
MRPS9,-5.373498658373658,2.124423057481922e-06
LMLN,-4.837588384230205,1.3471212361162508e-05
BPI,3.461474047678411,0.001123449612774992
EGFL8,6.222952626739264,1.0598807156097165e-07
CHPT1,9.878535487225921,3.015618914945575e-13
NUMA1,3.447820917724327,0.0011700389870357658
RP11-1085N6.3,-3.1879897969287483,0.0024963294225820143
SKAP2,10.140675465578257,1.263525422415863e-13
PRSS3,-2.9501473937131553,0.004859345223959491
TMOD3,6.883952607269968,1.0035533976284073e-08
CD1D,6.313696469691377,7.67270419884835e-08
ITPK1,11.567127564507286,1.2906199117429709e-15
GET4,-7.757647552028892,4.4923634192426604e-10
NAP1L5,7.013980300409651,6.311108373477947e-09
HUS1B,-2.1429565204950536,0.03710885761209323
KRTAP3-1,-2.3597611162295444,0.02231436147391472
IBTK,5.067272865437074,6.139542856723385e-06
SNX24,6.322158744761641,7.444876582257248e-08
PAFAH1B3,-6.853244586253759,1.1197629907375672e-08
WDR86,-2.257144919117727,0.028491352735464416
BBS5,3.22326561402916,0.0022562944524000604
MEN1,-8.685758585289971,1.741845228998522e-11
EXOC4,-2.8585857141350175,0.006232549723073972
HRH3,-2.6290782371435917,0.011404910199080088
NMNAT3,-5.188413747663884,4.041486613112641e-06
EDEM3,-2.239309036516284,0.029707931708880166
PPM1H,-2.630079329451666,0.011375604393969766
PARG,-6.000406018742605,2.3370622654010666e-07
GSE1,6.457614319225581,4.593959506020332e-08
AL358333.1,5.65863563428655,7.821306154352279e-07
KRT37,-3.849489325964156,0.00034321884956264154
TAAR1,-2.2059781587478677,0.03210533244358419
HP,3.1130075995160302,0.0030887716508091706
TANGO6,2.2999395437175574,0.02575099636871718
C16orf89,20.167407053846347,2.2382441182443403e-25
C14orf142,4.664821003077809,2.416193116779399e-05
HLA-DMA,18.070574935278692,2.5958701958892912e-23
SNX9,-2.67127421329521,0.010227811186099512
DENR,-13.51348143430939,3.776093117962856e-18
L3MBTL1,-2.9549715066915065,0.004795469119522791
MCM6,-9.294809770371256,2.153453516972829e-12
CHTF18,-9.922809974238286,2.6020666729041644e-13
CD34,9.967727969040055,2.2409526034373817e-13
PCDHGA10,2.935721154561709,0.00505512755928184
SCML2,-5.128808734512551,4.966144669701652e-06
AP000974.1,-4.264207270556778,9.114106437056004e-05
YPEL2,6.673961241210089,2.1231792382673883e-08
LSM2,-6.873844125482561,1.0404095024065082e-08
CSNK1A1,-2.5741019478395577,0.013124333088704173
ARID5B,3.2030219356007263,0.0023912379313163904
CDH5,17.094447395465817,2.7373284035779736e-22
OLFML2B,-2.980029764106474,0.004476086646495559
SRRM5,-6.442312964911385,4.8515687587949245e-08
ZCCHC5,4.0073919577221115,0.00020851889872517895
RASGEF1A,-4.55478363245425,3.4933022050628534e-05
PET117,-4.723203416437612,1.9847272539865308e-05
PNPT1,-6.329891668312982,7.242590795343938e-08
KIAA1211,-2.683866301783597,0.009898772199566957
ATL1,7.367472547222756,1.7921379839440936e-09
STEAP4,10.28717473731187,7.798703160671858e-14
CAST,3.103238892634805,0.003175038425965033
DCTN4,3.8919744002576286,0.0003004027752183168
HIST1H2AB,-4.198300025522505,0.00011292296562115189
SOWAHB,-2.329756471545077,0.02398308894725478
FAM136A,-10.272847143809534,8.174612894742755e-14
ZNF77,-3.8252605841675376,0.0003702103429859236
PMAIP1,-6.114334304896381,1.559571840803107e-07
SYT11,4.754180083141616,1.7874842594568674e-05
MPI,-5.02359265866014,7.134376354137776e-06
ZNF607,-3.6206942759013887,0.0006955095381897433
ABHD14B,13.369462214851056,5.719424008476018e-18
MARCH10,4.992965911761794,7.925007296335241e-06
ZNF469,-3.868070392426732,0.0003238145354954249
ANKRD40,8.21065388912249,9.117191988521906e-11
ACOT7,-7.01513383474758,6.285200807008467e-09
ZNF556,-4.658300628746379,2.46974721864812e-05
DAK,-8.652586963649222,1.9539600022279602e-11
ACTC1,3.017411018859576,0.0040363714818692515
MTRNR2L8,2.760092857176766,0.008105969390129352
MYO19,-15.108125352604313,4.5111521158504805e-20
ZRANB3,-7.773960412130652,4.2406261691796714e-10
TRAF6,6.8101590492759945,1.3058633995307645e-08
CDCA7L,-3.8305977720761026,0.0003640943875895261
TEX10,-7.48682872660416,1.172756064087077e-09
EBF1,9.196950344770505,3.005260878251088e-12
C11orf24,-6.97006480981582,7.381174764614493e-09
C3orf30,-2.6426193340569437,0.011014302544975832
KCND2,-4.645702030243349,2.5765395745092344e-05
UCHL5,-9.75745455566679,4.519324309205432e-13
QPCTL,-4.287368803912566,8.450428318234085e-05
SLC5A4,14.609736747081284,1.7416379590929747e-19
ACBD7,-2.277423963892974,0.027162035506667778
CREBRF,9.939266714104411,2.463394272370056e-13
FHL5,15.424926640686795,1.9404685722595388e-20
ARRDC2,6.335436073904714,7.100938006601564e-08
COPB2,-7.732202523957507,4.915346297914349e-10
XPO5,-11.921703221127625,4.300042193790051e-16
ANKRD22,-7.381241313665481,1.706526456021345e-09
USE1,-2.425118872628121,0.019034640433396626
PIH1D1,-3.8940661942613097,0.0002984336171779621
MYBPC2,-2.0607493339600613,0.04465572599131636
MUSK,12.368133488121991,1.1028488233000503e-16
CDC14A,8.406461499026243,4.5979972845990644e-11
DPT,8.067506259594097,1.506739503186731e-10
FAM83B,-9.875191404703973,3.0494316283352324e-13
SMPDL3B,3.1922686981757615,0.0024659799513441177
MT-CO2,2.4540133384109994,0.01772841128161322
CSTF1,-6.070610768335505,1.8216286098488842e-07
ZNF746,-3.0617650192862027,0.003567109637422567
CPO,4.180500886063353,0.0001196249455476858
SNAP29,-3.538857238729317,0.000891044178064324
C6orf106,2.8461116214853606,0.006445327222402235
MPP5,13.818230722977907,1.5819856458558702e-18
ARL14,-3.8512343213721345,0.0003413498813013403
MESP1,-2.8289384658121786,0.006749289919639384
HMGCLL1,15.530931423294476,1.4669936781923912e-20
HOXD3,-2.73805409167145,0.008590836860964648
PABPC3,-7.817353313427193,3.63784374985135e-10
KLHL20,2.955414766712599,0.004789639360985158
AADACL2,-2.6362372626851935,0.011196848463748221
RPL18,-3.4186581597872845,0.0012757884935579954
CRYBB1,2.9117006985618015,0.005397498304944691
QKI,9.897874954820084,2.827372058720819e-13
PAPL,-3.8514626961461675,0.00034110600888758645
DDC,3.8220908813169885,0.0003738892622577717
C10orf105,7.824649043525078,3.545306863729808e-10
RNASE1,23.50044419581168,2.4826630793867273e-28
OSBP2,-4.140796833981141,0.00013599659503753288
GAMT,-6.65349856427188,2.284020522410011e-08
TRPS1,-6.612816540186967,2.6408639982891952e-08
TRIM17,-4.4499954972710585,4.949125370044619e-05
KRTAP10-3,-2.143619989732072,0.037052803580602194
DUS4L,-9.120351974226265,3.903833890330644e-12
RNF34,-4.919618866931926,1.0186184769596718e-05
SERPINB6,16.432790665257805,1.4289407904968596e-21
SLC7A6,2.9635378387211992,0.00468396826774915
HIF1AN,-4.58017236154252,3.2092580892470936e-05
OMG,6.889930552540301,9.823753241549074e-09
TRIM62,-3.303654699718007,0.0017881902416666592
SHC3,12.669498019269891,4.465663343817597e-17
PICALM,3.6140003466540396,0.0007098186165612597
ADTRP,8.619428532041095,2.1920300949376452e-11
TLK2,-3.928168006015381,0.00026803528685552253
PTGES3L,-3.6364307064517325,0.0006629510448618271
DDX3X,5.511152152656977,1.3129306315555672e-06
PDK2,6.16968708181744,1.2810000137044067e-07
NLRP3,6.887968542021856,9.89276362471495e-09
KRBA2,4.805890618280214,1.5002409799261543e-05
STK10,13.513132956587683,3.779876616607727e-18
LIF,2.416473251713025,0.01944200473224253
KCNN2,4.6785887263797585,2.3068259458955894e-05
THUMPD3,-4.310672225170047,7.830256711095925e-05
ATAT1,-4.365505749152074,6.540748839810664e-05
NDUFC2,-4.181067027351931,0.00011940594419671894
CPEB3,15.068168561031179,5.021754520061619e-20
ABHD1,-3.566547200915165,0.0008196411269204751
NUPL2,-6.291493296337592,8.304074961851958e-08
DHH,6.52410752328355,3.6240563499499666e-08
MSRB2,5.112842744230648,5.247418486102809e-06
ALG10B,-3.6112435897151367,0.0007157930926081668
ZFP41,-5.091420873773249,5.649627094050446e-06
CD2BP2,3.4186567749520864,0.001275793724665364
TTC17,4.631561849954314,2.7017926064954883e-05
ZNF677,3.732175915358108,0.0004942020352441512
EFCAB4A,5.747044574384848,5.727617892206769e-07
LY6K,-6.272953032273419,8.87079734026956e-08
ANKRD28,7.279725451767852,2.4486403932802825e-09
SIGLEC12,3.5391578366761247,0.0008902380630583655
ITIH1,2.0266236491895873,0.048161174863209595
WNT2B,-2.5637737324637655,0.013472590157170606
CALM2,6.539914365505398,3.4253629084221506e-08
MALT1,-5.408109553966065,1.8827248015255724e-06
TCEB3,3.2159368704139304,0.002304295263191136
PURA,7.272079142278129,2.516187810411217e-09
SPDYA,-5.793303182971356,4.864706120015741e-07
HS3ST3A1,-4.797428641327011,1.5439296019920692e-05
FBXL18,-5.262966274845518,3.1209944119478138e-06
KCNA3,13.586072220056225,3.0661045932057147e-18
KRR1,-9.208581277605944,2.888385195701807e-12
KLRC3,3.889988601687201,0.0003022837495607437
VPS33A,-3.632571800360727,0.0006707972146460025
KPNA2,-15.372353670163232,2.2302848585050453e-20
SYF2,4.823186221061607,1.4146885958454762e-05
SLC22A11,-2.1815914059410244,0.03396612951181373
UBR5,-6.486324583355531,4.146884003660247e-08
COL6A5,9.904528504876001,2.765390882998656e-13
OR2W3,4.814630289971965,1.4563936677342063e-05
HECW1,-5.266062238707621,3.087620934036141e-06
NDUFAB1,-5.720644678231517,6.286521775176446e-07
RNASEK,9.15220108704178,3.501229533634156e-12
GPR25,2.123540976730564,0.03878248499787852
ALG8,-6.477830636471432,4.274425106676145e-08
ZNF34,7.372282592661187,1.7617510825014112e-09
MRPL44,-3.2491613166374167,0.002094140694214143
AAMDC,8.517713501559493,3.1209359760248905e-11
TLN2,-3.0863909562300407,0.003329160516739859
IFT74,3.131057438184362,0.002935140389784833
ZNF783,-3.0801098799241444,0.003388394984553721
SLC25A10,-9.579072792752669,8.227481055995178e-13
DCST1,-4.158271191179511,0.0001285394141257692
MYH2,4.319096281872542,7.61716526341288e-05
IRF9,4.126607557832639,0.0001423592576905302
FBP1,17.076430145492136,2.8615760798638205e-22
HSPB2-C11orf52,8.116019208830629,1.270638261691075e-10
SYCP2,-2.872478778609168,0.006003249997203407
ZNF423,5.879242824387447,3.5900784605709717e-07
YWHAG,-9.036987458319794,5.193262173523511e-12
NKAIN1,-4.281077563951466,8.625894432619257e-05
KAT8,9.965882151216148,2.254742589029543e-13
C9orf78,-3.5392959962150905,0.0008898677936463721
ZNF805,-2.151002920120654,0.036434044579031696
CCNJL,12.073999168085653,2.6953682029349365e-16
HSPB8,13.359036248919292,5.894530747938785e-18
PTPRC,11.438059701795373,1.9332903301161856e-15
CKAP5,-8.068425623453496,1.5018784862681e-10
CD244,8.057362857808576,1.56143362328462e-10
RAB18,-3.8983543728930568,0.00029443571184578616
PMPCB,-2.3292806419175682,0.024010428190285767
TARBP2,-7.009079813013219,6.422367500758765e-09
TSC2,2.863102388787528,0.006157126922974046
GPR161,-6.108530459211196,1.5920686629096415e-07
CALR3,-3.8581809709273114,0.000334006509801799
RTEL1,-4.426211337778865,5.354271029510024e-05
IL18RAP,6.317265212866951,7.575788023453237e-08
RBMS2,14.770642105972216,1.1224336668616866e-19
NRG3,7.459046294952009,1.2943473978513446e-09
DGKB,-3.0673829772398262,0.0035114620219956322
TTC9C,-3.1851697094450024,0.0025165239513875617
CLEC12B,8.267876658538519,7.461727211226202e-11
HOMER3,-6.515121925399723,3.7420956503342156e-08
SERPINB5,-8.634520450568601,2.080248440159719e-11
C9orf171,4.854158031169886,1.273302465102301e-05
MAPK8,-2.8104261726203523,0.0070917906728811125
S1PR2,6.666667913285045,2.1791647675675602e-08
ACAP3,-4.0160645646363315,0.00020283991583289218
ZNF280C,-6.466983618761527,4.443008863265323e-08
ERCC5,6.435637567889206,4.968424703948217e-08
CLCNKB,4.214888012656849,0.00010700645793455348
RP11-321N4.5,-6.461822375347439,4.5255394833252526e-08
SIX1,-5.368662579639164,2.1605530236839e-06
RWDD1,3.200824751664076,0.002406333890271536
TTC18,5.218190973762596,3.6454473635922122e-06
SLC5A6,-5.130446466559941,4.938147785233223e-06
EPYC,-4.574669125812608,3.268841544917911e-05
CCDC90B,-3.572777157091663,0.0008043473837858325
ARMCX1,8.330568529230298,5.992841259144853e-11
CTNNB1,3.601671638858277,0.0007369135485127807
CXCR1,5.54854911190468,1.1515807245383715e-06
LONP1,-7.703003739402384,5.450281407035425e-10
TCF15,-3.4072332879559317,0.0013196463736230932
PARVB,2.7454276204439236,0.008425715986806822
GALNT12,9.486657003261545,1.1237990530680518e-12
ABCA7,6.057762045137529,1.9066614595146662e-07
CC2D1A,-3.157735450538894,0.002721178480201189
GPAA1,-3.9347729110485092,0.0002625038394971981
EFCAB12,5.504244711340602,1.3450945210209041e-06
LYSMD1,-5.932162485870273,2.976666657831185e-07
SNED1,12.268400386227638,1.4913122144633382e-16
PMM1,7.100082064922391,4.642941667611104e-09
FHAD1,4.337834578994921,7.163231296421204e-05
LYRM5,6.264037711133464,9.156883890045477e-08
CCDC155,5.279700979620892,2.9447494652779756e-06
ADAMTS4,2.99320787889424,0.004316202595364078
EI24,-6.034377557235307,2.071685481691893e-07
CST7,9.147701001316968,3.5554684561808405e-12
RAN,-9.846520519092312,3.3555188129796496e-13
SSFA2,4.276539059449292,8.754672923983141e-05
SEMA5A,7.203645215892119,3.210347281463498e-09
MAGEA10,-3.745329091188823,0.0004745270215319465
GPS1,-6.306907683625776,7.860493361645744e-08
SPI1,17.069425949269984,2.9114122758907987e-22
CIAO1,-6.08724154350658,1.717148948318679e-07
PTPLAD2,16.02163094441867,4.085753570104487e-21
FNDC4,-3.290688797770772,0.0018568932683431538
DDX1,-7.458851738167626,1.2952420471846356e-09
CYSTM1,17.85682065606398,4.312946437192768e-23
RASIP1,11.562872730608634,1.3078832014966436e-15
SQSTM1,3.3043390416259317,0.0017846318177418003
LIPM,-5.574637271341167,1.0508196687614802e-06
CDKN2C,-2.2920108759150373,0.026240250874509055
CLPTM1L,-4.269398339469683,8.961085660034734e-05
FKBP10,-6.671591431866401,2.1412110187198568e-08
CEP135,-2.8911610669051173,0.005707243543525139
KPNA6,-2.5051820251403116,0.015612424801748771
GPR162,7.03351058566506,5.886546659153522e-09
ZNF487,8.920455510879197,7.748624986889664e-12
HYKK,-2.4109595496618814,0.019705882395128074
SEPT3,-3.544331508904248,0.0008764724990169043
CPOX,-10.425808424474546,4.951828452892535e-14
SENP6,2.41316631727609,0.019599885217223688
RPS15,-2.69943671504815,0.009505355212068863
BTNL3,4.891764044963667,1.1202028422087389e-05
HTR6,-2.366144429760607,0.021973064915526756
CHAC2,-6.34005099141547,6.985142374119602e-08
TUBA1B,-6.447836718218362,4.756950147444137e-08
CADM3,3.844097788019584,0.00034905595537852003
ARL6IP6,-7.285651431688313,2.3975435523682817e-09
BATF2,7.537811382762525,9.786531456915091e-10
PP2D1,9.536424668445452,9.499687580514697e-13
CCL15-CCL14,8.508749393214364,3.219784229055362e-11
TFEB,8.8751797296499,9.055352040047966e-12
CGREF1,-7.692497798121348,5.656748491236982e-10
FAM27E2,-2.209268485317334,0.031861289630281675
CNGB1,-2.1821136320461587,0.03392530636331838
MGAT4A,11.211945372239962,3.944558142094451e-15
FAM124A,7.034829249369633,5.858933894596597e-09
ELMO2,2.2938290947507745,0.026127328002299357
CPD,-3.73866373460766,0.0004844013046020911
LOXL1,-5.064847482147385,6.19100480995871e-06
SRP9,-5.03253259469903,6.918615292309876e-06
MRPS33,-6.6363009083376365,2.4285795428635693e-08
NKX2-5,-5.033788346039415,6.8888279286943185e-06
UCHL1,-5.274386713109769,2.9996246065232027e-06
TTC30A,-2.272728400211921,0.02746482994771467
TGFBR3,9.139508755268004,3.656394837500096e-12
SLC10A6,-3.7349058682698066,0.0004900550714895622
NSRP1,5.179849817043341,4.163053524835671e-06
ZKSCAN7,3.5700932703429924,0.0008109022255001429
PHF2,4.923999581130681,1.0034895402532365e-05
FAM46B,8.54246879321555,2.863543101232472e-11
MTHFR,13.947034220732993,1.099023562153703e-18
LRRC18,7.122825128542413,4.281465349320195e-09
MEIS3,-2.9469349681314383,0.0049023200469488016
MAFA,-2.5896949319687996,0.012614078383572293
ZNF467,7.273253686649153,2.5056916987353426e-09
ARHGAP19-SLIT1,-2.8831073851226785,0.005833144539024205
HYI,14.93113471195464,7.264021961213467e-20
FETUB,-3.232529183221097,0.0021969714455707216
HHEX,6.074009124706604,1.7997767391633417e-07
NLRP14,2.597528187584341,0.012364637707424393
CCL17,6.668244718089979,2.1669370769670943e-08
TEX19,-6.738526186484771,1.6862382849950296e-08
IL36RN,-4.05042045683081,0.00018177913066231286
SLC51B,11.388066299237886,2.262171489452418e-15
SETD2,6.810996710160038,1.3019656866326407e-08
B3GNT7,9.616703210368149,7.248459323926674e-13
SPDYE2,-2.293594073112806,0.026141899925404215
ZNF562,-3.1674685835545664,0.002646840179704951
C19orf55,-3.1676682841916683,0.0026453351521647235
AGO4,6.219187474297404,1.0741765777437101e-07
MINPP1,-2.0139988769585684,0.04951713280317501
SPATA7,8.551275678712823,2.777223736193554e-11
CHDC2,2.9504298752072935,0.0048555831246307165
DAPL1,-3.767239259658281,0.0004434136265653627
PRSS35,7.065828196044327,5.245904198573937e-09
TMCO5A,2.5889101945682014,0.012639318782065185
CTDSP1,9.621163497455365,7.14050243548581e-13
KIAA1024,-5.290658127504549,2.8347184427568294e-06
SLAMF9,-4.514193276636313,3.999267094801138e-05
CFLAR,8.584535647090606,2.474211178046054e-11
MS4A15,11.798526059065356,6.287720424028201e-16
FUNDC1,-6.524630091856982,3.617307199793253e-08
NBPF14,2.2668511089304473,0.02784805537300904
SLC41A2,6.391558735605894,5.8138097683886456e-08
EPC2,3.630035151709175,0.0006760032654936028
BMP15,2.9481443620940753,0.004886099735668032
QARS,2.2723903125852702,0.027486746994409176
PPAPDC1B,-4.02605812794565,0.0001964815163143785
ST7,14.739819734377972,1.220691037237656e-19
POTEH,-2.542618956784867,0.014212311347211319
EYS,-2.4217188469016997,0.01919391631146963
GOLT1B,-5.164793059822058,4.3856006614208455e-06
C1orf112,-10.29377518170794,7.631458490335367e-14
FOXRED2,-7.103057450554892,4.593965436481234e-09
MRPS10,-5.708476306272897,6.562047421644933e-07
LRP11,-4.396276109224832,5.910427682292033e-05
ADM2,-6.1684270847563125,1.2867527014539197e-07
SLITRK4,-2.330309421432014,0.023951353643317137
EXOC3L1,12.628494138773034,5.0467317119984464e-17
BOP1,-9.631061015975037,6.906706835527104e-13
PSMD4,-8.758526847530607,1.3542208376066664e-11
TFB1M,-3.6014121148709553,0.0007374944107389821
NUDT16,4.766219371054837,1.7161314739716396e-05
UNC79,-2.083300072525911,0.042462910068254915
PFKP,-8.085356734215909,1.415125173041612e-10
FHDC1,6.238567053230702,1.0025906799537203e-07
ESAM,23.336948827501658,3.400466174113654e-28
TMEM167A,-4.883059964115871,1.1539426747919568e-05
KLF2,11.018651965793913,7.294636825713676e-15
POLR2D,-8.315763598349674,6.311077559642841e-11
MRFAP1,3.2866043549889845,0.001879048334716438
UBE2D4,9.140418670561504,3.645043670292698e-12
SNW1,-3.255058121343379,0.0020587878517646084
RPL22L1,-4.502797310417709,4.1537623625147845e-05
DPH2,-8.183068896073856,1.0042719847163615e-10
NSF,-3.2673900909852045,0.0019866702473102806
TSPAN33,-3.5999260142211296,0.0007408290246661694
SRP14,3.2845536283912042,0.0018902661335608432
USP14,-10.758389214333398,1.681835376489542e-14
CIR1,5.09760943024886,5.530409314473165e-06
EEFSEC,-6.159302468611134,1.3291876375550727e-07
C1orf54,8.071161802830025,1.4875044347479064e-10
RDH8,-3.7108044576869363,0.0005278520707660866
RAF1,11.080665867997606,5.98569899064162e-15
UTP23,-5.061426371396172,6.264317778287703e-06
PYCR2,-4.58722362581393,3.134465889240617e-05
MRPS22,-6.1084600424474065,1.5924670519240963e-07
SIN3A,-3.7833109375160627,0.00042184859119125123
CPSF4,-4.024527128677312,0.00019744294162560552
TMOD2,5.301308208907886,2.7316683884291447e-06
HBEGF,7.117596299715923,4.361992305826243e-09
ENTPD4,-2.8449280756380237,0.006465861649768649
MXD3,-4.736718061462052,1.896177080984919e-05
CCDC41,-2.926677628889586,0.0051815814198241114
SGOL2,-10.048917984504586,1.7116551176096385e-13
DNAAF1,4.656480100316124,2.4849064653964523e-05
LRRC23,4.538804917432965,3.68452983712003e-05
GMPPA,-3.2612007132819163,0.0020225618889881582
ECM2,10.613252525807878,2.6897079019154855e-14
SERPINA1,12.632590061829152,4.9853927326252394e-17
ATOH7,-4.150522931367938,0.00013179565490489036
RP11-618P17.4,-2.361985622054873,0.02219488820114779
GUSB,4.908157945542872,1.0592687309585538e-05
BRSK1,-5.18272251321171,4.121877921618312e-06
SCAMP4,7.292871144359082,2.3367341050149993e-09
GFPT1,-3.7517811761903346,0.00046515315542729923
CDKN2B,2.936185298771291,0.005048715733666531
SPN,16.189009869034294,2.658068189742844e-21
TEX14,7.7347340702813225,4.871529606521608e-10
ZNF574,-3.5573995218388568,0.0008426022354740894
SSB,-6.563904393911768,3.144398779558425e-08
NCOA4,9.76433853751634,4.416358900545091e-13
MCTP1,9.962279528452788,2.281905143334536e-13
RTCA,-3.7446971793543966,0.0004754547916130952
C16orf87,-6.877176167568605,1.028113400328364e-08
CNPY2,-5.399421494292462,1.9407079526616153e-06
C2CD2L,11.070712765910523,6.178534519983969e-15
MAFK,4.145773062446295,0.00013383125546527646
MYO10,-2.1629771217318954,0.03544978203618826
MRAS,10.940388705421798,9.369183583260203e-15
KCTD3,-3.3125323930838646,0.001742545858745212
APOA5,6.8051849511187665,1.329249991965568e-08
CD300E,6.654134390038657,2.2788440471094734e-08
GRHL1,-7.8509828643863555,3.230540328561129e-10
TRMT10A,-3.352343835444172,0.0015510988140098002
METTL11B,-7.481718160644685,1.194228698638075e-09
TMEM173,13.680166951613502,2.342928780204549e-18
HIST2H2AB,-4.352760410338026,6.820620117228858e-05
SLC25A19,2.4077341783304242,0.01986173419382067
HCLS1,3.945512235967973,0.0002537445632865293
TOM1L2,11.232484254079038,3.6961463253316645e-15
CXorf61,-2.9594096427336773,0.004737396152850485
HBZ,3.7958088357648916,0.00040578001805855276
S100A6,4.364964775811053,6.552396988120838e-05
WNT10B,-3.819855062082878,0.00037650542203257237
SNX25,16.58524926408008,9.72424970215418e-22
MFSD9,-6.803643914157108,1.3365801132459886e-08
SESTD1,4.424608808341325,5.3827040098739546e-05
GPR27,-3.1567326276881755,0.0027289484167437256
GLRB,2.430222540767539,0.018797791767239003
MYNN,-3.247320905277232,0.0021052914028635993
PDP1,-5.277903458493231,2.9631987264378827e-06
PSMC6,-5.846652107019044,4.028780890333631e-07
LRRC31,2.1559364583967646,0.03602564338668368
OR1Q1,-2.3617317083226905,0.022208496295996534
FASTKD1,-7.474731036658778,1.2242259447317243e-09
CDC37,4.198101761079429,0.00011299556928265383
UBE2Z,-8.24745124668401,8.014719383981652e-11
OAS2,2.5649651977736596,0.013431990009917174
RNF216,-4.458988846765972,4.8038650970401644e-05
NKPD1,-6.727673206905706,1.752830518206484e-08
THNSL1,-8.706612369406278,1.6205351724517e-11
MLNR,-2.442736782110486,0.018228242360278257
CD37,10.282156122710758,7.928343789590399e-14
ABRACL,-6.181905494460051,1.2265273307460731e-07
SLC9A3R2,13.638499682676102,2.6389680947799478e-18
PVRL2,2.0505374151798668,0.04568069554454941
CTD-2207O23.10,2.020239219606455,0.04884281992720392
MYH1,3.19492812721886,0.0024472927854417162
ANAPC11,-6.539007614702589,3.436460815373292e-08
TCEA1,-5.678302571119487,7.298061967508348e-07
AP5B1,3.334693423858644,0.0016333754598328136
ATP6V0B,2.0446361407457374,0.04628227256267327
SAC3D1,-6.860606966400158,1.0907291092831821e-08
ZNF559,3.9732539535004983,0.00023240497958353426
KRT74,-7.2751478997049706,2.4888568121185656e-09
RND2,-4.433432426219701,5.227958861248455e-05
TRANK1,8.947656764778054,7.056765650162059e-12
TLCD1,-4.995844035111593,7.847176386480166e-06
GGA2,8.069460186297896,1.4964272315728657e-10
EPAS1,14.596209659242534,1.8074190043983262e-19
ASB7,-2.235718603744593,0.02995832901059081
NPIPB4,2.570769332358393,0.013235798623114504
XKR9,-3.5915953878766764,0.0007597906520659041
ZFHX3,3.780383211146779,0.00042570035317499727
PGLYRP2,-2.2512204812025276,0.028890460188903032
C6orf132,-4.874566289701475,1.1878295640802758e-05
COG1,2.0800159948628862,0.042776295634249784
SLX4,-3.09460232598451,0.0032531873056708903
CDIP1,7.092152294092626,4.776039692432889e-09
MYADM,8.697654179433702,1.6715670826465017e-11
SF3B14,-10.504279964392952,3.833268876392381e-14
TMEM252,11.842737509301221,5.484855831264097e-16
RGS18,11.462096518586623,1.7928444587757637e-15
TNIP1,5.4313825213238385,1.7357163297976463e-06
FTSJ2,-5.632257536831828,8.581969135839595e-07
TMEM201,-7.667325059843554,6.183996286179056e-10
RAC1,-4.553960376378721,3.5029128864436516e-05
ADAD2,-5.633554266887313,8.542916309664348e-07
NT5DC2,-6.292566584284923,8.272396110497065e-08
CXorf28,-2.6402444238578306,0.011081911175804891
B3GAT3,-4.014300697522893,0.0002039826651731379
TRIM68,2.6903258118155025,0.009733779366515299
DESI1,-2.4798758505947496,0.016628507600407075
TNFRSF1B,11.275537264861866,3.22559825774252e-15
AASDHPPT,-4.913803061323048,1.039050729359211e-05
LRRC8D,-6.814826417144608,1.2842934281624785e-08
TNFRSF19,6.36323736164331,6.4312547481784e-08
LCE3C,-2.3620810158541397,0.02218977765688452
SLC13A5,-3.3067441181150774,0.0017721790991208051
PNLDC1,-2.6342089077892203,0.011255442725533749
LDLRAD1,4.612235598163305,2.8826760193831483e-05
MAFF,5.087762961833659,5.721281846933275e-06
CTDSPL2,-5.105656434494762,5.379093667045357e-06
CEP170,2.1857666541568452,0.033640951606390176
STX4,4.271749879412851,8.89259334164909e-05
TALDO1,-4.646998772342616,2.5653420906411826e-05
DOLPP1,-7.823883871615592,3.554899977097257e-10
RASA3,4.806927934705212,1.4949696544071238e-05
TMEM229B,5.437695723467549,1.697836161318044e-06
GYLTL1B,-8.240638929283037,8.208183556686282e-11
CORO2B,11.939357570837863,4.072779495402052e-16
C16orf54,12.632758708017162,4.9828834237862566e-17
CCDC87,-3.6530476615530283,0.0006301578008302354
RRAGA,11.414075525079898,2.08454858228873e-15
TMC3,2.6637233462919436,0.010429902591473333
SEC14L3,3.986345904733967,0.0002229473275871786
MRPS25,3.0419981845203363,0.0037695469269567027
GNG10,4.912818928570309,1.0425478743503858e-05
SHQ1,4.365339348554438,6.544329598051804e-05
ABCC10,-3.917975584575681,0.00027679272026638835
PNPLA2,15.193693692601416,3.5878302562683356e-20
IL1RAPL2,-4.211397478239994,0.0001082258565961449
OVGP1,6.114968662905497,1.5560602455440427e-07
TEX26,2.830211010133105,0.0067263183135249744
SLCO2B1,13.028460165850637,1.544534184145913e-17
C12orf39,2.6911193370573416,0.009713685812753855
C9orf141,2.7212407902247024,0.008978558269249447
STAT5A,9.295609528113514,2.1476050176595103e-12
ZEB1,13.133841616827185,1.1344495700999486e-17
SPESP1,-2.4511072082518357,0.01785602694022496
MTMR9,5.372682913087686,2.1304752424327262e-06
LSMD1,2.5768688491233287,0.013032439684156382
ELF2,3.6899883577075996,0.0005627360289343304
C2orf66,-2.852240783405468,0.006339950767664223
EHF,-3.9954152525120876,0.0002166150320244299
CTD-2006C1.10,-3.303682557670474,0.0017880452554507183
PIANP,-2.254701204883053,0.028655379802110498
REG1A,-3.6165934041773227,0.0007042425116416939
BCL2L2-PABPN1,3.2504591843177346,0.0020863107453197114
GJB3,-8.963605417252051,6.680440183607382e-12
SLC39A14,-3.7637343424973,0.0004482554185888534
TAF3,6.763182799353817,1.5442012370232553e-08
C8orf33,-6.6373776054819835,2.419266604257428e-08
DAXX,-4.802031501830447,1.52001262219564e-05
TRAPPC1,7.819819534915363,3.6062944326353953e-10
MAPK9,5.8245386585612,4.35638899244806e-07
USP12,10.008844101134743,1.9549268654050057e-13
WDR45B,-6.085854635265029,1.725629007811818e-07
INTS8,-9.618876085827566,7.195662574448679e-13
DLD,-4.602745923427842,2.9757840595335265e-05
NTN5,-2.1581752011407898,0.0358416496908897
PHB2,-6.032913779289023,2.0824758167706603e-07
GSKIP,-2.2099663521074246,0.03180974020128404
MRPL11,-7.371900084407803,1.7641484998832779e-09
INO80,8.012783850267484,1.826493844566811e-10
JAK1,8.492391477709692,3.408367092333996e-11
PCDHGC5,-2.0629140510730473,0.04444104031713799
RAB2A,-3.043573680848032,0.003753025291934528
RBL1,-4.104924401500272,0.0001526437423975489
NDUFA9,-5.015590322689345,7.333123174343092e-06
P4HA1,-6.083606124304164,1.7394659092562777e-07
SALL3,-2.4960290956274442,0.015973245239233325
GPR61,-2.28262515604611,0.026830105094088112
ALS2CR12,5.372852481647489,2.1292157751089827e-06
MRPL35,-7.387092499669085,1.671398679030039e-09
ANXA6,10.093141978826395,1.4785037567655754e-13
GSTM2,-2.2906883041724133,0.02632266385008805
FCRL1,2.467281131213447,0.017156192613520558
FAM135B,7.912621711378479,2.599192287882399e-10
PNMT,3.5145203344523126,0.0009586727946895477
C2orf82,-6.955698138898879,7.76928115054599e-09
RGL3,10.439606750019157,4.7335712416339624e-14
KCNE2,-3.3556286240264668,0.0015362275156415315
RPN1,-6.493442030462652,4.042942725770172e-08
C10orf107,7.143340653189284,3.9796452527913625e-09
ARMC7,4.60527197815276,2.9507159086553708e-05
OPALIN,-2.405121904752919,0.019988772748587322
EIF4E2,-2.6514932567729086,0.010765009974436468
TCTN1,5.52313897376068,1.2589134975892165e-06
SHCBP1,-9.731981883680293,4.921880010466678e-13
HDAC9,2.818480818674508,0.006940838987279551
NCF4,12.194898520833066,1.864268977531569e-16
MFSD8,2.900822227019582,0.005559546657910142
LAS1L,-5.426861808137756,1.7633541506198882e-06
HTRA3,-3.7420020835099423,0.0004794313311095081
RFX2,6.200223303340038,1.1491561855275872e-07
TSR3,-3.5208493909265157,0.0009406284388800703
C1orf27,-2.6595832339942853,0.010542256575781518
DYNLRB2,5.0290140516946,7.002755408932377e-06
UGT1A8,-2.359591433862348,0.022323498353065876
SFT2D1,4.622470504379001,2.7854535856780492e-05
KIR3DL1,7.453656192742917,1.3193641751733191e-09
NF1,-4.131409831777671,0.00014017417273413704
AGAP1,-2.4849276211026976,0.016421011809991254
CD38,3.7732969198624757,0.000435163760773554
RAB25,-4.942620167772775,9.41612442404426e-06
KIAA0355,9.329864260472887,1.911591252043637e-12
SLC34A1,-5.439788375308038,1.6854614389095455e-06
DEDD,-3.4976741223136343,0.0010083258780905692
ENAM,10.050683135566647,1.7016726784237724e-13
ZNF563,5.0754622025460545,5.9688771580187915e-06
RBM3,7.010618258225062,6.387229199850256e-09
SACM1L,15.974399113671453,4.6153056772769756e-21
SLA2,6.332998234163815,7.162878182922262e-08
VENTX,2.476247350347965,0.016779005403403918
ZEB2,18.636678391178492,6.912139908607628e-24
HSD17B6,12.001364920288932,3.3666890244183093e-16
SLC37A4,-4.528741264491815,3.8101839667458495e-05
TSPAN8,4.002367017478285,0.0002118794082825941
QRICH1,5.09417132919294,5.596332026742201e-06
LCMT2,-2.0759017240940096,0.04317174571999556
AC003102.1,2.6699832821882032,0.010262105083557117
TNIK,7.460783121677793,1.2863882086965605e-09
ITFG1,2.513075434841403,0.015307209161532638
ANAPC2,2.214760532397895,0.031457595975634155
LCE1F,-3.126191632418996,0.0029758327627538088
CSF3R,15.910533266269683,5.444270793478486e-21
KCTD9,2.541090587813969,0.014267158919101016
CAPSL,4.459352414148306,4.7980812012072624e-05
MSH6,-10.329681731328506,6.783148768792271e-14
ADAM17,-3.961836016582164,0.0002409690632461092
FKBP4,-11.743341766575764,7.459327309794011e-16
RERG,6.2008969699915015,1.1464054083704246e-07
LUZPP1,2.395915030659675,0.020442364802477703
PRDM6,8.770243719580876,1.3004922483343035e-11
DSC3,-9.381613665563995,1.6036874235985048e-12
PTGFR,5.878496092484309,3.5995776544989133e-07
C18orf56,-7.006936905128722,6.47163468272168e-09
TUSC2,16.49786336885332,1.2120898894575185e-21
PLAC9,13.319719583010732,6.6052852603632015e-18
ATOH8,14.947104147155947,6.957364052522939e-20
PLAT,-3.326792007622519,0.001671533782097161
CES4A,4.427004642013201,5.340250086197505e-05
C19orf71,3.0951490655833065,0.003248187004880713
CORO6,-2.7548255373637427,0.008219502109266873
ATP8B1,-5.2288647655043015,3.513026771223365e-06
ZNF248,3.3361237854367154,0.001626556718400363
COL12A1,-2.825701137089957,0.0068080572383106734
FBLN1,4.056596666067892,0.0001782246415819362
SEMA5B,-2.3182976896314553,0.024649253571157253
NTMT1,-6.922882962383444,8.734131589519224e-09
MLLT6,5.0544807161564895,6.4158024604362945e-06
PCDHGA5,10.540715520871647,3.404491658398179e-14
ADCK5,-7.940410712671502,2.3566705911714414e-10
CYP20A1,5.1637302791323645,4.4017455318151835e-06
HTT,4.402141013482418,5.7972011050290416e-05
TMEM75,-4.1263971384680325,0.0001424557527366781
MAST3,11.213807037786347,3.921361278885656e-15
C6orf99,-3.359432866922381,0.0015191736018474453
APBB1IP,11.830447078512412,5.697009289084407e-16
OLFM2,-5.446843117975889,1.6443980606284388e-06
DCAF12L2,-3.353240173935369,0.0015470273026062678
AGBL2,2.3949578107707663,0.020490050939156665
CCDC153,5.978617944935262,2.5248002725828024e-07
HNMT,14.287222560771012,4.2406367589611886e-19
TIMD4,3.006929046021693,0.0041554116796397676
RBMY1J,3.8990800892225796,0.00029376425458603597
ADCY10,-3.6614480483939,0.0006141772501067007
ZNF639,-7.012446161503007,6.345729832840146e-09
PAQR6,-3.4819716172075106,0.001056809417640987
TTC19,13.549479074336192,3.4052593369668867e-18
AP001816.1,3.6240429602391866,0.0006884553926361313
EMR3,8.493459143928971,3.3957258736677805e-11
TRIM41,7.716147538280251,5.2025997159312e-10
C3,7.702027760179697,5.469138469271684e-10
KIAA1549,-3.533628283292324,0.0009051787407666071
ERICH1,7.42494071663616,1.4610520556123277e-09
GRIN3B,3.402529769235418,0.0013381157306898532
CEP250,-5.734082633848467,5.995578008060678e-07
RCE1,-7.972573270827217,2.1042285471340646e-10
ARHGEF18,5.142924111681686,4.729895125921799e-06
TDRP,4.755109324291269,1.781874791318461e-05
VEPH1,19.9921959692503,3.2799499698802736e-25
SMIM4,5.623751328543663,8.842572508664216e-07
SMCP,-2.356691687285013,0.022480159946937174
KIAA0196,-2.80631320267802,0.007170037951817923
TMEM9B,10.879542490394183,1.1387897498462276e-14
ITK,6.702485500671289,1.9176884768233412e-08
NUTM2A,7.231877732659895,2.903302268612742e-09
NPIPB15,3.07061473928941,0.0034798203258187017
KIAA1984,7.399237501782543,1.6007841090908456e-09
C21orf37,-2.6903819820840638,0.009732355774795346
SRP54,-4.5736123555390344,3.280406464528857e-05
FAM92A1,-3.4330266913769445,0.0012225971287252398
KIAA1377,8.170023451261786,1.0512797171517011e-10
TFEC,10.905045648970397,1.0493005365408159e-14
RP9,-4.206626175625834,0.00010991455874390945
ABR,11.639761919904208,1.029069649489253e-15
C5orf24,10.498570038258974,3.9052530787999924e-14
ADGB,5.051198011408657,6.4886491298337776e-06
SMDT1,5.13216320528476,4.90896744482175e-06
PDZD3,2.21294250583322,0.03159072672857836
C6orf123,5.1836643443606585,4.10846595720982e-06
STK32C,3.5355164855729364,0.0009000501533143197
SLC52A3,-8.2559074313418,7.780942136082969e-11
AC010547.9,7.153590590291212,3.836933701072494e-09
STARD8,16.430999578446855,1.4354380781948652e-21
SYTL3,9.068558240744943,4.660825636079139e-12
SLCO6A1,-4.85074511094856,1.2881746659375058e-05
IGSF3,-7.478708366022258,1.2070588821031505e-09
DUSP9,-4.823991759138684,1.410823054199346e-05
ADORA2A,9.578900742771062,8.232251205369643e-13
CACTIN,-4.345810694999849,6.978110520717041e-05
SP3,-5.717832589807101,6.349156906397116e-07
VASP,8.067574254477107,1.50637944772299e-10
MFSD5,-2.570475603033223,0.013245664197042067
PHKA1,-9.236867205055848,2.6229251454740434e-12
NABP2,-10.437030432846749,4.7735705425002925e-14
MGC4294,-7.694810167579707,5.610640640136567e-10
UROD,5.618972411510209,8.992411212147372e-07
THSD1,8.464925860656725,3.7503749502746785e-11
APOC4,5.282873331918116,2.912465872079944e-06
WDR76,-6.421881199976713,5.218171368903899e-08
PIH1D2,5.1841263409096,4.101902743034239e-06
FANCF,-5.956649324022367,2.7292819632133933e-07
GAS2L2,5.485674077121054,1.4354888136881232e-06
THAP7,-3.2887649066822022,0.0018672979601212112
UTP18,-7.41354708144851,1.5214148746566044e-09
PYCRL,-9.244831103972555,2.552726949158597e-12
NOL11,-10.609396872765748,2.7235672943118436e-14
ZNF385C,-3.194857254514048,0.0024477890540590373
EMC6,-3.284543056624915,0.0018903241266865275
AC021218.2,4.825742510614338,1.4024574628567682e-05
C1QTNF4,3.915461518775426,0.0002789949478941864
KIAA2026,4.493817638339378,4.279595637456679e-05
TMED6,10.506075244337008,3.810914583238577e-14
PTPRO,6.785935828048722,1.4237694353888979e-08
CELA2B,6.814565437223083,1.2854900684114279e-08
LSM1,-4.084726355218099,0.00016286973754262805
AP000679.2,-7.113143955351737,4.431756218031171e-09
INTS6,-3.257517665027837,0.0020442096520621716
MSANTD3,-7.37839991596483,1.7238511101281158e-09
HOXC6,-5.296362420477844,2.77905489411172e-06
CCDC84,6.224132473119302,1.0554401138742556e-07
ZNF112,-2.223794295693263,0.030803400226016884
ZNF829,-2.8311334358290976,0.00670971225019016
IQGAP1,5.597535562504275,9.696126425430512e-07
FAM155A,2.608767146732941,0.012014607325012956
AC006372.1,2.6371582979075376,0.011170334273188684
TXNRD3,-4.318220527257206,7.639052146127055e-05
SEC24B,2.9567167330224033,0.004772554089239683
NOD1,14.45731163795619,2.648104164677349e-19
NDOR1,-2.553250368212063,0.013836064433312726
FAM25A,-3.0766706445848135,0.0034212466882440834
TIPIN,-7.886804521329606,2.8469487759696944e-10
MTERFD3,7.314686057659523,2.162230386968967e-09
APITD1,-4.673964064463538,2.3430105130234038e-05
RNF145,15.577795204202852,1.2968824956977411e-20
DYNC1LI2,6.834214670335229,1.1984418080697597e-08
DNAH17-AS1,-3.853884891767271,0.00033852975781352424
KERA,2.0801518643325996,0.042763290328363276
L2HGDH,-10.2322770976695,9.341530120941419e-14
CD2,4.1833214500845,0.00011853771959627744
PKMYT1,-11.281052364431126,3.169874299027469e-15
IL7R,9.96400364158359,2.2688648893321973e-13
SEMA3G,9.99876268839478,2.0214495027582782e-13
TENM4,-7.74052703678588,4.772734106699434e-10
KRAS,-4.029133359980637,0.00019456403234804852
ZNF891,-3.5097976949884138,0.0009723519379978978
ADAMTS6,2.049605959802952,0.04577519461470831
TADA2A,-5.096301342917778,5.555400050729349e-06
NHSL1,4.3217333147999515,7.551628774050899e-05
MYCBP,-2.110330381996847,0.03995869844491108
ATF7,8.710492265559253,1.5989227736562854e-11
KCNRG,5.368590984819868,2.161092443517655e-06
ZNF256,-4.402835172710906,5.7839407148128315e-05
DOCK10,7.144277979997099,3.966376639427813e-09
CYP3A7,6.293313767548704,8.25041364860738e-08
NLGN4Y,-2.8206853176465665,0.006900046111686254
CNDP2,5.532118338712881,1.2198971766761757e-06
HPSE2,4.628219538376264,2.7322593234493766e-05
STAMBP,-8.780404800559657,1.2556403004968269e-11
ZNF358,4.272766959085735,8.863127389434523e-05
COL1A2,-4.478668614044713,4.50037506980563e-05
ANAPC1,-9.366055135994339,1.6905909856355092e-12
ARL8A,5.482800092241343,1.4500058437861052e-06
SH3BP4,-3.434080223984336,0.0012187812206718557
ANK3,4.584277353790138,3.165506918602051e-05
MAEA,-3.5540916563895038,0.0008510554932298111
BEST1,11.409520118613107,2.1146053674329594e-15
LMNB2,-12.673568599641765,4.4118148027139133e-17
DNAJC9,-12.009739730545194,3.2813425574217744e-16
SEPT12,-3.140135185643434,0.0028606190664887494
TRIM38,6.04771008637858,1.975930540173381e-07
AATF,-8.062491950190408,1.5335319384884447e-10
C17orf97,5.924528704618623,3.058256281558983e-07
TSPAN32,13.943436280158876,1.110232499034612e-18
KCNMB3,-6.472874734851497,4.35064212752042e-08
ANKRD20A2,2.3020368451793107,0.025622945567089
SLC2A6,3.320374854375134,0.0017031445254445897
CLEC12A,13.593235180546806,3.0038388289602613e-18
MYO1G,13.021078637969554,1.5783649459140823e-17
BSDC1,3.1577717241700514,0.0027208978204830516
TMEM185A,-5.0852146378514425,5.77172975181658e-06
SLC19A2,5.680410387564069,7.244086576967311e-07
C22orf15,4.562775931427596,3.401331137836506e-05
TNR,4.504251928510404,4.1337219301602174e-05
OR52B1P,-2.03497610034948,0.04728185981504317
SLURP1,-2.815756048336201,0.006991567653984561
TMEM38B,-4.314585891304521,7.730545685505833e-05
PON1,2.4235601792888657,0.01910750975639374
GPNMB,-4.344311321766476,7.012550421743164e-05
TRIM2,-5.17272561118052,4.2669280981110365e-06
SPIRE1,5.440727962284001,1.6799343555643317e-06
KCTD14,10.313635299418268,7.149788325867666e-14
AL590708.2,-3.6462470733729666,0.0006433861754990885
PRELID2,-6.054678665189242,1.927648312269909e-07
MINA,-6.656674691882664,2.258279331101296e-08
KLF6,11.054713851678885,6.5017801057177195e-15
TMC6,2.3801786068728643,0.021239107502437342
FAM114A1,-2.9410715236893883,0.004981674215422064
ZNF845,-2.3406926628536797,0.023362361410779145
ANKLE1,-4.373214178375651,6.376949797531653e-05
GK5,-4.874179695090027,1.1893950090451463e-05
FIG4,14.268251737578973,4.470267022377875e-19
ZFPL1,-6.90228496489532,9.400141406769618e-09
TBK1,2.1726321277220677,0.03467326069857363
CSGALNACT2,8.238845132089773,8.259903195802993e-11
GBP7,3.752436930137916,0.00046421047594897614
ZNHIT3,-6.202972023668054,1.137973528422131e-07
HMX2,-2.259912396858939,0.028306601036352082
ETV4,-5.758875344789444,5.493438970185643e-07
PKD2,6.797536882155241,1.3660287497523723e-08
ZNF175,4.7986272668184045,1.5376660505565372e-05
FAIM,-3.1496379587650516,0.0027845179165168258
TUFT1,-5.558703544873171,1.1112705068281458e-06
FAM46A,3.88211610387376,0.00030985313219008203
ACKR3,-4.6297581218219985,2.718192846738367e-05
NRN1,2.8773359098390947,0.005924950391440218
FBXL7,2.688331695072737,0.009784442805923171
PCDH1,8.791475526379855,1.2085458267744175e-11
MICAL2,8.303051513100668,6.597874433433963e-11
DNAH14,-7.135374335371641,4.094225618137503e-09
TMX3,3.29257765166593,0.0018467314784391983
DNAJB14,6.496946613741663,3.992722689335304e-08
DTHD1,4.794486274206223,1.559411721767801e-05
ENO1,-7.511221530510454,1.0754855839918212e-09
AP000322.53,5.019023392094389,7.247199784649908e-06
IL25,-2.4067599386700045,0.019909027648792474
C6orf223,3.115385338245883,0.0030681098583214246
RAD9A,-7.278789940705942,2.4568060674141503e-09
ZBTB40,5.228303402682568,3.5198712074889606e-06
CYS1,10.607894724995495,2.7368752503027842e-14
RIMS2,-6.582629786927234,2.941190444330137e-08
GABRA3,-8.6113382759227,2.254424762220648e-11
TMEFF1,-2.0859240237517773,0.04221395787607521
ERVMER34-1,-4.219312807484926,0.00010547986687441154
SRF,3.8011671076954587,0.0003990727953630331
AVPR2,10.16758879892933,1.15611304653823e-13
FKBPL,-6.971402237999652,7.346047922831761e-09
RPGRIP1L,-4.134766801191911,0.00013866608218235667
GUCY2D,4.168541026815986,0.00012434364596864485
TCHP,-3.104806390976624,0.0031610451754152083
ARL6,5.26542511203662,3.0944600089411607e-06
EME1,-11.982787765194683,3.564128446358265e-16
RTN4,5.122194332881403,5.080819371619909e-06
ARPC1A,-5.855994064744207,3.8978490967666726e-07
SYNC,6.631958667331956,2.4665029798761792e-08
PEX11G,4.350800466967414,6.864680962034497e-05
TYRO3,-6.623216401088231,2.5446591937213387e-08
CTD-2267D19.3,-2.4345582752779005,0.018598671848954564
BLOC1S3,-4.523828051754965,3.873043036419536e-05
TTLL3,9.23058357002264,2.6796853047018226e-12
HIST1H2AM,-5.568947667063594,1.0720217128494845e-06
MAP3K6,2.7206179708821843,0.00899322541273991
C11orf1,-2.451747381782037,0.017827844242230852
ZNF654,6.75694247561989,1.5789765547115355e-08
GMCL1,-6.780737010000324,1.4504310765102686e-08
TXN,-6.058419140717848,1.9022184623247946e-07
SEMA3E,9.994668258501695,2.04911596497531e-13
XKR3,4.247503398381876,9.623952177460517e-05
AKR1CL1,-2.066391235541103,0.04409806970929244
CHRNB4,-7.791546348859474,3.9850929504248773e-10
ERCC2,-2.111771208153549,0.03982891541293099
BNC1,-6.275929739736841,8.777275418548982e-08
BTBD10,-6.291818809564513,8.29445444926161e-08
FPR1,8.359620909352403,5.414526508249922e-11
DPH3,8.232733039331041,8.438605701047084e-11
AGPAT5,-6.71488581361037,1.834674428646528e-08
PCDH19,-5.057317275084136,6.353505842795794e-06
CYB561D1,4.337881947268833,7.162117906351386e-05
CD93,14.307619687838148,4.0070787775590755e-19
CASD1,4.811494606379697,1.4719787615174243e-05
CLEC4F,5.098520156088612,5.5130755814970415e-06
MYD88,11.550462301072745,1.3595849446974825e-15
DHX37,-8.16634004512265,1.0649489516875372e-10
FAM213A,-7.503676435359085,1.1046750216049098e-09
ACBD3,-3.5138656798378904,0.0009605579786765386
B3GALT6,-2.910393175814983,0.00541674045378701
GP1BB,-3.502307993298661,0.0009944285241805576
LRRC3DN,3.589097907375468,0.0007655651472898388
RHOBTB1,7.38265959613116,1.6979443273263493e-09
RIOK3,-3.0677304604291584,0.003508046965538821
MEF2C,14.81080050188977,1.0063513972927975e-19
GOLGA8G,-2.4412095368123534,0.018296906290431562
RUFY1,10.755504356094653,1.697561722716069e-14
STON1-GTF2A1L,2.698197382783558,0.009536134957996958
IL11RA,3.9902864176545516,0.00022017433175987127
TNFSF15,6.163668571811912,1.3087114521715297e-07
REP15,6.178197099024792,1.2428116956163732e-07
CENPE,-13.257529793517575,7.911706566691285e-18
SEMA4F,-4.357031845322769,6.725548416417723e-05
AMER1,-7.324871903403683,2.0852874880273146e-09
CDK5R1,-10.2825707093242,7.917552103813122e-14
MC5R,-2.1504545024694735,0.0364796931175764
ZNF697,-2.836029410302538,0.006622205995016927
DNAJA1,3.9975363412090714,0.0002151593705582253
ATG9B,-3.820009268674857,0.0003763244183290816
ARSD,2.4981589674193945,0.01588861467897027
PARP15,4.833974680098618,1.3637706778291465e-05
LRRC16B,-4.4412086971931775,5.095188720197476e-05
C6orf25,7.6993719221478205,5.520784888488703e-10
COL5A2,-5.976005307393019,2.5482966363213646e-07
GSTCD,-5.161291526683424,4.4390150766214395e-06
UTY,2.7538184559536782,0.008241375224691972
H1F0,-7.02208877143987,6.1312394173112746e-09
RPGR,8.504332128371804,3.269647927240033e-11
PRR3,-3.499399786327298,0.001003128959213685
MCCC2,-3.211084422469434,0.00233660581967316
H2BFWT,-5.8795480793177735,3.586202484792414e-07
TMEM222,6.980543254063855,7.110404278339718e-09
ZNF813,-2.1207679688009753,0.03902683655962773
CYTL1,3.852805627940722,0.00033967533914047515
PARVA,7.725670503100179,5.030242073747235e-10
ZNF385A,-8.31410272328802,6.347823826867047e-11
ANKDD1B,9.962504441418984,2.2801997364542254e-13
AAK1,-3.4789336069045294,0.0010664428061024959
DBNDD1,-3.715448844589419,0.000520357250617215
RPL34,4.29015321756551,8.373883474918167e-05
PHF14,-5.932155986399353,2.9767351948975207e-07
ZNF408,-3.9349566178609776,0.0002623515767097296
ZNF106,11.531137499003886,1.4442478205237417e-15
MAGEC1,-2.0959223658333714,0.041276976009965057
RANGAP1,-13.02093297296825,1.579040065451035e-17
NR2F6,-2.8445334925504553,0.006472721105897774
PLXDC2,6.602670936222018,2.7382179801253487e-08
NF2,-3.95038246948053,0.0002498659911011083
HDLBP,-5.350866603967967,2.29881637058986e-06
MRC1L1,12.48804605841605,7.68568481276595e-17
ZNF146,-9.617094412408681,7.238925056391631e-13
IGSF6,10.066426626930937,1.6152014694600206e-13
SLC19A3,13.555277628371522,3.349079104163223e-18
EHD2,12.587040428254191,5.712317091821206e-17
FAIM3,2.826821678541945,0.006787662598295373
WRAP73,-5.583561374248086,1.018398820687896e-06
SP140,5.168762304021949,4.32581833375179e-06
C1QBP,-6.621956152657389,2.5561281510696063e-08
GLB1,8.908828340887645,8.064864384095465e-12
PAX9,-6.264738896428468,9.134053845162843e-08
AC024940.1,-2.8185348870446276,0.006939835820803436
RPUSD1,-9.419006514806801,1.4128137819307003e-12
NRM,-7.354669876030295,1.8756043964965855e-09
ATG4A,8.182423291017724,1.0065478048417306e-10
CFHR4,-3.9386293352073607,0.0002593253402801581
FAM78A,7.313291135205295,2.1729868729142465e-09
C10orf95,6.947194923201757,8.008548120011721e-09
PPP6R1,-3.3405219149317498,0.0016057589310398534
RDH10,-3.6584649060759773,0.0006198072452078392
FHOD1,11.310443266006704,2.888938174914007e-15
PLG,2.6165690013695864,0.01177697250122228
BTN2A1,10.440777916445942,4.7155002506664125e-14
CYP17A1,9.188501338897197,3.0931451034612274e-12
EXO1,-12.745680785812427,3.5598549468443653e-17
VASN,7.15256419101288,3.850990252400565e-09
ELAVL4,-2.0836324797046952,0.04243130168749855
PHACTR3,6.125311513230091,1.499904020845125e-07
MFAP3,5.444967060580296,1.6552202982693863e-06
SIGLEC11,12.319710693944526,1.276661266694605e-16
ITPRIPL2,2.15508227766779,0.03609606370020555
CDNF,4.192367372217854,0.00011511522174780314
RNASE4,18.40824416244547,1.1746330502947871e-23
C1orf234,-2.724895411564406,0.008892936139022447
SEMA3A,-2.3721681304472906,0.021655296181654807
MRRF,-6.308955596502575,7.803366907873833e-08
ATP6V0D1,10.939355048726354,9.400255058035059e-15
FAM46C,5.601714271010925,9.554794044385344e-07
TRIM14,2.232994143107277,0.030149579255429798
IAPP,-2.7273319598354138,0.008836269889692355
IQCD,4.673082247439417,2.3499729696617484e-05
PITPNM2,8.148526458848961,1.1336227913067807e-10
CCDC61,4.118926797676367,0.00014592295965775522
MYL9,16.509812135368332,1.1760645174602571e-21
COL9A3,-3.3368518790738193,0.0016230961675259372
SPATS2,-13.23330104652799,8.489130649534873e-18
LACTB,6.765861165354162,1.5295114991033467e-08
CAPN1,-9.028472725558315,5.347094468085144e-12
MEIS2,2.6997337080423747,0.009497992743915672
ZNF100,3.6315126135927946,0.0006729663321978033
HSD11B2,-2.6326347642585346,0.01130110917787852
S100A2,-5.818088071255909,4.4568468863749803e-07
GATA4,-2.931877932832774,0.005108511186909648
VPS11,11.509505563630857,1.5453756556067714e-15
PRKAB1,11.614556081755891,1.113120796664487e-15
UBXN10,6.87334558451396,1.04226186312526e-08
DIP2C,2.3641098528235815,0.02208133599888903
AC010336.1,-7.038619064603167,5.780295419814792e-09
RGSL1,-2.9419188771007265,0.0049701328435417065
BEX2,-2.4642254903614043,0.017286477224423145
CTSB,-2.0663044683812064,0.04410659985579801
GAL,-3.9903786149329865,0.00022010985232166476
FBXO15,3.3959744363245954,0.001364266951202867
KLF13,8.211620839132786,9.086354299487915e-11
MESDC1,5.551789352529183,1.1385629134143484e-06
NFAT5,7.266319007405002,2.5683040599711465e-09
TMED7-TICAM2,-3.393434091547364,0.001374531180092356
ASIC1,-7.624321411710964,7.201476068765857e-10
TPD52,-7.72593557495195,5.025527451856115e-10
AR,11.086345609391055,5.878400028721037e-15
RP11-212D19.4,-3.0678931146443533,0.0035064494742088454
PARP3,14.702455203756381,1.3516116887858992e-19
AHSA1,-5.885819823806898,3.507481374475644e-07
C21orf33,3.032566906688837,0.003869882201368562
IGFL3,-2.5502620545523778,0.013940894811195764
S100A7A,-3.2633237821879435,0.0020101818645014147
MMP1,-4.079301670375944,0.00016572742405407447
FGFR4,17.703600900241383,6.223398374974636e-23
AC016722.2,3.821413275114735,0.0003746802828247414
TMEM128,6.1732328474096825,1.2649484906116836e-07
PPP1R3G,-5.4520984763642675,1.6144535490850679e-06
SLC2A5,-5.9740730111786595,2.56581427668629e-07
LRRC16A,3.0808597112337797,0.003381271977111002
CCDC15,-6.841706087628727,1.1668291908988074e-08
PRKCA,2.768940454364816,0.00791851788739614
KATNAL2,-2.1082647886353167,0.04014540269483459
PLXNA1,-5.353800624435009,2.2754329557131213e-06
POLR2A,-2.751183273509506,0.008298863822219626
CA4,16.168494678724265,2.801420677893565e-21
FAM188B,7.982207664216284,2.03403849427188e-10
DNALI1,2.3279921726767077,0.024084598299367228
ABTB1,12.94477084941947,1.9754220621586425e-17
SLC24A1,5.4544832845020315,1.6010438505378206e-06
GEMIN7,-6.390956019623191,5.826312595189534e-08
KIAA0040,10.975880415726806,8.363077539386449e-15
TP53INP1,6.34159316373228,6.946868253184222e-08
PNKP,-5.14434149605316,4.706794055747299e-06
IDUA,5.546064007004654,1.1616645992578369e-06
DUSP19,2.660187992954581,0.010525775772855617
KIAA1731,-4.726308668013899,1.9640288733167314e-05
RNF224,4.805568410722013,1.5018820535717503e-05
FAM172A,3.0445573499209284,0.0037427443467630424
ALX1,-4.808178006906794,1.4886413383436532e-05
CYP1A2,3.2973818156114816,0.0018211224431637098
IL27,6.257130239856131,9.384848847080548e-08
BAIAP2L2,-5.931996737227884,2.9784149713710817e-07
PGD,-4.323322410302945,7.5124016186589e-05
RXFP1,2.3942231433964514,0.020526717900283185
CD300LB,8.405549613589582,4.612644585442113e-11
EP400NL,-4.433441581704716,5.2278005739797983e-05
NADSYN1,-2.275677759155635,0.027274291352066375
ETAA1,-4.583459530840919,3.174176477916494e-05
GPR20,9.054518010978324,4.890454327608764e-12
CCDC114,4.396474026220484,5.9065718003310817e-05
H1FNT,5.445774078465113,1.650556313836541e-06
ZNF24,3.572035512727946,0.0008061536141256578
TRAF7,-11.959171791954304,3.832170683927682e-16
CITED1,4.158835655170817,0.0001283052727796611
HINT3,11.373352239713277,2.3693713519117664e-15
TEAD1,2.6459333189428964,0.010920591634583768
SCAMP2,9.465350669228977,1.2077283725980612e-12
ACTA2,4.361271256372832,6.632467478006945e-05
POTEF,-3.168404245628634,0.0026397955956713845
NUDT6,3.4132567350414873,0.0012963478617796934
NCK2,-3.7863710158079744,0.0004178585552638412
LRRC63,5.819005435640024,4.442421192233351e-07
BTBD9,13.140828943480496,1.1115297040099846e-17
C16orf86,14.142950393492237,6.3398456702234465e-19
GPA33,9.542418002478646,9.30955425277274e-13
DCAF8,2.731071012865285,0.008749957850241796
PYROXD2,9.142026452881902,3.6250734827176424e-12
SPDYE3,-3.2190843253435757,0.0022835635727042826
PCDHB11,-3.7179726076079267,0.0005163275265238887
GP5,8.115724954905621,1.2719517640595087e-10
GSK3B,-10.732673226567929,1.827390143330425e-14
ASIC5,-3.920415780521364,0.00027467125851424336
RAD23A,-5.4509395855418274,1.621010044890693e-06
TUBB6,3.0703251228307726,0.003482644971657505
BBS10,2.6099694792700476,0.011977702473680315
SPC25,-12.279402745007218,1.4423937027676395e-16
CBX3,-8.704330423628827,1.6333836926857412e-11
KCTD1,-7.86044192673878,3.1244669830506244e-10
C10orf91,-5.0330903915146745,6.905368299640692e-06
PDX1,-3.527944150603834,0.0009207865398469715
LRRC27,12.057139320892164,2.837991000217356e-16
DUSP16,4.408930505899875,5.668766666744688e-05
DDRGK1,2.6870999724931313,0.009815857398253205
C3AR1,8.33525522887373,5.895504920805319e-11
HNRNPM,-5.636623876542137,8.451171864832269e-07
GP1BA,3.0449194359608445,0.0037389666047168355
CSE1L,-12.58866879012992,5.684562931242139e-17
TXNDC5,-2.551833734741142,0.013885670339632013
RAD54B,-12.45030701060541,8.609042569494085e-17
ULK2,5.08614930832916,5.7531758152467156e-06
LST3,-3.299635316287573,0.001809226162797478
RAB19,3.247812540931118,0.0021023071936989617
OSBPL6,2.2556534680080422,0.028591362550530745
KLRC4,5.784394537737375,5.020191461705175e-07
EDN1,9.02658411065884,5.381833540215915e-12
ZNF582,8.113417511425823,1.28229929400256e-10
TSPAN14,5.919314424459637,3.115260866266133e-07
TEX12,3.5184428409038966,0.0009474510584196635
ARRB2,19.46329549487614,1.056467668340613e-24
FLJ00388,3.878958710426219,0.00031294005398215387
ITSN1,2.121829386809133,0.038933147895304936
FZD4,13.47240569353402,4.2496574008327414e-18
MIEF2,9.467761074841873,1.1979242486411862e-12
KRT15,-5.323281796336553,2.5306123721281133e-06
TMEM249,-3.955766449379361,0.00024564495919034374
DCAF16,-3.618325865719051,0.0007005404302129912
ZNF660,7.996346611407255,1.9352710172103796e-10
INSRR,-2.7255887985271903,0.008876776234580398
RAB3GAP2,-4.799636742108935,1.532410290491689e-05
C19orf57,-4.872757495556531,1.1951714258891715e-05
UNKL,-2.048635931153673,0.0458737874626297
ZNF292,-3.2323724813369554,0.002197962584620041
RBM12B,-4.526819979955112,3.834644962106988e-05
KRT86,-2.192490755234176,0.03312303038155686
HLA-A,6.883105883864964,1.0065898046661236e-08
OR11H6,-3.481417013178761,0.0010585618282913274
SNX5,-2.409587874376278,0.019772027521201503
FUT1,2.8944101820958195,0.005657169760501066
NUPR1,8.046242079234094,1.6236960564726286e-10
RHOD,-5.208516400271702,3.76972357549258e-06
OR1G1,-2.8329161366005673,0.006677726577421353
DPY19L3,2.9578152590620728,0.004758182728388951
SGPP1,7.079213392623802,5.001471587171665e-09
CHAF1B,-11.51110321793296,1.537667237625092e-15
P2RY14,16.250346224985314,2.2723818961600048e-21
VPS25,-7.509868691351277,1.080661700406569e-09
ECT2,-10.572284373723036,3.0723776815782345e-14
CCDC28A,11.084596674396279,5.911230909587069e-15
KCTD12,15.210178567119927,3.433317178433413e-20
BRAT1,-6.90975709797889,9.152858652797859e-09
ARFGEF2,-2.1086017896955567,0.04011488997417463
HRG,-5.057255438228722,6.354857527913687e-06
UBAP1L,5.706385898915621,6.610572013319142e-07
MRGPRX4,-2.014407970897622,0.04947268205530213
IGSF9,-5.773502201998656,5.217020056709704e-07
SLC35B4,-5.220973380822765,3.6104607856301886e-06
LAMP2,-2.583643051684142,0.01280992787763183
JUND,9.067930290384378,4.6708595629440586e-12
MAP7D2,-6.377744381797105,6.10721829196474e-08
GPR42,2.576835736485955,0.01303353593372651
FBXL20,-3.203782146193037,0.0023860356687498206
PPP2R5D,-6.110718184927485,1.57974073469458e-07
SPRR1B,-4.537708308210891,3.6980227886650666e-05
IFNL3,-3.9359318914960495,0.00026154466270421144
DMRTA2,-4.867147060525125,1.2182290583850183e-05
C17orf104,-2.3065071143196523,0.02535190612822501
FNBP1,6.217259629128983,1.0815706207923993e-07
PFKL,-5.275886423973507,2.984037041974288e-06
CDK2AP1,-8.124734906886536,1.2323455106417825e-10
C11orf70,4.641393152427307,2.614092165124182e-05
FAM110B,3.350495799363206,0.0015595254173324294
LCMT1,-3.8889560666430185,0.000303266266054976
RPL26,2.1376573355663666,0.037559242953372096
LRRC42,-8.807849590055454,1.142134847151368e-11
MCM7,-12.337762913931572,1.208829473108299e-16
AL118506.1,3.35008635583188,0.0015613982515978817
P2RY1,-4.284372186936049,8.533567807240014e-05
KIF9,9.655637004947172,6.359059438883016e-13
SIPA1,5.579416197736553,1.0333328266944438e-06
HPCAL4,5.6450769323423176,8.203547734953205e-07
SPG20OS,2.4854340654005767,0.016400340002894667
GADD45B,7.732307259075281,4.913525686237006e-10
MARCH11,-2.326370548454925,0.024178237294312323
FAM21A,7.829023895591516,3.490955981263208e-10
FOLR3,4.095028526839935,0.000157573569864212
ANKRD37,5.080068855666625,5.87493897178022e-06
LHFPL1,-6.1075403280830685,1.597679542090844e-07
HN1L,-9.99865083624802,2.022200258744349e-13
MARS2,-5.615657490798469,9.097824064671336e-07
AL121963.1,-3.4959282244569283,0.0010136098622138645
KIAA1549L,-5.345379414572163,2.3431875706869355e-06
MTERF,-4.276022640946866,8.769444173544688e-05
MTCP1,-2.9643148774355583,0.004673974767743537
ALPK1,3.8447047316128367,0.00034839410396480294
MPZL1,-4.1111311409717155,0.00014962842027902904
TYMP,-2.1686357244850862,0.034992843947849975
MOCS3,-5.851833073045379,3.9556366263112957e-07
WFDC3,-2.4266471044954296,0.01896343841792411
PATE2,-3.7967558912065082,0.00040458669831521465
SLC17A9,-3.01567922174711,0.004055816376365605
ZFYVE1,3.8671091090999914,0.0003247919158279865
BMP1,-3.1028887466036035,0.0031781721629471553
TESC,4.323009162772576,7.52011845618314e-05
EXOG,8.849801145507456,9.882831326410103e-12
ENO2,-5.041878984596189,6.699919181160736e-06
BCAS4,-5.531684235836996,1.221755532779984e-06
HIST1H2BK,-4.617702855728273,2.8303356815747423e-05
SRPK2,-7.418448324364508,1.495147563463278e-09
LRRC8B,-4.559540574767814,3.4382728660333504e-05
KMT2D,2.354346797668851,0.0226075644263804
TAF1C,2.4033594042790436,0.020074898148119802
TMEM60,-2.089953246582801,0.04183415581556401
UBB,12.397176838199366,1.010314474660162e-16
MAGEA6,-4.44418476832992,5.045252062405844e-05
HSP90AA1,-4.409539508281862,5.6573830367561707e-05
DCTN2,-2.238452819375508,0.029767475400737865
ZNF350,4.344539564496688,7.007297122981329e-05
EIF1B,11.840305730324367,5.526187397368545e-16
SPDYE1,3.1402453846115117,0.002859725450640137
C1orf177,-3.7946393777213347,0.0004072582472293785
MYL12A,13.079889912319235,1.3283686905696578e-17
GTSF1,-3.064047285602426,0.003544404098834807
CMKLR1,9.223011217244043,2.7497363685877673e-12
RTN2,4.901428086954229,1.0838778666774267e-05
XYLT2,-6.24972777372259,9.635433957894727e-08
ESRP1,-10.257551210559404,8.596186759770403e-14
IRX4,-3.8615119064577335,0.0003305396016043091
CCDC85A,14.547515107695105,2.0658428325943265e-19
ABLIM3,18.818303473480363,4.5502357050571184e-24
CXorf65,4.356076277537451,6.746704186324445e-05
TMEM81,-5.14408264443472,4.711004592761073e-06
MIOS,-2.64957788506004,0.010818376328583557
SLX1B,2.7084731819187304,0.009283673511997733
TRIM9,-5.435727322869599,1.7095582089362693e-06
PSMD14,-10.249579408641978,8.824547657603706e-14
FADD,-3.2211699166380012,0.002269923306932004
RP11-1084J3.4,-2.942317263470788,0.004964715241144701
PHKB,4.108017208949874,0.00015113391840550504
IL2RG,4.568606220364532,3.335738259060743e-05
ZNF138,-6.397259536894826,5.6968678401431706e-08
N4BP2L1,15.841479828591842,6.512200125463239e-21
COX20,-5.845139178251151,4.0503926926045826e-07
NUDT9,10.382153620826545,5.711750929058701e-14
ERBB2IP,4.535288409209725,3.727969052908172e-05
LRP4,-4.110321283520744,0.00015001855781751044
RPL14,3.73089060905182,0.0004961661484070394
SCNN1B,13.142996796022006,1.1045146494872746e-17
TAF4B,-7.619038152207509,7.337561473433045e-10
CCL18,2.844936824471974,0.00646570963591405
POU1F1,7.807548718246892,3.7660375472110236e-10
CEACAM6,7.4371754792898255,1.3989058373798078e-09
SYBU,8.682468457727785,1.7618036085442743e-11
EFCAB1,4.027705907955701,0.00019545182040915416
NAE1,-8.314415907033169,6.340878306997961e-11
GPR89B,-6.699363940959757,1.939170932258278e-08
POLR2C,5.580323894381778,1.0300441732068178e-06
CAB39,6.01955946039364,2.1835373993377243e-07
PLXND1,10.920983492346249,9.970239782928686e-15
MKNK1,5.398785857395008,1.9450188385489387e-06
DPM1,-6.722781333390288,1.7836999941745123e-08
LYRM9,7.809200153055109,3.744131570036365e-10
KIF27,4.464613873083446,4.715135713238812e-05
CSMD2,-3.488705752811427,0.0010357507118397588
ANGPT4,8.737721168709184,1.4552028707428533e-11
BRD9,-5.373051545831015,2.127738169475398e-06
SAR1A,7.362466948627375,1.824318724695891e-09
MOGAT1,6.6820795803737,2.0625500739405296e-08
GDNF,-4.113096937245833,0.0001486855148184197
PROKR1,-2.9062499973459697,0.005478135883715664
KCNG3,-3.9585898953672114,0.00024345901480232743
CGB2,-3.587978863387396,0.0007681661205645371
DCAF11,2.6794856023185054,0.010012123900585609
MTMR10,9.029572169434736,5.326975621355559e-12
MYH11,7.410350270910703,1.5387966048991245e-09
CORO7-PAM16,4.627367681507367,2.7400780563393545e-05
DUS3L,-5.419292474506282,1.8106085675570482e-06
DNAH9,5.147943940451316,4.648579910082371e-06
ZBTB5,-2.7683459985533614,0.00793098597608241
FAM102A,-5.5213082508408755,1.2670186420765853e-06
HOOK2,-4.258734392183227,9.278187591219754e-05
GPX5,2.3653405448382996,0.02201578706183423
PGM2,-7.702676279361784,5.456601026506202e-10
NAPRT1,-3.9169063887702067,0.00027772723675144285
CCNDBP1,10.864885790244058,1.1936768236224356e-14
CR769776.1,-2.4286134843132436,0.018872175771573
RAI1,-2.0738820731969865,0.04336703047264692
ABHD3,-3.1350681315654843,0.0029019932972012916
ENTHD2,-4.520865732477193,3.911431452981913e-05
ADSL,-5.944139149437287,2.8530015472447524e-07
MCHR1,-3.1361847401243454,0.002892827738318313
RNF220,-2.611693770633874,0.011924957187188176
GSTP1,-5.188124248463488,4.045538296662376e-06
KRT71,-2.586838775005682,0.012706165700070562
MFSD3,-7.421005052704302,1.481626345781024e-09
BTK,13.784639403241547,1.7402240873507972e-18
MRPL40,-4.35094034097065,6.861527327520209e-05
LRP12,-6.773709389140564,1.4872671076010862e-08
FAM104A,-7.806226508548479,3.7836692302177085e-10
HAT1,-9.242374422546035,2.5741768571189494e-12
LIG3,-7.952754685182082,2.2563683313860743e-10
TMEM184A,-6.275695474513493,8.78459976535534e-08
MTX2,-10.737237609146044,1.800654691238204e-14
ERCC6L,-14.375899108648145,3.316098656394941e-19
CLK2,-5.6178908009282775,9.026672074631386e-07
GUCY1A2,10.434409106347385,4.8146196422015466e-14
YEATS2,-8.362692658606726,5.356763291786922e-11
EFCAB3,-2.3139806449755795,0.024904482071890933
ARRDC3,9.731732884542268,4.925988871594969e-13
TMEM37,3.45945467361025,0.0011302273031946817
LPPR3,3.9509435362129133,0.00024942286475922507
HIST1H4I,-3.7204716336224153,0.0005123668434818278
HOXD4,-2.618647016786177,0.011714407381692826
SURF2,-6.076040849574798,1.7868373482046788e-07
TGS1,-5.819608225290465,4.432967500114068e-07
GLTP,-4.975884206103402,8.40282669782232e-06
HIST1H1A,-2.013198494970186,0.049604199448981826
ESYT3,20.110942534625064,2.5308479742797144e-25
MYO1D,2.386667673558412,0.020907244431399786
SSBP4,2.394672034222527,0.020504306932497062
NTM,5.979412271822224,2.517699432363118e-07
NUDT15,-6.962752553111293,7.576222079092288e-09
HIST1H2BE,-4.824771751236175,1.4070899903344367e-05
DCLRE1A,-4.587249840751001,3.134191038479685e-05
ARFGAP1,-3.8878997179797397,0.0003042746311717377
FBXO36,4.188143223857045,0.00011670129422426148
UBA5,-4.449053058611805,4.964593660814087e-05
IL10,4.5343119625744155,3.74011963382043e-05
TSPAN15,9.469227950503214,1.1919972296717424e-12
SBNO1,-8.940752606588584,7.226240814573774e-12
DRP2,-4.123017633897924,0.00014401426401903434
RNF128,7.441752931045822,1.3763427441109516e-09
PNPO,-3.374665031522188,0.0014526734877045502
RBBP7,-5.5667225202315835,1.0804284913585098e-06
TOMM40,-10.764810843132391,1.6473562214948946e-14
GLRX5,-7.805600634615709,3.7920441727792845e-10
EBAG9,5.069589785347157,6.090776198638202e-06
CCDC149,5.097393245203576,5.534531824377323e-06
RP11-1212A22.4,5.524873674207266,1.251280882876825e-06
VGLL4,-3.6139981544456847,0.0007098233485170086
APOBEC2,2.7145636608669856,0.009136955319908
LCE3D,-2.767282126838779,0.007953344815944556
FOXO6,-4.020814471527554,0.00019979333974626866
JAM3,10.499118667310924,3.898277602214848e-14
GTF2E1,-8.032132337607829,1.7063009902820592e-10
YIPF2,-5.17047332518029,4.300296741239213e-06
KIAA0754,2.88212465286881,0.00584868274829398
C17orf70,-3.9982163927680237,0.0002146946714525979
CENPV,-2.5610368577053593,0.013566274943655723
TERT,-3.4429437416344717,0.0011871233164168194
IL5RA,7.986976833190886,2.000169446966553e-10
ICA1L,2.9030693677481336,0.005525706396097994
LILRA4,3.0236196631003964,0.003967374334993433
ALKBH2,-7.176156912559479,3.5405540302485373e-09
AUP1,-6.88300971762598,1.0069352441887416e-08
IHH,14.483320488600011,2.4648936021678933e-19
DCAF8L2,-2.1251000030387397,0.038645696117895714
ARFGEF1,-4.552428754666736,3.520861901532506e-05
STARD9,14.624664784828385,1.671861872359452e-19
HSF2BP,-7.860455364693782,3.1243188085170324e-10
NTNG2,3.517529428690246,0.0009500529474626946
FAM171A2,-5.805318603802489,4.6625486562673254e-07
SLC16A8,-4.758001615459839,1.7645255099707517e-05
C7orf41,12.383187579029242,1.053859468419145e-16
TRDMT1,3.994833081003691,0.00021701622842448042
N4BP3,3.8419451947116645,0.0003514130695109804
CAP2,3.2893024915845492,0.001864385077234073
RPP40,-8.454952619631081,3.8829470115006605e-11
PPIA,-5.090783253845324,5.6620534184954674e-06
ADAMTSL4,6.646710269896532,2.340024297117191e-08
KLRB1,10.003890160336404,1.9873345022445044e-13
LCE1E,-2.218816076708586,0.031162402015070936
EXO5,-2.9497929847126336,0.0048640691004762935
ZBTB44,-3.0980827327786598,0.0032214796689987325
PKD1,3.356557711237252,0.001532045850774905
DSCC1,-12.16709435417849,2.0288863315234426e-16
TBC1D26,4.143399112836055,0.00013486004034778842
MRPS15,-3.6675353252814973,0.000602840656698213
SECISBP2L,12.016706518918681,3.2120180636360873e-16
S100A7,-2.7121137070040318,0.009195715776509848
ABHD11,-4.647897692599267,2.5576078335820886e-05
GGCT,-10.51356024056686,3.7191258884218864e-14
CCNO,-2.595335018224247,0.012434018792645824
FCGR3A,10.97397358408822,8.414241336568484e-15
LPA,-2.3391237855214606,0.02345051715864311
FAM47E,14.240153677634346,4.833808348752597e-19
GALNT10,9.224759472224411,2.7334010765913245e-12
ALDH4A1,-5.71520208358445,6.408308176775503e-07
OGFOD2,-2.9052570183615387,0.005492946137593493
HRC,12.138754114671377,2.211871784900872e-16
RAB4A,-5.014619333162509,7.357606780292434e-06
IFT46,2.6658721708422095,0.010372021825787706
PDF,-7.731121084068941,4.934184655113766e-10
SMC4,-10.044800554488187,1.7351711083093358e-13
C1orf116,15.779840980245108,7.644666685567408e-21
HYPK,-2.2956322230673294,0.026015770116413407
IL1F10,-3.4106638256889172,0.0013063287943978637
SERPINB12,-2.1299854858391045,0.03821977745319667
SOWAHC,-5.664249406077817,7.668266541603967e-07
RP11-817J15.3,-3.1673930193992583,0.0026474098731004043
FAR2,10.038938539871465,1.769215712937622e-13
ABCA9,14.322645501349355,3.8434176798503696e-19
TCEAL8,2.9666872867873844,0.004643586154819129
PLSCR4,16.00988237195562,4.2114115427689576e-21
LIPC,3.1408276699297604,0.002855007992140679
RP11-20I23.1,3.6085790057479716,0.0007216135466448833
DNAH10,5.090040474119203,5.6765631482594645e-06
SLC26A4,2.133991614281539,0.0378735965747802
ALG6,-6.052164765875003,1.944929078659365e-07
NECAB2,-3.6247670557454517,0.0006869390910321044
APOBR,12.881340676277906,2.3818315054321556e-17
FAM133B,-2.932611963113435,0.005098274863901417
CEP85L,9.286826231402314,2.2127244950165273e-12
HOXD13,-5.484799591088811,1.4398907010246298e-06
CCDC163P,-4.354553090259528,6.78056095602108e-05
S100A10,4.591366082159968,3.0913256936982636e-05
PSMA1,-4.5165624162117215,3.967861343520837e-05
CISH,14.430045333969055,2.855059694088367e-19
ANGPTL1,12.223114996118658,1.7110343366423535e-16
MFSD1,2.061868629197028,0.04454460763187523
TXNL4B,-4.603837118735279,2.964929735394321e-05
PRSS8,4.278545112628415,8.697522708475597e-05
SLC10A5,5.095376580516774,5.573134603337726e-06
TICRR,-13.143268252254733,1.1036394026463572e-17
STRIP2,-5.172121934574456,4.275846688960374e-06
VEGFB,5.633922589114607,8.531855954677943e-07
ENTPD3,-3.5959962188332715,0.000749716641787554
BTBD19,6.248747443999375,9.669116006752626e-08
NCAPG2,-12.117347211456446,2.361115449103863e-16
MEGF10,-4.231699565646959,0.00010131808468851703
C11orf65,-3.089550861009509,0.0032997294275622577
SLC29A4,-5.973491513733319,2.571109377777915e-07
LYSMD4,-2.0584729630502387,0.044882457091423016
ERCC3,-4.863656391910282,1.2327950360549633e-05
EXOSC5,-8.59538605676785,2.382746945456026e-11
SCG5,-5.133251475839369,4.8905576874903835e-06
ATF5,-2.5593229219341227,0.013625245607713495
PA2G4,-11.85927687046109,5.211934845776176e-16
TRMT61B,-8.087870761853926,1.4026805680461012e-10
MAN1A1,11.974911939456572,3.6513389553994163e-16
HOXC4,-4.316589733736474,7.679972368305748e-05
FBXO18,-2.3260657914884253,0.024195871435812925
DMPK,5.350081719967418,2.3051118922279036e-06
NDUFV3,3.2932650575019524,0.0018430464086809887
NBL1,7.144932122487397,3.957143002623783e-09
ZNF808,3.766652452655425,0.00044422073765906724
CASS4,11.060581747220754,6.3812812023624325e-15
ORC1,-11.014640025702024,7.388691333528604e-15
RP11-12J10.3,3.5744893464863585,0.0008001922175832807
CALR,-4.901886880803122,1.0821824765564454e-05
PLA2R1,-6.021353170383281,2.1696844386554253e-07
NAA40,-7.876606478029917,2.9512371772172476e-10
PPP1R42,4.537477936866723,3.700863471692858e-05
COX8A,-5.062444626715006,6.242408003030585e-06
ADAM21,-3.58421115682007,0.0007769856224314265
GCH1,3.2111367530785926,0.002336255101125899
EHBP1,-4.037511266062418,0.00018943166555368098
C14orf132,14.083163743146445,7.4950603852584115e-19
CLEC16A,7.645723134879571,6.675654347323959e-10
TDRD3,6.977947837766241,7.176530590342073e-09
HSD11B1,10.95623716165079,8.905592731801353e-15
TMEM106A,8.155926779239413,1.1045682857513479e-10
RGS2,7.553723452089069,9.249431617942744e-10
SYPL1,-3.9835879712755347,0.00022490818885675563
SYNJ1,12.2314352062588,1.6683353285756893e-16
DES,10.174037955267647,1.1317755162733546e-13
DBF4B,-6.518693460573639,3.694725244146105e-08
FTL,6.547979302814174,3.3282164475044604e-08
HIST1H1B,-4.188676481300287,0.00011649990308460467
FIZ1,-2.3628377683222888,0.02214927341919136
PPAT,-10.867176601094654,1.18492469559512e-14
TIMM21,-7.771497357932475,4.2777069592371575e-10
ZNF385B,12.030596535696402,3.078200458957699e-16
FOXK1,-6.646363308057467,2.3429233358558274e-08
SPERT,-7.925920507645778,2.4801487031227127e-10
COA6,-6.266430888747466,9.079197321607272e-08
KLF16,-4.01489772216447,0.0002035951773968538
TJP3,7.697519314899276,5.557101203247966e-10
FAM20A,6.416305725570927,5.322927357169241e-08
GAD1,-3.865785180547882,0.0003261426724464088
SBSN,-3.853651013489388,0.00033877769065331607
ATAD2B,-6.649417734644612,2.317524886083839e-08
NEK6,3.9549385742643604,0.00024628949818467766
APBA1,-2.1478847097825002,0.036694264266906765
TEX37,-2.135428064196447,0.03775014011929242
CCDC53,4.301499122434125,8.068900230122854e-05
ZSCAN20,-2.612843023568224,0.01188992003262484
GPR75-ASB3,-2.079873487995346,0.042789939969312935
ARHGAP33,-2.590461801721575,0.012589457121770767
ZNF91,2.2980190821870665,0.025868750202963753
WNT11,-2.4069658170465003,0.019899025060846953
C1QTNF7,14.027835502108033,8.754256955494641e-19
BNIP3,-6.125162887163507,1.5006965094457654e-07
CCDC73,-2.4014826549393646,0.020166973195579484
MYB,-2.2636967779302997,0.028055685139208513
NSFL1C,-7.2065914871002,3.176839580592284e-09
COL5A3,-3.2416082609908012,0.0021402617367138315
GPX8,-5.365248500182095,2.186424716430854e-06
CKAP2,-10.845341345747112,1.271059341883131e-14
RP13-996F3.5,2.2966526508020086,0.02595282543158538
AL358813.2,2.886738147479944,0.0057760697091125595
C5orf28,-6.9098082597695,9.151188146598585e-09
RP11-834C11.12,-2.656959089454505,0.010614043763633218
COMT,2.4941966244900833,0.01604638526126006
NRCAM,-5.979818402939279,2.514076526108196e-07
RAPGEF4,6.356932793703051,6.577371289074894e-08
GALNT15,3.644127326331584,0.000647563592620987
B3GALT2,3.0129146946986025,0.0040870386083478386
KIAA1586,-3.9400502585455848,0.00025816360276614066
ABAT,3.456839363045919,0.0011390630613663615
PSMB6,-2.5480947859492633,0.014017374387710018
CDSN,-3.0996289445366374,0.0032074864835811364
NEK8,6.194690558815251,1.1719982686914095e-07
EPB41L4A,13.588796069950629,3.0422739277262444e-18
MED19,-4.30268157731858,8.037744839003084e-05
DDR2,8.208104624402145,9.198998260304697e-11
ARMCX4,6.6887885518389325,2.0137546595264893e-08
CAPN10,2.2584367849126052,0.02840497733844592
AP001055.1,3.194094076080973,0.002453139039411363
GCLC,-6.128902932028046,1.480880447951285e-07
CCNE1,-5.299873346340172,2.7453332122751718e-06
APBB1,18.987720444911,3.0893018605306636e-24
CARTPT,2.380295988628287,0.021233062617587346
ROCK1,8.07190411177847,1.4836287612115572e-10
TIMM44,-6.340257541669003,6.980003969712672e-08
FANCG,-8.710794056029657,1.59725392104079e-11
MOGS,-8.086664619090024,1.4086372560730199e-10
ATP6AP1L,4.095039982641442,0.00015756777463653542
XRCC6,-6.685807332292326,2.0352934240870573e-08
HMGN1,-6.089907686576638,1.7009635664859633e-07
CCR2,7.0301600907612976,5.957293654855471e-09
PODXL,9.512256962878224,1.0307034197161956e-12
PPID,-4.369949239668885,6.44583335142289e-05
PPIE,-2.551231439879916,0.013906809738223001
PM20D1,4.934856015621523,9.669428756930401e-06
LPPR1,2.454882689590852,0.0176903962281427
SERBP1,-10.30067484260636,7.460507744295707e-14
CDK1,-13.015705339725837,1.6034637456162555e-17
KRT17,-7.318048392549605,2.1365218315043368e-09
PGM3,-5.738387663660728,5.905228317185448e-07
ALG3,-9.287229305341487,2.2096929161930917e-12
ZNF324B,-2.7747636128682553,0.007797336403186337
NR5A2,6.416935100983123,5.3109978853829933e-08
LRRC34,2.5136813682271537,0.015284004676754566
SDHC,-6.82081464367359,1.2571404000045356e-08
CCNT1,-3.0924445388765607,0.00327299235212768
SPDYE4,2.5632359032098075,0.013490953712075862
CCL16,6.295570434629749,8.184374529937693e-08
SAMD12,-2.1053340580297615,0.040411613230867005
CCDC59,-3.574003755837615,0.000801368566136104
DHX33,-7.981207599287578,2.0412134518754564e-10
RAB20,12.710055491472755,3.95760106989739e-17
XPO7,-2.609360419182478,0.011996384230952476
NOS3,2.9948235834747075,0.00429697143060268
WFDC5,-3.9492675016217977,0.00025074884374915276
PGC,9.356301611465641,1.747479517334962e-12
GALNT6,-5.001707385071115,7.690939910754107e-06
MAG,3.899440031243565,0.0002934317726008498
CSNK1E,-5.909637410570348,3.223868240122033e-07
DNAJB13,4.393994628207946,5.955053933257208e-05
SYNCRIP,-7.626349333820733,7.149916892150401e-10
MIXL1,-3.325238473581487,0.0016791350240014467
ACAP2,-5.5792590042928545,1.0339034068954157e-06
KIAA0825,8.753740320082226,1.3768085600656875e-11
TMEM39B,-3.6911054776646792,0.000560809053553455
RRAGD,2.1923144971628434,0.03313651630785725
MED17,-3.392535224043434,0.0013781805900668605
PURG,2.540470973228775,0.014289449395229087
GRN,7.818473693553839,3.62347696565817e-10
MTF2,-2.999333312623066,0.004243716527360393
YPEL3,9.556882834639968,8.866346569658858e-13
P2RY6,-4.141544671087322,0.0001356690258819141
C16orf59,-10.221890290040315,9.666488528395365e-14
BRI3,8.524179729733277,3.051535206520776e-11
LPHN2,11.314536136882621,2.8518685949344395e-15
AGRN,-3.1255649700093326,0.0029811118864141277
OCLM,-2.5773765170840277,0.013015643001922489
TMEM88B,-2.6047483902395236,0.012138715749299719
AMY1A,4.323893897578515,7.498342930751976e-05
TMTC4,-4.352430325443354,6.828021292878474e-05
PEX10,-5.690532566453336,6.990353935710199e-07
STAT5B,14.067070424100919,7.841079450035051e-19
RFXANK,-3.531217097705999,0.0009117683982509072
C15orf41,-8.166977656943105,1.0625700185547832e-10
YKT6,-7.542849513807254,9.6131690509616e-10
RP11-597K23.2,-5.480818034273468,1.4601022099692897e-06
AGGF1,2.137751940038091,0.03755116053557926
PABPC1L,-4.899695069934919,1.0903055238277215e-05
MPPED2,-3.8045651088738417,0.00039487478323154356
GUCA2A,6.879138490147235,1.02094007643535e-08
EPN3,-12.00464975617395,3.3329487027642174e-16
ZER1,6.798037862486013,1.3635887322881823e-08
FAT1,-4.97471404115334,8.436578191569184e-06
SIX5,-2.5131148721352967,0.015305697921068707
GEMIN6,-6.266856975682533,9.065434898617058e-08
RTTN,-3.758738445611889,0.00045524486791692577
SEC61A2,-7.144291840035543,3.966180772452726e-09
PDHX,-5.557168964250606,1.1172714158966573e-06
FAM127B,-4.335400937110169,7.220661508901567e-05
CPM,16.530388322199386,1.116559209660638e-21
KIAA1045,-3.37275174755407,0.0014608720081971784
TMEM237,-8.891000700242731,8.575218305112715e-12
MERTK,-3.0935446404584948,0.0032628810714213203
RASSF2,10.117955452097558,1.3620270015911126e-13
SLC14A2,4.069416584252377,0.00017106029045148104
PHF8,-3.002906493596639,0.004201959939722048
SLC25A26,6.870873580569879,1.0514956228187653e-08
TMPRSS11E,-4.33206477178656,7.300119607909693e-05
ERBB3,4.177506643581625,0.00012078971837836817
ELF5,5.11943110415863,5.12949578697137e-06
S100A16,-7.251400474930245,2.7083711724470793e-09
PLA2G15,7.976768204589209,2.0733723847046063e-10
RBM7,6.081131352234668,1.7548229148834918e-07
C9orf156,8.028719628836779,1.7269075018812456e-10
CLDN1,-5.90322986499474,3.2978450344274625e-07
FASTK,-6.78791358907112,1.4137558908957817e-08
C17orf72,8.108318155939878,1.3054683225149407e-10
COL11A1,-5.317218552512488,2.5845809425172325e-06
C12orf73,-6.926193952752992,8.631571721870975e-09
PRKCI,-4.591518502605632,3.089749500792373e-05
P2RY8,4.2414070228096925,9.816855316726212e-05
RGL1,12.719647993787946,3.8462645850299295e-17
LINC00935,6.812632452154302,1.2943879519122478e-08
CCR9,6.422047126691862,5.2150855514893255e-08
ADCYAP1R1,4.943313055973607,9.393839051381854e-06
FLG2,-2.3706561586460975,0.0217346674256954
SUGP2,-2.30796295819176,0.02526418967383964
MRPS28,-4.213983386911923,0.00010732119546105618
PTS,-7.109160067914421,4.495127121589178e-09
FAM181A,3.9286369014573213,0.00026763891401323776
LAPTM5,14.793520517665451,1.0547275178132546e-19
SDC1,-8.223723504951987,8.709143362033654e-11
MT2A,3.2455084071134013,0.002116327818767857
MACROD2,12.23384296867044,1.6561815229052778e-16
UHMK1,-3.9188939588373373,0.00027599245217506553
STAC3,12.941912498407369,1.9921247641350774e-17
ARHGAP18,17.431450784091812,1.2006297730571988e-22
PCDHA2,3.6677167676132236,0.0006025058481511932
AL591684.1,2.907754109879537,0.0054557728221060935
RP11-1035H13.3,-3.6424197532761555,0.0006509476238453554
HIAT1,2.7015126717841484,0.009454001782793339
FAM183B,4.141238914721368,0.0001358028612599302
TMEM27,3.817128008930051,0.00037972025365902673
SELRC1,-7.148923263500499,3.90127034786183e-09
ARAP3,13.222763252242316,8.753446042573608e-18
SLC7A5,-6.961585765762486,7.607818934638892e-09
ZBTB7C,-2.605549313845043,0.012113888351078036
C9orf40,-7.863855727710648,3.087050597212566e-10
AP000322.54,11.066214455306259,6.26773915495746e-15
LAMC1,-2.1326401941913606,0.037990068116581156
GCN1L1,-6.513998696290213,3.757118401394124e-08
MAGEL2,-2.404071659717073,0.0200400533459267
CEBPD,7.438946392110491,1.390132992184037e-09
ORAI1,8.72444678788171,1.523564400699224e-11
ZNF525,-6.059341793832328,1.8959972707616898e-07
ANGPTL5,7.991174547580473,1.9708282395988242e-10
NUDT1,-12.225179067032414,1.700339330886114e-16
RALA,2.1418654012786438,0.03720120402411803
MLX,5.211065235880556,3.7365819382415787e-06
ACTG1,-3.693560032419982,0.0005565972895961824
ASF1B,-10.238723203873183,9.145437039264701e-14
ARC,7.688295994860691,5.74150747466801e-10
S100A4,10.974261026082731,8.406508501481285e-15
CORO2A,-4.507866363949817,4.084333792814243e-05
HOXC12,-2.9326592064443635,0.005097616693115143
KEAP1,-6.597914623509265,2.785084751663839e-08
AC093157.1,-2.2929968474794094,0.02617896197407473
MICAL1,6.917221252039649,8.912340811483886e-09
POC1A,-10.426208343901259,4.945361600148413e-14
XPNPEP2,4.1945530217828635,0.00011430280287534714
LAMB2,16.70254343539958,7.244154848214127e-22
XRCC2,-13.37592167449013,5.613593869752263e-18
PTCHD4,8.538084616401564,2.9075166109836443e-11
SPRR3,-3.5309217793295082,0.0009125786316068073
MTHFS,5.264491751154868,3.1045059691750458e-06
C11orf82,-8.389668627746884,4.875405383508425e-11
MSX2,-4.965925374998802,8.694374699039266e-06
TOB2,6.260869401005348,9.260752963444808e-08
NOVA2,16.527739237971975,1.1240452019350398e-21
DNAJC27,7.857525766345749,3.156789900899098e-10
RGS19,6.696065144412397,1.9621346617746934e-08
GALNT14,-5.3228145028237,2.5347317934950913e-06
SCN2A,-2.9839711383519587,0.004427697195647809
HSPD1,-7.7488756975756035,4.6338829956879686e-10
PRKACB,6.692654539193134,1.9861626110989876e-08
TMEM189-UBE2V1,-3.599599013634807,0.0007415647053790311
SLCO1C1,5.089151488215934,5.693977128716484e-06
RNF148,9.92190402891417,2.6099258279779175e-13
RPRD1B,-4.64708558548443,2.564594156801043e-05
G6PD,-4.8841715923655915,1.1495786058804897e-05
TRA2B,-7.681932525630555,5.872307252956232e-10
MIER1,9.336344360982855,1.869979239869425e-12
PDZD2,8.371668760090774,5.1915016328045244e-11
SLC9B2,-2.708405158871685,0.009285324337503465
CYP2C19,-3.2970483187392983,0.0018228892605592045
FLVCR2,16.676409851313764,7.734321448300078e-22
CALM1,4.1173082866892345,0.0001466848785090983
CDK15,8.863520428007526,9.426460705811445e-12
CIB4,7.432297442036517,1.4233592894024012e-09
RHCG,-4.775554675599411,1.662735935415495e-05
HIC1,7.372600735239942,1.7597595748388935e-09
ODF1,2.3408996257394086,0.023350754259766907
TCEAL7,6.735500079450164,1.7045474466027238e-08
VEGFA,2.475603895061255,0.01680582202842495
PEX11A,2.077537684552634,0.0430141228432106
AL163636.6,15.46175527285275,1.760512191552269e-20
LSM12,-10.110183171975471,1.3974769835170358e-13
PCDHGC3,8.440060395970514,4.0897458990334726e-11
C16orf62,4.289412313806913,8.39418509486085e-05
PRPF31,-5.026860919592227,7.054740398546651e-06
STAG1,-2.612076061759815,0.011913291858785327
LY6D,-3.468988843676374,0.0010985660766643015
CASP14,-2.371879062509319,0.02167045072229628
SNRPF,-8.840169892726337,1.0216464976507529e-11
SNUPN,-4.014532917158558,0.00020383186257300737
DHX40,-3.685885006555815,0.0005698687819569435
SYS1,10.392105731832123,5.528726324754269e-14
GPR87,-8.791671285283837,1.2077292964521949e-11
CNN1,7.9541579409832925,2.2452412124611266e-10
S100A13,5.897142767853951,3.3696846613484137e-07
HMCN2,5.892495985825562,3.4255710859766307e-07
ACBD6,-6.931639366540995,8.46551200592096e-09
RPS27L,10.532213279195206,3.49999433493466e-14
CAT,24.569824926180434,3.3158242972199403e-29
ATG3,-2.262450956038174,0.028138067873388413
ACTR6,-4.037028293346752,0.0001897239426648511
ETV1,10.115819954465747,1.3716755989787336e-13
MRAP,4.05266273557408,0.00018048080094639545
CHRM1,6.908439090260773,9.195998881743174e-09
KIAA0556,3.947718372668557,0.0002519804787111028
SLC4A4,15.423220918281139,1.9492424950622535e-20
UBXN2A,-8.534894688897538,2.9399387557775866e-11
PAICS,-10.671476592439149,2.2272051403036716e-14
PTK2B,6.736603096393468,1.697850839201004e-08
ACTG2,5.661074793074676,7.754442348373645e-07
C15orf52,10.830934427120496,1.3313360092654446e-14
JMJD4,-7.312689697306635,2.177641206628301e-09
MOB1B,7.223980104304131,2.9860997357568347e-09
FAF2,-2.2276692713506967,0.030526496424571094
COQ3,-9.293458559576246,2.1633712544320763e-12
NUTM2D,9.910201941225916,2.713625627814916e-13
WDR44,3.7132241412097358,0.0005239344954105333
AP3D1,-3.7457994436713036,0.0004738375820861325
CA6,-2.4593939352309895,0.017494308074929067
PLEKHG1,3.129632330171816,0.00294700394992205
C15orf27,2.908039637486669,0.005451537216600723
NUDT21,-7.979854465285553,2.0509620354119644e-10
KDELC1,-5.648845309102076,8.095489317629422e-07
SFTPB,18.13937481291188,2.206619601084879e-23
RAB5A,9.308009299891355,2.0589516465004783e-12
DNAJC5B,7.558652449348864,9.089137438906698e-10
SORBS3,13.45833273375086,4.4254223566313646e-18
ZFP36,8.277348681428043,7.21848046775849e-11
ZNF606,-3.3560762107989888,0.0015342116525565077
LAP3,9.484512041561205,1.1319747963500569e-12
KRI1,-9.112878680692397,4.004884384445459e-12
CYP4B1,16.44646275343689,1.3803195283209582e-21
XCL2,4.957524137422958,8.948050157889159e-06
AL021546.6,-2.5272607512215197,0.014772279708101865
RNF217,-4.125619874756663,0.00014281274431232114
SIRPB2,11.680167321079612,9.075282026173e-16
MSR1,13.978160515765147,1.006724898300276e-18
ABHD14A,16.442621484997908,1.393807587117804e-21
ZNF526,-4.368920517488658,6.467687236452532e-05
HEATR6,-5.441810851097749,1.673586559190189e-06
NCL,-6.8659506459619175,1.0701290017833892e-08
NTRK3,5.567393689441879,1.0778859020609897e-06
SIGLEC7,10.303133536859423,7.40052984416649e-14
ITGA8,15.051838606941628,5.246994463282371e-20
ZNF823,2.2281863261767803,0.030489715075916527
SARS2,-5.930300933277005,2.9963610565964576e-07
TSPAN31,9.842836896340762,3.3970338177662884e-13
SCCPDH,3.1468566810774403,0.0028065917027276653
CACNA1B,-6.12231059238189,1.5159862792137889e-07
DNAJC22,-2.7765708081594456,0.007760077802409523
FOXQ1,-3.4658343942296743,0.0011089466796714348
SIGLEC8,4.2249071020782445,0.00010358007496176052
PABPC1,-10.124303186212204,1.3337498997718462e-13
MAPKBP1,-4.998090660744652,7.786946191519671e-06
RUFY3,9.136887671478156,3.689292542642017e-12
PSRC1,-8.909815873897148,8.037506623382902e-12
CIITA,10.70213327555401,2.0169177604890664e-14
PTGS1,2.734335062707182,0.008675246204644925
CD86,10.007633726548903,1.962795228848824e-13
EPHA6,-3.0552609364640286,0.0036325669531698385
VSNL1,-8.569471173682253,2.6070944648509648e-11
SH3KBP1,8.977164307349451,6.376459339944863e-12
PBK,-10.756436252852033,1.6924654282820058e-14
ZFP62,-2.5922898847106524,0.012530941116492868
SH3RF1,8.934940203006486,7.372096013459688e-12
CEP19,-5.000165507763982,7.73172578036698e-06
CD63,10.9350210540938,9.531673768492913e-15
CLEC18B,-2.7141495260349844,0.009146863735936058
SNTB1,10.920979466526058,9.970368445738675e-15
LSM14A,-4.707920067140429,2.0897594343368917e-05
HAUS6,-5.789927092422405,4.923059004867454e-07
CHD1L,-4.200811437292033,0.00011200721180796343
SDR42E2,3.806503878932878,0.00039249864103723173
CCT5,-12.46950260394833,8.126116926256788e-17
SRPX2,-6.807998756804479,1.315969396991103e-08
FCRL6,10.908706007432691,1.0370540970770507e-14
UBE2V1,-2.4002166428553573,0.02022929925695194
APPL1,5.35678860227549,2.2518613142284423e-06
CXorf40B,-5.400142550764289,1.9358291969932175e-06
TBPL2,-2.4200450739828443,0.01927276520435745
GMIP,6.352043852561211,6.692954832321571e-08
MAP3K12,6.743906853343499,1.6541674799861787e-08
ARMC5,3.9971416932699837,0.00021542949110631707
PARD6G,-11.85341174163711,5.3071056606995e-16
ELP2,-3.6859763651787563,0.0005697090354650013
B9D2,5.581704214524031,1.025063045837543e-06
ERN1,9.83046101227376,3.540351793440359e-13
HIST1H4D,-4.165523719949179,0.0001255623763199947
TMEM5,-5.667120855768914,7.591138963969094e-07
CEP97,-6.753780507415382,1.596895069937115e-08
GNB1L,-7.600897229957211,7.824798050977179e-10
TAS2R38,-5.276857572808147,2.973985928464507e-06
GNAI3,-5.171484377350631,4.285285802818587e-06
NRXN1,-2.166570956211676,0.03515897211881737
C16orf98,-5.448681036175172,1.6338637739725667e-06
NLRP10,-4.406285268731257,5.718472077031304e-05
CST3,14.304677622371846,4.0399433694873507e-19
FCGR2B,3.9637583750561993,0.00023950613452445267
CDT1,-9.845105274140652,3.371407849386834e-13
EDAR,-2.6985889198245823,0.009526400957820423
QSER1,-8.48720864942969,3.470408895659271e-11
ENO4,6.366638536329838,6.353777585984505e-08
ZNF671,9.326864408370858,1.931170146270986e-12
ISYNA1,-3.9552673163885697,0.0002460333618386585
KLHL28,3.3316407883205246,0.0016480185878131762
TMEM110,16.835033785918217,5.203741254508983e-22
TIAM1,-2.8789584007317712,0.0058990070123877475
PRRX2,-5.788065833926222,4.955526057593315e-07
SETD3,9.607783084867494,7.46933409535777e-13
CLSPN,-8.154719729848805,1.1092556450561628e-10
FAM26E,4.629659071770473,2.719096269898163e-05
MTIF2,-10.038090602656457,1.7741958450790335e-13
FCN2,2.807131048875194,0.007154415486869663
C10orf54,19.05716514548661,2.6378921133134517e-24
LTBP1,-3.4371575774339176,0.0012076998194725723
LRP2,2.3252742828144317,0.02424172416714851
ANXA2R,2.1248505943615337,0.03866755078737384
ZNF131,-9.94794328093322,2.3933132588573556e-13
C18orf25,-3.2159561493663396,0.002304167737318944
C1orf194,5.306118895771385,2.686342873671102e-06
GREB1,-4.107818873900909,0.00015123030391339304
MARCH8,9.929706532463857,2.543017238483179e-13
CDC42EP5,2.066773989641585,0.044060457987522915
COPS2,-5.657002121126482,7.866404569986218e-07
MTA2,-9.59774226164499,7.726105189499916e-13
HEXA,4.747106152480101,1.8307587935347592e-05
PCSK7,8.637422147421535,2.059423894111454e-11
ZNF770,-7.003501048957079,6.551418963284544e-09
LRRC58,-8.215814514079717,8.953821106785036e-11
HGF,8.570040788479462,2.601941453383605e-11
ANPEP,9.857452092583545,3.235311728911513e-13
KCNT2,12.722655017318925,3.812021473751112e-17
RHD,3.562483052732906,0.0008297675075544175
SLC5A1,2.4182490124136726,0.019357699342612535
C9orf3,-3.790064399479971,0.0004130911093840134
RAB11FIP2,12.792974901530098,3.093673442332343e-17
POLM,-2.513139944646658,0.015304737210690368
B3GALT4,6.805008900960047,1.330085356102943e-08
IL1R1,13.240002082878027,8.325278470085973e-18
ARHGEF9,3.2855438657827043,0.0018848414871729504
KIF26A,2.0823991871683565,0.04254867788878499
ATP8A1,14.066977688124604,7.843119663878373e-19
DUOXA2,-2.8361557750060946,0.006619961528667812
SPOCK3,-2.3757876409699223,0.0214663446937294
WRB,5.510958174298604,1.3138233894331805e-06
FAM101A,-4.735421175493644,1.9045035000943253e-05
MMAA,2.625141435499013,0.011520826565039598
ARHGEF2,10.142380303637799,1.2564313075558177e-13
RABEPK,-4.809284724219155,1.483060702196789e-05
GATM,-3.018164393991313,0.004027939717586457
CRTAP,9.286696386796658,2.2137019692900018e-12
ZNHIT6,-5.04352206157418,6.662183230421301e-06
SPINT1,-6.568660159970526,3.091497290171809e-08
KLK1,-2.8898996913410615,0.005726794027094945
DHRS12,12.063758238118563,2.7811089349604175e-16
ZNF543,-5.667145727456424,7.590474280296046e-07
ZSWIM8,4.786433161882797,1.6025694566227114e-05
HSD11B1L,2.3387838139366557,0.023469659461072264
PTCD1,-4.445222917568301,5.0279452409540526e-05
BIN1,4.896339814895178,1.1028567052623829e-05
FCGRT,17.535113032908768,9.339532304291499e-23
ATG4B,-3.382349688073415,0.001420182505076306
NCAPH,-16.03059666475832,3.992429182611159e-21
RBP3,-3.115428568577324,0.003067735405562901
CTSS,15.307575487578104,2.6487320739777017e-20
PSMF1,-5.593569494638414,9.832183523342143e-07
MMRN2,13.214153666073733,8.975587361403027e-18
CARD6,11.094275633785104,5.731839161667021e-15
ARHGAP30,14.402785778231312,3.078406903290621e-19
CAPS2,6.318872116851639,7.53254900577786e-08
MYL7,-2.1028670700906624,0.04063689470164207
RDH13,-2.9503191181111323,0.004857057868102374
SLC22A17,3.0029543120015836,0.004201403741994823
COG2,-3.362878874703206,0.001503880865153205
GRIP1,-6.703866364172877,1.90826149269136e-08
FGF7,8.742280233274894,1.432444510571045e-11
CD3E,4.020303222963513,0.00020011911368294455
MROH7,2.992699674407134,0.00432226818244125
ACSF2,11.016016595190557,7.356281940519064e-15
APBA3,-3.005426603633475,0.004172740977313954
GLIS3,4.869060330072928,1.2103172277843049e-05
STRA13,-4.774557946842437,1.668358269842091e-05
SSH2,2.0519365882962624,0.04553906344401105
OR1L1,-2.027564945880786,0.04806137564212835
RP11-625H11.1,-2.5620393322147996,0.013531891037232673
PACRG,4.909349875952069,1.0549678504894185e-05
COA5,-2.2624364620888233,0.02813902758112592
LRRC71,5.138218354056746,4.807396527177712e-06
NXT1,-4.774517034183928,1.6685894477953746e-05
WNT4,-2.807485328152631,0.007147657838730518
RP11-1055B8.7,3.460467805540772,0.0011268220411422847
DARS2,-10.033039136000125,1.8041593822637977e-13
JAG1,-8.303174049599306,6.595048193792648e-11
MICALL1,-9.108717957986151,4.062283346934586e-12
TTN,9.264557011964708,2.386905850039437e-12
SP110,8.622848528138132,2.1661800099515668e-11
TCP11X1,2.5093552101215297,0.015450378741949449
PCGF1,-6.870768590573639,1.0518896027542082e-08
NFS1,-6.314398574070997,7.653539973096645e-08
FOXN3,5.0552818497436265,6.398147182945705e-06
ST6GALNAC3,16.62516364329297,8.795730917266756e-22
USP30,2.9390148326390255,0.00500979132800988
DTWD2,3.9842598442766373,0.00022442896311995866
MYOC,4.435745607794025,5.188115143802602e-05
CMAS,-9.548956813210257,9.10649650570861e-13
SLC25A25,7.4294320261705264,1.4379230519636307e-09
KIF24,-4.631234606518254,2.70476082345991e-05
C1orf198,13.026586079094251,1.5530531135156745e-17
FOLH1,-4.755182579187636,1.7814333154124753e-05
CPT1A,2.833904275181946,0.0066600580550226236
ZPLD1,-3.9718348177800435,0.00023345317255279885
ZSWIM5,4.346094911928665,6.971600804550707e-05
WDR12,-4.367437760997308,6.499313672802912e-05
COLCA2,-3.18952211143003,0.002485420742760273
CEP76,-8.070718381649069,1.4898244410515433e-10
DEPDC1B,-13.85603868335378,1.4212650309548267e-18
ZNF792,6.61856919152137,2.5872079873253263e-08
PLEKHM1,2.647730169034336,0.010870087227872754
XPOT,-11.00707491198265,7.569399381830986e-15
LSM11,-2.4243441455816668,0.019070827766842033
IQUB,5.472640590006929,1.5024985359688883e-06
ZNF20,4.246694646410723,9.649329157757064e-05
FAM83E,5.246007241823219,3.310230296875672e-06
SLC7A8,-3.81109258222696,0.00038692948600384936
RNF138,-3.1542888045862654,0.0027479708839818033
ARPC1B,3.629422998167628,0.0006772653942815323
TSSK6,-5.224973991564387,3.560736717467e-06
IFNA21,3.309168669123783,0.001759708895862025
WDR88,-3.4180282151160437,0.0012781701681876315
P4HTM,13.862143023464446,1.3969153388653721e-18
MDFI,-7.7660304515908996,4.361178531475416e-10
CHIC1,7.532839463180594,9.960692590141865e-10
SIX4,-7.3247514422712126,2.086181197561527e-09
SEPW1,9.412887231788103,1.4424032020841791e-12
THYN1,2.191289172961907,0.03321506239436448
C21orf49,6.933585936944912,8.406929875418814e-09
ADAMTS12,-3.8733861938502443,0.00031846072317811896
QSOX1,14.82845709491069,9.592469607614957e-20
NDUFB4,-8.048870827957051,1.6087565780466653e-10
VAV1,6.361231172420134,6.477396014989298e-08
PTPRZ1,-7.158315995603058,3.772879618941159e-09
LRCH1,9.21232222327905,2.851777072992548e-12
GDF2,3.817335542224384,0.00037947467309128706
KRT82,-4.269305909614026,8.963788286706847e-05
PIGZ,-3.4251566694317335,0.0012514643053126169
COCH,-4.308153005683709,7.895102077634647e-05
UNC45B,6.834377683400656,1.1977448803763974e-08
ARL9,-4.98042894047647,8.272997549073016e-06
AC138969.4,3.293671111890649,0.0018408728900699877
RIC3,6.597337551287263,2.790825237934507e-08
APCDD1L,-3.454588006773069,0.0011467218736140059
PARVG,11.913176492403991,4.414368309590877e-16
NUP188,-4.588804468014186,3.117933651927895e-05
TPR,-4.155812438136883,0.0001295641610427712
PCDH7,-3.717636909202809,0.0005168618069687963
MTG1,-6.804295565008582,1.3334755387374115e-08
SYCP3,3.2129681154091863,0.0023240125970428894
TMEM88,15.348769649171112,2.3742382418737387e-20
KIAA2013,-2.913961048476538,0.0053643838297840465
TRUB1,-6.314700947628177,7.64530127788277e-08
SYTL4,5.386848403594932,2.0277614012300333e-06
TRNT1,3.7070791008120447,0.0005339386311167513
IL15,8.346863229977886,5.6612199809783823e-11
VIPR2,2.429150657536152,0.018847313695924902
RBM15,-2.1362788699601016,0.03767718368343085
MRPL12,-9.389088708129494,1.5635528971000387e-12
JAG2,-5.0388242242177474,6.770637413471725e-06
AP002884.3,-2.1812288038712824,0.03399450008105704
CEP72,-8.929350015643186,7.515175696447528e-12
KLHL7,-6.5239011017544675,3.626725817789714e-08
SLC46A3,14.024478648839942,8.837236255574897e-19
FAM198B,3.8260926602371113,0.0003692503864148108
ETFA,-5.028477207342501,7.015681491129584e-06
CHMP1A,-2.4030928982396955,0.020087950101983058
SAMD3,6.405553787362553,5.530905328307017e-08
TPRXL,-8.545604570200787,2.8325026563183563e-11
C9orf131,3.570553266028222,0.0008097751654716458
SLC16A5,15.419010587202306,1.971072663684406e-20
CEBPA,2.4264486109320758,0.01897267286920847
PLXNA3,-3.2303913189690485,0.002210529910770065
ANGPTL6,4.154718224162751,0.00013002274864122086
INTS4,-4.424269083605168,5.388750505149903e-05
APOA1,7.557106294082223,9.139116883838657e-10
IFITM2,15.000485369006938,6.024510749874088e-20
DCAF13,-9.231346000582073,2.672732701700974e-12
RP4-576H24.4,7.530152007706228,1.0056123366716145e-09
SH3BGRL2,14.817141918324637,9.8916907993801e-20
MYLK,5.739858382454859,5.874673165995153e-07
FLJ45079,2.433899196792343,0.018628817116294088
FGL2,10.254110614179819,8.694004113686958e-14
PTMA,-4.828141509469377,1.3910734624125556e-05
TRPT1,-5.8419301662794165,4.0966147029018143e-07
ADCK2,-3.410974365736237,0.0013051295860729646
TRMT112,-6.979182830176636,7.144988868342942e-09
NT5C,-2.1021964595751483,0.04069832316900758
C5orf42,-3.224603111669558,0.0022476367929193403
ADPRM,4.958036831792298,8.932362744763438e-06
WDR81,5.677918684876975,7.307935111557533e-07
SPOCK2,11.0565941956184,6.462917904487854e-15
UBA6,-6.955493650913315,7.774950261295588e-09
KLHL3,7.0811586962367254,4.966910070131528e-09
CCDC160,2.9493908577414647,0.004869434189257046
AP001631.10,-2.857856299055373,0.006244810138161136
IPO4,-8.487103228538988,3.471682587529484e-11
ARIH2OS,3.2804952280996447,0.0019126533366373773
OR51Q1,-2.6719626039458273,0.010209566934865405
SRSF9,-10.824455551752818,1.3593782455906633e-14
SECTM1,10.78334405277715,1.5518055984414935e-14
NIPA1,-4.9269985393324,9.932602475099992e-06
CAMKV,-3.3158901047096156,0.0017255717733858063
AAGAB,-7.845612332344443,3.292368572450544e-10
PSAP,6.939999248961491,8.216776950450392e-09
DDX23,-3.3073625457058937,0.0017689904081110467
ZNF414,2.4830408138076274,0.016498234461036425
HRH4,3.6717491469950563,0.0005951109121830457
MED20,-8.161320330116302,1.0838656987416512e-10
PALB2,-12.758025856503354,3.431694837582115e-17
ARHGAP19,-2.2428607159750023,0.0294620638266799
ZNF493,9.514685121575376,1.0222880661552855e-12
HES4,-3.1212820080966317,0.0030174288015041213
SLC22A15,6.072093699651095,1.812060873577603e-07
FOXE3,-2.221942542640104,0.03093650875692327
GLIPR1,4.4078133276579745,5.689707394392285e-05
RNF149,5.284348575648096,2.897572381216251e-06
TTC32,-3.0716634455893583,0.003469610200031888
SH3RF3,3.9712820759986283,0.00023386267087001974
HS3ST1,-2.264891057159457,0.02797691201448644
OSTF1,2.266646504180206,0.027861481688134748
NCAM2,2.5241451912846724,0.014888291247797976
SOHLH1,-3.851198774167278,0.0003413878558729161
NETO2,-4.65878208436124,2.4657533931446847e-05
REXO1L1,-2.4286175201915885,0.01887198886819229
MLPH,13.416549998978928,4.9920058775225184e-18
YARS2,-7.355642245294995,1.869130465202365e-09
TIA1,-4.848734100957142,1.2970176822637205e-05
ANKRD36C,-2.594529049145295,0.012459604850559748
SLC31A1,3.350268673564709,0.001560564049249508
ZMYM6NB,11.514919770526047,1.5194103013246447e-15
SALL1,-2.2903701682829096,0.02634252211018121
MPP1,11.605345349557965,1.145542266205084e-15
RHOA,20.243726562169194,1.8965888831854638e-25
CD5,4.715376418689084,2.0378531119208215e-05
ZNF512B,-3.9779252493309656,0.00022898674314910148
GPN1,-9.282437688284402,2.246004322288542e-12
LRTM2,-2.02117925055311,0.04874193465335
DCAKD,-6.572752007494702,3.046693183317516e-08
NPHP1,5.589194442522308,9.984467563542252e-07
CSNK1G1,-10.153781537077286,1.2100128819698878e-13
SVIP,5.090317497698484,5.6711473866110305e-06
CHODL,-5.310165351411505,2.6487941154686827e-06
HTR3C,5.942560176798219,2.8690081136834296e-07
FAM72D,-9.008404076845357,5.728104783664895e-12
FAM114A2,11.450098940115252,1.8616045059590597e-15
IL22RA2,-4.116667760134668,0.0001469874730402646
TWIST1,-4.935592120408462,9.64512851979709e-06
BBS7,-2.440753927490179,0.018317435330649962
DKFZP547L112,-2.678233386166172,0.010044743593573588
IDH2,-5.294762742096352,2.7945549188531786e-06
GAPT,7.147720980828862,3.91801758297563e-09
PLA1A,7.095130300521983,4.725612590766487e-09
METTL14,5.418323967146015,1.8167445816735948e-06
PEBP1,11.577138322614736,1.250907834018665e-15
CPEB2,7.611064625685224,7.547848510762044e-10
RPH3AL,16.111429906977804,3.2429321278051228e-21
OTUB1,-7.304800393228427,2.2396278730625463e-09
GLYATL2,-2.9545320899652534,0.004801254862224916
MT-ND6,10.538031331309634,3.4343539544611415e-14
STK24,-7.480601745997725,1.1989717147276532e-09
MLLT1,3.248374523466436,0.002098900878794819
NUDT22,-4.835871238997559,1.3550075927139405e-05
AC005609.1,2.9905753317059034,0.00434770924093842
PLEKHA2,2.2901346277746346,0.026357233305185777
TRAFD1,2.494108901263089,0.016049894186113047
C9orf57,2.6175564975716394,0.011747202865190313
EIF3D,-6.461548353775663,4.5299637495025055e-08
C5orf15,3.057248792906421,0.003612442589532157
FAM132A,-3.627226111159896,0.0006818135148986611
PTGES2,-8.865320097174614,9.368192771415516e-12
CENPH,-12.032794443877805,3.057549575918891e-16
PGLYRP3,-4.857190996456494,1.260227685960068e-05
TMCO6,-2.358696117353713,0.022371763961925032
DSG4,-3.788353652756306,0.00041529280919542675
PIK3IP1,6.202379544197079,1.1403747159627798e-07
FAM25G,-2.418992610790758,0.019322494434315635
CCDC124,-4.4650770766146435,4.707900884993276e-05
LARS,-3.888052942776527,0.000304128166114049
LAMC2,-3.9113103466598247,0.0002826682985188775
SCRG1,4.996759094733335,7.822589205982262e-06
ITGB8,-7.465922966853883,1.2631209304968126e-09
RFT1,-7.732956892561662,4.902248224854669e-10
TWF1,-8.464253060719612,3.759173165511252e-11
AHSA2,-2.025457827068603,0.04828502769842191
SMARCAD1,-2.7163441447254466,0.009094468599441288
GREM2,9.198726203764004,2.98711175995209e-12
CBLN4,4.710974920997973,2.0683385437599597e-05
HIST1H3J,-5.492746944590441,1.4003726493934108e-06
OR13A1,-2.9542243085260647,0.004805311256363195
ERAP1,2.4891252973590925,0.016250383358997155
SATB2,-3.330616907676154,0.0016529578373584925
PCDHB4,2.6514879607562754,0.010765157199659632
ZNF384,-6.399713625074499,5.64725206639522e-08
VARS2,-4.8085876004639285,1.4865735572942364e-05
COG8,2.041031669642035,0.04665308541415476
TXLNB,4.002866256808917,0.0002115432032758912
DNAAF3,3.34905855678009,0.0015661089108599119
KIR3DX1,6.379606805197375,6.066815870398789e-08
HOXA5,9.099701347804817,4.189536288667024e-12
DDO,17.93560301713164,3.575049169962726e-23
DIO2,-6.036441384517303,2.0565663217415677e-07
TBPL1,-4.45780314556762,4.822775461380134e-05
BTN3A3,13.952673751747412,1.0816850330970514e-18
ACER1,-2.240606773954127,0.029617884727395977
FCHSD2,8.05587301982615,1.5696334781662265e-10
CENPBD1,-2.2501429618950315,0.02896357953058566
FAM122B,-4.128447279261848,0.00014151828720570408
PHYH,7.129424579517819,4.181953070976963e-09
RASL11A,3.5016680904000532,0.0009963367113499774
SDCCAG3,-8.80765703099074,1.1428940568710225e-11
TMC2,7.300481531466511,2.2743077810433752e-09
UBALD2,-6.528218154718788,3.571303933230238e-08
PRDM16,15.106685120774536,4.528606674077618e-20
PLEKHO1,3.0920185037559316,0.003276916032901576
TECPR2,3.156390615263387,0.002731603124689502
CCDC120,-3.9781456734133958,0.00022882665414192821
SERPINE3,4.844409647241385,1.316236199732389e-05
THOC2,-2.413566978309159,0.01958069550224146
PRR7,-6.304837909944936,7.918653410371964e-08
PADI1,-3.3133836120739697,0.0017382278216777388
TWIST2,3.1688364493415992,0.002636547508050608
NBPF4,-2.2742426187266975,0.02736685895300669
HIST1H2AI,-4.7822611308161935,1.625386988167095e-05
EIF2AK2,-6.176666317657526,1.2495963395096216e-07
TEX13B,-3.8342708950323345,0.0003599419802939828
PEAK1,13.505352025947122,3.865365526301083e-18
CSTB,-3.63305528534552,0.0006698093096774621
DKFZP761J1410,2.6749699531441418,0.010130213522940978
RNF10,3.8605077707003033,0.0003315810573137364
NEIL3,-7.810215034496519,3.730732932827071e-10
C9orf135,5.255017298949473,3.208322940388026e-06
HECTD2,6.245655920908016,9.776104810061438e-08
CYP2A7,4.210767643779522,0.00010844731975495411
WFDC10A,5.273930253756885,3.0043848666290367e-06
OGT,2.2613552951794262,0.028210698396340904
AK9,4.482659590355468,4.4411543252533594e-05
CNGA1,-4.846058842915346,1.3088741360742441e-05
NPBWR2,-2.353597346360144,0.022648420417363906
CSGALNACT1,7.215037034149514,3.082719282822925e-09
ZNF501,2.024967234922323,0.048337228864927646
C11orf68,2.7445485913514074,0.00844524600178956
UBR1,9.52938521308408,9.728023594108536e-13
ATP5G1,-7.386414613997027,1.6754309448707884e-09
SFRP5,6.690494181821547,2.0015344327138446e-08
FFAR3,2.5918749404695443,0.01254420145289515
TESPA1,7.521064138400414,1.038568339544943e-09
DGKG,-3.023296399657974,0.003970939378770832
AC074212.3,-4.056765640098305,0.00017812834740214763
LYPD6,-5.719096561387193,6.320927520565264e-07
H2AFZ,-9.931255193812179,2.529944651135516e-13
SERPINI1,-3.1726324284713425,0.002608181354190396
SLC10A3,-2.8989366922002966,0.005588090005201077
AP000769.1,-6.126707783561744,1.492479294288999e-07
FAM8A1,15.20508438766353,3.480329232458262e-20
ATP5D,-3.116113648018226,0.0030618071105941082
OSTM1,6.97051698186913,7.369279926985333e-09
AP1G2,-2.9927839994950154,0.004321261184054049
WDR18,-9.617043471210222,7.240165863409634e-13
ARHGEF15,14.85247580247453,8.987422147608628e-20
BCO2,4.07812042016225,0.00016635611199006614
PIDD,-5.302416906092569,2.721155846619882e-06
HDAC1,-10.923878351791386,9.878155595591325e-15
FOXC1,-2.275474899578848,0.02728735902026045
ANKRD13D,-3.710184261771827,0.0005288607153938076
TPCN1,10.99621050807275,7.836776271064376e-15
TUBA4A,-3.9995780055124732,0.0002137671585000233
TMPRSS15,-2.622309976937331,0.011604862021077628
CD163,6.10893040006671,1.5898078444946395e-07
TDRD5,-6.489489405425018,4.1003403600172315e-08
DSP,-11.433140671748058,1.9633789080620095e-15
TRIM32,-5.157457846298189,4.4982327033711e-06
METTL1,-7.572138091406937,8.664685686572926e-10
OR5B21,2.067062275990665,0.04403214766766684
WDR4,-7.805578362224945,3.792342547075011e-10
NHLRC3,8.942259568692034,7.188902829669351e-12
SNRNP48,-4.590479215215299,3.10051248844315e-05
TBX21,10.551708989592584,3.2849026592945304e-14
EFEMP2,8.867395075408059,9.301461748195541e-12
ACTR3,-6.419318513410704,5.2660629473192417e-08
TCEANC,3.9551482402798306,0.00024612610912041056
KCTD2,7.4343826338225485,1.412854227966387e-09
MAB21L3,-5.345821657154486,2.339580288428979e-06
B4GALT6,-5.620403158283327,8.947289242803319e-07
GLYATL1,-3.5489133021197157,0.0008644517407500013
GPR37,-3.695657190396696,0.0005530228469394044
TMEM87B,-4.644299188496066,2.588707169838129e-05
PES1,-8.51302306850698,3.172270554815474e-11
ANKK1,-2.8660280439488472,0.006108725135317708
B4GALT7,-3.4228696304133943,0.0012599740271906016
MZT1,-6.879320202366694,1.0202783617208552e-08
RPAP1,-7.910895087780802,2.6150637436836917e-10
FUNDC2,3.542220014535096,0.0008820658016721632
BHLHE41,3.762093866658459,0.0004505390484714083
MYOM1,2.68006963441159,0.009996943391794003
NPM3,-9.93371687540641,2.5093047011767765e-13
KLHL17,-5.229258949667137,3.5082285244918727e-06
MASP1,2.1868686828218546,0.03355558215616653
TMEM100,10.099750125838112,1.446534374482348e-13
FASLG,3.866842428028817,0.00032506356627799477
CACNG2,-2.4531621537754043,0.017765703420233914
SPATA31A3,-2.433852531675727,0.01863095317852507
SLX4IP,-7.224172558442645,2.984054206155596e-09
ZC3H10,2.258710336225954,0.02838671729070631
CDC42EP1,2.976001277658388,0.004526055585720505
TEK,14.500630209610799,2.3501474311195804e-19
SPG11,5.9232929855198355,3.0716711545057233e-07
FGD5,16.87553671302292,4.704949476932663e-22
C6orf136,-5.923039155357497,3.074433951479635e-07
HLA-DOA,14.468247394504658,2.5694422732048666e-19
KRTAP9-8,-2.280621680656313,0.02695753332736669
PLEKHG3,-6.654462570393052,2.2761768084240415e-08
DAZAP1,-9.143700500927373,3.6043975171097827e-12
ARID5A,4.7799318027304825,1.6382649322852377e-05
AP003068.23,-3.8870103208517177,0.000305126136242524
SLC35F3,-4.2454269192310035,9.689238888150592e-05
KLHL2,9.412110552204497,1.4462032707840582e-12
CNR1,7.252358042282871,2.6991550468759817e-09
ING3,7.078331134939206,5.01722566064877e-09
SOWAHA,-2.6008085553045612,0.012261522505446126
SOX21,-5.953954252297207,2.7554757989089174e-07
THOC1,-5.518995758984077,1.277330657379382e-06
PCDH12,9.841798870866873,3.4088260000735647e-13
SRGAP2,7.354770112830676,1.874935991977654e-09
ASAH1,20.673140538610806,7.536953531692132e-26
ADAMTS18,-3.4810971359351712,0.00105957382010014
NCAPD2,-10.97531831004872,8.378127041686418e-15
GLS,8.157116522479791,1.099967636063286e-10
SPRY2,6.008016027780607,2.2748184220371344e-07
UCP3,2.6631585893671494,0.010445163967023507
MEX3C,-5.582540643216356,1.022056273897891e-06
TMEM232,6.025019820997196,2.141638171465923e-07
HAS3,-5.133157054470873,4.892152266840774e-06
PIPOX,-2.9604861642083002,0.00472340907945261
CLEC4A,9.385703435874804,1.5816017078768367e-12
SSX1,-2.888834093064024,0.0057433585770926415
AQP3,4.0005671886350385,0.00021309577237934972
FAM161B,5.6327073990364696,8.56840089216533e-07
ICAM5,5.9653192461124664,2.646686061086832e-07
MAP3K13,-7.816041753759022,3.654734810513348e-10
GRB2,3.2982651931124445,0.0018164502727822582
RNLS,2.157331754747629,0.03591087212118204
ADAM8,-2.8226030101747916,0.006864741061696947
IMMP1L,-2.106990418890828,0.040260970078915805
CDC20,-11.015904831373067,7.358907885303885e-15
MIEN1,-3.9250464366986493,0.0002706885411780057
SLC23A3,-3.4742006605715487,0.0010816177341833085
HIVEP2,2.175586283985188,0.034438677993884476
FXN,-4.764621928500585,1.7254355895205516e-05
ARL1,-3.387465596524542,0.0013989363604524066
COPS6,-6.327840361995422,7.295710502347137e-08
TIGD5,-7.796820598511,3.911514624426722e-10
CCDC140,-2.0330777544010723,0.04748047933652376
TIMM17A,-5.593935410072146,9.819551825040934e-07
GOLGA8S,8.696640382097176,1.67744345749359e-11
NRTN,-4.45176390371825,4.920227351942052e-05
FADS3,9.782568529808254,4.154989995783713e-13
IL1RAP,-5.869355639725736,3.717898170739784e-07
DOCK8,14.921875589841578,7.448077799570034e-20
NARFL,-2.5508531696335615,0.013920101267661578
GLTPD2,3.5568819787970347,0.0008439195015537901
BTF3L4,-5.234266302216407,3.447836506307206e-06
AGER,15.652150391417258,1.067072890914993e-20
CCL24,2.715220464810072,0.00912126115219893
C2orf83,-2.2373727494346753,0.02984273727328761
NGEF,-5.113864948691106,5.228948706439224e-06
PAFAH1B1,-5.14891854057631,4.632953220174829e-06
KIF1C,17.77592437634437,5.2327488053738375e-23
NRIP1,-2.341685454629912,0.023306729396697822
CCDC69,25.03605091760139,1.4109298801070502e-29
GJB4,-7.374355439080247,1.74881599739797e-09
CNTNAP2,-6.106562687305563,1.6032389620148774e-07
TMCO1,-5.513801223123588,1.3007986403158953e-06
KDM2B,-2.601667239420235,0.012234660578252224
ANXA5,15.153378415447511,3.996171968912221e-20
MAPRE1,-4.204219916976636,0.0001107758914373338
IFNA13,2.3385500331394886,0.02348283073740651
ZNF189,4.025690868645883,0.00019671173095970866
GFOD1,2.8263103571707022,0.00679696197644294
KCNJ8,11.611632034191805,1.1233113452051623e-15
STMN3,-3.2610744919362435,0.0020233001760956376
EDNRB,15.920556983088266,5.304778579547767e-21
TRMT61A,-2.7743006446792653,0.007806907873261067
AC114546.1,-8.903004497126158,8.228123898526059e-12
MYOZ1,10.62254864942279,2.6098124701888048e-14
ZNF524,4.744452913421499,1.8472536541815055e-05
FXYD1,19.94433328984931,3.6425181419138396e-25
ZC3H11A,-4.031607467922265,0.00019303452828780857
ZNF835,5.185353559801818,4.084518850285593e-06
ADIRF,10.499867033718397,3.888782909547765e-14
FPR2,7.93694993316166,2.3855878750131504e-10
PCDHB14,-4.512573916355765,4.020873334994619e-05
SLFN5,3.507204662837564,0.0009799416736228448
CHERP,-6.057260582253259,1.9100590844145697e-07
CPN1,-2.912442836875362,0.005386604947466841
NES,9.45366277896119,1.2564293303094467e-12
AKNA,10.738386759189991,1.7939862551292572e-14
EFNA2,-3.5370065490044067,0.0008960225634615397
SLC6A14,3.845893937383548,0.0003471008203104459
GPM6B,4.948793521941111,9.219390259634226e-06
TEX30,-5.484381277237712,1.442001085884689e-06
PARL,-7.666893642343075,6.193450160291246e-10
ZMYM2,-5.023188086595641,7.14429574149951e-06
NUFIP1,-4.222539571911967,0.00010437997934454601
HIC2,-2.428791524601563,0.018863932230546214
C16orf3,2.5050807803764306,0.01561637524651781
ADAM33,7.915546545750812,2.5725273084830864e-10
CXCL17,11.811794026192167,6.034999330069308e-16
PSPH,-3.3953871355928333,0.0013666334371815355
SKP1,5.692840854941452,6.933738507876181e-07
RMND1,-2.5699959158619956,0.013261789999145087
WDR5B,-3.0328104644901632,0.0038672599392622635
CAB39L,9.76927665605313,4.343961124699934e-13
OAZ2,4.9649588936559566,8.72319334036665e-06
ARL13A,-2.507714501650745,0.01551390508768033
RP11-474G23.1,-3.1369363247478153,0.0028866737789662116
HDAC7,10.926255131080108,9.803195256864643e-15
HIST1H2AJ,-6.153028769305535,1.359170121836813e-07
TSR1,-8.49416671864398,3.387374186765691e-11
SLC6A2,-2.7168776987204453,0.009081772132811066
SPRYD3,8.051678474703678,1.592953061054127e-10
PEBP4,15.006167285717343,5.933013564634073e-20
ONECUT3,-3.204044659228942,0.002384241724674307
SLC28A2,2.837017452353122,0.006604675358912036
GIT1,-5.205473246908806,3.809672990605215e-06
MVP,12.20041244357234,1.833267711911716e-16
TTC27,-7.887002713273755,2.844959131110619e-10
DGAT1,-2.2926852065322194,0.02619832006472274
CLPSL1,-3.0708042895356207,0.0034779727949414674
RBM23,5.1946497375447445,3.95517697557434e-06
TPSD1,6.002844037246161,2.3169388954432855e-07
SHOX2,-6.158180803498104,1.3344993630873896e-07
GCDH,-3.1200700007809843,0.003027781143277746
GTF3C3,-7.998128152064028,1.9231731463939963e-10
PPAPDC2,-2.204106788277815,0.03224486698557101
DNMT1,-6.033095188139517,2.0811355188049791e-07
DDX11,-9.616132566909029,7.262389639004573e-13
LRIF1,-6.89772773250444,9.554230001386867e-09
UBE4A,3.6955543273550067,0.0005531976539672046
HHLA1,-4.755499999117508,1.779521601509924e-05
OR9A4,-3.359883852510546,0.0015171638497518546
SYDE2,8.74008910495397,1.4433372588966413e-11
TMEM140,10.81339569172411,1.4086369854412718e-14
TSTA3,-5.868199071849183,3.733142522618805e-07
GRIA1,9.969764407012123,2.2258373904188083e-13
SNRPC,-8.027030982414653,1.7371962201529886e-10
CTC-273B12.7,-2.527297115181196,0.014770930514345313
MELK,-9.472589348171452,1.1785266867763379e-12
ARMC10,-7.343762294683548,1.9497857360970974e-09
TNFRSF1A,2.807250545009593,0.007152135515056174
EXOC6B,-6.960549784775678,7.635984089897712e-09
DBX1,-3.9062787589648833,0.00028718334940050814
U82695.9,-2.436727120014471,0.01849978245202207
TMOD1,13.686450097586512,2.3013091091036067e-18
FGR,18.42680452593424,1.1248920187542759e-23
ULBP2,-5.063956318918243,6.2100201985586975e-06
RNF130,14.522848196114277,2.2107743226306124e-19
FAM13C,13.857151347872117,1.4167948059790658e-18
MINOS1-NBL1,-4.2165756517669735,0.00010642169117443328
PVRL1,-10.68857191456423,2.1073433305894844e-14
RPL39L,-8.305591283993405,6.539544444334546e-11
SIGLEC14,9.65204290424769,6.436325203233789e-13
SSX4,-2.0737865341525685,0.043376287390986666
MARVELD3,-8.192792740476127,9.706141668204915e-11
MAP6D1,-5.126441534426745,5.006888693014392e-06
PDIA4,-9.40606209889151,1.4761445959553453e-12
PCDHGA11,12.184554599586848,1.9238677608507824e-16
IL1R2,-2.492153206574179,0.016128302614310842
WTIP,5.948606495282179,2.808194134495338e-07
EDIL3,6.982020588401662,7.073037426930329e-09
RASL11B,-3.943932286207335,0.00025501525985340587
CCDC82,6.242078119605559,9.901396298249583e-08
IL17RE,8.5360226928311,2.928432403387818e-11
WBSCR16,-6.1007834609803915,1.6364986897401365e-07
NR2E1,-3.183517376896058,0.0025284276842025837
DDX21,-2.3677114386655576,0.02189000047669896
GABRQ,-3.2811126585385937,0.0019092313192131246
C8orf82,-4.794756063843515,1.5579858191662714e-05
ZNF439,6.159756808031179,1.3270420793335405e-07
KREMEN1,-8.011519124321554,1.8346405728188487e-10
GLE1,-3.4720027088955514,0.001088734656192875
NEDD1,-2.5917428763639845,0.012548424499361506
hsa-mir-1199,5.748870249004719,5.690843992863313e-07
C2CD4B,2.9633182742568644,0.004686795698185922
COMMD5,-2.8086667224993898,0.007125166160665376
ARL15,4.234869712153979,0.00010027889260617242
FSTL4,-5.368286306678589,2.1633894829913497e-06
PTRH2,-6.001534778353802,2.3277239705563437e-07
KANSL2,-4.14189789144554,0.00013551457399362603
EIF2B2,-5.25038988182688,3.260267605312493e-06
SMEK2,-4.466009726574524,4.6933666045945914e-05
STK17A,2.2340325756177686,0.030076556744294478
IFIT1,4.240683279320926,9.840004456579351e-05
ARHGEF19,-8.152411726189474,1.1182741621435191e-10
ZNF335,-2.737852087994584,0.008595402155523893
BMP8B,-3.9049993081992507,0.0002883425091607643
SHISA5,2.831767840719036,0.006698313362981834
RNF24,-3.6835318041625666,0.0005739983523148891
SENP3,-6.219102713319739,1.074500607977454e-07
KRBA1,-5.928750512335933,3.0128626891363174e-07
ST18,-2.3578267114397673,0.022418722228101685
SCN2B,7.361768750077236,1.8288532420742912e-09
SNAPC1,-5.283650449383957,2.9046109887530764e-06
ACOT2,13.273197976660565,7.559680463098066e-18
TMEM11,-2.440657121302022,0.018321799941504822
TCEB3C,-2.0164889693330217,0.04924710165536658
DUSP23,-2.0566721991123655,0.04506252505644449
DUSP6,9.851771417453396,3.2972250267206733e-13
RP11-187E13.1,-4.195627245207867,0.00011390555259989
DYNC1LI1,9.305563835520422,2.0761383930116017e-12
THSD4,3.3139707987845335,0.0017352550709186846
TMPRSS2,13.26239391412651,7.800675942421905e-18
ZNF251,-5.19232935369202,3.987077711983249e-06
SLN,3.582394081882475,0.0007812736008689439
KRT78,-4.048196389777276,0.00018307585091120659
PTGIS,5.7443511689214395,5.782301412916097e-07
PID1,19.07454665557816,2.535806575627568e-24
TACC3,-12.044312682236324,2.951601830741957e-16
ARHGAP8,-3.6665520257483726,0.00060465820736343
KDM5D,3.722231477863278,0.000509595211509444
BNIP3L,2.8023482619094167,0.007246224414749366
FAM101B,7.5237961858087585,1.0285485250009782e-09
ZFYVE21,4.66375063285736,2.424905681446071e-05
CDKL3,5.872336021623881,3.678899282702769e-07
NPC2,13.718513494007368,2.1003178716060714e-18
TTC39A,8.210137856294264,9.133692241056692e-11
GNRHR,-3.649949227978433,0.0006361521563664818
VPS18,4.292314106036002,8.314945304253961e-05
SPAG17,2.295156683993303,0.0260451499983669
ZNRF2,-4.301422334735457,8.070927498680491e-05
RFTN2,5.480738373336495,1.460509445413649e-06
TXK,9.715558579969045,5.200450052088983e-13
NR2C1,4.109342319891685,0.0001504914773367096
RNASE3,3.317847625462959,0.0017157484360024785
ACAD8,6.211937880353963,1.1022459589132138e-07
CAV1,13.468126615451943,4.302338231725987e-18
DOK4,13.228517321777748,8.608100084218334e-18
FAM187A,4.706959118685307,2.096542563982322e-05
SLC26A10,-3.256778807721847,0.002048578716988209
NUDT13,5.94078013037914,2.887160156622932e-07
ZNF207,-8.038073491982932,1.6710155565278966e-10
SYNGR4,-5.11152959661454,5.271239646380056e-06
SERPINB10,-2.13174838694803,0.03806709998475974
FICD,9.819347488670356,3.6742529807111775e-13
MTERFD1,-9.182638331269816,3.1556506402689998e-12
ETV2,-3.6069268603653333,0.0007252451808829989
FAM129B,6.4510055666974235,4.703503496286243e-08
PDCD5,-7.381654864658419,1.7040195443585543e-09
DNTTIP1,-4.003436318164762,0.0002111599355157884
SYCP1,-2.1953409666721906,0.03290562510850565
KLLN,-3.0957584882404188,0.003242621930734512
EGLN2,9.11750509851057,3.942021142990357e-12
SUN1,-4.835027822817828,1.3588977592782685e-05
PPP1R3A,3.148611905910006,0.002792642159535459
SIRT1,9.00540354776323,5.787378849758597e-12
SLC12A2,3.5149022814587862,0.0009575745481027318
TROAP,-11.585184306878539,1.2198888568626645e-15
NUP37,-10.14695629978686,1.237588297174638e-13
IL12A,3.6864969421918854,0.0005687995924085397
CTSW,14.041567847217092,8.422958089127399e-19
PALD1,9.052261483890888,4.928410370225374e-12
KLHL4,2.123551653703751,0.038781546760749436
SLC27A1,7.843011045384746,3.322742091810395e-10
MS4A2,13.020668115598895,1.580268361595504e-17
ARSK,2.995119378146504,0.004293459373345621
AP1S1,-8.094887275630066,1.368527665753156e-10
TXNDC11,13.044299019628243,1.4744037631184497e-17
RCHY1,6.289344707139259,8.367856035698157e-08
EIF3B,-10.108391537145748,1.4057802240719996e-13
ZNF136,6.677371616786874,2.097495916168431e-08
CALU,-6.3548351788605215,6.626716819942792e-08
NBPF10,3.635109724319585,0.0006656269978866316
EDC3,-6.570149757628641,3.0751110959729745e-08
COX10,-4.179544060154836,0.00011999596342928095
FZD7,-4.981261615531005,8.249425593530443e-06
CD52,13.435553792400277,4.7257066466594544e-18
LTBP3,4.878648489778785,1.1714225758150467e-05
TBX2,10.930829823702908,9.660532649862268e-15
NAT14,-2.628511003252594,0.01142154594767279
SLC35B1,-4.824618803133342,1.4078212384325684e-05
CHGB,-2.623622299651178,0.01156584386530803
DTL,-9.904772977628081,2.763139835705442e-13
AP1S2,9.392148996072951,1.547415772782255e-12
B3GALT1,2.3184454227061804,0.024640560904360412
SIGLEC9,13.483880480446487,4.1115972175754486e-18
MYL6,9.753451484609604,4.580311158438362e-13
FAM73A,5.226005304039596,3.5480284479291245e-06
KCNS3,3.678543744633058,0.0005828469023860954
DHX35,-5.672825239899074,7.440194473728907e-07
PHF17,11.490669811478897,1.639262258563667e-15
POLR1C,-5.418480124039706,1.815753854023138e-06
CMTM8,12.092519529990904,2.547053612284967e-16
DFNB31,-2.6316911340014286,0.011328565441231552
FOXS1,3.213882727205438,0.0023179211874301184
ARL3,2.3110076499342056,0.025081617785165985
GSS,-8.25824352117286,7.717577763205934e-11
SMARCA4,-5.919574025286505,3.1123979761154416e-07
HSCB,-3.7722458500770766,0.0004365845362199549
CYP7A1,5.4667166071790385,1.533970999386505e-06
HSD17B10,-6.897363028809778,9.566670030775274e-09
CHST2,-4.001072750180365,0.00021275342200126644
TTC9B,-2.2063243766719762,0.03207957602885517
ITGA2,-5.869891580338699,3.7108551039964374e-07
RGS13,8.644458092577304,2.009797176958871e-11
ESR1,5.861060328467483,3.828620848566692e-07
MYOZ2,3.8677662432370976,0.0003241234706046291
SHANK3,11.433501808902387,1.9611538673787257e-15
CLEC2B,3.5423016302829846,0.0008818489712288577
MCPH1,2.387024230058343,0.020889145186704348
SNRPB2,-4.733716864617648,1.9155002892973176e-05
C1QTNF5,9.629705430189155,6.938265250825229e-13
HDC,8.13063463553908,1.207085881277159e-10
CCDC30,6.1980584242705525,1.1580406285406856e-07
EIF5,-4.64952028053896,2.543704986803207e-05
TBC1D14,-2.719966467424156,0.00900859165106778
AMDHD1,-2.0111426854725116,0.04982844000571292
OR10S1,-2.2285938945149977,0.03046074984570554
LRRC49,3.516612004047454,0.0009526731306158651
ZFPM2,5.929323928863269,3.0067491260136415e-07
BPHL,-6.179083640527011,1.238899212793515e-07
LY6G5C,12.811728431964042,2.9264236263617435e-17
SNAPC2,3.8536926090361807,0.00033873358269064294
TRIM49,-2.217839939602327,0.031233228071447055
TMEM86A,3.143248091386121,0.0028354770036918835
TRIM63,4.672950733425596,2.3510130855213384e-05
CD300C,13.9076557108395,1.2282232230760956e-18
ECSIT,-2.618129331204108,0.011729965431749907
FNTB,-5.725817969998377,6.17289225724282e-07
SH2D1A,4.221131233729849,0.00010485865265431615
RHOV,-7.711214886387705,5.294196701157446e-10
AC012313.1,-5.051625325940386,6.479120618312352e-06
C5orf30,-3.931264081395593,0.00026542852321396055
MLC1,5.76419192294392,5.391322870668668e-07
WDR49,4.482631926388792,4.441562188651678e-05
ECT2L,4.206874322367769,0.00010982610451638993
USP21,-6.864887627565215,1.0741957230752515e-08
CANT1,-6.729933386313765,1.738748970041363e-08
AGAP3,3.500351273199125,0.0010002744498353803
CD3D,3.4064730902648273,0.0013226149369006818
ACADVL,5.273758632578025,3.006176576221311e-06
AC016586.1,5.794329579747309,4.847102285457824e-07
FAM69C,-4.141454492865539,0.00013570848528759262
SHFM1,-7.7875943155774365,4.0411359464855453e-10
RUNX2,-6.5242832205582975,3.6217857578903633e-08
MRPL17,-5.42661939028519,1.7648484398583325e-06
ALDH1A2,6.524681201330474,3.6166477779276635e-08
METRNL,4.167946604997821,0.00012458282852103827
ID3,6.756926638739045,1.5790657975748768e-08
COQ10B,3.8119476528894887,0.00038590016057002836
HCCS,-4.233829927733548,0.0001006185921620668
OTUD6B,-6.114438690767086,1.558993453256913e-07
ITLN2,10.40198489052021,5.352909091362558e-14
FIBIN,7.497595113476923,1.1287794340360208e-09
ZNF148,-5.006442106251143,7.567016577599968e-06
POLR2F,-6.4064617473798995,5.513033222972032e-08
KLK12,-2.838525146337814,0.0065780075090346
C12orf43,2.2371717574826095,0.029856761470399208
RECQL4,-11.50873750579132,1.5490953312333544e-15
PRR5,-6.988907713620315,6.9014168731708185e-09
TLX3,-5.61730303945709,9.045344135215766e-07
ERBB4,9.895408972418009,2.8506989317388633e-13
MEMO1,-10.986961939595803,8.07191175699938e-15
AAMP,-6.35960367726242,6.51507005376473e-08
LRRC57,-2.7804265366102023,0.007681133961788131
TAGAP,9.171181040700622,3.281500815424197e-12
ZMAT4,-2.3209475743730352,0.024493748624914987
PRPSAP1,-3.5557245311952683,0.0008468725985376859
TMEM65,-7.7130417439169845,5.260085429119499e-10
CHRM5,-2.071519765995297,0.04359642315971823
IVL,-4.577969832008328,3.232976158091293e-05
TUBB3,-5.109255150737273,5.312751854662758e-06
JMJD1C,9.877101782374877,3.0300687550441453e-13
VPS37B,3.365166156048482,0.0014938111580657559
PRDX2,-6.42173715146494,5.22085178481808e-08
TP53INP2,4.966005268447671,8.691996626428283e-06
SLC16A9,-5.598281267107044,9.670754111775016e-07
ANKRD36,-2.326371034799575,0.02417820916214936
RSAD2,3.471737531625057,0.00108959630568311
TCERG1L,-2.071339198951142,0.043614000567387304
SYT5,-3.405623971290276,0.0013259382438500045
CLDN8,-2.708721652848667,0.009277645758697738
AC106876.2,4.268620268270499,8.983861058100058e-05
TTC12,4.086136918233213,0.00016213452404178225
FXR2,6.7677202898586515,1.5193972221485875e-08
CDK14,3.1699547789806966,0.0026281605275561906
TICAM2,5.392627481865447,1.9872786270342126e-06
ZNF441,10.741830288895205,1.7741529807799955e-14
LTV1,-4.319914872623415,7.596762270535855e-05
RANBP10,4.24148830713865,9.814258725805324e-05
CACNB1,8.012677176210468,1.82717957793928e-10
HSPA4,-5.926716039216259,3.0346534243685586e-07
HOXD9,-3.627553327449818,0.0006811342436835701
NR1H3,6.031301967481636,2.0944221119415443e-07
XDH,-4.022886982303165,0.00019847796121370628
MBIP,17.065292809302555,2.941233611902397e-22
MPRIP,9.943336538734927,2.430267474321679e-13
TMEM42,5.6076092261317045,9.35888189013076e-07
FAM193A,2.33294698718505,0.02380049252419262
SPRR1A,-3.4182049535393673,0.001277501534705279
LRRC56,4.387300770551688,6.087892774451757e-05
WBSCR22,-5.878867109540165,3.594854818966167e-07
TADA2B,8.491802467616099,3.415361278178726e-11
BRK1,8.364207692490705,5.3285024764869576e-11
STXBP1,11.890401520696717,4.735076208382743e-16
ERG,14.426900502024429,2.87996319641169e-19
ERP27,6.096173764039585,1.6635196012928602e-07
TMEM171,-4.2578314366471695,9.305533720562937e-05
FREM3,6.925416233836482,8.655553164401078e-09
C1QA,12.624196900613267,5.1119087291361473e-17
PPIH,-6.948424938668108,7.973486320735842e-09
SLC39A6,-9.757732207345876,4.515124834200819e-13
FAM47E-STBD1,8.932477657827283,7.434782666584844e-12
CHRNA10,5.422610899636322,1.7897396999606212e-06
DPEP2,20.51657382512113,1.0532897681221039e-25
CACNA2D1,-4.089953125001546,0.00016016153298289087
ASNSD1,4.207477774973272,0.00010961128682582289
DNAI2,4.879821602249188,1.166749017233242e-05
CCDC86,-9.40070193894683,1.5032014816157353e-12
FAM175B,3.82967021442998,0.000365150253515276
CDC6,-12.35937142075499,1.1324195344912962e-16
SH2D2A,-3.8775555981856513,0.0003143213511532328
HPRT1,-9.152153944214458,3.5017933900237794e-12
TRIM50,5.410317903382382,1.8682618939207842e-06
PRKG1,12.014503308550053,3.2337795462240765e-16
NIP7,-5.482823914022681,1.4498849199698188e-06
HRH1,4.209917493090608,0.00010874694954272786
RP11-162A12.2,8.162315244346813,1.0800896952291675e-10
NEK2,-12.409542626652621,9.733439148899644e-17
SUSD2,19.891508100785263,4.0903181383207813e-25
SEC14L4,8.81410714891593,1.1177377316347059e-11
RGMB,4.0662041600198915,0.0001728288802255964
REM1,7.2297024557613145,2.9258751018539714e-09
RP11-169F17.1,-2.927644776916038,0.0051679186263884815
TMX1,-6.183900056598674,1.217856886789654e-07
APOO,-5.151999966193051,4.583886042316129e-06
RANBP3L,8.507620677252413,3.232452257252037e-11
TTBK2,3.4203919410681554,0.0012692552491246646
CCNY,3.2214783647215492,0.0022679125240611946
FUT7,3.7556038200628303,0.0004596837058915176
HLA-B,10.078356201959808,1.5526475839056372e-13
CLIC6,3.707332118739543,0.0005335231214763985
MRPL38,-5.359908809153123,2.227504326296802e-06
RP11-723O4.6,4.7795046259604845,1.6406374728141893e-05
PDCD2,-4.745440839712477,1.8410948651297394e-05
WFDC6,3.8638393105264113,0.0003281378103175368
OXLD1,-6.071607855707288,1.815189970438272e-07
CD69,7.964461642461415,2.1652102918867931e-10
E2F3,-2.3387065055806904,0.02347401430422127
PDZD11,-6.87605855708463,1.0322213782602273e-08
CD59,9.598738850718277,7.700226046557844e-13
NCSTN,-3.1436185020907397,0.0028324991821792765
IFIT2,6.454048690723833,4.652741700232121e-08
MKRN1,-2.198112764928241,0.03269540961256721
MRVI1,7.990667268851219,1.9743508987281533e-10
ZNF229,-3.2826697928035857,0.00190062684653043
NEDD9,17.17586553265142,2.240741333720118e-22
PPM1L,-3.630659870284053,0.000674717553474684
INMT-FAM188B,8.060785776196543,1.5427572183659854e-10
RP11-152F13.10,-2.330244095118145,0.023955100942507145
HOXA4,4.348788465298844,6.910200700770846e-05
CELF1,-5.110180017648179,5.295832825244924e-06
CMTM7,10.170951910149254,1.1433561746802706e-13
NAB1,-5.224375514799997,3.568132004770455e-06
AIMP1,-2.585826289297673,0.012738956901012644
ROM1,9.298347144424438,2.1277063718596265e-12
ZNF468,-2.44383318997714,0.018179092074984856
TRIM48,-2.265772909130169,0.027918872376308874
GHRH,-3.2936848696976466,0.001840799290122511
ZNF222,2.6843116567711434,0.00988731475709852
ACSS3,17.479041201885558,1.0697221858747577e-22
RBM14,-6.354347386833472,6.63824475584483e-08
DTX4,11.226924615308148,3.761781540359704e-15
ARIH2,13.086828670339003,1.3016539574319834e-17
ZNF208,7.311134113218019,2.189725796828326e-09
MXD4,12.400649224516535,9.997913920246772e-17
C15orf43,3.1998656592874095,0.0024129515708471772
AC131971.1,-3.31331463158403,0.0017385773658654881
C5orf54,-2.1533390410873015,0.03624015491147874
B3GNT5,-4.189194197272201,0.00011630470446523642
LGALS8,-2.043417020397085,0.04640740329179966
VAX2,-5.836043809790545,4.182767463153771e-07
ZNF429,11.643054903242444,1.0185744385372717e-15
WBSCR17,3.182990615836965,0.0025322337197788724
PAK6,-8.675328235907843,1.8059137312873606e-11
MEIS1,4.716275231466747,2.0316822128276203e-05
HIGD1B,11.659645088650109,9.673255894674208e-16
HSF5,5.1250589418661985,5.030838107514756e-06
LAMC3,7.5404794268536195,9.69433647800275e-10
PDHA1,-6.714141506277976,1.839554256139973e-08
AL162407.1,11.476373369994771,1.7143644362879613e-15
USP10,-4.081029152562151,0.00016481216423118512
AC132192.1,-3.310884322583109,0.0017509350453608274
ZNF474,4.996488018835644,7.829864955949525e-06
MFN1,-8.330535919887769,5.99352414813377e-11
TCF25,5.124937508104248,5.032946986681449e-06
AP002884.2,3.4515410616014828,0.001157165315076976
GPS2,6.1397255515199145,1.4249947054092942e-07
KIAA1875,-2.3520428676779113,0.022733373009895787
CTD-2616J11.4,-3.4795692739725013,0.0010644202358236752
KRTAP1-5,-2.7708179147449448,0.007879258830422635
KRT80,-5.441148450525461,1.6774666656326454e-06
TMEM161B,8.919338025889084,7.77846759962389e-12
SFPQ,-4.32358702436765,7.505888876172276e-05
HERC2,-3.6953326452369626,0.0005535745642825924
TREH,8.212778473824576,9.049573384143647e-11
TMEM41B,5.417166204384297,1.8241066427352928e-06
SEC14L1,8.090753654484852,1.3885455021560855e-10
FAM170B,4.528171255146838,3.817425123737671e-05
AKT1,3.1175864969660703,0.003049098335894643
H2BFM,-5.457587818064165,1.5837522680837286e-06
VCX3A,-3.3340641945186116,0.0016363836654979893
GIMAP8,13.799943790963134,1.6662279035768864e-18
GAPDH,-11.40775391264357,2.126376653245619e-15
CLN3,6.6573607490093485,2.252757319136132e-08
PSME3,-8.890311782151011,8.595580891617666e-12
TCOF1,-8.629560143184506,2.1163396229919307e-11
IRF2,4.783875795617636,1.61651852457608e-05
UBA1,-4.080120292230213,0.00016529308682228553
GAS8,6.381903014419499,6.017370054148114e-08
SLC35C2,-2.778019643191936,0.007730326263016381
NT5C3B,-4.629070112616678,2.724474170304121e-05
ZNF532,-5.961633619335804,2.681489703714733e-07
SLC10A2,5.038878070050274,6.769384527608838e-06
POLR2K,-2.8760688616246015,0.005945283946305299
NOP14,-6.078863884967042,1.769011979330046e-07
PCDHGB4,4.95711569039711,8.960567218960036e-06
R3HDM1,-9.461368611599205,1.2241028900958138e-12
MKS1,-4.6570598503311675,2.480069111208612e-05
KCTD19,5.324487189923213,2.5200167725982834e-06
ALOX15B,4.995399657064195,7.859144035217298e-06
ZFAND2B,5.412850771178175,1.8518089947650226e-06
TNFSF13B,7.250815195018905,2.714019739792816e-09
LAG3,-2.183482474760858,0.03381850713098508
SPATA2L,7.214708765853856,3.086324867238869e-09
NACA,-4.004009700726476,0.00021077511266842368
CDC42,5.903847024506304,3.2906469228440845e-07
IGFBP2,-5.143959996397248,4.713000909995811e-06
ZNF205,-2.28879608087122,0.02644097418482016
PRDX4,-5.568326474425175,1.0743620811490156e-06
SH3GL2,4.130031933318948,0.0001407977790476856
TNFRSF11A,-2.0594547583247036,0.04478454587691584
SYT16,-3.321499470437838,0.0016975640496497916
PIAS1,8.023596319079143,1.7583138466071566e-10
ZFR,-6.728889466287285,1.7452387696851548e-08
ZNF286B,-6.124963985126563,1.5017577269556072e-07
TRIM52,7.554801639859379,9.214127450289348e-10
DENND2A,13.001447831775165,1.6720420781837318e-17
ALDH3A2,2.913040202526067,0.005377851477129671
DCAF15,-4.817742003960255,1.4410879963392413e-05
NETO1,-4.604397457142338,2.95937101932615e-05
ANAPC16,8.55678749203826,2.7245391060319466e-11
TBRG4,-12.032003230614242,3.0649673487544626e-16
CARD18,-3.4269959308945017,0.0012446603980388958
FLG,-3.286829303937708,0.0018778216709306721
SLC35F5,-5.355328787932,2.263347207043178e-06
GOLT1A,13.791528225232115,1.7065125816661303e-18
MS4A18,2.9836357322421496,0.004431795981431515
TESK2,-3.199929550307886,0.002412510193426187
GCNT4,7.969546600825848,2.1267778647680984e-10
RAB10,-10.02912743336586,1.8277133003573087e-13
FOXG1,-2.5525638818427483,0.01386008278303793
APH1B,15.153419029311909,3.9957376792411385e-20
CCAR1,-7.363112005500745,1.8201393653345243e-09
RNF182,3.3035225710129854,0.0017888780548283205
GABRG3,-3.3297733370374774,0.0016570378059390942
MTUS1,6.532703435639186,3.514618163950163e-08
ISCA2,-4.091321818877795,0.0001594596015180459
CNNM3,3.2201811367080824,0.002276380546726665
NDUFA8,-4.829178761064273,1.3861795403429602e-05
FAM65B,6.7671796928724985,1.522331338224678e-08
ATP2B1,-2.50768152809122,0.015515184210904765
TICAM1,2.7253306151513255,0.008882790230593811
MAPK3,13.011526436902285,1.6232631840853106e-17
PVR,3.7406360419684965,0.0004814590754378178
DYNLT3,-2.08759041192732,0.042056517881978554
NR3C2,19.722399073857922,5.9383721986683965e-25
ERCC6,-2.4574606206820424,0.017578100792043836
TAS2R4,3.002705163179792,0.0042043024609355545
STK40,8.301563691606411,6.632287687805375e-11
RTDR1,2.545309311325966,0.014116229979191108
C17orf66,2.1001978734480997,0.04088187668091425
CBFB,-4.828459118211884,1.3895731320343246e-05
PPP1R14B,-11.30852423297158,2.906486767992978e-15
HIST1H3A,-3.212324355257409,0.002328309162588345
DCP1A,11.842477085901786,5.489267078604231e-16
MLF1,-3.192131167021179,0.002466949999432232
PIK3CA,-5.676546141220125,7.343344001260231e-07
TOM1,8.927472612604381,7.563853026873792e-12
RWDD4,-3.6471677364846884,0.000641579867024568
FABP5,-2.8600166822339554,0.006208562074145867
ZNF670,-3.3517306662031103,0.0015538899179684952
PPP1R32,6.230885458696233,1.0303783214883233e-07
DPAGT1,-2.75270823934869,0.008265550564939871
PRSS48,3.4337122186477593,0.0012201128504205079
NDUFA6,-3.389266485311499,0.0013915294808328014
INPP5K,17.25795322980052,1.8324921332695264e-22
MYO5C,14.732225952459936,1.2462131042021155e-19
RGAG4,11.386245543377475,2.2751657235314647e-15
LMO3,11.383238501415486,2.29679193425043e-15
CMPK1,7.761587093836909,4.4302264036027853e-10
MAP2K6,-3.3761370942766438,0.0014463953880865157
FAM78B,-2.0388535779889767,0.046878405314762235
ELF1,7.4082945550446295,1.5500790875302928e-09
TAT,2.621651497196029,0.011624485348465345
F2RL2,-3.690657510458842,0.0005615810125460651
HIST1H4H,-4.827536776457163,1.3939345214539893e-05
IAH1,-3.207669930256346,0.0023595973563646324
CDK5RAP2,-3.321599501374996,0.0016970685247451667
RPP30,-4.509802780517424,4.058112129126956e-05
C11orf49,2.4304026233803997,0.01878948331425224
TMPRSS11A,-3.6112774358603237,0.0007157194497778314
LIMK1,-6.59321144104444,2.8322160730243265e-08
DDX49,-7.736187840911845,4.846544959841835e-10
KCTD13,-4.984361967698081,8.162238736787969e-06
PSMB8,5.441383153716929,1.6760908403258076e-06
CCDC121,3.839609341740647,0.0003539882084582195
ATRAID,-2.8265223897261453,0.006793104319051325
CGB1,-2.4241447083391066,0.019080153465179158
FPGS,5.303440821546601,2.7114827224598965e-06
INTS7,-8.842275652584174,1.0142562872166364e-11
RFWD2,-5.5047345837526835,1.342787980608629e-06
LMAN1,-5.837147690787182,4.166475023414605e-07
KLC4,8.519816697381216,3.098190031622317e-11
RRAGB,3.1954140786886676,0.0024438925851973884
TRIM35,3.6784439792977053,0.000583025208686338
CHMP6,4.616868429985551,2.8382633715627958e-05
MTFP1,-6.3251554362270745,7.36582576137766e-08
ITM2A,14.959687692167359,6.725013477955879e-20
DNAI1,4.852235315701874,1.28166004043274e-05
CTB-186H2.3,3.2993060245478807,0.0018109598979839786
NAIP,7.9659140565018705,2.1541621514477805e-10
ULK4,6.024145181859701,2.1482953547841472e-07
SRPK1,-9.936082482762641,2.489630649003587e-13
CD7,2.3884721431293485,0.02081579188600887
BCL9,-5.763486897040796,5.4047551959166e-07
SOX4,-5.78560228404438,4.998826504712883e-07
DSC2,-7.296409653060012,2.307497566559141e-09
HES1,-4.324589213798116,7.481272593419873e-05
USPL1,3.4626569730599117,0.0011194973258602866
FAM131A,-3.9304181623140297,0.0002661383095320704
FLT1,8.432907136245081,4.1929877156938384e-11
ACAA2,14.445919144186206,2.732655364717852e-19
IL17D,4.871383657263051,1.2007776066471266e-05
VANGL1,-9.062218046529205,4.7631414144238664e-12
PRF1,10.753547212965243,1.708315438032749e-14
ACSBG1,4.15127535698131,0.0001314759662903911
BTBD18,2.98835393534867,0.004374462204746995
HHIP,11.713227284889166,8.189675614416649e-16
NIPBL,-5.08407184412301,5.794495278017103e-06
UNC93A,-3.979059814740393,0.00022816388850380894
C3orf18,9.847820371063973,3.340991976677424e-13
ASAH2,-5.0098906770197145,7.477996083358051e-06
DDX55,-7.431749176908929,1.426134404037517e-09
RP11-343C2.12,-3.0082831110405466,0.004139851454083737
RASD1,4.092435760750125,0.00015889052159985033
MRPL36,-7.825449985162189,3.5352931683784283e-10
RPIA,-4.768770127964832,1.7013769083642306e-05
BEND2,6.812352967460677,1.2956795595372284e-08
ATP12A,-2.10271287515086,0.040651011906936534
EPG5,2.078780248811764,0.04289473847429362
PCDHGA6,5.263543620579584,3.11474389251173e-06
TMX2-CTNND1,3.1868441577325495,0.0025045148012479805
LCOR,-5.995141204227586,2.3811131954909117e-07
NOP58,-5.042530131044989,6.684939407246173e-06
ACVR1B,-3.4477883456593235,0.001170152303677527
RCCD1,-11.241850412834497,3.588184216114804e-15
IER2,6.180612339045457,1.2321815691858004e-07
MTFMT,-3.7726302506291916,0.00043606440897906167
RP11-432B6.3,-2.130502049331139,0.03817498456787322
SERPINF2,6.504331324502178,3.888931089727617e-08
SLC47A1,6.4637830703828385,4.4940083307142155e-08
LY6G6F,3.9520610304075956,0.0002485425378039107
ZNF282,-6.7928929081015585,1.3888560874217164e-08
RP11-17M16.1,-3.874179855774281,0.0003176687475291237
OR52K2,3.511299535328207,0.0009679817793201214
ZBTB47,16.66835729750986,7.892055015312558e-22
RBPMS,16.16949893026754,2.794223684848586e-21
NSUN2,-10.562323414826702,3.173470078677614e-14
ZBTB1,6.767494517360932,1.5206219247418705e-08
FAM86C1,-4.97959128347436,8.29677745228978e-06
RP11-57H12.6,3.753497835976321,0.0004626892583532654
OPRL1,2.380914410697544,0.021201240830434107
FAP,-4.955154968764419,9.020894867511489e-06
PLEKHB1,11.035173607757981,6.919910633618522e-15
SEC23A,-3.3603312523598077,0.0015151725709714005
F10,16.468914267055645,1.3040962783059381e-21
PPM1K,11.79433756165981,6.369707874904491e-16
COPS7A,-3.6188655286573335,0.000699391041120542
RTBDN,-3.7872720686871664,0.00041669061031124343
ZNF701,2.3417093981696375,0.023305389163159503
C14orf180,8.487205814557367,3.47044314033771e-11
UGT2B28,-2.601931686803711,0.012226398789132096
PPAP2A,5.551833714607171,1.1383857026776014e-06
SPC24,-11.584194939014521,1.2236606629528974e-15
CCDC141,6.905812750866356,9.282570434380007e-09
OXCT1,-6.186789904030256,1.2054028373944757e-07
ZACN,-8.04873986052596,1.6094975976782556e-10
UBE2L3,-2.8531699145848304,0.006324116739993265
ABI3BP,14.384470662814026,3.238363116982296e-19
MC1R,-3.5116816380785405,0.0009668729051423815
OAZ3,5.721463020103271,6.268409911281523e-07
LSP1,4.635652652795777,2.664955741068486e-05
HLA-DRB5,6.347500546002205,6.802182606091031e-08
PIAS4,-5.366606504779556,2.1760973348364777e-06
TOMM5,-5.445424797716595,1.6525733068226894e-06
TNFRSF10B,3.1462498947301025,0.002811429335287544
CEACAM3,7.193777151496805,3.3251780292696558e-09
DDX43,2.836006252343806,0.0066226173988203916
KRT13,-3.8749522901350053,0.0003168997787442327
ALS2CL,9.550139257530383,9.070257022824451e-13
KIF2C,-11.12052290755282,5.272612037008431e-15
C2orf27A,-6.469959881549868,4.396101943596887e-08
METTL9,-6.44476461938501,4.8093436938166896e-08
NFIX,9.48254201157489,1.1395366784326954e-12
CHRNB2,-5.130642452006646,4.934807880647539e-06
HIST2H2BE,-3.0279871678505677,0.00391950089306257
UPF3B,-7.306216529381969,2.228372337085036e-09
IDH3A,-3.1981656863623282,0.0024247234830609313
TRIM3,11.112245407553525,5.413266883618549e-15
C11orf54,12.192496986275053,1.8779369431183883e-16
TSTD1,2.7729982612022606,0.007833891750469228
SNRPE,-10.208548129132206,1.0100743099264742e-13
TJP1,12.32251223268262,1.2658866336039528e-16
ASPHD1,-3.7020014049241246,0.0005423432758366086
ENPP4,19.26891258626174,1.634008121463633e-24
SERINC4,8.023741755504066,1.7574144345439406e-10
HLTF,-5.52062043224254,1.2700771592513549e-06
LRAT,-2.950233834381385,0.004858193715355173
PPP2R5A,8.190653496350158,9.779201323023675e-11
NUP210L,4.475545903534989,4.547249326777343e-05
CTC-398G3.6,2.361659012829234,0.02221239366992671
SAMSN1,9.448008030704852,1.2806985743671925e-12
B4GALT4,-6.263953115993768,9.159642084758369e-08
C12orf76,6.937908639772832,8.278285116802397e-09
C1orf189,4.442557714666848,5.0724935118150046e-05
TOMM20L,4.195113819397166,0.00011409525096605189
BCL7B,7.304486073449772,2.242133827862237e-09
SLC6A11,-4.625593672616036,2.7564311370685992e-05
LCN1,-2.129151139617209,0.038292223582161666
TMEM43,11.136057559371775,5.018549891414769e-15
GPR37L1,-2.3671817513108215,0.021918046730636204
AGBL3,5.463656990502491,1.550480655943164e-06
TRMT2B,-2.8289315075266543,0.0067494157281485145
ITGA10,9.640272019429386,6.696077616570387e-13
RPS6KA2,20.22368139615979,1.9808236022813904e-25
CLN8,6.1568967538735055,1.3406060378744155e-07
ST8SIA6,10.942793602680574,9.297294694576479e-15
COX14,4.8941481268868605,1.111131886593017e-05
ANKRD34B,-2.074051830124372,0.043350586718618696
INHA,-3.5220860649467207,0.0009371407106331946
CPEB4,11.809850286362906,6.071369005291067e-16
IQSEC1,14.84859280009713,9.082544215606097e-20
ZNF862,4.562513945454728,3.404308019365178e-05
CLNS1A,-11.923578807670063,4.2752997576046504e-16
IFI35,6.677278530385611,2.098192803856987e-08
XBP1,4.929555001266883,9.846213491829531e-06
ZNF621,4.8990579405384675,1.0926780121322337e-05
RPP14,3.8339214715455405,0.00036033502567662634
ASB8,5.6505786238863225,8.04626168702095e-07
MAN2C1,3.688978319126284,0.0005644837628262951
C19orf66,7.905214910967033,2.6679678244753616e-10
NAALADL1,10.99665008458745,7.825774719435518e-15
OLR1,9.254432191582282,2.4706132916141346e-12
TRMT2A,-5.985623582103685,2.462854599934946e-07
MRPL3,-9.46552121515228,1.2070320353407738e-12
DOCK4,15.657992729814195,1.0508721970699872e-20
TMEM180,8.8390343572008,1.0256541933948387e-11
RP1-241P17.4,-3.2495757578630085,0.0020916373844513617
RUSC1,-12.194321527142284,1.8675436153436149e-16
ANKRD44,14.424993464508047,2.8951721279067625e-19
CAMK2B,-2.3753242221552626,0.02149045395388474
CDK19,-2.3556788882229807,0.022535109055784326
VSIG4,14.297267790979248,4.1239339281571333e-19
PLAC8,7.28430828916508,2.409030297414558e-09
TAF11,-3.8718846261152065,0.00031996431365262015
LRP10,8.820721246778724,1.0925213833099687e-11
DMBT1,4.506791556492228,4.098959529111566e-05
ASCL2,-3.6575550268709445,0.0006215342579946033
CMC1,3.9076035745354467,0.000285987830891243
CLRN3,4.467213670972008,4.674669312087218e-05
IFT57,15.94553955294931,4.9727141781947375e-21
TMEM190,3.8328838115098653,0.0003615046658082017
LRR1,-8.814632800684542,1.1157123866889019e-11
RASAL3,6.8615151123953915,1.0872003864346899e-08
SRR,3.9213496181023406,0.0002738635586299875
ACTB,3.137882469925714,0.0028789442711414245
ROBO4,15.17112388124153,3.810911493437865e-20
ASPHD2,-6.279460348068129,8.667624832618244e-08
INTS9,2.133968980480274,0.03787554467833295
TECTA,8.221887456878163,8.765337962048125e-11
UBE2C,-11.657407028597344,9.740837693440457e-16
URM1,2.1250477036398827,0.03865027800514521
ZNF507,-5.84444596903736,4.060333460198242e-07
GOLGA8A,-2.4439531445753664,0.0181737219591711
TMPRSS11D,-5.270387638899083,3.041584278995302e-06
CASP6,-3.062893089496474,0.0035558698375658497
MRPL21,-5.415626962693929,1.8339402209768673e-06
RFC3,-7.813335290552493,3.689839854860023e-10
FAM192A,-3.2763569138218887,0.0019357396013947278
CNTN5,-3.0587215487120334,0.003597600365483407
RNF213,5.024556154331964,7.110807757293144e-06
WSCD2,-2.408718216369694,0.019814067733244994
TEX2,4.800871639342448,1.526004877103328e-05
BRIP1,-11.522090708462343,1.4856990331413004e-15
DCAF4,-5.439147902473572,1.6892393093939117e-06
NVL,-6.469870603985808,4.397501769290184e-08
ADNP,-5.676150954565877,7.353570557317031e-07
PFKFB1,-2.897693162456478,0.005606989146044388
POM121C,-4.773460346840238,1.6745711931173776e-05
COL4A6,-5.081534348564205,5.845361597185828e-06
NDFIP2,-4.145116825890604,0.00013411488048755356
RPA3,-5.277678822153234,2.965512346676482e-06
MTIF3,6.001976867068318,2.3240766715794455e-07
SLC11A2,6.104700483488588,1.613881860959094e-07
FAM133A,-2.3899632356628056,0.020740492999744474
FAM122A,7.365096213866353,1.8073436861448641e-09
RFPL1,-3.7966001017053186,0.0004047827656011896
GBP4,8.251030709599968,7.91491171809878e-11
NDUFAF5,-5.464584818755939,1.5454556031466465e-06
RBM28,-12.817565133195647,2.876264853648562e-17
MAMSTR,-2.841847763142387,0.006519589520914205
ATF7IP,-5.172079341794396,4.276476640153762e-06
PANK3,-4.206141732803826,0.00011008744252096561
WWC3,15.33284723215419,2.4767337767639668e-20
PDE4B,4.112545775045891,0.0001489492998571571
SPTSSA,3.681370466306619,0.00057781650959344
CERKL,8.108918908952907,1.3027170474168553e-10
CCDC177,-3.201000133166185,0.002405125621370628
GRAMD1C,3.8288887532885933,0.00036604210259550096
ANKRD61,-4.382765229006846,6.179538333129549e-05
AGMAT,-7.408461421699815,1.5491601781749646e-09
FNDC3B,-4.4870972856239275,4.3761988617698505e-05
LMBRD1,18.265230538506664,1.6412540386269544e-23
ACSM1,9.605828715437346,7.518627971476672e-13
SDK1,-6.947664022175574,7.995158202388847e-09
FCAR,4.659385054998785,2.460760489156228e-05
NLRC5,2.8706705367291954,0.006032644479668368
TVP23A,7.7354205376899365,4.859715823899828e-10
ZNF852,7.169943983806718,3.619785272257983e-09
PCYT1B,-3.6118056841500312,0.0007145710207580579
ZBTB49,3.7846713592918793,0.0004200702316278007
FAM53C,2.7108106292261613,0.009227110621823843
OR13H1,-2.959189864021977,0.004740256447937812
KDM4A,-3.036534914774838,0.003827367347487938
ZNF283,-2.1503713064832803,0.036486622472864584
GEM,3.231841669101605,0.0022013231100730685
TBX4,13.857481500222915,1.4154711390808736e-18
RASL10A,4.895447581725158,1.1062181792706162e-05
NDFIP1,13.35593957809079,5.947581073139931e-18
DAB2,12.163260118027996,2.0527160343822535e-16
PI16,6.142926217303747,1.4088733066752312e-07
PPP1R16A,-3.873693721358212,0.00031815362332738244
TRIM67,-3.61228725126331,0.0007135256156076682
NNAT,4.188265048087265,0.0001166552560352718
CYLD,8.381914307591849,5.0091314895216316e-11
VEZF1,6.0084055685993265,2.2716770495618865e-07
MAN1A2,-2.7569829739466845,0.008172824165227638
RNFT1,3.9684901717107905,0.00023594168728678522
OR6C2,-4.493686465935737,4.2814611070798454e-05
DDN,-4.7469345037094115,1.831821525425188e-05
SPATA17,2.738382913411892,0.008583410248828272
ZNF442,14.282723829939858,4.29398401730727e-19
EIF3A,-2.1906439118453482,0.03326457748450062
UBE2QL1,-3.9513149901038416,0.0002491299111837816
VSTM1,6.061195335813316,1.8835605085122213e-07
CHMP2B,9.321849786667032,1.9643517995560912e-12
CT45A5,-2.4217632774531133,0.01919182722108821
VAMP8,8.123190022704307,1.2390473402167194e-10
RBM12B-AS1,-6.834373772376409,1.1977615963800603e-08
CD302,22.84666589515209,8.832629951244079e-28
KIAA1429,-6.125875398958765,1.4969011163273816e-07
SH3RF2,-4.932641903980753,9.742884566433911e-06
SPEF2,2.744438888583751,0.008447686272636661
TSHB,3.618137616512057,0.0007009417939658993
GNB3,-4.614012604890589,2.8655608547183147e-05
ATG4D,-8.36564313006826,5.3018649295313505e-11
BSG,-2.2975217909242702,0.025899319926373277
ZNF683,4.897891158010968,1.0970359488931836e-05
ZNF160,2.5530550723672305,0.013842893462515935
C2orf74,5.7569455880000255,5.530977193149056e-07
SMAD1,-3.6319670733309235,0.0006720348184753311
EFNA4,-10.983191892598867,8.169799178862222e-15
ESPL1,-13.963014436351013,1.050611132582126e-18
OSGIN2,4.138095932886704,0.00013718605470459583
NSDHL,-5.411360037245638,1.861474999263513e-06
KLK11,2.0971797023287304,0.04116044104204279
TRIM31,-2.0243546380932713,0.048402480459334055
AMT,8.302825498831693,6.603090532152926e-11
RP11-389E17.1,-2.9193861596763813,0.005285675043213955
ARHGAP6,17.373736014679963,1.3814892773711725e-22
UNG,-12.413626955786826,9.614366444083319e-17
EVI2A,10.14523823189735,1.2446292141482512e-13
PSMD1,-10.090088933090142,1.4935143544658361e-13
THSD7B,-2.535129868433695,0.01448291106489771
PRDX1,-4.131351553696645,0.000140200493729659
CCDC113,2.824702407721521,0.0068262826314413215
QRSL1,-2.288640579183055,0.026450717875942775
DDB2,-2.5657177886053866,0.01340640232523641
CENPJ,-6.349570777133694,6.752192392840982e-08
CLASP2,14.13692077752228,6.447653730549519e-19
RAB27A,18.28898635621602,1.552335457966416e-23
HIST1H2BC,-3.014200527567946,0.004072488707660518
ACIN1,-2.1974404335704283,0.032746290602808
SERINC3,5.289615648253885,2.845009592479823e-06
FAM198A,4.989871209362174,8.009543265444862e-06
PTGDR,6.127260848062385,1.4895484824519013e-07
PRR14L,-7.028867018159502,5.984824587059865e-09
MYT1,-2.154252410237307,0.03616459539148002
CEP120,8.847507548950585,9.961272988135849e-12
NPY1R,4.0834479650480695,0.000163538851185355
NEDD4L,5.002580785732256,7.667930735030094e-06
KCNJ15,11.961874858802574,3.800482751135726e-16
GYPE,14.247569003117967,4.735045042817505e-19
SLC22A5,5.738710363370261,5.898510534478333e-07
MOCS2,9.56263839481445,8.695976913531877e-13
C4orf47,3.7302870208753154,0.0004970910946638984
C5orf51,-8.217923214266154,8.887916454653361e-11
TUBB2B,-2.629824770332203,0.011383049774628983
RP11-986E7.7,6.03974121990843,2.0326202881287487e-07
TIE1,15.68110554895159,9.89193589331697e-21
EXOSC8,-2.138778982467559,0.03746351454457315
GLOD5,19.595668705487235,7.865306443458156e-25
KIAA1211L,5.931098589225382,2.98790639417197e-07
NUAK1,-2.4366962131617402,0.01850118832570712
PILRB,-2.737309493164267,0.008607675897076844
SPIN2A,-2.4947039136389533,0.016026107348184125
MAN1B1,-5.362957630453369,2.203956360497723e-06
SLAMF6,2.9894323109749315,0.004361455843781121
CASP5,8.98552419573957,6.196028312985581e-12
GNG12,2.293294897718742,0.02616046001462008
CD40LG,7.235390167335882,2.8672217378381406e-09
GNPDA2,3.6261029091881563,0.0006841501197092018
LPIN2,11.673572454665715,9.263242767207307e-16
HILPDA,-4.112821967554775,0.00014881705802171033
TRIM39,7.576963137871906,8.517703501117261e-10
EIF3H,-4.097699760590244,0.0001562278337186532
GRB7,-4.00131396722733,0.00021259026499694073
ZNF540,13.979296923872196,1.0035081642621654e-18
BRCA1,-11.125018034277154,5.197785357136297e-15
RIBC1,5.89211970184904,3.430136745761892e-07
TBL1XR1,-9.079565019344058,4.488438869907756e-12
C11orf58,2.176777719482943,0.03434446506158445
ZBTB42,4.045518825402856,0.00018464886807466669
TGFB1,2.163603695667512,0.035398928470051425
CCT2,-10.058898445813588,1.6559814911330614e-13
FAM83F,-10.214238529585762,9.913171969573159e-14
FAM154B,4.456131531427224,4.8495590577602964e-05
SLC25A34,5.050555153905403,6.503009968679336e-06
GMPR2,7.8776100108960305,2.940806604434922e-10
EHD4,8.749902070160495,1.3951954500115241e-11
PPP1R17,4.925594638945163,9.980360428465696e-06
ACP1,-6.910945007552904,9.114150311686699e-09
C15orf65,6.19682605830966,1.1631286721205303e-07
CDKL2,15.21567258643601,3.383338048405403e-20
NPLOC4,-8.31354162151539,6.360286619075006e-11
GTF3C5,-3.5456326397801807,0.0008730427222650036
STX6,-9.659919504085606,6.268216808933771e-13
IGFL4,-5.896327850178767,3.379419632306622e-07
PALM3,7.391503073264079,1.6453999774191934e-09
DNAJC5,-2.6965590848119434,0.009576963898648429
RAB43,6.602297424673029,2.741869724522624e-08
CCL26,-4.3126725060210696,7.779138734697444e-05
ASCC2,-5.184091225679934,4.102401233258901e-06
SBK1,-3.42881331235395,0.0012379720144821106
ATAD5,-12.00739090233807,3.305055399175614e-16
GEMIN2,-8.182491818067179,1.00630599437718e-10
FER1L6,-2.703215432125777,0.009412070718032293
SPAG5,-10.734208820171764,1.8183509924852987e-14
NPPA,3.9535537945264103,0.0002473712685214222
TET1,-4.649418687916974,2.5445732870243192e-05
TMCO4,4.993439184858345,7.912156903871284e-06
TXNL1,-5.16755807619712,4.3438701737772156e-06
PCSK5,3.8481418733311177,0.0003446687769371829
AURKA,-11.808285616917178,6.1008071559608205e-16
AC007382.1,4.770014224716579,1.6942258251462893e-05
SIX6,-2.759603930133691,0.008116446574683415
SMYD3,-4.472125671392437,4.599137018704884e-05
PTGER2,8.959860770063123,6.766939816916293e-12
TMEM183A,-8.504400868570285,3.268866035059884e-11
ZGLP1,5.375080604110563,2.1127347057485104e-06
MPV17L,-2.833556468995945,0.0066662720966119094
GRPEL1,-3.8362657903559136,0.0003577059422861826
LIN9,-8.522369888344475,3.070801705338856e-11
PPIG,-4.122468471566488,0.0001442690764829189
YDJC,-4.1497860565088995,0.00013210946775375274
FKBP11,-2.0111243652371322,0.04983044224566639
UBXN6,2.4486455704676953,0.017964772081116822
RPAP2,-7.649265142201607,6.592426927790156e-10
C19orf69,9.18796973859517,3.098760616770733e-12
C3orf65,-2.926543980230689,0.005183472102862951
CPSF3,-9.471304040556463,1.1836592117221768e-12
MISP,6.191797242055311,1.1841230036420363e-07
TIGD4,2.728603110116148,0.008806839177768089
UFSP2,5.415295230775548,1.836066381478198e-06
CNTN6,16.393903306807168,1.5769752214881156e-21
GTPBP8,-5.482362312771961,1.452229873584344e-06
TRAF4,-6.258279507219972,9.346531326889355e-08
ZNF275,-2.620764622185399,0.011650963029113743
RANBP1,-11.763590038269278,7.005706392948131e-16
FUBP1,-2.288648079974736,0.026450247805105645
TDRD7,7.102346261653904,4.605624653451481e-09
ZC3HAV1,4.897619421538759,1.0980533372606688e-05
ZBED1,-4.648125616169684,2.5556504266464953e-05
CSTF3,-6.439329527329578,4.9034522560552556e-08
IL10RA,10.96910601750097,8.5462888806448e-15
SOCS5,2.4911090718621556,0.016170306386565556
LGI3,11.35563658056925,2.5052937219666896e-15
C12orf29,-5.755171747523312,5.56570711250521e-07
MAPK1IP1L,2.70817552418186,0.009290899248762446
SOWAHD,5.32574854587184,2.5089762215576307e-06
GPD1,11.287448232104387,3.1064707861104606e-15
PIK3CG,8.787611569413306,1.2247771840928704e-11
BAI3,9.362582304042594,1.7106291183924022e-12
RPL24,-2.596592127503587,0.012394206696945043
SFTA3,20.596557389286968,8.875306275230277e-26
PTPMT1,2.290633802419719,0.026326064940103762
SAMD10,-5.137658701398266,4.816696679053973e-06
TECPR1,3.128429127478318,0.0029570553138036485
PGBD5,-4.026176702878029,0.0001964072439345211
ARMC1,-6.509521089461156,3.81760563316986e-08
DNTT,-2.091992863617624,0.04164303670572195
TYROBP,14.514566057898593,2.2617189755278574e-19
WASF1,-7.963654514986037,2.1713745153934605e-10
CEP104,-2.81094686874788,0.007081941221975795
FOXN1,-5.054419931785919,6.417143976599836e-06
GIPC2,12.175690796543222,1.9764737878552677e-16
C10orf85,-4.294055291847622,8.267748558046408e-05
ARHGEF35,-6.12195507307226,1.5179028883078235e-07
MTX3,-2.6130056684880394,0.011884969100163144
MUC21,5.799787832260197,4.7545448509642893e-07
KLF4,6.606237311827311,2.7035940783147256e-08
RUNX1,-2.2090923775697817,0.031874309866349995
SERPINB3,-4.457636684428852,4.825436109882844e-05
RNASE10,-3.381136596670735,0.0014252651971195024
PGAM4,-7.6590416498481835,6.36807405966865e-10
TSPO,2.1097204955523106,0.04001374552890034
CYP2A6,3.748483477373977,0.00046992173033987776
EIF2B4,-5.75640403136754,5.541557415446997e-07
HSD17B1,-6.449464083855835,4.7294272639801315e-08
MARCH5,-6.075040613446571,1.793195908429498e-07
PIGB,3.8861849217390434,0.0003059184265520681
DONSON,-8.598264694250457,2.3590582819684536e-11
PHYHIP,2.0683561542452704,0.0439052809825597
KRT76,-2.650152656564215,0.010802336565856439
CKMT1B,-8.517407793302775,3.1242561681063195e-11
FBXW9,-4.270984726405331,8.914823517905511e-05
MUC20,-2.993859052853027,0.004308442245363367
GNGT2,15.385449973829246,2.1542099729717227e-20
DPH5,-3.289986666741869,0.001860684121677036
LRRC8E,-3.7856694488894305,0.0004187701071020533
GPALPP1,2.479810934537097,0.016631189328963042
ATP11C,-2.416815092585929,0.01942574996322377
RBMX,-4.269126578449892,8.969034149604415e-05
FOXD2,-2.189407366691628,0.03335964760200634
SURF1,4.433038721339467,5.234769971417042e-05
CXCL16,16.12999115014837,3.0920539106350313e-21
MARK1,-11.179465423441735,4.372393872475857e-15
NUCKS1,-7.064879805587386,5.263670455785053e-09
KRT32,-3.8129369971975264,0.00038471248825620386
AMBP,5.752384257319939,5.620721240311362e-07
TAL1,18.18217582622841,1.9949636281719384e-23
NKG2-E,4.789291885640723,1.5871165338226506e-05
ZNF593,-2.9309292545448873,0.005121769217074212
ZYG11A,-6.186875676356742,1.20503513977308e-07
NDUFB5,-5.621712601364028,8.906189706041967e-07
NCBP1,-4.894020186937499,1.1116168328903201e-05
C11orf84,-9.574034258380514,8.368339479632884e-13
SCAP,3.3223989018292133,0.0016931134446320226
IPCEF1,2.35129251876922,0.022774481771809973
MYO18B,-3.107000876040022,0.0031415520392247343
HSPA1L,6.690711956521089,1.999979501835848e-08
USH1C,-2.5738467841703785,0.013132837172291365
SNTB2,2.8222485550713134,0.006871254013993105
IL5,2.3437297906884162,0.02319254632184657
ZNF771,-6.27949395176853,8.666587787095453e-08
LMBRD2,-2.0692415743431956,0.04381864766158391
C22orf39,4.232169982622508,0.00010116322019817363
DERL1,-4.477473133384608,4.518264099921029e-05
CNTD2,-3.5785307808319566,0.0007904656601510292
EIF3K,-2.344063222699675,0.023173970575920622
SH3GL1,-10.624403047079445,2.5941644393412767e-14
SERPINE2,-6.330754405547889,7.220365149191188e-08
TRIM69,2.9772704242711434,0.0045102573013700705
JAGN1,4.0086033985394955,0.00020771647767073734
LPAR3,-6.764896371145657,1.534786824222277e-08
HNRNPK,-6.379850676438754,6.061545242932733e-08
CX3CL1,4.631297406271644,2.704190959269193e-05
C14orf23,-2.287800345044683,0.02650342203989862
SERPINB4,-4.376004249759752,6.318654280797195e-05
NPIPB9,-3.682341928970825,0.0005760973463553807
POLB,-7.124436359186703,4.2569529959902655e-09
ALOX12B,-3.657536336622135,0.0006215697816745419
EGLN1,-4.761769142840782,1.7421746372446003e-05
RP11-6L6.2,3.048320388820417,0.0037036574649692115
RTP1,-2.4146612356111183,0.019528372051398797
KRT34,-3.682727464358505,0.0005754164391620379
CCNYL1,3.992221826730769,0.00021882460319789339
CDC42BPG,2.4916752088119463,0.016147519372772985
MTMR6,11.398077440662306,2.192055980097122e-15
ARMC12,-2.1029450255175535,0.04062975917970395
APOBEC4,4.312651413706038,7.779676057597596e-05
AC104809.3,4.29549347241173,8.228961911685099e-05
GCC2,5.952056463255228,2.7740706043431145e-07
TMEM158,-7.07048819190409,5.1594771158187265e-09
BST2,3.174503167216116,0.002594307918383586
POLK,12.668373015468582,4.48066295748436e-17
ZBTB11,-4.592895357276183,3.075546937204088e-05
HEBP2,-8.421927899772472,4.356579498356984e-11
S100PBP,-2.836259234161124,0.006618124431279822
GP6,5.335814595073662,2.4225658465076153e-06
RP11-706O15.1,-5.87699932119526,3.6186934140901796e-07
CMTR2,5.4356946076839145,1.7097537068639835e-06
GALR2,-2.805461238714499,0.007186345688718043
SPA17,4.83941374979932,1.3387873141283219e-05
SAFB2,2.1009500637605814,0.040812709569097265
PDCD6IP,5.815871655499958,4.491892712314615e-07
FAM185A,-2.4147244591035775,0.019525352781589504
MMP19,6.532181774267221,3.521164555885883e-08
C11orf88,5.141501378195174,4.753195877133952e-06
GGTLC1,14.24277241832344,4.798693085652578e-19
TNFRSF8,2.209149533851939,0.031870083595575104
XXYLT1,-9.573001050764889,8.397523687118598e-13
NUMBL,-3.824269694272213,0.0003713566575751762
AP4S1,2.4525827457696967,0.01779112898202172
EPB41,2.916486998525792,0.005327602019062393
DEGS2,2.7539864812447004,0.008237722103951302
BAZ1B,-3.502334732604544,0.0009943488636462276
PPP1R14C,-2.8724841662473755,0.0060031626156986035
PCBP2,-5.568363597531129,1.0742220761677954e-06
MYADML2,-5.889604783369449,3.460807354955092e-07
PPHLN1,-3.750120525185287,0.00046754866409491223
SCRN1,-4.487959476122057,4.363686955787175e-05
ENAH,-6.838531708565617,1.1801214123577623e-08
ABHD17C,-5.051003384722727,6.492993606902504e-06
MT-ND2,6.360691688866693,6.489860094815437e-08
ALDH3B2,-4.709437384546319,2.0790928188866546e-05
RP11-613M10.8,-3.8657166316507108,0.0003262127577237426
OR1J4,-3.64627697194061,0.0006433274390701403
PTOV1,-4.834378610046361,1.3618996569159547e-05
ZNF321P,2.2199513158430078,0.031080210624177092
PTGS2,3.287921264703144,0.0018718778887599687
TAPBPL,5.043865093344388,6.654331413560009e-06
HIST1H2BG,-6.651966255747956,2.2965439140770978e-08
INHBE,-4.565583794231446,3.3695856105392525e-05
TNIP3,2.6722990238342916,0.010200661745790993
RUFY4,-2.0771102046513503,0.04305526156974886
S100A8,-3.138073315199569,0.002877387527382522
BRCA2,-6.490492241135943,4.085701207034957e-08
AQP9,7.965004894238084,2.161071260410827e-10
GNS,12.630564373650174,5.015633570091338e-17
KDM6B,5.223786480220237,3.575425428299293e-06
LPCAT2,-2.422536381336464,0.019155509248186646
CACNB3,-2.7814697190480207,0.007659903259091407
TXN2,-2.286175993393197,0.026605575599604293
CYGB,9.084901834912039,4.407184378918235e-12
SELPLG,16.926772248881772,4.1429103270687557e-22
C19orf73,-6.221719947933424,1.0645400557429223e-07
DLK2,-6.023543013494375,2.1528906347120886e-07
ZNF669,-3.3930989047907354,0.0013758909660924606
ZNF781,9.13968567634387,3.654184962172991e-12
TM6SF1,20.6223557256044,8.399366034288511e-26
PPAN,-7.068092374096262,5.203731732024684e-09
TXNRD2,6.739399825018011,1.6809891001260184e-08
TMEM179,-2.9484635938004864,0.004881826575442056
PBX2,4.219236455815327,0.0001055060284013382
HIRIP3,7.824488154373431,3.5473218006062414e-10
EMX1,-4.679837204660841,2.2971518064231062e-05
TFG,-11.192955094769436,4.189271618151757e-15
FAM207A,-3.0790197899773024,0.003398775388363852
KIF3C,-7.636109406033135,6.906908958266795e-10
OR6N1,2.6466921020452916,0.010899238213932348
F8A1,-3.9320178080970623,0.0002647976336142303
ZBTB46,9.292274037507095,2.1721034344157415e-12
FAM167A,10.372973737673153,5.886005119202072e-14
IL4I1,-3.520042264285213,0.0009429114157563455
NWD1,3.5300398978724177,0.0009150022494524408
UBE2E3,-8.433668936276838,4.181869039502113e-11
TSG101,2.7465799837251543,0.008400176170758488
ERVV-1,-2.0577822405991486,0.04495145202615721
REN,10.93045489187757,9.672145479987646e-15
PHGDH,-8.051343610795008,1.5948296915018622e-10
PCDHGB7,10.93996442423602,9.381924775046175e-15
AAED1,14.081689187063187,7.526108714197967e-19
YBX1,-3.8864506434349337,0.0003056631472102753
LACC1,5.5656014822766515,1.0846885824129682e-06
NOL3,-2.413697792915672,0.01957443378256347
OSBPL3,-4.989361468900515,8.02355243767149e-06
NR1I3,-3.502533924001876,0.0009937556331889369
ETFB,-3.1792336139878796,0.002559536410901788
PRTFDC1,-7.9102390601664485,2.6211195878318845e-10
NEK3,5.4953246781047085,1.3877871320444792e-06
G6PC3,2.4773911506205795,0.016731431979791583
SLA,12.795021459375088,3.074959784745781e-17
PPP2CB,14.62737746822547,1.6594905651012002e-19
GBP1,4.872345525190455,1.196849834068946e-05
SRPK3,-2.844494339516038,0.006473402112411096
ALDH3B1,15.596615850322703,1.234338275273506e-20
CCDC40,5.7896696216819485,4.927537598072728e-07
ANO2,5.955557948055567,2.739859246875923e-07
LTBR,-6.312773067944031,7.697981709896119e-08
FAM124B,8.548455772523178,2.8045734717785694e-11
FANCM,-7.172060519593528,3.5925962399382497e-09
PTK7,-5.171011890023804,4.29229430237576e-06
ZNF689,3.450473979228064,0.00116084412257265
XPO6,-6.221943408109501,1.0636938975467844e-07
RAG2,-2.2937553320465276,0.02613190069310646
SLC2A4RG,-5.670608124202174,7.498504767003328e-07
SUMO4,-3.0643596645454503,0.0035413069042775753
CTAGE8,-2.447697377340897,0.018006818661411052
LGI4,13.058973623332164,1.412313444517792e-17
C3orf36,5.298210654007765,2.7612522909765664e-06
NAA30,-5.3010409847199655,2.7342081763475796e-06
C14orf182,-2.886469893370834,0.005780268788526087
ASTE1,-3.8245893141375014,0.00037098653111312105
MKI67IP,-8.710457487140834,1.5991152056022662e-11
LRRFIP1,16.821600887308968,5.380784590477711e-22
ANKRD9,-3.461344140799411,0.0011238844554881746
SLC25A1,-7.110940150436759,4.466700258286217e-09
DHRS7B,9.487602313384887,1.120214861341635e-12
ELMOD1,2.3557430032405606,0.022531626950442748
SH2B1,4.822850897185396,1.4163007828378768e-05
PIWIL1,-2.3184733733080236,0.02463891658894266
CECR1,10.688502660099228,2.107815489676085e-14
SCAF11,-3.6516938743525307,0.0006327702019165148
UNC13B,16.28712677065074,2.068900159870842e-21
PIGT,-3.3367097721032706,0.001623771037787908
ANO9,-2.194070547014935,0.03300237275544213
CTB-60B18.6,-2.5178133073898152,0.015126619360148941
USP19,4.908190143254288,1.0591523245829586e-05
CNEP1R1,5.261881683546516,3.1327700542449127e-06
AKAP12,5.290336665366388,2.8378879238243192e-06
SAMHD1,15.0808204789405,4.854018849698065e-20
CTIF,9.63672890409599,6.776319588526746e-13
TBX6,-5.191958879394803,3.992194471176796e-06
SLC4A1,2.5060755547026425,0.01557759966085009
RP11-89N17.1,5.4982889946814275,1.3734526189769527e-06
ALG5,6.1094579685594415,1.586830451948598e-07
HIST1H2BB,-4.205751968759747,0.00011022673000592913
CRELD1,12.73053483830232,3.7237480061975224e-17
IMMT,-9.55389771332207,8.956032475608172e-13
MYBL2,-11.33532451754804,2.67089138348037e-15
TROVE2,-4.945036500559502,9.338632764357444e-06
CA9,-4.365557654958502,6.539632274784654e-05
TMEM168,-2.9559220330662477,0.0047829759012652465
ACVR2B,-3.1672134636060814,0.002648764043753876
COL13A1,10.823316394255098,1.3643702685378477e-14
GLDC,-2.1937611849348917,0.03302596990671961
RAB6B,-3.212665898029676,0.0023260287148973136
FEM1B,-3.8482060592786334,0.0003445995758815034
PPAP2C,-8.79936242023259,1.1760851389524073e-11
SSRP1,-10.76718596517214,1.6347856648653636e-14
SLC39A11,-7.609899687790901,7.579074252458901e-10
RP11-159D12.5,-2.9288368059437704,0.005151125123955036
ZCCHC7,-2.6430606589811267,0.011001780657967792
TRMT10C,-5.260017849871219,3.153108726755034e-06
RCN2,-8.119262993089713,1.256248656673782e-10
TMEM255B,13.15865218858976,1.0551705063638324e-17
STOML2,-6.78167491440841,1.4455844716261602e-08
GNAQ,15.573306277843088,1.3122699290946325e-20
OCRL,-4.031731930806923,0.00019295789316907934
PLA2G1B,12.300145079263249,1.3545488222119989e-16
RNF38,5.372507571657042,2.1317783627275023e-06
TEX35,-3.779307930109954,0.00042712348774080164
CTC-490E21.12,3.047838760067978,0.003708638739732931
KMT2A,2.166779342435876,0.03514217425052631
VMA21,-5.560074754743617,1.1059354844887603e-06
SCRT2,-2.546660648536218,0.014068192536335077
NCALD,5.050116512793613,6.512826777486056e-06
HOXC5,-3.7440066344246556,0.00047647064018526894
ZNF76,4.204005268450649,0.00011085304392763864
C6,6.115516312953611,1.553034971179177e-07
PCDHGA2,9.373638861775389,1.6476529138662348e-12
B2M,13.83002415370736,1.5299633094841451e-18
LRRC32,7.74394916410599,4.71532025513558e-10
CNOT3,-5.392936592709032,1.9851359642532924e-06
PTGR1,-4.28281015892407,8.577220613255305e-05
C4BPA,12.450551650396415,8.602708288257423e-17
SETMAR,3.5968119239754417,0.0007478634940266103
CYP39A1,7.170097612122368,3.6178048389593374e-09
DRAP1,-4.791198645861695,1.5768909285434015e-05
EEF1A2,-2.431680516725987,0.018730620318580853
TMEM59,12.817335975847108,2.8782176124861934e-17
ITGB3BP,-2.7200712232122495,0.009006119271554786
ERI2,-5.612441399147958,9.201265168192478e-07
PPIL1,-7.431187198952265,1.42898456292409e-09
C2orf16,-4.468143539188873,4.6602782541946775e-05
GCSAML,9.912432576277274,2.6935422048930104e-13
LCE1B,-3.0608724071990454,0.0035760269891535108
CRHBP,4.551475110607638,3.532083040982695e-05
PTPLAD1,-4.697215420546894,2.1665523756114173e-05
AF131215.5,3.6778424714883533,0.0005841013671737932
PROB1,-3.5484249272711454,0.0008657254976695284
AIF1,13.32359112500694,6.531594419529897e-18
PHF19,-9.410609714280573,1.453575100552014e-12
DHRS4-AS1,2.3141215416333365,0.024896115008026253
RAP2B,-7.055584757023289,5.44101748063757e-09
CRH,3.100393271399147,0.0032005904427151576
CHADL,5.1467941862328805,4.6670818923471934e-06
RFX8,-4.5759173372437845,3.255232957182769e-05
PSME4,-11.715774001083924,8.125200110279037e-16
ZFAND5,5.223445507986761,3.5796540713603686e-06
CXXC11,4.643008799621469,2.5999491045087495e-05
AC008060.7,-2.126939689988848,0.03848482578280252
PSEN2,10.595343760755052,2.8506714463215534e-14
SULT1C4,8.761253558439709,1.3415208262415681e-11
CEPT1,7.194828004178741,3.3127563250671142e-09
MBOAT2,-6.285462894198203,8.484329084318099e-08
DLEU1,-8.46519887016035,3.7468107190904826e-11
KLHL8,2.8972461506131126,0.0056137973329424265
GDI1,-2.521484350232072,0.014988025164951154
KIF11,-13.316223245687883,6.6725594476242704e-18
DCTN3,2.615824240347876,0.011799470102038691
HIST1H2BJ,-4.73861115514423,1.8840869109764285e-05
C14orf178,2.9042042218647857,0.005508689240068098
GPC5,7.135392325433399,4.093963176013014e-09
UTP15,-4.001264604016483,0.000212623643965429
SKI,8.555160355486288,2.7399864635140186e-11
NAA60,7.026665983070633,6.031980423637036e-09
HECW2,10.399623941224274,5.3944052410496884e-14
CYTH3,5.380141456155957,2.075767808283096e-06
EML5,9.041724270972905,5.109624692053751e-12
FAM96B,3.0573192343216977,0.0036117313859816546
KRTAP3-3,-2.41544880431018,0.019490791290351105
MPC1,13.191277197924133,9.594048842460674e-18
PAX6,-5.61571009041401,9.096141892316375e-07
PLS3,2.1960669217716657,0.03285045310065155
C19orf48,-10.717123459937696,1.9215247714047388e-14
FAM111A,3.149778987307682,0.0027834029990076612
KLK8,-4.659091474196261,2.4631902487486027e-05
BARX1,-4.542921975364715,3.6343009787971175e-05
ZDHHC1,4.778922691001158,1.6438749697942778e-05
KTN1,-2.0349920165464757,0.04728019758949379
WDR59,-3.397573024947553,0.0013578452678494374
C1orf141,3.819492892495703,0.00037693085710419094
GPR174,2.462242131859334,0.017371520472965626
GLYR1,5.745253103484103,5.763932180706257e-07
TEX264,11.431935450625247,1.970823050711453e-15
KIAA0930,-6.63382992719439,2.4500880933275834e-08
OGDHL,-5.048027436100299,6.559781195146229e-06
CCDC173,5.671699500917488,7.469745037793681e-07
GAB2,6.178781432591321,1.2402315354698965e-07
TBC1D30,3.092964964712048,0.003268205340419139
TNS3,11.468269229065271,1.758475842207804e-15
ZC4H2,7.641034742711895,6.787443899479733e-10
NUBP1,12.668913052705754,4.473456303067633e-17
NBPF3,-2.6008779546687215,0.012259349509718603
ZNF605,-3.150234962914908,0.0027798011057459386
MAP3K9,-2.1688666603925584,0.03497430620642111
SPIDR,-4.342303598539508,7.058926444191342e-05
USP4,10.590751875887312,2.8934910699967776e-14
H6PD,4.007372737275598,0.00020853165389971877
MRPL48,-4.849046624289291,1.2956395177455208e-05
IGF1,3.1859241876628093,0.002511106126695834
TBC1D24,8.130278279892678,1.2085967241654267e-10
TLN1,7.734061687171085,4.883128977535005e-10
WASH4P,-2.309567050010924,0.02516785467510734
C8orf12,3.458311946309585,0.0011340799157282357
DYNAP,-3.267824322020959,0.00198417492866371
NKIRAS1,14.629653286803356,1.6491833582054868e-19
SNX1,13.39022523147319,5.386265363518842e-18
SLFN12,4.563468364614932,3.3934754493413476e-05
SRSF5,12.39070687408673,1.0302223342123354e-16
TTPAL,-5.377660455418944,2.093809568495402e-06
CENPQ,-6.072251348494144,1.8110466845367325e-07
LRIT2,-2.898240332467095,0.005598665956520545
RPRM,-3.9803247584947474,0.00022724984701713563
CCDC147,5.071716915448222,6.0463405711327715e-06
DRC1,3.4275882734407066,0.0012424766724179394
SLC16A13,-3.3912242407451423,0.0013835197070622618
ALOX12,-5.287463775082096,2.866369384481375e-06
MDP1,2.9110840202499224,0.005406565708105336
TMEM236,9.658508608217911,6.297999747913183e-13
LHFPL5,-4.865101916071905,1.2267424505551704e-05
FOXE1,-5.80418819562255,4.6812064135642774e-07
CLDND1,-5.674032206878115,7.408640527809765e-07
LPIN3,-4.591239064054287,3.092639800137237e-05
C2orf69,-3.1551225003458554,0.002741467496663667
MYO6,2.6268318631183822,0.011470921720402446
KCNAB2,12.373361995042686,1.0855776422721939e-16
DNAJB4,8.620034129868655,2.18743013220694e-11
TMC5,13.290595756765747,7.18737657546787e-18
NFKBIA,7.965654889851739,2.1561294019919888e-10
EMILIN2,3.4811231713943713,0.0010594914175607797
EFTUD2,-8.256617153468135,7.761636366478475e-11
CYB561,2.757097868574899,0.008170345194517517
SPRED1,12.030673283344404,3.077476984166735e-16
LSM7,-7.303194790676931,2.25245828682978e-09
TGFBI,-3.4937209222445404,0.0010203281036663626
ALPK3,9.779838572478795,4.1931120235657127e-13
NTS,-3.5947552707623682,0.000752544301398721
GDAP1,-6.415774943302458,5.333008833971956e-08
DNAH3,2.096455072867271,0.04122756747317914
PLGLB2,-2.2000756059130384,0.03254726389600469
MFSD12,-2.2455804002462663,0.029275012885340096
GPR124,6.526144272258789,3.597821849044928e-08
VWA3B,4.888548201176527,1.1325539493870529e-05
ADPRHL1,-2.714406438566473,0.009140715791243583
TEAD2,-3.030173250030488,0.0038957421951426106
RLN3,5.0317808584492125,6.9365077291367255e-06
PGP,-3.162016142764613,0.002688245041851646
TANK,4.460707573057432,4.776582211956588e-05
DDHD1,3.6299319907519494,0.0006762158031989652
GRID1,10.615424172724659,2.6708248766519566e-14
IPP,-2.4712350378047283,0.016988926164057266
NUCB1,10.589985028421326,2.900705134437406e-14
MTRF1L,3.334976497046137,0.0016320238608687127
MSRA,24.8339057349917,2.04017644611853e-29
UBE2O,-9.365530948522393,1.6936002781853156e-12
ATP5J2-PTCD1,-5.316006130107914,2.595508381923297e-06
AIP,6.687790248118096,2.0209417233488318e-08
ISL2,-6.438561877164979,4.9168914342725995e-08
PRKD3,2.8207132139164157,0.006899531333793629
SLC4A9,-2.892271831827793,0.005690078811160919
PRR22,-2.616730514114593,0.011772098731355308
UMPS,-9.12809111726642,3.80189877783166e-12
UQCRFS1,-3.026380142651891,0.003937052725385388
TP53BP2,5.447593484920743,1.640089128726593e-06
CD48,5.836335853160481,4.178450977469967e-07
WBP2,15.685216241475834,9.78615457513007e-21
CCDC151,4.428016948240928,5.322410520476468e-05
ITPRIP,8.706530338409484,1.6209952789076712e-11
SYP,14.865462571266757,8.676575292553924e-20
TMIE,6.216710872783763,1.0836845763908727e-07
TRIM26,2.6622794534448477,0.010468961529322123
HMGCS2,3.016345121635049,0.004048329199959469
DHX36,-7.635174692149001,6.929817937117696e-10
RBP4,8.138296994703852,1.1750555077886207e-10
SH3GL3,9.01179570088857,5.6618417216245706e-12
ETV3L,-2.268485278275866,0.02774102616242598
COX7C,4.0684423860453505,0.00017159477081242911
CHST7,-3.054815694421637,0.003637088807655042
ATP2B4,5.947929759263797,2.814936528534495e-07
RP1,4.966819940832934,8.667783979610443e-06
GPX7,-4.544794376346588,3.611679520412114e-05
GGN,-2.0812930305331654,0.04265419484803356
AL354898.1,2.4042944039924414,0.020029167473320512
C10orf55,-5.486062034488291,1.433540229154028e-06
TG,-3.388170739787253,0.0013960317234669934
FARP1,5.713658654073902,6.443269039516013e-07
LECT2,-2.8468938261418404,0.006431789237038645
LRRC43,4.00962677997056,0.00020704095057698043
SOD3,17.683742971195134,6.527423380280562e-23
LYZL4,2.253104007984477,0.02876303934405919
NTNG1,5.808933754294654,4.603373927859887e-07
ABCB9,-6.28017454084839,8.64561070039635e-08
SLIT3,13.323333352131492,6.536474831187545e-18
C9,-3.965396681004719,0.0002382661517418597
WDR72,-9.58331625077014,8.110709076356959e-13
LRRIQ1,4.575283626812068,3.262135022055809e-05
THAP8,-3.2559580671738035,0.002053442330074734
SARM1,2.140653731128427,0.0373039894547432
MIS18BP1,-2.3671039629642605,0.021922168234592827
HEPHL1,-3.4995839618195355,0.0010025758174857784
TFPI,17.73622892256962,5.754794039106456e-23
NCBP2L,5.977841954592687,2.531756433456381e-07
AP003733.1,-4.209854688838567,0.00010876911636444183
MKRN2,6.745764737943424,1.6432360528412832e-08
RP11-458D21.5,2.628071769530738,0.01143444297428326
MREG,-4.452182295299605,4.913414444047364e-05
TSPYL4,2.8373392554458983,0.006598974961001419
ZPBP,3.758384787953552,0.0004557436003944497
GIPR,3.5283981678553906,0.0009195304911685921
AKAP14,4.480012351444578,4.480350151402707e-05
CCDC136,-3.0628542614854606,0.0035562561574273995
HOXB3,-2.125897803766574,0.03857586071783232
TLR5,2.5712186978827587,0.013220718606453848
GOLPH3,-3.5540768081134684,0.0008510936201232293
LGALS4,9.534782195132973,9.552474994175697e-13
MRPL9,-7.07117961614492,5.146775643694012e-09
ZBTB39,-5.927227012284501,3.029165824587888e-07
GABARAPL2,10.644447846638704,2.430959077604932e-14
RAB3IP,-3.450178028238426,0.0011618663962971842
VPS35,-3.290504065006265,0.0018578899437059016
UBTF,-3.8044564916361776,0.0003950083125905907
NUTM1,-2.373116048013444,0.021605667785594255
MMP11,-6.010663427077434,2.2535538506407576e-07
MOB2,8.921022167560839,7.733536478095924e-12
AMOTL1,3.344969099335598,0.001584985818900137
NFATC2,5.918319999391903,3.1262516810961174e-07
ADAM7,-2.0790582144450185,0.04286807135636118
C10orf88,-3.8199136681645185,0.00037643662185574307
DLST,3.1594924535120947,0.0027076153032583646
EHBP1L1,3.0132974798244234,0.004082702111020154
SERINC1,21.631084662857795,1.0153849793145452e-26
FRYL,7.702666141421751,5.456796795060165e-10
OR2A1,4.373786844399694,6.364941940101825e-05
RND3,-3.5612673757249333,0.0008328196971447116
SHROOM4,19.959719826662734,3.5217155461997014e-25
MTHFD2,-7.727337328376422,5.000669295077654e-10
HIST1H3D,-6.795076338976014,1.3780763439692753e-08
EPHX2,6.42482701762355,5.163656643478473e-08
PDXP,-4.620917295390677,2.7999982131188406e-05
SREBF1,-3.7428383913068632,0.0004781939739835651
DERA,-3.7271385889778905,0.0005019427129527037
CAV3,8.04281759246106,1.6433673187252637e-10
DENND6B,5.891236351558748,3.440878704323434e-07
NMT1,-6.7874791914055,1.4159492224924291e-08
ALAD,13.31507264602604,6.69485027196726e-18
GOLGA5,-4.305499755583503,7.963962929712544e-05
FHL1,19.24703618507454,1.7165716875377403e-24
RP11-126K1.2,-4.998682315359846,7.771160304121015e-06
PRIM2,-10.148039005347922,1.233171897410241e-13
SELL,3.2431071205279887,0.002131033625172613
PGM2L1,-5.242766521669996,3.3476606770950914e-06
PTPRCAP,2.9475731190613192,0.0048937549640890865
ARHGEF26,11.35968912295245,2.473519848993418e-15
HNRNPH2,3.8016739106325415,0.00039844395791192974
HSPA4L,-7.98868423452341,1.988182407485716e-10
DCBLD2,-2.5098485280591722,0.015431324230701874
LRIG3,-6.654645015309007,2.2746953633495998e-08
LFNG,3.081927259422751,0.003371155063352171
CAPN11,6.993701628641506,6.784424628886598e-09
REST,-2.4557438603223525,0.017652811501730047
ZFYVE27,6.944393238041406,8.088987926228678e-09
PIGV,2.848575997216278,0.006402764383781993
TMA16,-7.248591136018082,2.7355921877517145e-09
HNRNPA3,-9.79401755606633,3.998888356974929e-13
PRKAG2,5.55015878566215,1.1450954543280837e-06
KIF13A,4.1081143134314,0.00015108674996586042
CDH3,-5.934020489859329,2.957138174618672e-07
ZFAT,-2.150698504415843,0.03645937697351377
DTWD1,2.549105733966105,0.013981652214748645
ANLN,-10.05873802947667,1.6568616989637838e-13
ARHGEF12,8.193983703762829,9.665706067748372e-11
GOLGA8F,-2.214539010781621,0.031473791015570476
SEC14L2,-5.402533781339792,1.919736542503632e-06
LRRFIP2,7.903799459569722,2.681317714223852e-10
PPP2R3C,9.466423657553262,1.203354114981671e-12
GABRG2,-4.158691412306089,0.00012836506572554238
POLE2,-11.716832906302397,8.098543318310008e-16
RNASE13,5.701292933167675,6.730290961959264e-07
LEPROT,16.57141169975212,1.0068926431792835e-21
PRKAG1,-3.8434574054530777,0.00034975558460869055
DNASE1L2,-4.232953594748601,0.00010090576071823482
RTKN,-9.710241973959489,5.294001200673392e-13
COX4I2,14.097940253593771,7.191016834496445e-19
AKAP5,13.272530381776575,7.574350398773807e-18
LPHN1,-2.4434466231043004,0.01819640760837794
NAT16,-2.081995717422958,0.042587138725684565
VSTM2L,2.0846997533495895,0.04232995395629173
NUDT7,4.861484472373597,1.2419443596926913e-05
BDP1,9.255489609865,2.4617342167667647e-12
COX6B1,-5.070828712779208,6.064856078078414e-06
TMEM52,-3.7309643141142472,0.0004960533151807257
WDR5,-8.352870715184611,5.543674862647376e-11
TACO1,-7.383666873160466,1.6918755309653e-09
C19orf45,-2.292185280417222,0.02622940043424926
PDE8A,7.300414300741215,2.2748518709021618e-09
RNASEH1,-9.925054761534021,2.5826958510829883e-13
RAB1A,-4.586687373287475,3.140093414829311e-05
DAZAP2,11.543781439567761,1.3882699621133092e-15
FCHO2,15.290443825644862,2.772188700865163e-20
CTSE,7.356384465412967,1.8642039319762906e-09
NBPF15,3.832095782441929,0.0003623953674083481
CD70,-2.0169169223619825,0.04920082195338362
PIGQ,8.384805808105051,4.958839970956383e-11
UNC80,-2.7613484362716667,0.008079120808657752
ATP6AP1,3.1600557311514756,0.0027032805764054223
ZNF625-ZNF20,7.5954717169507395,7.976736043983177e-10
TRIM21,12.447103179730538,8.692434994600211e-17
AQP1,22.05391337601306,4.288395552807118e-27
ZNF280B,-5.757492325819785,5.520316095839101e-07
BMS1,-5.406074109659656,1.8961534244474557e-06
FAM127A,2.0898567769152248,0.04184321427722368
ADCY7,9.16767649520296,3.3209983119885854e-12
RPS27A,-2.7113953321973763,0.009213011292406753
GTPBP4,-8.628189773530284,2.1264212148559762e-11
RGPD5,7.8598431749281925,3.131076335403171e-10
FAT4,12.545055393870728,6.477411564750663e-17
FIS1,5.682692570964264,7.186092705613231e-07
RSPO2,13.001452616098028,1.672018573375694e-17
CTC-349C3.1,-2.459316890528041,0.017497640389328824
CASP10,15.073349842995954,4.9523616768457206e-20
CNRIP1,17.91297512407813,3.7727758612412786e-23
NPR1,17.939715534073308,3.5402615087898237e-23
RFX7,-4.414043188173641,5.573888836920986e-05
SERGEF,6.841724376247676,1.1667530457869327e-08
MRPL52,-4.598895365611137,3.014398075477127e-05
GALM,9.928275771641822,2.5551552713644904e-13
FPGT-TNNI3K,3.5663927656684105,0.0008200237544948007
FCN1,10.471954948022336,4.259262905450428e-14
ARPC4-TTLL3,7.278830471005052,2.456451730600516e-09
CDYL,-8.98113313276049,6.290148911090995e-12
RS1,16.565725691164108,1.0214135735967284e-21
UGT2B4,8.763998622883316,1.328856597422719e-11
CELF2,20.036662875625815,2.9760488506157333e-25
TAF1A,-8.894180489310994,8.481860779528563e-12
DDX28,-2.637183613281109,0.011169606322145007
APEX2,-8.742365027575248,1.432024642437747e-11
ARL16,-4.204298177653607,0.0001107477746883594
BPIFC,-3.509367771612334,0.0009736064210010685
R3HCC1,8.597054597230079,2.3689872729437033e-11
RAD54L2,4.310742226466814,7.828462287797902e-05
IDNK,14.46570311406917,2.587529031989089e-19
C1orf147,-3.1552470107205073,0.002740497476569299
GRAP,8.601295894960876,2.334370590167654e-11
FBXO2,-3.047433664080782,0.0037128333289020905
GLRX2,-3.6138436313636193,0.0007101569679155285
MED30,-5.432469737973356,1.7291337487430424e-06
PPP1R3F,3.0832989388003176,0.003358197660281765
OR1J1,-3.8993017917354567,0.0002935594228129333
PTGDS,5.975440700701082,2.553402857573502e-07
RP11-1026M7.2,-2.0682813254181585,0.043912609384221174
SIGLEC1,7.738823953142604,4.801568390955472e-10
OLIG2,-2.7162088212159583,0.009097691356994012
GPR171,5.442895171654501,1.6672541642479044e-06
POM121L2,-2.4848302386832106,0.016424989423403216
TRIM15,-3.2699358803031084,0.001972083012589992
UBE2L6,5.494646478757507,1.3910874677423755e-06
OLA1,-9.928324341874024,2.554742261282629e-13
HIST1H2AK,-2.461081684649285,0.017421453771369992
TIMM13,-6.113597786535897,1.5636588642723209e-07
HNRNPL,-8.47596929831144,3.6088881179455414e-11
STXBP5L,-3.0047185890617203,0.004180930679419674
LOH12CR1,-5.175398338387805,4.227661894178813e-06
CCDC96,4.943019109500961,9.403286909119863e-06
ATP6V0D2,3.910956417095922,0.00028298364033537413
PLOD1,-6.431708817396631,5.038508303998201e-08
MUTYH,-3.7157475901419246,0.0005198786684120488
LRRC6,5.969865585352984,2.604373098765571e-07
PRTG,4.608881012199073,2.9152588752989047e-05
DCP1B,2.699092808959264,0.009513887211325841
C19orf40,-7.347816721857798,1.921874399932647e-09
KCNA4,6.3260752205113375,7.341730772746664e-08
CCDC169-SOHLH2,-3.3601374965019506,0.0015160346311216591
ARHGEF37,4.007253965444332,0.00020861049064252953
HSPA1B,-2.592775682331798,0.012515432780486202
SFTPC,18.469906931364704,1.017482386624734e-23
KCNS2,4.191769307180025,0.00011533850206310048
TMEM109,6.118121987052587,1.5387210102951032e-07
GON4L,-3.140399674619821,0.002858474736858289
C12orf66,-6.920129706495219,8.82034364958933e-09
HOXA7,-2.312415875387107,0.024997573834077073
MCOLN1,10.69621916496785,2.055859346009843e-14
NEUROD1,3.9752004657687476,0.00023097465814186146
KIAA0247,8.100308142324165,1.342715417407682e-10
STAU2,-2.477143338373369,0.016741728721840866
ID2,10.335430757132558,6.656468469074829e-14
CXorf24,-2.244584487490657,0.029343385923958482
WDR36,-2.7784881016066065,0.007720729123110659
UQCRC1,-5.414078835473646,1.8438834859886625e-06
HIST1H1C,-2.7777857609385297,0.007735121847445015
PDAP1,-3.686793362250359,0.0005682823720256796
APBB2,5.936594752218332,2.9302918762766257e-07
SLC45A2,-3.575847949593436,0.000796909753817964
CDC42SE2,9.57865539994556,8.239058258206631e-13
DYNC1I1,-4.494932219494613,4.263776631473092e-05
FAM149A,13.615546510088993,2.817995558244314e-18
ADAM23,-4.455651813911799,4.8572721693801916e-05
AVEN,-8.768576132332061,1.3080059234399813e-11
BLOC1S5-TXNDC5,-2.3939202596644082,0.020541851870631157
OSBPL9,6.586606788669672,2.8997506945442745e-08
ORMDL1,2.795339829619113,0.007382725696553056
SPATA31A7,-2.0326752086696733,0.047522689560308605
ABHD13,5.308944553390576,2.6600674216536295e-06
PRPS2,-7.918781867104154,2.543351940281778e-10
BOK,9.153972708930342,3.4801061577601872e-12
CRADD,2.580745206436302,0.012904685729225788
FAHD2A,-3.355170943568337,0.001538291438602577
ZNF330,9.601542466804855,7.627891182747599e-13
EPB41L4A-AS2,11.863171029339611,5.149703368836975e-16
OR9K2,-3.238343558259495,0.002160492566290549
C7,10.395134312273203,5.474215126717327e-14
TCEB2,-2.302634593217592,0.025586554150917
TTF2,-9.79828975290615,3.9421691079144244e-13
NCOA6,-7.306417755365563,2.226777590737975e-09
OBFC1,14.751632840698699,1.1820392598536185e-19
C1orf170,-6.907734788844996,9.219135026070408e-09
STK32A,6.23110904646661,1.0295587626714257e-07
KAT6B,4.927396136448483,9.919117904361226e-06
AADAT,2.2505799159371556,0.028933908514767064
SSBP2,2.252333306753688,0.028815116978528753
PCCB,-6.488478231698847,4.1151542592990035e-08
EPCAM,-2.936175640185138,0.005048849083003593
ABCB1,5.072028078581404,6.0398672421166135e-06
RNF39,-2.954530671804552,0.0048012735454963235
DHX9,-8.276207297383532,7.247363638613214e-11
REV3L,13.15489806336399,1.0667953660289258e-17
ZNF583,8.524124304103871,3.0521234235020136e-11
NFKBIL1,-2.5231575901678847,0.014925238070344123
SPOCD1,3.37363361519412,0.0014570877153199846
IDO1,2.9316479657729695,0.005111722098816801
PHF21B,-2.766754397788703,0.00796445739773659
PTCD2,-3.1974852067853443,0.002429450808116293
C1orf56,-2.335099592436001,0.023677999964200606
MAPK15,3.4449448467113184,0.0011800850782995595
ENPP7,6.853330316579179,1.1194204984186032e-08
SENP5,-8.591928869418677,2.411513586270384e-11
PITX3,-3.630332501282712,0.0006753910080419644
AHCYL2,19.89878615063852,4.025437537534463e-25
BIVM,2.2711658500249507,0.027566254853640455
MS4A3,4.468790730161577,4.650287590817205e-05
ZNF347,4.352886891718196,6.817786220096875e-05
RBMXL2,5.256021960829062,3.1971536927015832e-06
REPIN1,-2.347466214130599,0.0229851474527903
PPFIA3,-3.304790262322355,0.0017822892421476637
FRAT1,9.263877668996072,2.392431669236738e-12
TIMM23B,-3.5704148983005095,0.0008101140300339305
CXCL10,-2.321669946308517,0.024451509451415523
SPAG8,5.474854913077939,1.4908993708332969e-06
DDX24,7.900269628632866,2.714902774493377e-10
GPR83,-2.21132303454079,0.03170973682300206
CITED4,-3.2844642272727502,0.0018907566108862864
ASAH2B,-4.8905531778063525,1.1248377985088624e-05
ATP6V1G2,2.4078106418713654,0.01985802663236076
MTERFD2,7.23802349089554,2.8404667938804033e-09
CLPX,-5.1972417101733095,3.919840331514546e-06
MLYCD,9.267841034149853,2.3603745114580337e-12
TOPBP1,-8.38521711593245,4.9517275683293125e-11
INTS2,-5.705703542929345,6.626488505900902e-07
ZNF578,2.085562400187286,0.04224819178366926
F3,2.876785106770865,0.005933781714820937
KIAA0232,7.473655028008723,1.2289122153854876e-09
DPP7,3.5988768152723964,0.0007431919738712906
ARHGAP42,4.694629389375791,2.1855151373235896e-05
IGIP,14.076919006473313,7.62744751929176e-19
SIDT1,4.609750312904378,2.9067809625718235e-05
CD8A,3.7482742825655917,0.0004702258123919263
SKOR1,3.8055746480888315,0.0003936357764818453
PRKCQ,13.90741169926975,1.229070154713777e-18
VPS53,3.4797299652412255,0.0010639095264759102
GNPDA1,-3.87145392397311,0.0003203968581294798
CCDC36,7.24031010007233,2.8174376409011214e-09
WDPCP,-3.650321275979723,0.0006354295001243463
ASAP3,3.2403911699937686,0.0021477828337758474
ARMC4,4.758954095403158,1.7588484763927874e-05
LAPTM4B,-6.262767326150697,9.198391639422168e-08
SLC17A5,11.356990430021096,2.4946331643809965e-15
PLK4,-13.867611927766339,1.3754602115881869e-18
CDK7,-3.2100482320948895,0.002343560584432808
NEURL,-3.7272155254912716,0.0005018236162094802
TXNIP,12.436667502716011,8.96978869394373e-17
PCOLCE2,9.571667447916541,8.435344956028021e-13
MEFV,8.49462578684287,3.3819667561801557e-11
NR2C2,2.1225678422094325,0.03886808253315742
ACADS,10.696119641402673,2.056521130888402e-14
GORAB,-3.7250522813638858,0.0005051826621039567
GIMAP7,13.992529016282866,9.66812548978997e-19
PCDHB6,-3.4629313403304627,0.0011185825283573888
LOR,-2.657763217419284,0.010591998231760364
MND1,-9.100641942057196,4.176075744490335e-12
PDE4A,12.382902983406117,1.0547648281810443e-16
C9orf117,2.9514030830929316,0.004842642689881217
HLA-E,17.372898190599678,1.3843095741411966e-22
AMPD1,3.8637610746347564,0.00032821827269339626
AFF1,6.78589425938781,1.4239806599630116e-08
COX6A1,-4.649489259944943,2.5439700853836492e-05
CFC1,3.9729453451915258,0.00023263253396165384
METAP2,-4.163835602651249,0.0001262492820292028
ARHGAP25,10.543517952692442,3.373594156950073e-14
ITGB4,-10.755819591952852,1.695836045970656e-14
NYAP2,7.3103503656634725,2.195839814833891e-09
ASL,8.990119674161406,6.099046872741763e-12
AQP8,5.6879497377430805,7.054247021577972e-07
WFDC1,13.934157542473143,1.1396780166371444e-18
CENPM,-8.989175471560472,6.118847242128586e-12
IRAK1BP1,6.528051539338126,3.573427147515142e-08
ZNF799,8.24891828785501,7.97366095410732e-11
SLC6A20,8.192711922156787,9.708891772902496e-11
ACCS,7.351761060853216,1.8951055823081563e-09
STK31,-5.883538352607529,3.5359169369390917e-07
HOXD8,-4.064421683473788,0.000173817847457162
PGA5,-2.178476469893277,0.034210528702813714
LRFN3,-5.733140140304875,6.015540514520589e-07
PPIL6,7.43388874015395,1.4153353792072616e-09
POU6F1,12.95599149353285,1.9112165703572866e-17
KNCN,4.37649223299389,6.308511941318147e-05
CTD-2162K18.4,-3.41346859018152,0.001295535577033186
RUSC2,7.304730711590567,2.2401831764217843e-09
APOD,2.4122957636727946,0.01964163887068214
ZDHHC7,9.141363299564633,3.6332970667473444e-12
DNAJC15,5.264003222031469,3.10977695210522e-06
HIST1H3F,-4.97815009159036,8.337848471082105e-06
KRTAP4-1,-5.806271788194669,4.6468734596176776e-07
MRPL42,-9.520176305295683,1.0035120584201285e-12
BCL11B,-5.13235503763996,4.905717351458566e-06
RP4-583P15.15,-2.8907984931958106,0.005712856832704056
FGF2,10.580955872907422,2.987027665089982e-14
ST20-MTHFS,-3.8879970577640077,0.0003041815777936472
LILRA1,10.700872321593419,2.025157442418186e-14
TMEM54,-7.913977431240025,2.5867981538771515e-10
ITGAL,13.50845561911631,3.8310335579289464e-18
LMOD1,11.212039207975637,3.9433856039786645e-15
TSN,-6.023137621952072,2.1559897756650074e-07
AC005477.1,-2.287058679047239,0.026550021135616
SCAF1,-3.1586378159743074,0.0027142047033205156
UBE2N,-4.87882835254892,1.1707048282242358e-05
RP11-455G16.1,3.643718650717779,0.0006483719590741169
CCZ1,-6.716096163944916,1.8267667520901203e-08
TSPAN7,8.15598844611084,1.1043293493911821e-10
NAV1,-5.077862440295936,5.919748569528312e-06
MECR,-3.8112589223925726,0.00038672904048181104
HEBP1,5.983815173050702,2.478698726353872e-07
UBE3C,-6.061755181471126,1.879820090603662e-07
ATP13A4,18.40176364021502,1.1925229913619709e-23
ACVR1C,-6.019077725790495,2.1872728441769725e-07
AC007401.2,4.861160941159829,1.2433129517837975e-05
HPCAL1,18.14977364281761,2.1531816142441038e-23
KBTBD13,5.663210149401991,7.696372338537478e-07
AK1,20.214236392725923,2.021824415111206e-25
SESN3,-5.863229350407466,3.799357020282957e-07
AVPI1,2.67753585153806,0.010062956346295086
DAO,5.700979104719469,6.737738029570729e-07
AC120194.1,4.296354058353626,8.205837354847962e-05
ITIH2,6.203918597399965,1.1341477268965356e-07
ANXA11,11.787739329994107,6.501068357695854e-16
CNOT8,12.667396175580699,4.493728559935643e-17
TDRD10,17.019613509043413,3.2922647499663896e-22
HSPA12B,13.943648801493621,1.1095672007179465e-18
RABL3,-4.35002661724087,6.882153922206234e-05
CAPN8,14.432045662804994,2.839333281699555e-19
TMEM194A,-8.20377273133123,9.339707235769699e-11
OSBPL11,6.048303349579949,1.9717736196173924e-07
CHSY3,2.273732609047834,0.027399822170956017
KDM5C,-4.1857219118001066,0.00011761999510960622
EVI5,12.79667855977846,3.059891479454525e-17
CHKA,9.772229427126309,4.301244645580187e-13
MYRF,13.010006865130915,1.630524192898722e-17
AL953854.2,5.989240705507955,2.4314653819598436e-07
PRKAR2B,9.722965025231046,5.072902956209338e-13
PGRMC2,2.2135001459300683,0.03154983890827334
LNPEP,5.292063663215376,2.8209014958113563e-06
DNAJC28,4.683487776822543,2.2690920752419212e-05
ZNF141,2.4924056746750707,0.016118161100620133
MLTK,2.9745211261739692,0.0045445457069222634
LURAP1L,7.121490526486462,4.301876294662393e-09
C1orf131,-11.946430037141926,3.9851873728596404e-16
CCDC166,-3.872854517290674,0.0003189923349561856
ATP6V1D,2.856789350485046,0.0062627843136470315
ELK1,-6.891097903341726,9.782922494586039e-09
SUCO,-3.0422455142029956,0.0037669487740761252
KRT3,-2.9702071594310095,0.00459883902625273
NFRKB,-2.9293369408332985,0.005144094288042513
SYMPK,-3.815556038902333,0.0003815853914657674
C20orf194,11.401637796619168,2.1676542916850618e-15
CHST14,-4.4564443560949405,4.844535769072908e-05
DENND6A,5.802698767481171,4.705903204196732e-07
AGBL5,-5.662208299279472,7.723563255926578e-07
COL10A1,-5.4034508833964106,1.9135997569752756e-06
FOXK2,-8.933077344508924,7.41946767354606e-12
FRRS1L,-3.3323030105396683,0.0016448314525746286
AL139147.1,-3.3813230265585004,0.0014244829583828962
FERMT2,20.372096287449974,1.4370176673848214e-25
NOBOX,-2.4024587888773956,0.020119035873282072
ROPN1,-2.47413312228273,0.016867263585472466
PSMC2,-8.187508070234024,9.887630541704278e-11
MFAP1,-3.382574896665513,0.0014192408081104028
C19orf35,9.513338852473698,1.0269452703504118e-12
CEP70,-2.5900918010972904,0.012601330950279408
IL1RN,-2.128038323152547,0.03838903648979658
MEF2D,7.185536252805133,3.424223062736421e-09
DPYSL4,-3.8902241056645623,0.0003020600845381716
LDB1,-2.9168975409020215,0.005321646098100402
DAW1,6.3325973512163145,7.173115215396154e-08
ZNF576,-5.13376687184787,4.881862761519783e-06
MCCC1,-2.2443058035686216,0.02936254392971828
MAPRE3,3.118044050665613,0.0030451603460360382
NBPF6,-2.2285058294040443,0.03046700642820367
TGFA,-4.993590029420644,7.908065460598213e-06
TRMT1,-7.161956114218095,3.7242685553899274e-09
JAK2,9.815776350021132,3.718357335266738e-13
PCDH20,10.567086065362897,3.12472135942846e-14
S100A9,-3.4040621593017018,0.001332071653263641
SYT12,-5.755388701800682,5.56144778150483e-07
TBC1D22B,-2.2893809536973033,0.026404354834252384
ALDH16A1,-5.191380550808588,4.000194945710381e-06
ANKAR,4.522715182523215,3.887421202272632e-05
KANK3,17.34054978056076,1.4978007437996427e-22
SNX2,10.072476523363688,1.5831661119427977e-13
POLR2J3,-3.9373351496288005,0.0002603878517285503
CASK,-9.29979767127241,2.1172386018678057e-12
AC117834.1,4.816072659315415,1.4492792925738172e-05
CDC27,-5.526994831828842,1.24201015983481e-06
EIF1AD,-4.974645337339417,8.438563983939223e-06
POMT2,-8.309212542998555,6.457272935318866e-11
ARHGEF17,10.96094602505571,8.772378131810547e-15
SPATA6L,14.916900680656777,7.548920601395871e-20
OTUD5,4.42165775610742,5.4354493565609724e-05
LY9,2.431360064109205,0.018745365536322067
SIRT4,4.326538782101797,7.433611454442042e-05
MRPS18A,-5.371796246403231,2.1370729550841833e-06
NGRN,-3.379338523552621,0.0014328306855834548
TSNAXIP1,4.619444690110037,2.8138567322436683e-05
BIRC2,3.1056352782598586,0.0031536690337918847
CIB2,-6.609914346700176,2.6683538423265796e-08
DLEU7,4.633222928646771,2.6867751579202498e-05
LRRIQ4,-2.2283134079862252,0.03048068095969233
NIPAL1,-5.9072544873602775,3.2511850003333234e-07
YES1,-5.045945780492328,6.6069006217596825e-06
XPR1,-8.485622601626785,3.489621304518991e-11
C4orf22,4.51254643809926,4.021240945307011e-05
GOLGA7B,6.097455816211227,1.6559602382924327e-07
GALNT18,8.772035165931012,1.2924689684556417e-11
BCAM,8.011047491963032,1.8376879379623527e-10
LRRN4CL,5.749257629321274,5.683071333474756e-07
PNRC2,11.019695633025009,7.270368765762539e-15
HM13,-4.840892344973613,1.3320737752676735e-05
FRMD6,-9.504026579626647,1.0597517250139316e-12
ENTPD7,-8.03314939121688,1.7002078175611135e-10
GNG2,9.014398411016153,5.611516664820787e-12
GLS2,-2.7256341336492573,0.008875720607619432
RSAD1,2.5018577983190693,0.01574260666185456
ISY1,-8.416846632382411,4.434452174208076e-11
ZNF274,6.13064265224813,1.471751829216935e-07
POTEG,-2.1964850691228257,0.03281871130189347
HACL1,7.106932776150459,4.530951097238726e-09
GPR64,4.214862528336018,0.0001070153121469618
RSL1D1,-5.895003491467483,3.3953000430225395e-07
MYO18A,5.21572379393436,3.676750143505975e-06
SDHA,-6.4728919683013375,4.350374756511018e-08
HDAC4,-2.2031534301732867,0.032316157718696475
FUK,4.860779304147497,1.244929247288821e-05
CCDC58,-10.138835074646789,1.2712290640279024e-13
AGL,-2.3414169206227586,0.02332176524393462
C22orf31,-2.1234239108455384,0.0387927734456661
APOA1BP,-6.4795773620634485,4.2478810908134964e-08
SCRN2,8.135230738040338,1.187769218529486e-10
TERF2IP,14.533365933142022,2.147754158141841e-19
RNF43,-4.813510092383802,1.4619426151109074e-05
GK,6.7201529155174375,1.8005101591339086e-08
TRIM56,3.703028996636383,0.0005406322116738777
DEK,-6.376354469939624,6.137545139619124e-08
NKAIN4,-2.1571255381199808,0.035927814378016974
PRPF40B,-8.34446404478082,5.708861833527144e-11
METTL8,-9.941764104226111,2.44301277282176e-13
RP11-176H8.1,3.806287211395978,0.00039276350231761043
DCAF12,-4.567890839869395,3.343719433557691e-05
MSANTD3-TMEFF1,-3.778314337385572,0.00042844257594076894
LIPI,-3.956589881536332,0.0002450054966051956
KLHL32,4.783768257193225,1.617107694059226e-05
UBQLN1,-3.9939548281789645,0.00021762282622643072
HELLS,-11.795151637832298,6.353688403133052e-16
HUWE1,-4.447888999344154,4.983764605763209e-05
CLCN1,-4.236922060208787,9.961165721142464e-05
NKG7,7.998061501186181,1.923624378646106e-10
RP11-552F3.12,-2.7959603971122955,0.007370543820624512
UBL3,16.39020723160489,1.5918330875028442e-21
FSCN2,5.624979241265131,8.80447395307824e-07
MYL6B,-6.32832693117314,7.283075474784718e-08
PC,-6.306616774652525,7.868642017704384e-08
SNX21,6.568899394363969,3.0888597445992916e-08
LRRC4C,4.123790335927196,0.00014365646804629165
HIST1H4L,-3.395508431057383,0.0013661443663733307
VANGL2,-7.090718461212689,4.8005109641403365e-09
PPP5C,-3.474824858748104,0.0010796046917140416
CD1A,-2.1150482856750745,0.03953510329045572
AGAP2-AS1,-8.10681678756681,1.3123697440780974e-10
IGSF11,-7.693777087255723,5.631193064531748e-10
GNPTG,11.626388984224633,1.0728296042160012e-15
GPR65,14.974916632215306,6.454330315719516e-20
GFRA1,5.034055117706226,6.88251619773057e-06
CACNA1S,4.376162490525547,6.315363632479246e-05
AIF1L,5.78057252707849,5.08840205406863e-07
MRPL39,-2.8381635161688874,0.006584394852595738
SNAI1,5.474865695883765,1.4908431053934739e-06
EFEMP1,18.20026206072278,1.911846139836568e-23
AGTPBP1,14.409352921795296,3.0230272083556887e-19
CCBE1,7.007738750418549,6.453155450719086e-09
EFCAB5,4.650746778479567,2.533245137214077e-05
MCL1,9.253562427924654,2.477940866105771e-12
COPA,-4.320812472931558,7.574451200448116e-05
RAB38,-6.757025918345933,1.5785064275030737e-08
ENPP5,9.452945756938853,1.2594807775183484e-12
FARSA,-9.841042038328723,3.4174498412825276e-13
EMC9,-8.017255256492547,1.797981891664051e-10
PRKCDBP,2.4684841465296516,0.017105143201869562
SLC11A1,10.158124341055633,1.1927912627411843e-13
GBP6,-6.528030122514213,3.573700157962657e-08
DMP1,-3.414956645474182,0.0012898437740048324
USP46,-4.872524309278817,1.1961211655009018e-05
AC004381.6,-5.611031232458191,9.246988239773818e-07
BNIP1,2.997445940704784,0.004265928793428126
GPATCH4,-5.010856403890859,7.453252496405301e-06
CUL1,-3.8828073708093043,0.0003091812246079266
NINJ1,3.3729516065401617,0.001460013551107012
GJB2,-3.9094800211412943,0.0002843027370963212
TSEN2,2.0622369080793748,0.044508099248321546
CD1B,4.5790983146649245,3.2208026721246324e-05
CSTF2,-8.011141748035383,1.8370785130372832e-10
SDCBP,16.226193918359463,2.41696104260787e-21
CAPN7,6.34467011285782,6.871127540414106e-08
PROC,-5.00659175943233,7.563131893946938e-06
SARS,4.834136937333759,1.3630187919871536e-05
MIPOL1,-3.3124894336169657,0.0017427640513901803
LDLRAD4,6.301995536983652,7.999223262918985e-08
SLC16A2,5.383372471108816,2.0525023741109687e-06
NUP214,6.286500016825166,8.453053083056122e-08
CFP,19.413911173682067,1.1798717682247826e-24
SOD2,2.736505314963113,0.008625896475292705
ARID4B,2.6197361322351504,0.011681737678307016
CHID1,-4.956534417140058,8.97841034826741e-06
IBSP,-2.3942075980885784,0.020527494397287793
RHCE,-4.214504685485105,0.00010713971546915997
PDIA6,-10.512174394145298,3.735950210679121e-14
HIST1H2BD,-6.040162718840686,2.0295816388298676e-07
USP54,9.697797640777546,5.519675222349653e-13
PCDHB8,-2.575718529409202,0.01307057225291356
JTB,-2.475823546378535,0.01679666348997012
C3orf17,-8.997660902107333,5.94320549368757e-12
KRTAP1-1,-2.1044600433672334,0.0404913017247952
CCDC134,-7.595996130192165,7.961921756903264e-10
PREP,-7.4673840057790315,1.256584462339549e-09
NXPH1,-4.8543237462950115,1.272584654455665e-05
MAGEB6,-4.314572514604323,7.730884376601306e-05
RBP2,6.890320496207617,9.810095139415238e-09
PLSCR2,-3.07002549234948,0.00348556954793375
IVD,9.051517891201065,4.940983005197553e-12
PPIL4,3.6005126491375923,0.0007395109730137171
SUMF1,6.504745679443272,3.883187851710911e-08
INSIG2,7.976976831599582,2.071849745050361e-10
EVI5L,3.234653486809628,0.0021835768147082423
TMEM87A,8.757069452075154,1.3610584784636662e-11
PRCC,-8.194555300243259,9.646359466287759e-11
CSDC2,9.11067932969985,4.035122684237218e-12
ZNF462,-3.5889030656126186,0.0007660174077800501
GUCD1,8.470226815394481,3.681775814140498e-11
TAF4,-5.059997419845012,6.295192369858805e-06
PABPC4L,-2.0636254069480215,0.04437068787174408
FANCA,-6.226017715730247,1.0483830614783802e-07
USP33,6.5283095802838815,3.5701394137564037e-08
CSNK2B,-5.414234798828977,1.8428793571598645e-06
RORB,3.3208736211454513,0.0017006674442821307
DYSF,7.4475449871134485,1.3483152831688272e-09
OR5K2,6.4868177737680925,4.139596321739185e-08
ICAM1,6.971086855145567,7.35431617488018e-09
KIAA0907,-6.935053626484,8.363028195253625e-09
ZC2HC1A,5.022410619934211,7.163396000755715e-06
PCDHGA1,-3.6808331485308674,0.0005787694949198287
GBA2,4.541838177805887,3.647458175300104e-05
MYL4,10.695229735487482,2.0624481775149735e-14
RABEP1,6.956904625836818,7.735917322864006e-09
TET3,-10.169654984954237,1.148258692446889e-13
NUP43,-8.139882088084235,1.1685369667251415e-10
ZBTB22,11.317003847618766,2.8297514560630086e-15
SLC3A2,-5.610134383858997,9.276184692845146e-07
PGK2,-3.979979475918698,0.0002274989943374453
HEXDC,4.617756171755647,2.829829875872667e-05
TMEM189,-7.308724967678263,2.2085741800163215e-09
KRT83,-2.635552909098085,0.011216586499989788
LRRC52,6.668706579338773,2.1633684731443237e-08
C17orf75,-6.600454888405451,2.7599551524755474e-08
APEH,5.362434861128545,2.20797647280929e-06
DOK7,9.987630153808752,2.0975707224936636e-13
TRIM37,-5.4763763098785425,1.4829813635839099e-06
TTC21B,2.236328796702829,0.029915642617412978
GJB7,-5.206256081236769,3.7993564643343934e-06
GPRC5D,-2.6199355113024096,0.01167576602315742
DCHS2,-2.668979095105204,0.010288854464693646
GOSR1,-3.721646150722479,0.0005105154586381681
GPRIN2,16.01762251485534,4.128191928528105e-21
NOA1,-3.468748702332658,0.0010993530616286611
THOC5,-7.2074753378153655,3.166856147925396e-09
NAT1,6.9499934185597505,7.928999378676244e-09
CAGE1,-5.796452499585494,4.81089241634916e-07
POU3F1,-3.0402994600945465,0.0037874371178454793
EFNB2,2.609499738389919,0.011992108532963935
C20orf141,-2.455457189217071,0.017665314888827055
SIKE1,-8.459803640313607,3.817884008634596e-11
LUZP4,-2.2551004319855283,0.028628525715885696
TBC1D20,3.22608469493124,0.0022380830854068566
PHLDA2,-4.003408513000523,0.00021117861408653208
FOXP4,2.424989166207397,0.019040694676505134
C8orf34,14.95551945616421,6.801092007836053e-20
FBXO5,-7.697889331488082,5.54982870771438e-10
PSAT1,-8.323546793093122,6.141709849325511e-11
EBNA1BP2,-6.150833084093803,1.3698218559023848e-07
NIF3L1,-7.767902457530792,4.3324130902224867e-10
DEAF1,-3.3729013557051233,0.0014602293491226452
SCNM1,-4.48131369820028,4.4610399575704055e-05
FOXB2,-2.433448889972174,0.01864943880769044
LCE6A,-2.6110741723155493,0.011943885937301068
GSG2,-11.94319234269175,4.0250465462697744e-16
CCDC43,-5.316688247098738,2.5893549232430457e-06
EGR2,6.281270845676596,8.611926849598696e-08
RAD51B,-3.387993195449772,0.0013967625265462842
MEGF9,8.142576986552395,1.1575378647285989e-10
PMS2,-7.416401392175427,1.5060619260892927e-09
LARP1,-4.790206556238217,1.582203222644382e-05
CYTH2,3.1739884221814387,0.0025981183279083692
ATG13,-2.9538684044569785,0.004810005865498524
ITM2C,-2.38335688081225,0.02107597815864405
DVL2,-5.180271453648015,4.156984697178971e-06
N6AMT2,10.70177692633671,2.019242873045139e-14
TTK,-12.583759489273447,5.768656348376393e-17
KBTBD2,3.859521929117467,0.00033260661653882167
NEXN,15.137942728084665,4.1647510562138246e-20
ACACB,10.243616545058542,8.999363269722646e-14
COIL,-8.841700093280531,1.0162708558813907e-11
TMEM133,9.154984348763298,3.468101917946628e-12
SDHAF1,-2.4510726262236573,0.01785755050787154
LRTOMT,4.4085965546817345,5.675018455814824e-05
MAFG,-2.8674267472543002,0.006085710108102345
COL3A1,-5.3188088428433655,2.5703167509464363e-06
NUMB,14.547954593666208,2.063350035801451e-19
CRY1,5.4149929240911385,1.8380060721614223e-06
APLNR,5.2688755316888,3.0576004978358807e-06
ZNF672,4.200294163468001,0.00011219523684980456
SPINK5,-3.0046373760540495,0.004181871041624444
G2E3,-9.605555498982024,7.525545275483949e-13
METTL2B,-5.582718189276045,1.0214191618611308e-06
SORD,-7.448366997659248,1.3443842997287125e-09
RARRES3,14.083392948671074,7.490245916203065e-19
STARD3,3.3772986169441914,0.0014414598881518194
WEE1,-2.7118303639053507,0.00920253394505619
PEX2,3.749454324196389,0.00046851299628673755
DIRAS3,3.167303858634116,0.002648082222622878
RPL26L1,-4.517500314831478,3.955495126614077e-05
CCNB2,-13.821972878054627,1.5652868242935443e-18
PSMB10,7.3931696614904405,1.6356820197941637e-09
RPL35,-3.073795978848526,0.003448934619407685
MZT2A,-11.577513267971577,1.2494447403519085e-15
CACNG1,6.37651244103178,6.134090772758525e-08
SKIV2L,-5.437777182532629,1.697352781752527e-06
CBLL1,-2.313764826451382,0.024917303192707668
AQP12A,-2.2662065234958253,0.027890373032640324
EXOC2,2.576416917932032,0.01304740888401021
ITGA9,11.469499895145722,1.751703906112393e-15
KIAA1191,8.424207574184505,4.3220914357045504e-11
BARHL2,-2.289548968417721,0.026393843653594526
SH3PXD2B,-4.73003947027794,1.939440758537346e-05
PRNP,-3.7328459896661847,0.0004931810403624986
GRIK4,5.98656112945753,2.45468011142963e-07
ARRB1,21.019603651337015,3.6195357339054106e-26
PTN,-2.0618368594642154,0.044547758262763665
SH3D21,-3.1237275571527143,0.0029966414068617604
COX5B,-5.561819166150272,1.0991851092204531e-06
EMB,5.042071850692302,6.6954788077333285e-06
NPM1,-4.778784422895964,1.6446451228772844e-05
HSPE1-MOB4,-4.105098935196923,0.00015255815172441093
FUBP3,-4.232797166872204,0.0001009571048780946
SMPD4,-10.356896154359154,6.20425461317288e-14
MPZL3,2.115460453010929,0.03949828428179516
FAM45A,-2.979393563731906,0.004483943608351647
FAM83C,-5.1743580702487355,4.242902351099226e-06
DUS2,-4.254136397106348,9.4182578885805e-05
MID1,-2.222578780058597,0.03089071717724557
C1GALT1C1,2.8629865163265715,0.006159051214773948
ALDH1L1,-2.1887682871527696,0.033408876234859296
EYA1,-2.4158134332380565,0.019473414195566075
STEAP2,-4.110625355260057,0.00014987195994247999
UTP20,-6.307435800664163,7.845721767946907e-08
SGCB,4.341825587904157,7.070011903268797e-05
RASSF7,7.748736370618902,4.636166583587704e-10
ELMOD2,-2.3268733490015396,0.02414916886577675
CYP27B1,-5.795185216601625,4.832475545472229e-07
SVOPL,-2.9732407852046223,0.004560596641714962
UBAP2,-4.5838255708350815,3.170293299727494e-05
CTPS2,-3.2064293922372125,0.002368003279389824
LPO,-3.428738416554332,0.001238246971304815
FMNL3,6.86507746657858,1.0734683354805103e-08
ADAM29,6.5272444764088675,3.58372957474304e-08
THBD,6.572797512024656,3.046198591489181e-08
FAF1,-5.703554047825941,6.676876233249808e-07
CKS1B,-4.606872856639058,2.9349362309205498e-05
KPNA5,8.56477608544775,2.6499620794318313e-11
SMPX,-2.5717857928616024,0.013201710116456253
OSGEPL1,-4.741869818089869,1.863452521186883e-05
RP11-467N20.5,-2.1240907723129685,0.03873419764262493
CXorf21,9.496050556205901,1.088691099093808e-12
SLITRK6,-2.9411207259846135,0.0049810033734016875
CACFD1,7.817567561865273,3.635091993225802e-10
ZNF254,5.5144897201627705,1.2976637458190008e-06
GPR112,6.74190531565006,1.6660255233492232e-08
NUP205,-13.17976909377828,9.921347905960427e-18
FAM149B1,4.420312925955884,5.459653071708404e-05
GPR98,4.521645452587257,3.901291206323287e-05
CCNB1,-12.15208194081968,2.1238205772739235e-16
P2RX5-TAX1BP3,4.959763452488411,8.879730486486934e-06
ZNF812,-3.0749775401383843,0.0034375288239045687
ZNF473,-2.3909602369877523,0.02069028191530137
C5orf60,-3.1292389016367568,0.00295028704866816
OR2S2,3.386447428898012,0.0014031405463027938
ROPN1L,5.484465383279563,1.4415765267049036e-06
SPATA20,-2.676709445213003,0.010084573185596857
UFD1L,-7.545822653883449,9.512313144016938e-10
NUP133,-6.799813802297961,1.3549741124875423e-08
HMG20B,-4.187424267308376,0.00011697335244007216
DNAJC2,-9.116344241455064,3.957700555102886e-12
COLEC10,7.6721008334205045,6.080305682014795e-10
PSMB9,3.2695963795221124,0.0019740224619937572
LBH,8.85990305983605,9.544688220299819e-12
MMP15,3.680349922912574,0.0005796278302811522
ASTL,-2.9184238975753254,0.005299556873574971
E2F8,-8.995338941389539,5.9907566060515894e-12
SNX20,10.28205842452686,7.93088903757436e-14
MFSD4,13.550003805767524,3.400136256625815e-18
NCAN,-3.6399384277103595,0.0006558952816976541
SMCO1,-4.285773871591509,8.49458017991609e-05
LTBP2,7.093106770473668,4.759818944033197e-09
ABRA,4.552256824410631,3.522882354096482e-05
POPDC3,-5.16085932933422,4.445652420431601e-06
TMPRSS6,6.845329289467891,1.1518405694682754e-08
IGFBP4,6.013193276997568,2.233418329076517e-07
SELO,-4.246061974618621,9.66922647244266e-05
TOMM22,-7.106706163425892,4.534611953475731e-09
SERPINH1,-4.699717177880081,2.148361162686986e-05
C15orf37,6.91554613130917,8.965761736384471e-09
ITPA,-7.26396072767628,2.5899522241089433e-09
SLC41A3,-3.2355953659347687,0.002177662586760573
DMBX1,-3.067418897666486,0.003511108852477362
FMO5,7.80720557132956,3.7706054659510794e-10
SLC5A2,5.36688830518715,2.173960346550408e-06
GALNT7,-8.147060545931613,1.1394687590795652e-10
RTP3,-2.238992416409836,0.02972993802936201
TMEM110-MUSTN1,9.787129290334912,4.092081590181005e-13
CTD-2049J23.3,2.375375372251165,0.021487791689101567
HDX,4.060473984763845,0.00017602770002416538
DHRS1,4.118226349886237,0.00014625222508036435
WFDC11,2.2619517209624727,0.02817114116163298
IKBKAP,-4.764134935835923,1.7282818570774225e-05
FGF8,-2.5050707718719596,0.015616765815142382
CLEC1A,4.959498392150132,8.887790390841298e-06
TMEM63B,10.948485127250313,9.129376163957758e-15
ARRDC4,8.694254286652349,1.691356529057302e-11
RNASEH2A,-12.071447969574352,2.716473850768557e-16
KANK1,4.94889602033591,9.216158195038808e-06
ADAP1,6.404328068623974,5.555123881652429e-08
ITPKB,2.017799168504551,0.04910553277760602
CPA2,-2.3796179221130296,0.02126800277152214
NARG2,-4.570680673170999,3.312699801913012e-05
DYDC2,4.656781692785798,2.482388866578317e-05
MMP3,-3.400118391043278,0.0013476795521505432
APOLD1,4.771876985235022,1.6835737900765634e-05
TRIM7,-5.3357141342998915,2.423413523904678e-06
ETFDH,4.571906963509242,3.299154178600335e-05
PLD1,-7.0292956310991235,5.975684857473234e-09
CA7,-2.033110315766279,0.047477066430962965
NDUFS8,-5.343798309052198,2.356129370232899e-06
FAM175A,5.21440094592046,3.6936431776293064e-06
ZFYVE16,12.587556323225693,5.703509220415832e-17
TMEM67,2.045412531732613,0.046202736355381586
EXPH5,7.030911083441608,5.941362463852272e-09
SQLE,-6.958287730504656,7.697845809497821e-09
SLC24A5,5.917779687831644,3.132239595591661e-07
IPPK,-6.8940569414803,9.680182751423231e-09
RP11-644F5.10,2.3831397044749187,0.021087089119561486
TARBP1,-7.220428610787247,3.0241006935541808e-09
TMBIM4,13.787349466759414,1.726882027677085e-18
TMEM241,-3.6508531454600828,0.0006343977772428617
HNF1B,14.00091576639227,9.442625851948296e-19
C1orf21,3.3791537397452447,0.0014336103313330663
IL12B,3.3846757657061395,0.0014104846766267894
UNC45A,-5.868267786481718,3.7322350835255403e-07
KRT23,-3.3560782770356457,0.0015342023523638026
RGPD8,4.315729582092558,7.701641416804187e-05
ARL6IP5,17.959643176825967,3.376508435693813e-23
LDHB,-4.873589205028394,1.1917900079886454e-05
MMRN1,10.700431177754249,2.0280481263004047e-14
CACNA1H,3.834750394288367,0.0003594032928622879
FBXO25,4.651827244136365,2.5240656120809707e-05
PTGER4,9.693962795104872,5.591159439311566e-13
SERPING1,14.342763206442315,3.6348682882345244e-19
LIPA,7.718296341891477,5.163196926813639e-10
HUS1,-4.493467481715046,4.284577164377042e-05
PAM16,-3.334959388284654,0.0016321055205159101
NCF2,12.777575633975509,3.238240610034752e-17
YPEL5,7.354004279966498,1.8800488280888504e-09
ERCC6L2,3.237940216653133,0.002163004511052896
AK4,-10.978130237752492,8.303115559959606e-15
ZNF551,-5.367684934348196,2.167930459781031e-06
SEL1L,3.2228672078598124,0.0022588794270388614
RRM1,-10.797368281645806,1.4832457679400605e-14
KLHL36,2.2144622188839436,0.03147940685102209
BICD2,-5.6449890516716374,8.20608471696821e-07
DLAT,-2.7067028124324923,0.009326725954375035
CCL4,3.916196661602949,0.0002783492460108973
PSORS1C2,-3.9488171026085803,0.0002511063323800814
ATP6V1G2-DDX39B,-4.074001640310587,0.00016856635352483455
SLC25A23,11.33931026351901,2.6375446166569927e-15
UBN2,-2.0912865436238226,0.041709134896564706
AXIN2,9.570412175675715,8.471101931259688e-13
RGS9BP,5.530614472603976,1.226347077725489e-06
PAPOLA,-7.903781493162613,2.68148759607972e-10
SLC44A4,8.492224663683903,3.41034645565546e-11
STMN1,-5.7287134846830225,6.110185736641207e-07
GAREML,-8.954055355737268,6.903281063368413e-12
C19orf81,-3.528665970119668,0.0009187903776346205
TLX2,-3.364216439719266,0.0014979844674416314
RGS9,6.247187760608629,9.722945504282869e-08
RTKN2,11.775693188089734,6.748013182410086e-16
KL,12.398564924561388,1.0060944620535645e-16
HERC6,3.1500724557640374,0.002781084296851762
CLEC4G,2.060612254055775,0.044669351190955414
HIST1H4A,-2.6679598684578876,0.010316069858515436
FUT5,2.620490975754072,0.011659143877515215
BMP6,6.157037902681637,1.33993340368614e-07
CHAT,-2.590046500097537,0.012602785423531014
PIGM,-3.0725084414613537,0.0034614038319067592
NIT2,-8.66168864018881,1.8932933147994214e-11
NDC1,-8.56894567633451,2.6118574866039794e-11
C1orf186,3.649446068834325,0.0006371307326472947
C11orf87,-3.313118221445518,0.0017395729979711458
ATG7,9.342503917597599,1.831273435623555e-12
TEAD3,-6.199770215834246,1.1510099725020327e-07
PRKAG3,-2.252821645637256,0.028782109359991717
CCL2,2.916819045380612,0.005322784388158889
FEZ1,4.522857838082192,3.8855751933819354e-05
NDUFA10,-4.945299831670877,9.330225772527258e-06
TNNI2,8.726437280880125,1.513110890306034e-11
RPS18,-2.461337172033126,0.01741044919115121
SSTR5,-2.5366210918689074,0.014428658882006163
BBS1,6.729691847181991,1.7402484115842497e-08
SCN7A,14.259741659377237,4.577341819756256e-19
PAGR1,-5.228057918176722,3.5228684237043508e-06
C6orf165,5.624693728637177,8.813318025966938e-07
MGA,-2.4745515615043363,0.016849762629404505
C1orf35,-8.881847871503382,8.849767446856564e-12
NGFRAP1,-2.9926590735732974,0.004322753110109387
SPTLC1,-2.6037395303851607,0.012170054989700136
ALOXE3,-3.6970118355788197,0.0005507256832322916
MT-CO3,2.6851590630431215,0.009865547549187519
DHX34,-7.993978822443184,1.9514684574856865e-10
ASB4,2.247903067451265,0.029116102047663597
RCSD1,12.866296504081063,2.4900872019120208e-17
NPEPPS,-5.874282417757261,3.6536500727311163e-07
FAM19A1,5.205984676548784,3.8029300237432975e-06
XPA,2.7817011201374804,0.0076552011683226565
PYGB,-2.374034676734663,0.021557670202162274
HOOK1,-4.135502839851446,0.0001383375339982082
ELTD1,8.088044420870451,1.4018250205104703e-10
SYNDIG1,-5.300944653630204,2.735124311482161e-06
IMPG1,4.969125489514886,8.599620708898328e-06
PCDHGA12,7.976799845947177,2.073141381608998e-10
TRIM16L,-5.38177596713739,2.0639658274548523e-06
PHYHIPL,-2.5958756084708816,0.012416884254499907
BRAF,-2.063266473463466,0.04440617394823633
B4GALNT3,-3.506718497127255,0.0009813709463054527
FAM228B,7.9324035781957924,2.424118848659306e-10
KNTC1,-8.819554968927886,1.0969258119432688e-11
USP45,-4.0031388209345575,0.00021135986709121515
CLVS2,-2.3408635942179146,0.023352774653536166
ZMIZ1,5.558327060407443,1.1127397685117074e-06
FAM214B,3.5016522989171723,0.0009963838456090333
CCIN,7.931325400812486,2.4333479717216847e-10
SLC7A7,14.532339896304102,2.1538207962328913e-19
HCFC2,10.67259177545844,2.21917990038209e-14
HAS2,2.2810277769218406,0.026931660714000712
FAM110D,11.27856444008841,3.1948902786335593e-15
ANKIB1,-3.507052957283787,0.0009803874576086444
CBX2,-6.922936878850599,8.73245176379746e-09
LGI2,-2.593811022331757,0.012482439584918948
CHPF2,-4.667719697503472,2.392752188045238e-05
TMEM205,5.190574015542281,4.0113788194054024e-06
OR56A4,-2.3087164277786596,0.02521889857105216
AC018445.1,-2.0566316517921535,0.04506658681616026
CHAF1A,-11.036096832809307,6.899555427137728e-15
ZNF70,-2.224571000288931,0.030747719844538418
GCLM,-4.150333486644254,0.00013187626453405523
ZDHHC11,3.2742757165679333,0.0019474493073766462
AL359736.1,2.1313455708084845,0.038101939002678505
CALCOCO2,11.575605510766282,1.256907175528218e-15
FAM129A,5.199419624852511,3.890389717517943e-06
FTSJ1,-9.021083817679738,5.484308205453251e-12
IGF1R,-7.340142939784258,1.9750453031988607e-09
MAP2,3.4837944810293724,0.0010510690861801188
SNX12,-3.757513909673537,0.0004569739646344732
MAP7D1,5.3339183615771955,2.438615642067317e-06
KCTD10,12.345853706749333,1.1796254143528618e-16
SLC15A1,-3.645295121316474,0.0006452589966679807
ORMDL3,9.282935928783562,2.242200709743991e-12
BCL2L10,-8.83331305665702,1.0460890713620953e-11
ATP1B2,10.782197113205958,1.5575525646213816e-14
FKSG62,-3.8156491708937708,0.00038147464519207324
BRSK2,-2.2808097511406826,0.02694554850652078
CA2,4.558537424483005,3.449806494809666e-05
CALD1,3.5548140589644754,0.0008492025029793087
CASP7,4.326996545345155,7.422463468799053e-05
BDNF,6.204429217517502,1.1320892601188018e-07
MAST1,-5.866243812393016,3.759055601852421e-07
AQP2,4.345275688827159,6.99038040129393e-05
LL22NC03-63E9.3,-5.1546355928638725,4.542324706224442e-06
FLYWCH1,-3.6246200610385544,0.0006872466482149006
TRPC4,3.062134730589962,0.0035634222654669086
SLMAP,3.9061068992302044,0.00028733878933606157
ATP1A2,9.027222869568096,5.370058840149684e-12
VN1R1,-2.0207838090256716,0.04878435192880928
SLAMF1,3.352304167432348,0.0015512792360219826
ATPAF1,-2.969162295356703,0.004612079904697737
VAMP2,20.940501254353773,4.275703341003461e-26
CLLU1OS,-3.6108078497063225,0.0007167418288408728
WDR3,-8.12189816889921,1.244679649353007e-10
TMEM47,14.064021356402051,7.908442983442249e-19
CTNND1,-2.5315010944596716,0.014615704766052652
KCNIP1,8.384880755602271,4.9575432004640417e-11
STK4,6.0957534526013575,1.666005355008664e-07
EPS8L1,-2.1624398983994313,0.035493434937352214
FAM167B,11.369558997481644,2.397832145737127e-15
CD53,13.912481804951486,1.21159371815005e-18
ASPA,15.944893521724303,4.981029177991744e-21
SPRED2,3.7111606600147775,0.0005272736028332834
ABCC5,-6.656401458208193,2.26048232964713e-08
NOP56,-8.982805778999394,6.254127575855573e-12
ARHGEF39,-8.107587600905141,1.3088219316867235e-10
PSMC5,-7.284878289128724,2.4041488514622385e-09
OR56B1,2.93215140690375,0.0051046952545287525
NCAPG,-12.799995478090889,3.0299548058908514e-17
WIPF1,7.245273763455513,2.7680892188767842e-09
CATSPER1,9.931269089777341,2.529827660251138e-13
HDGF,-9.435426649417419,1.3364079858968287e-12
SLC25A13,-3.3364333777778263,0.0016250844049908344
LANCL2,-3.6361356800912907,0.0006635477931406858
SDPR,17.294307728227395,1.6766919017945197e-22
FRMD8,-7.084655054794674,4.905391894202735e-09
NBEAL2,6.242723612656038,9.878673940799272e-08
RAD18,-5.24981661334152,3.2667603477653045e-06
ELMO1,12.075751002559374,2.6809719043150003e-16
TRABD,-6.971702839110668,7.3381758609407274e-09
SNX19,4.823613427373258,1.4126372635195856e-05
CACHD1,6.165593568204079,1.2997837048936412e-07
SLC9C2,2.6476487560176776,0.010872370883733135
ZFP92,3.9061642243832524,0.00028728693210991376
ZNF300,-3.627382395033757,0.0006814890029036005
SAMD14,5.37068587357944,2.1453637837593573e-06
GART,-10.791786518586733,1.510158119064295e-14
MAGEA11,-4.497177550745514,4.232082479181726e-05
ABCC8,3.1293767208850887,0.0029491365776884936
PPARG,11.832165314287705,5.666856691842322e-16
ISY1-RAB43,3.8421485479182422,0.0003511897409501696
AC006116.20,-5.082139040679892,5.8332002032460244e-06
MFSD2A,13.35194515363447,6.01672762913647e-18
EPHB1,-3.7627042707894347,0.00044968802943427864
CYP4A22,4.116498772604294,0.00014706740623906706
CPT1B,-6.335912013399347,7.088907906763527e-08
CTSO,19.58217542565708,8.104880447937601e-25
TCTA,21.72551987670269,8.365863290247062e-27
URI1,-3.654931542158202,0.0006265396780645997
OLAH,3.4732229524372085,0.0010847780404269715
LRFN5,6.635517468762092,2.435378449755166e-08
FAM90A26,-3.1004988029082594,0.0031996393929798425
HHLA3,-2.7344615271783135,0.008672363387088895
C7orf57,4.52117275955005,3.9074354987355096e-05
TMEM139,15.659716627653047,1.0461397953888645e-20
CFD,14.553239687077559,2.03361081936984e-19
EXOSC3,-5.322382597974704,2.5385451422343537e-06
CBR1,-4.705961931787453,2.1036043242466753e-05
ECM1,-3.3530017128109777,0.0015481094926779804
TM4SF19,-3.5923674221651973,0.0007580140583304915
C16orf70,-5.145132416850663,4.693951758050021e-06
BLVRA,6.915259982633916,8.97491924434614e-09
LAMA3,-2.5023847728180404,0.01572190410423543
DCP2,2.6789729597325174,0.010025466246472511
BMP2K,3.709707716869693,0.0005296369928492483
PGK1,-8.58704710237866,2.4527308943052747e-11
HNRNPUL1,-4.164063747101136,0.00012615623576454893
GCFC2,-7.118971664538974,4.340664954087471e-09
WWTR1,2.958621995321041,0.004747654396766111
CAMK1,12.002248122494416,3.357583289098855e-16
PWWP2A,6.971931081151093,7.33220436113303e-09
CD151,13.403060132386965,5.190239339722297e-18
PMPCA,-4.0577308325949915,0.00017757927328495435
TCFL5,-6.876988586563727,1.028801743588874e-08
EFS,-9.39125962948491,1.5520880584622457e-12
MAB21L2,6.2793081662587955,8.672322872514878e-08
AUTS2,-2.0789451459900286,0.04287891703240133
DHX8,-4.65059010293387,2.5345789495424994e-05
DMXL2,5.846024485107418,4.037732365146091e-07
MGME1,-10.646809189502374,2.412429882585444e-14
MRC2,4.697655205472673,2.163343628288603e-05
ZYG11B,6.8302689164000885,1.2154353699464038e-08
SORCS2,5.15841562700922,4.483365521589341e-06
PBOV1,4.3396858699635885,7.119842037703345e-05
ARID3C,-3.8569092807531495,0.00033533933773852333
SIRPB1,10.633405616648911,2.519536316050561e-14
ZMYND11,9.739171928045891,4.80471531528562e-13
KDELC2,-4.505598314774787,4.115256869069645e-05
MSGN1,-4.062023443984054,0.00017515711336223312
FBXO4,-4.517273622034044,3.958480618939027e-05
EAPP,4.334150486064093,7.250344498078722e-05
CABLES1,14.341162404564553,3.6510336778945245e-19
RP11-724O16.1,5.248907975407764,3.2770776070963776e-06
SRCRB4D,-2.750931291098797,0.008304380344422777
MAPK12,-5.9834290917444575,2.4820944385879004e-07
DBI,2.162404731659145,0.03549629411225336
PLEKHG4B,-7.490138964916948,1.1590549381305298e-09
AL049840.1,3.6779305393957826,0.0005839436857620572
MASP2,8.630762658915222,2.107532590027827e-11
RAB24,4.7553907592397415,1.7801792893386098e-05
MAGIX,6.246924964069206,9.732044789410794e-08
PRSS22,-4.2706027811062794,8.925940497017124e-05
IL23A,-4.348485670335744,6.917076589058881e-05
NPIPB5,2.327977778296172,0.024085428060188045
DAPP1,-2.19895225744744,0.032631976098313135
TBCE,-9.616060741186406,7.264144934252278e-13
ITPKA,-7.633623890164201,6.967995137275545e-10
PTPN22,10.14691124592787,1.2377724198888282e-13
GPR78,-2.419362252674454,0.01930501558232591
TMEM255A,2.854397512781437,0.0063032525555873145
USP24,2.3073010607130486,0.025304036224713364
NUDT12,6.196317133922502,1.1652363515598819e-07
C12orf52,-6.337570384461643,7.047148652000143e-08
RBM41,-2.7366196324708714,0.008623304174368794
VWA9,-6.058936096128201,1.8987302777835286e-07
TMEM147,-4.479967796855708,4.4810127241539875e-05
FAN1,-5.237855127832622,3.405185742550917e-06
RRM2B,14.419637142291736,2.9383275034484934e-19
HR,-5.495286987217285,1.3879703442854013e-06
GNAT3,-2.10473741074986,0.040465997826315346
HLA-DQA2,7.528885962537884,1.01013977940595e-09
CDK11A,2.0301703502269013,0.04778607594778956
PRKCE,11.05429064280238,6.5105593901536606e-15
BAIAP2L1,-6.045141332575103,1.9940303665124912e-07
C8orf46,6.153882719963623,1.3550497484809675e-07
MRPL24,-7.38897212944844,1.6602689348427693e-09
SEPT14,-2.1538498996507442,0.03619787647009624
CKAP4,-9.434059966587135,1.3426050500713779e-12
ERI3,-6.416929112930688,5.3111112598652534e-08
FAM180B,4.492065873389887,4.304574046906997e-05
POLDIP2,-8.974246507329868,6.4406740949778244e-12
RARRES2,8.895584567068239,8.440964386403354e-12
NREP,-2.227295900776626,0.03055308103109499
WNT7A,6.093696445457954,1.6782240992583598e-07
BBS2,5.676753847882205,7.337974671719678e-07
PRRG1,11.768645824594277,6.896869991973749e-16
IREB2,-2.5040257691077232,0.015657594441853887
HOXA2,3.765141839544642,0.00044630498380495597
PDCD10,-6.883966798239676,1.0035025860407923e-08
TFR2,-7.701786573789838,5.473808564112773e-10
MAN2B2,7.151911915270185,3.8599499856651785e-09
EIF4H,-2.9191494622966547,0.005289086555429185
MRPS11,-5.970200886658787,2.6012792151179834e-07
GATA6,18.11616875598617,2.3307911308412617e-23
AARSD1,-5.147182858035078,4.66081922362145e-06
PLVAP,2.6776618835683426,0.010059663385859756
CALML4,3.5334742907005867,0.0009055982320519912
LAMP3,11.566764751037171,1.2920829207028863e-15
CCDC85C,-3.3461688420220717,0.0015794255556595277
ZBTB21,5.922632855588522,3.0788614377930136e-07
PPP1R36,6.049394436610454,1.9641512244764105e-07
STARD5,-6.348359515808401,6.781396260635645e-08
GPR85,5.532146476570692,1.2197768176984043e-06
ARGLU1,5.446350309712309,1.6472340748399026e-06
FLT3LG,7.139605711529232,4.032959596768994e-09
VSIG10,5.10206393315862,5.4461356775027225e-06
SLC35A1,18.72154878309028,5.683255543121361e-24
BCS1L,-3.2760412373097467,0.0019375114361505803
B4GALNT2,-2.8577547344987213,0.006246519065548029
RALGPS2,-4.84154939541397,1.329101076145942e-05
PIGC,-4.847440315859574,1.3027383573098679e-05
MTHFD1L,-7.5777632062782985,8.493574669509009e-10
DSEL,5.877710788627919,3.6095944784047985e-07
GOLGA8N,6.400197117234893,5.6375279825874805e-08
CFI,11.393257877511376,2.22553189111997e-15
ANKRD62,-3.394358002989153,0.0013707896645133316
AC007405.2,3.965221847757027,0.0002383981811924569
VGLL3,2.5069985634379464,0.015541699560841983
CEP112,15.538016109858335,1.439889611262663e-20
AP001468.1,2.037206470670659,0.04704942190255876
COPZ2,-3.4489428183524335,0.0011661423213337589
ZC3H18,-2.5756915134342,0.013071469041122281
ZNF25,15.606284865876328,1.2034074398825697e-20
RNF19A,3.140112521481074,0.002860802885304763
ZNF737,4.710580975526714,2.071088778901924e-05
GRINA,2.8900547905781826,0.0057243867400445705
GPCPD1,8.249485320929914,7.957848053113518e-11
DEF6,-2.0259255821080084,0.04823530196300821
TNFAIP8L3,9.696720382604855,5.539662303445545e-13
FGF22,3.0876529138530073,0.003317377320537875
RACGAP1,-14.81051362082774,1.007135843685588e-19
GPAM,3.6845383183195524,0.0005722285461172421
PAXIP1,-8.113376599213357,1.2824835233898578e-10
PPA1,4.416120393077179,5.5357857465179886e-05
ZNF714,-3.9921234643327415,0.0002188930063382047
URB1,-6.406974848266509,5.502958946345416e-08
POU2F1,-3.2068584972055283,0.0023650924599389247
CCND3,17.345108659651892,1.4812503898251972e-22
SHROOM2,-4.323221929103996,7.514876127181079e-05
AF165138.7,-2.0494584187965503,0.045790178676178545
KIAA0101,-10.150076855452804,1.2249026001494314e-13
SRRD,-7.5757964231895905,8.553013241271365e-10
SOCS7,-3.931297098208389,0.0002654008568680373
RPUSD2,-6.637713832376858,2.416365714803229e-08
DOK2,18.15149120729452,2.1444828537650522e-23
DCAF17,-9.238538133410794,2.6080369111591456e-12
FAM25C,-2.022458387490049,0.048604945778482324
SSH1,3.526656275975422,0.0009243583940323372
TCEAL3,10.009797710331684,1.9487501363620257e-13
ENTHD1,-4.014160337912443,0.0002040738665567383
DMTN,5.602424756263794,9.530968016559666e-07
MYO15B,6.890958832346559,9.78777789256116e-09
APBB3,2.922073308484341,0.005247088614322223
ANKRD46,2.075356367665741,0.04322440186984097
DMAP1,2.247459104251529,0.029146417572907125
PPP1R37,-5.904855553941681,3.278917755952443e-07
SIPA1L3,-3.838386389327161,0.00035534368395934314
MT-ATP6,4.291057001765437,8.349183464317931e-05
C14orf183,2.0530167993442228,0.04542997951787015
C2orf62,6.406833750885157,5.50572743427236e-08
HTR1B,3.158773127533406,0.002713160423162354
SOSTDC1,5.602670020803851,9.52275678976639e-07
ZNF185,-2.5535308700222537,0.013826261319077328
CTNNA1,10.473993432155387,4.231036105895852e-14
HAPLN3,-4.7181638173935685,2.0187755786931972e-05
TBC1D9,10.657069522289628,2.3335633770579236e-14
EVI2B,14.258912968086532,4.587906717355431e-19
C9orf142,-4.0381324028902705,0.00018905641760635458
NFAM1,9.633608460024268,6.847793344850946e-13
NRN1L,9.903710072122024,2.772940315830624e-13
NLRP2,-3.322785610917185,0.0016912033161512584
CLIC4,7.195695872855347,3.302532678643058e-09
STOML3,4.523180015150695,3.88140927183866e-05
CLDN5,11.798264502371946,6.29280879600044e-16
TRIM55,3.8383505348160716,0.0003553834991541864
PHYHD1,16.694732863157206,7.38724787567669e-22
SOHLH2,-2.770439486849463,0.007887157543652915
SLC44A2,12.429089623343312,9.176800199845779e-17
NAA20,-6.0924088996686505,1.6859175635454718e-07
LRGUK,4.517234857767176,3.9589913560189537e-05
TMBIM6,4.656341445054066,2.4860647552992438e-05
KREMEN2,-3.597394399929332,0.0007465428880889677
KHDRBS2,18.525185856008875,8.948342226968986e-24
ATMIN,-4.917976339092927,1.0243486552335304e-05
NCBP2,-9.639296954465154,6.718063988383966e-13
NOC4L,-5.334306686965673,2.435320301616954e-06
DPP6,6.038989596847183,2.0380500933970915e-07
CASP2,-8.961585113061602,6.7269688375470274e-12
TBL3,-5.0451217854748505,6.6256442150850825e-06
SASS6,-10.951432705547187,9.043623160339913e-15
KIAA1324L,13.299417681692454,7.005757380749392e-18
SLC9A1,2.137368627930511,0.03758391777232785
ANK2,10.11732596249699,1.3648640048498638e-13
TSNAX-DISC1,-5.268880006690226,3.0575529759473068e-06
YME1L1,-5.316077628673842,2.5948627071359313e-06
FUCA1,7.262835116483141,2.6003493465737156e-09
AVPR1A,2.752055437862605,0.008279796051288814
SYNGR1,-4.940772255410488,9.475813592592004e-06
POLR2G,-7.16429951507944,3.6933068256181163e-09
DNAJC18,2.6356498244542865,0.011213789345667195
DIRAS2,-2.709829121629982,0.009250822989971886
DCN,7.343749967773894,1.9498712135899546e-09
CMC2,-5.323152922468968,2.5317477969239706e-06
CNTN4,8.067023447897958,1.509298642377534e-10
MRPS14,-3.300728895943422,0.0018034796909769792
PLEKHG6,-6.76963529644224,1.5090488648403087e-08
COA1,-4.092656575240154,0.00015877794812182476
ATP2C1,-4.519056839635723,3.935055425188908e-05
A4GNT,6.816321980319924,1.2774574602427325e-08
XAF1,5.136992148910795,4.827796425476458e-06
TMEM144,8.342324391731685,5.7516904757632865e-11
RP5-1052I5.2,-4.124476700223571,0.00014333937381977657
INVS,-2.9798614751913526,0.00447816373328487
GSDMB,-2.5802129784407146,0.0129221585927886
TMEM150A,12.499651268102117,7.422440430828898e-17
ACVR1,-3.489464893716018,0.0010334020133565562
SV2A,-3.9100949610375686,0.0002837525947855207
PLN,5.690525731592013,6.990522253838635e-07
CHRNA7,-3.5338546567828857,0.0009045624135481978
AGAP2,6.618371273660825,2.5890357790163443e-08
FCRLB,-2.2550102898258304,0.028634587191959545
CDH1,-8.097470640915969,1.3561649121744897e-10
CYP46A1,2.0686283196430106,0.043878635292152274
IL1RL1,4.66458125272165,2.4181419583723015e-05
FHOD3,-3.269644258200122,0.001973748838583983
UGT1A5,-3.2839811628274527,0.001893408910168961
SMIM1,4.188000166385173,0.00011675537913483766
CDK5RAP1,-4.45470538899798,4.8725243639424606e-05
EHMT2,-6.282283358641889,8.580933745854296e-08
C4orf51,-3.074666369117477,0.003440529169280918
JKAMP,5.454617941014873,1.6002899793916703e-06
POLR3D,-5.3879467272512755,2.0200052827879114e-06
AC005003.1,-5.474735454010509,1.491522857380706e-06
UACA,6.612595547152229,2.6429472733360904e-08
ACSL1,8.573619745026946,2.5697984423339624e-11
SPARCL1,12.537837412977417,6.61905885839586e-17
TGOLN2,10.08169144510963,1.5356010575793999e-13
HMGB1,-4.661391436150275,2.444217868766704e-05
GLYCTK,13.57732671961927,3.143906791402685e-18
ST7-OT4,-2.170789483598472,0.03482029213770673
AC022532.1,2.301865636310781,0.02563337740899111
POMK,-5.605100336853342,9.441770280126895e-07
ZNF3,-5.511747146046699,1.3101960061909766e-06
GFM2,-2.018939162502952,0.04898264135025832
YWHAQ,-8.835010327864355,1.0399844325558328e-11
TTC7A,8.212241082773788,9.066628954548776e-11
GAST,-3.741391090506425,0.0004803372690115255
SCARA5,6.522288590638015,3.647646706874045e-08
ZSCAN21,-3.8058451038114165,0.00039330448259293195
ALDH6A1,7.010864407649403,6.38162500770005e-09
PSMB1,-5.486947357369422,1.429103343672126e-06
ACOT11,-6.09188136644345,1.6890798626787755e-07
TRAF3IP2,-3.1632313832034797,0.0026789642358354075
PXN,4.044673924746381,0.00018514794238150365
DSCR3,7.859342427186825,3.136614655323928e-10
PGAP2,-5.065147779449959,6.184610089201151e-06
SCYL2,-4.769903977821128,1.694858332206756e-05
AQP7,12.862454162351725,2.5185278607254737e-17
DPF2,-3.1727759520066523,0.00260711451001365
ZNF682,3.9435580664890564,0.00025531713069611297
FAM58A,-4.985103347652,8.141524751283788e-06
CTD-2600O9.1,10.455174301974857,4.4989838510223297e-14
FN3K,4.867943274734129,1.2149303625450772e-05
ADAMTS13,-2.1054916996591833,0.040397254817128636
ZC3H12B,12.172141748836983,1.9979439043535198e-16
GAPVD1,4.529037172487614,3.8064301755790934e-05
HELB,-3.091709563487733,0.003279764060001561
PLA2G6,-2.0832011149754077,0.04247232384103559
PCSK6,-3.2235150629189837,0.0022546773778604006
ATP11B,-8.600606362971728,2.339963529014453e-11
DHX30,2.942054340920686,0.004968290071447353
DMRTC1,2.76953446182425,0.007906077276909304
HSPBP1,-5.528314262908165,1.236277828094448e-06
SLC16A10,2.661076920578969,0.010501593721081517
ENPEP,4.291792067062548,8.329146789295207e-05
FAM162B,10.920631354144563,9.981500268778698e-15
EIF4EBP1,-6.890387658039067,9.807744659590451e-09
ZNF398,-4.589358003391871,3.112165054742525e-05
CORO1A,4.907434361295749,1.0618880717282019e-05
ZNF784,2.563706597299916,0.01347488116520247
TPRG1L,3.772323046983306,0.0004364800342533873
CEND1,-3.0986424665695425,0.003216407482269794
ANKRD55,3.682399150318421,0.0005759962369499124
ITGAV,-5.624404300159854,8.822292389850017e-07
PLD4,4.418958915949229,5.48412827302906e-05
ZNF880,5.144739480205021,4.700327600864996e-06
TRIM44,2.7788308692358927,0.00771371393828007
RCBTB1,3.929719620008216,0.00026672581801201836
SLC30A10,-2.6097416805237166,0.011984686652020357
ANXA3,15.897234145707586,5.635119299782009e-21
FECH,-4.20325637919962,0.0001111226311767609
SH2D4A,3.9601007963903054,0.0002422969930923919
ACTL6A,-9.253935763570595,2.474792909212764e-12
SYNJ2,-7.106237413444427,4.542193868183366e-09
FAM221B,4.712089623775384,2.0605759098423544e-05
AL441883.1,-2.486110731886145,0.01637275691924306
ENOPH1,-7.0418335132312375,5.714424959629753e-09
LAIR1,8.906253357065772,8.136642012205993e-12
DIS3L2,2.1317144302176683,0.038070035777964674
RPL7L1,-7.284994272906395,2.4031567884456885e-09
BPIFB1,2.9684688337570506,0.004620887323255976
OR4C6,-2.0345140818419982,0.047330133308954934
UFSP1,-4.36092529928157,6.640016039108628e-05
LETMD1,4.036842952717576,0.00018983621982601492
P4HB,-7.298238330731484,2.2925323879943888e-09
NINJ2,18.48680827633165,9.782676047869337e-24
ING5,2.6729572317241126,0.010183259289420514
BMP4,2.346884311099646,0.023017337791732713
SMCO4,3.7104241065973227,0.0005284704287409974
PF4,4.9335904606113345,9.711348072257387e-06
ZC3H8,-10.317518129938385,7.059272308693505e-14
LIX1L,6.49892141825493,3.964699004891313e-08
CHD6,-3.780074143595875,0.00042610893623497244
TRAPPC10,4.2908431928611455,8.355020350370874e-05
ZNF786,-7.799040589624368,3.88095438264982e-10
ZMYND10,5.4700749316702035,1.5160498802312788e-06
CRCT1,-2.4208131144729754,0.01923654783284517
LRCH4,8.43426365910243,4.173209543157766e-11
MBLAC1,-2.4050216177186123,0.019993664387457106
FAM90A1,-4.6434832283228795,2.595810307537202e-05
COL1A1,-5.465950403536994,1.5380890134790842e-06
LMCD1,11.765989241767109,6.953843159596778e-16
EDARADD,-2.607150077544018,0.012064406083553756
RPL36AL,6.661676868825359,2.2183254765788226e-08
GRPEL2,-2.7616042403313763,0.008073660912467175
HRSP12,-4.3006547063859975,8.091220904898456e-05
ANKRD39,-6.898013356081461,9.544498698408471e-09
DNAJB6,-5.676192986945716,7.352482181079338e-07
TMC1,-4.895002608510434,1.1078983725313019e-05
GADD45GIP1,-3.9869439910627174,0.00022252428165889173
CATSPERB,-2.7419096306014494,0.008504128601405491
TCEA3,5.8754622941603065,3.6384283136084266e-07
FAM69A,-6.450975713531886,4.70400420006587e-08
TLR8,14.032599045997298,8.637861155863149e-19
ADCY4,15.077732862844943,4.894421104413723e-20
HPS4,-6.91204437187102,9.078473250539623e-09
GALNT16,3.9201546765875963,0.0002748975051599707
AARS,-5.817798399299642,4.461411683060316e-07
CALML5,-3.1394006400205945,0.0028665822950498633
CLEC4M,3.1873252981076337,0.0025010740657748394
CNBP,-3.895471226572046,0.00029711795773827487
RP11-89K11.1,2.3925883284071303,0.020608522594773908
PXK,10.27282390367662,8.175237296536836e-14
KDM1B,-4.0436118945508746,0.00018577712648628199
HECTD4,3.9261652636113546,0.0002697346632889513
GPR119,2.0331538345625715,0.047472505358912225
SF3B3,-7.634535210789882,6.945534987948666e-10
EML6,-6.477890006208612,4.2735201848838126e-08
KLF10,6.9661373067671635,7.485303684245213e-09
MRPL27,-4.589434333680819,3.1113704087016526e-05
IDH1,-2.488889331516591,0.016259932211097623
ZNF580,2.6658459106586485,0.01037272738884512
DALRD3,4.982486995470349,8.214856895305255e-06
FMOD,4.156552624128635,0.00012925483830766193
SLC1A5,-8.197424598144728,9.54983067239083e-11
RTN3,3.173707940490164,0.0026001968176578984
PGAM1,-8.756124906641011,1.3655085650473481e-11
SNX14,12.608954628008775,5.3500558449176816e-17
VAMP5,14.09754891979759,7.198905251997381e-19
METTL2A,-8.660533138240943,1.9008888050964987e-11
NPIPA5,2.88519263338088,0.005800301140960295
HSPB2,13.34889646211531,6.070051439255775e-18
EVA1A,9.234600274915417,2.643261081713466e-12
NRIP2,2.795320150280972,0.007383112310603506
TRAF3IP1,3.571210585973713,0.0008081672298383418
KCNK10,-2.912247231453688,0.00538947412289171
AC011897.1,-7.130159351379424,4.171017927111803e-09
EEF1G,-4.482694505311558,4.440639609215495e-05
MADD,3.0469999364829996,0.0037173293124674466
DAP3,-10.612834698941601,2.6933564812816138e-14
ZNF648,-2.938494551089736,0.0050169275192614915
EIF3CL,-2.1181304083173726,0.03926050237861667
NUP62,-8.340257305213255,5.793373805366569e-11
THY1,-3.201575998640888,0.002401162291741333
AC007040.11,-3.3840722932989844,0.0014129945978077006
WDR45,2.6574081730841534,0.010601726752959825
ZBTB16,7.737924914026306,4.81686021167299e-10
SFT2D2,-2.8237271598497844,0.0068441231133798556
CCBL1,-3.43242277765319,0.0012247896361866426
AL354808.2,2.245349563632566,0.029290848068766206
CBWD2,-5.940991099201795,2.88500284717636e-07
CUL7,-4.948188461797727,9.238492262031031e-06
TRIB3,-4.958686114949637,8.912534837733284e-06
ACP5,12.518662760566983,7.010800500735669e-17
RPS6KA4,-3.848270669639853,0.0003445299307764997
CYC1,-9.215980020970502,2.8164353700907746e-12
DNM1,-5.8819402109623535,3.5559720638656705e-07
AP3B2,-4.8287638282076335,1.3881352276704735e-05
CFTR,14.350242057221621,3.560302335928723e-19
PPM1F,7.219043641350869,3.0390509190622466e-09
AKNAD1,3.729596476488511,0.0004981513256113906
KIAA0408,15.174248126825965,3.7792097516498574e-20
RP11-438J1.1,3.384258965244324,0.0014122177516675653
TUBD1,-5.491824486921915,1.4049038667701962e-06
RNF125,13.467012629026545,4.3161612371323415e-18
ZNF800,6.141260320015211,1.4172414437847327e-07
TMEM132C,6.586297357287532,2.902953887411826e-08
C5,11.340998571014882,2.6235468303811575e-15
PSMD12,-10.904058677445773,1.0526276314129786e-14
KLHDC10,2.2184333016808435,0.031190158261187675
RIMS1,2.1519391693881476,0.03635623010450424
TMEM134,-5.2894103657125795,2.8470404487146453e-06
KIAA0947,-6.103477626460541,1.6209089958168333e-07
DOCK1,2.5559933624943527,0.013740471876564308
MED8,-3.6962716805923264,0.0005519796767956875
MKRN3,-4.7049059597813345,2.1111078146499666e-05
SMIM10,12.041684035053786,2.97544833317956e-16
MEDAG,2.8324746303551795,0.006685635007644613
SCUBE3,-3.909680186717316,0.0002841235504686917
ATG2B,5.0748576713284175,5.9813140694210015e-06
KRCC1,3.4571045774371068,0.0011381640523229987
ARHGAP15,11.529333694901684,1.4524180400075447e-15
TAOK3,13.820414747778713,1.5722178990439141e-18
CEP95,-4.2870578501694165,8.459018753013153e-05
RP5-1021I20.4,2.094850315763806,0.041376565290199244
DNASE1,-2.827072104982582,0.0067831124044342595
SFN,-6.323804594093685,7.401355947135457e-08
FAM27E1,-2.8643562849078896,0.00613633915222599
PLEKHH1,-3.51690736183002,0.00095182883094456
GOLGA4,5.958219308817146,2.714137351943614e-07
CDR2,2.7429719558465684,0.008480379801718905
LDHA,-7.115014848396274,4.402305967827294e-09
INSC,7.535426672465037,9.869680526270495e-10
KLHDC7B,-2.922918088493388,0.00523501218437628
KRT5,-8.63673928532658,2.0643055961364632e-11
PER3,5.087866505696894,5.719241258445773e-06
NOC3L,-6.027087970813646,2.1259783214002686e-07
AMZ1,2.0589748513007926,0.04483238220285377
TTC1,4.7694655748335695,1.6973758268029826e-05
ADORA1,3.313394548091952,0.001738172411812697
SYNDIG1L,8.6888639637108,1.7232166302711248e-11
RASSF6,-4.141508395246439,0.00013568489781121633
TTLL10,4.998290742020763,7.78160430868337e-06
CYR61,8.413709535696754,4.483227939565732e-11
LMO4,-4.232306222367046,0.00010111841214863554
CFHR3,-4.088505737007095,0.00016090708156666546
HIST1H2AE,-4.80610470013373,1.4991515882362349e-05
IL1RL2,-8.219868063598295,8.827565599683917e-11
TOX3,2.1162661552938524,0.039426397336501204
PRSS21,-2.812289043535597,0.007056611076523355
TMEM132D,2.629412597691186,0.011395114512023897
PCDHA13,2.9724570759122786,0.004570447670464609
HERC1,10.093114183529023,1.478639724748969e-13
PPIL2,-2.4990344921046157,0.0158539436817939
NARS,-5.662568441800644,7.713777779077217e-07
PLEKHO2,13.740826242650124,1.971050110533701e-18
MUC1,12.558914372494755,6.213998075206249e-17
COL5A1,-4.623648190991839,2.7744747947270922e-05
MMP23B,12.136911203472465,2.2243350458383496e-16
CARD9,12.246847439303963,1.5920729163779795e-16
GTF3C4,-3.492833356894719,0.0010230414906792313
TMEM221,-2.4901454904812974,0.016209157528966376
CBFA2T3,6.349930068742572,6.743553918220182e-08
GORASP1,17.607453266418112,7.842965487523366e-23
NOL6,-3.1853689832975105,0.0025150919180065593
TMEM14C,2.4231124095440695,0.01912848953376807
SNRPA,-8.898752795030017,8.349412861767863e-12
KIAA0430,4.51727602534353,3.958448956350023e-05
NDUFS5,-2.820516252188232,0.006903166686118759
MAGED1,-5.080088332710485,5.874544909655736e-06
TMEM40,-3.990000287851266,0.00022037455695031702
KBTBD8,6.8977957933475125,9.55191024192678e-09
AMER3,-2.3618812497740316,0.022200480959386953
TEX15,-2.7934296787494057,0.007420339299608216
SAT1,3.7713076878594154,0.0004378564577258632
ZBTB26,-2.7091427390158733,0.0092674386829385
TP73,-4.943635867898549,9.383474180317793e-06
GPC1,-8.392425669782419,4.8287304330414837e-11
PPP1R12A,3.6337974339106665,0.0006682955888126308
HIPK1,9.92383749953402,2.593181746125325e-13
NFKB1,3.2800351078724757,0.0019152072590657026
GAS2L1,-2.362529241113489,0.02216577894653926
MASTL,-7.727826638797533,4.992021170640955e-10
MTMR1,-7.265890615338784,2.572223015106228e-09
ST8SIA2,-3.4529187761644446,0.001152432011333993
CCDC103,4.208036456467435,0.00010941277094473957
CXorf23,6.756672361270945,1.5804993747908158e-08
MYO7B,15.77298875016455,7.78234780105673e-21
SUN2,5.034124618118556,6.880872776415832e-06
RAPGEF5,11.162838487810244,4.609302968281483e-15
ZNF749,-5.874908034872657,3.6455710272306883e-07
ICK,-4.62802595221831,2.734034224724451e-05
SLPI,5.043702744569499,6.658046354326981e-06
STXBP2,11.130066181982546,5.115033928213539e-15
AKR1E2,-3.997145525747113,0.00021542686635380852
COMMD9,5.696143416793748,6.853526973827312e-07
C1orf87,5.502873750772894,1.351570505465746e-06
APH1A,-3.3833455361931466,0.0014160229087821206
STX11,21.48694739517815,1.3664762432006861e-26
SHE,23.863829151505577,1.2419529029369484e-28
CNDP1,-2.321408714250027,0.024466776928963745
CDH23,5.501707259267162,1.3571049562834787e-06
RGS17,-3.813067009111154,0.00038455667554612087
MAML3,5.455440367001548,1.595693270674884e-06
EPHA4,-4.376940675366956,6.299205428145545e-05
TMF1,9.146053783044891,3.575533456798497e-12
ARSB,6.895422279613391,9.633142106100975e-09
U2AF2,-8.501077642342771,3.30688281840705e-11
SLC25A33,-3.5277985054829646,0.0009211898172145198
PARP8,8.821125782470432,1.0909978296129675e-11
C1orf145,-3.3214503141447858,0.0016978076062442518
PCGF5,8.422139635140779,4.3533646173129835e-11
AHSP,3.7761112572381967,0.0004313813668035211
TMEM72,2.2637077335899214,0.028054961623383355
GSC,-3.660836086438152,0.0006153281749017475
DCAF7,-3.2295626528756896,0.0022158065839013646
SPTSSB,-4.4518560365461095,4.918726309053144e-05
CORO1C,2.455024509790963,0.017684201694228432
IGDCC4,-2.5040874425742703,0.015655182152822605
POMGNT1,-2.527970259690059,0.014745975376108153
HPGDS,16.316322558510983,1.9206352312614597e-21
PLA2G2A,2.169823583178614,0.03489758394181742
ST3GAL1,4.210113028040839,0.00010867796340887705
TGM7,-2.249680784709325,0.028994992679055816
CDHR3,5.205210192804584,3.81314583551926e-06
IARS2,-10.635740870192732,2.5005352426248393e-14
GPR182,4.80277612597841,1.5161778215606596e-05
FLJ30594,6.059853650896132,1.892554701566748e-07
TMEM44,-4.410211666808792,5.644844774617094e-05
GLI2,-3.940630192679987,0.0002576908987838664
MUL1,7.574458322159915,8.593690844781293e-10
ATRN,-5.6929342197997945,6.93145814705751e-07
ECHDC2,6.037781853357943,2.0468052149326086e-07
DOCK9,7.7889351142342536,4.022034126910058e-10
TTC28,10.46509324715682,4.3556841727001854e-14
SEMA6B,4.062560816447857,0.00017485615817030333
NMRAL1,-3.1483861615299102,0.002794432585660105
CYP27A1,16.750427590591094,6.426422866943396e-22
C1QL3,6.896634598675415,9.591565304156738e-09
C1QC,8.96348809004892,6.683133390491476e-12
PARP2,-7.697098415227973,5.565385420569107e-10
FSTL3,6.021689275334787,2.1670984213132748e-07
PIR,-5.232786239771862,3.4655793404863192e-06
GSTO2,-4.299920168223443,8.110686043701533e-05
GJA9,-2.1149240572773906,0.039546206531121834
POLR2M,3.19764877260432,0.002428313715365823
CLDN23,6.999845963681957,6.637375604694918e-09
UGT1A4,-6.021452633026849,2.1689188456476068e-07
LGR5,-2.525379843785408,0.014842218893923877
SEC31B,5.264387445661561,3.1056306311462087e-06
EN1,-5.043321742079872,6.666772660220761e-06
CCDC64,-4.933929454165095,9.700101995363473e-06
PSMB3,-7.407766898227389,1.5529884141497374e-09
ZNF14,3.5407706103534182,0.0008859249612257021
GANAB,-8.428543840900723,4.2572472578574485e-11
DMRT3,-3.6175986945451633,0.0007020920406073936
E2F4,-3.0571247400032284,0.0036136953943785876
FES,15.226341678638535,3.2883827908612756e-20
ERGIC3,-3.6735859827289166,0.00059177129256864
DZIP3,4.002110354666481,0.00021205245505762055
DSTYK,3.516447905451694,0.0009531425261186867
LYL1,10.679200184283758,2.172220398082391e-14
COL19A1,-2.0242011708875003,0.04841883916986625
TPD52L1,-6.868471054292565,1.0605483023440437e-08
RP11-201K10.3,3.1685147969865444,0.0026389644240096487
HIPK3,9.67649446681552,5.928803333026217e-13
PARPBP,-9.784434025764053,4.129141194935614e-13
KIAA0020,-4.197341589013532,0.00011327436197435174
SPAST,-8.821178234071668,1.0908004444528713e-11
TNFAIP3,4.189632786155378,0.00011613958845234295
MUC22,3.1170636724244782,0.0030536039462581866
SQRDL,5.869801083705228,3.7120434347365984e-07
ZNF555,2.5864346157507754,0.01271924589206665
BANF1,-7.96287021842511,2.1773812790414532e-10
ANO10,10.941898769371349,9.323978218598822e-15
SLC35A5,3.454046879515117,0.0011485700141118142
TCHH,-2.074445474245565,0.04331247669539392
SMC6,-10.040224696963522,1.7616887741171864e-13
EMR1,6.5512695947234905,3.289378040008751e-08
LILRB5,7.845707481950548,3.291262879217443e-10
BAAT,2.974986592314022,0.004538723494876571
TLE1,-2.7005244594352518,0.009478415534662814
ACHE,2.9465352300474237,0.004907692335840143
ANGPT1,12.04571090155023,2.938996527233955e-16
KIAA1199,-3.42859409105582,0.001238776981751413
SOX15,-7.585161483431304,8.273680236545601e-10
ST6GALNAC2,-4.159684369965998,0.00012795400267507826
RAD51,-14.22218707384653,5.081869462739905e-19
PNMA3,-3.3468045916460833,0.0015764866511543557
ASB10,-2.0963109104600393,0.04124093342679298
MYCT1,17.79593198366347,4.988148403259208e-23
CCDC71,7.7366765100501675,4.838175587540379e-10
TNPO2,-5.551002871289404,1.1417091694159899e-06
ERRFI1,3.208305850428952,0.0023552992655939543
SHC2,7.082901160110916,4.936155529498072e-09
PLIN4,3.013680112048948,0.004078371647223549
TTI1,-6.385577662356733,5.939076709734117e-08
PRR12,-2.845587812109755,0.006454407804095285
MLLT11,-6.1495240002047105,1.3762120271274363e-07
NPFF,4.437203541669471,5.163155243978514e-05
PIGP,2.7513409547208854,0.008295413507019773
HIST2H3D,-2.2487161269305003,0.02906065570863855
ULBP1,-2.425078953388243,0.019036503539404562
CD300LD,2.315275650751544,0.024827673322583284
PGAP1,-5.627406595456707,8.729638602794352e-07
PRCP,2.567888869519273,0.013332835334656233
SFXN4,-7.76121581793516,4.436045362419725e-10
RSPH10B,4.690093373922791,2.219170551628124e-05
AL645728.1,4.344919606865076,6.998558470967356e-05
TOMM34,-4.1332351546965835,0.00013935219806427172
PTP4A2,2.7031731181787024,0.009413110638781093
GSTA3,6.067855023355904,1.8395421945908027e-07
BCORL1,-3.272860662969271,0.0019554492453562004
FOXH1,-2.421579459432063,0.01920047153272021
CTD-2207O23.3,6.620977273525746,2.5650721250516628e-08
LEMD2,-5.262148901972133,3.129864736806921e-06
DEFA1,3.770390046164127,0.0004391040061833732
AC013449.1,-3.118509486778062,0.003041159420305453
CHTOP,-5.455706021462035,1.5942112683928506e-06
ZNF572,-4.402423791346153,5.791795676938894e-05
SRD5A3,-3.897245613483437,0.00029546443468457816
F13A1,6.315057415806306,7.635600040017052e-08
TUBB,-10.18602323128179,1.0879132524069174e-13
PRKAB2,-7.004815419932355,6.520782173400358e-09
SEH1L,-6.395500807294272,5.732692491092696e-08
RPS6KB1,-6.467526838367739,4.43441041417515e-08
DOK3,9.441335735703088,1.3099445794097649e-12
THOC6,-4.813831271574068,1.4603495197531935e-05
PGPEP1,11.984157636660276,3.5491765747961636e-16
THOC3,-7.411874953790254,1.5304818686795525e-09
OAZ1,4.345920526502476,6.975594233385254e-05
PPP1R27,-4.682014643720668,2.2803744796170134e-05
YIPF6,-4.008361909196864,0.00020787619392095767
SETD8,-8.315048353523,6.326875768817103e-11
ADAMTS14,-4.683408170897637,2.2697003583000294e-05
SNPH,5.570855101406171,1.064866915129764e-06
MSS51,3.927439894451811,0.00026865190770589223
KIR2DL3,8.385413259553749,4.948339438835977e-11
ADAMTS9,5.644915730610729,8.208201980626877e-07
AC010642.1,-3.2964240618723153,0.0018262008455748038
TRAK2,19.073075322558953,2.544290082290157e-24
MED16,3.055277026967991,0.003632403637555402
C12orf75,-4.764971503652921,1.7233953071764673e-05
CCDC152,5.165911353417653,4.3686755876252245e-06
ASB9,3.0244291467367184,0.00395846024908448
DNAJC1,8.874572427195062,9.074313329655478e-12
MDK,-4.616498200823274,2.8417877965745033e-05
PFKFB4,-4.1810018838007466,0.00011943112393724369
XXbac-BPG181M17.5,7.975033518478949,2.086076443961052e-10
LINGO3,3.310826066566788,0.0017512322855526247
PLEKHA4,3.0929058780645744,0.003268748503747204
PAIP1,-8.97335396039789,6.4604471943785484e-12
MOB3A,3.7165108009807475,0.0005186579442128044
TUBA1A,7.421821918994707,1.4773322771867589e-09
STAC,13.802649810655325,1.6534806102847831e-18
SPATA13,12.011435622032796,3.264328787753492e-16
GDAP2,-4.051104775155511,0.00018138193872388654
ACAN,-2.280898736863384,0.026939879530049084
C1orf168,8.49992670543887,3.320152793823981e-11
AL591479.1,-4.131621161531571,0.0001400787669564888
KLHL5,-4.943198588988993,9.397517071896694e-06
DUSP27,6.7206420022612114,1.797370231379005e-08
POLD3,-2.764349452308023,0.008015280890508115
SFXN5,-3.139286152012294,0.0028675127906873884
FBP2,2.8633184724108762,0.0061535399166526145
TAS2R40,2.063021327662771,0.044430424552347345
NDUFAF1,3.244976824742871,0.0021195750126748792
URB2,-5.951187050958051,2.7826308648978513e-07
WDFY2,-4.409427331922918,5.659478188751967e-05
RCOR2,-4.585823523740746,3.149179605358024e-05
CYFIP2,11.874849700137453,4.967548541324699e-16
CCR6,2.961073909664111,0.004715788863255972
NKX2-1,18.1589449087564,2.1071452386411196e-23
SLC25A20,16.64155347751986,8.441051926392466e-22
ZNF680,-3.0100583611937375,0.004119533718418146
PAQR9,-2.161656201008191,0.035557200241304536
SMC3,-4.744814957690478,1.8449943059895304e-05
RP11-321F6.1,6.900034172633282,9.475931525901114e-09
CACNG6,4.102233263036113,0.0001539693769238477
SEPT9,-3.276879438105143,0.001932810136595928
FOXF2,7.421556570023615,1.4787257814058393e-09
FBXO28,-4.37306298403806,6.380123776878077e-05
TULP3,-4.754953610305621,1.7828135696299635e-05
ANKEF1,-6.128902542340627,1.4808824990144925e-07
FAM160A2,5.329869321775759,2.4732396858821714e-06
BACE1,7.155257369477317,3.814216607082748e-09
KIF26B,-5.335912545179329,2.4217396361769514e-06
PDLIM4,-6.721768376492331,1.7901597391645388e-08
PKLR,-2.392268688251933,0.020624551306655185
CHMP3,6.43593108133691,4.963228052941883e-08
CCDC117,-4.9697408400966445,8.581517341985741e-06
PCDHA11,3.2060642344223425,0.002370482977194693
AL031666.2,2.7679748143945417,0.007938780362695269
NHLRC1,-5.2289935691753895,3.51145818292562e-06
C1orf159,-5.5993592889039485,9.63419116759843e-07
PPP3CC,12.949435285898184,1.9484700872755596e-17
KIF15,-11.092332648737825,5.7674031534785485e-15
FAM103A1,-7.944876789046168,2.319873575878756e-10
MFI2,-5.549495815302426,1.1477621227699905e-06
SH3BGR,4.515407470079582,3.983141281264559e-05
CD274,4.213823237559335,0.00010737700833659808
ITGAM,11.664617756360368,9.524793805445796e-16
FBN3,3.1473492608842646,0.002802670349334156
GNA15,-4.9316474160278005,9.776056344171698e-06
MSH2,-7.052979823082703,5.491784190239923e-09
ZBTB43,2.6144523630220324,0.011841014370253474
ARF4,4.144980580357033,0.00013417383882640029
TCEAL2,8.318698206454592,6.246673087619289e-11
SELK,6.729494493125557,1.7414745180999915e-08
THRB,5.151009488900332,4.599601750931928e-06
C15orf38,9.713231024364738,5.241198484786178e-13
PIK3C3,-2.5913348452948166,0.012561480407237306
GRASP,12.032402303412725,3.0612236888727945e-16
RP1-139D8.6,-3.5533423354816858,0.000852981612441224
LDLR,7.991887268204852,1.9658896214540155e-10
POLR2J2,5.110059815417981,5.298028733534219e-06
SNRPB,-11.092572417246322,5.763002423123302e-15
RGS14,-3.6501756634301414,0.0006357122403383427
ACTR10,3.8980716986480406,0.00029469765225411055
SPTBN1,17.2393538228964,1.917818080212308e-22
RSC1A1,-2.7629203268979445,0.008045624064032943
TPI1,-9.74564576130986,4.701633843510395e-13
VWA5A,11.607354766326132,1.1383885256262514e-15
RAB44,11.888815089450375,4.758276681896471e-16
TRIM58,3.695828038248411,0.0005527326226404274
UBD,-2.791533959988258,0.007457843789252937
INPP5A,12.699470776588669,4.08425334425003e-17
ESCO1,-6.530342043885775,3.5443489184076984e-08
RELA,3.344933786323686,0.001585149759711665
MSX1,2.2430358994768156,0.02944998342856515
TIMM10,-7.237600835488354,2.844744108660614e-09
BMP3,6.072508624649139,1.8093927850540437e-07
WNK1,3.3482784827357723,0.0015696931828347645
TBC1D7,-9.087630031127462,4.3662217178072115e-12
TMEM217,3.938477249186735,0.0002594499836187877
SCGB2B2,4.4572857356906725,4.831050233215976e-05
DNAJC17,3.9509172679696385,0.00024944359426572714
SEPT10,3.9155699383296634,0.0002788996283341785
CACNB2,4.675602762131706,2.3301257108538062e-05
CCNA1,-2.5836335981026117,0.012810235969824418
CHN1,5.037198145553628,6.808580873898661e-06
ARID4A,10.681209581427849,2.1581419151871736e-14
SDR16C5,9.763085693079859,4.4349199713311115e-13
B3GNT8,9.692772083684298,5.613544874131254e-13
MAPK13,-5.987004727679898,2.4508217858177625e-07
CLC,3.4514281179481814,0.0011575541666189759
PDGFRL,-2.160524031489918,0.035649496748929976
SYS1-DBNDD2,3.498670080745659,0.0010053233766193178
KIF20A,-9.913288399513396,2.685876772985951e-13
TCEAL6,2.845295447070168,0.006459481301747341
CAMSAP1,-4.2536397894872024,9.433508760253198e-05
CPNE1,-5.028837885530254,7.006994530639703e-06
KCNK1,-5.373568233348324,2.1239076540848517e-06
TREM2,6.193552877486201,1.1767510069027582e-07
CTGF,8.593300033741519,2.4000627333850006e-11
PITPNA,11.274958135442711,3.2315069872391545e-15
IL6,3.7709046282197125,0.00043840400325655273
KCNE1,7.471049962128632,1.2403325882203207e-09
CARNS1,2.7067740966309386,0.009324988899847276
CLK4,9.018926000139025,5.52504554640951e-12
FAM83A,-4.302437555655133,8.044164726944365e-05
PDPK1,5.540170726638531,1.1859290914085313e-06
ECHDC1,12.691756476431529,4.179143306039942e-17
SLC24A4,12.157046344635916,2.0919387082892468e-16
SMG1,-2.671639887426277,0.010218116091867284
VCL,2.718853044733571,0.00903490857458151
ZBED4,-8.283558443324411,7.06335799338099e-11
MICA,4.356805374361781,6.730556509385732e-05
RASGRP3,7.2253407093086786,2.9716684337140403e-09
SLC25A35,8.020657413194428,1.7765882441440366e-10
OR2H2,-2.3758243544020696,0.021464435723682982
NADK,2.5503403617866183,0.013938138589419913
SPRR2F,-2.9141802134211945,0.0053611831043041186
PEPD,5.881086675431997,3.5667293882025214e-07
LALBA,-2.9791212398559312,0.004487310694350864
TMEM114,-2.737323121741528,0.008607367414879268
RASGRF1,13.60182764348904,2.9308373906591554e-18
MAPK8IP2,-4.508616046892054,4.0741624936809904e-05
SCN4B,8.67458090159108,1.810594410709515e-11
KNOP1,-11.429251428201075,1.9875040360767956e-15
ITIH6,-5.643627328972207,8.245495201315634e-07
PGLYRP4,-5.215201395365112,3.6834121424704183e-06
LMO1,-3.569586771454596,0.0008121449604844233
PAK7,-4.47451807367751,4.562781925642649e-05
PTPN23,4.564717405535414,3.379349892298071e-05
NTAN1,5.153908548244819,4.553752225342113e-06
HSH2D,3.959181769217749,0.00024300316907194746
MTMR14,15.208715483452995,3.4467529263708823e-20
PJA2,14.755491439346185,1.1696854192975668e-19
SHMT2,-13.266049379221508,7.718276475506556e-18
STARD3NL,10.230989874124914,9.381194456250005e-14
ANAPC7,-6.416438444656932,5.320409515287455e-08
HOXB1,-2.9764734584169608,0.00452017187384307
CATSPERG,8.432642063417296,4.196863503071755e-11
ADCY3,-4.295291389668216,8.234401212135378e-05
CCL15,8.104899996939508,1.321234134202466e-10
TRPV2,20.23036033580446,1.9523420659558933e-25
CCNK,-4.656322121188998,2.4862262238336664e-05
EFHB,5.4871446461559445,1.428116465637622e-06
TRIM11,-8.922349330213013,7.698313649728383e-12
COLEC12,19.82983548119193,4.684671148581315e-25
SLC48A1,3.2418466632488934,0.0021387914313594544
CLCA2,-6.237015932160157,1.0081409024639073e-07
GNLY,7.2130699955035285,3.1043878811369547e-09
SLU7,7.517243220676916,1.0527461680105671e-09
CDK16,-8.973762447435004,6.451390161576936e-12
RFWD3,-8.755061243210728,1.3705374197570053e-11
TIMP4,2.563650808824803,0.01347678523392498
SH3TC1,2.610520623554719,0.011960820087943165
SETX,9.18679418722409,3.111215008854952e-12
RP11-133K1.2,-3.5190174377363475,0.0009458177844933137
MRPL2,-7.07184741305845,5.1345379437439934e-09
PALM,6.885282178521889,9.988039539082468e-09
MTMR8,2.735848821868936,0.008640797230382188
UBALD1,3.351839755839643,0.0015533930011987136
TP53TG3C,-3.5290610621036294,0.0009176995175597265
SLC22A8,4.5651707280575495,3.374237456494741e-05
C14orf159,13.207481172190723,9.151677611429108e-18
GPR1,-2.830884899596045,0.00671418280726008
UBE2G1,-8.716105179825497,1.568169909264867e-11
LYZ,11.309353307697362,2.89889208716215e-15
SLC7A1,-7.559289558364986,9.068622821778961e-10
MITF,16.588861089532713,9.63627442525367e-22
ACTRT3,-2.7958533226205375,0.007372644388866421
BAHD1,4.475804465686205,4.543350067143951e-05
NNT,-5.55757004217538,1.1156999252905454e-06
SPRR2B,-2.9835353487568774,0.00443302339331779
TMPRSS4,-8.16549186803067,1.0681218138424834e-10
LARP6,-5.2785143219647574,2.9569162143740503e-06
C1orf51,-7.801588848784391,3.8461708968170315e-10
TUSC3,-4.113074687330105,0.00014869615479656787
SLC37A2,-2.4212000344773386,0.019218325640050462
ITGA7,5.342169219506843,2.3695378746438334e-06
FAM98B,-5.2770898144439,2.9715872552382493e-06
DDT,-4.587948400622765,3.126875665451107e-05
AC011755.1,5.267724492475702,3.069848127436459e-06
HTR1F,5.779450809213197,5.108595271262446e-07
AL133481.1,2.612129584572714,0.011911659482546105
TMIGD2,6.488648730463295,4.112652677463263e-08
MCM4,-12.836470391701242,2.7197071451346636e-17
ZNF280A,-5.028893835693491,7.005647916736544e-06
SPECC1L,5.243045003914953,3.3444278484182284e-06
NPTXR,-3.7898010599971443,0.00041342928946299946
GFM1,-8.407906006640395,4.5748904631551504e-11
RAG1,-3.291853376840881,0.001850621743774451
ALDH2,19.02533034057073,2.8358437097848962e-24
FAM91A1,-6.766490611646785,1.5260795768531526e-08
SECISBP2,8.101398971354394,1.3375807697374723e-10
CCDC51,-6.429218212888682,5.0834474922245426e-08
OR6K3,4.864303118430587,1.2300834929519032e-05
C2orf15,-5.727129466818335,6.144411153552735e-07
HPS3,-4.669317861917094,2.3799237626004814e-05
CCL4L1,3.1163154573703955,0.0030600628192099712
LNX1,-4.448413051055938,4.9751250436031334e-05
EPSTI1,2.6520692882649772,0.01074900774688605
DDOST,-6.62623379355208,2.517407786261083e-08
LILRA6,13.171894746079042,1.0151809077163253e-17
PTPRN,-3.965908062971306,0.00023788037523901352
SLMO1,-6.4111946923946705,5.4207999196754915e-08
MBD2,-5.1526282129180565,4.57394525111068e-06
ERCC8,-2.6932116644464514,0.009660886700363424
PPP2R2C,-6.7947360229898885,1.3797509841542487e-08
CCP110,2.214285091685433,0.03149236364300312
SDR9C7,-4.3725927841370025,6.390004397549335e-05
SF3A2,-5.831061449056378,4.2570945598631793e-07
ARNTL2,-8.564042128388666,2.6567272293739843e-11
CREM,5.11709530383491,5.171001274720582e-06
OTOS,-2.841205288752674,0.006530847814874877
ATAD3B,-5.1082486808902585,5.331224262566454e-06
DEFB103A,-2.2435790141743213,0.029412558942313264
SIRPA,5.941614017062682,2.8786424105822586e-07
LYPLA2,-2.788752572742612,0.0075131873521899085
STXBP3,7.843038406261202,3.3224211556883447e-10
SPNS2,12.780980775770933,3.2056940733591116e-17
DUXA,5.914682126526909,3.166788573135927e-07
MECOM,7.4007485440379925,1.5922104681453335e-09
ERICH2,14.158878690980819,6.063772228346083e-19
WLS,5.782167010153701,5.059834464906611e-07
MFSD7,15.977826177163287,4.574635248531763e-21
SLAIN1,13.818988482335694,1.5785897116234506e-18
TBC1D10A,-2.3068663780273946,0.02533023482130727
FKSG52,-5.800838411099908,4.736932375532547e-07
SF3B4,-7.216981961190948,3.0614433417619908e-09
PYGM,10.612999049432684,2.6919207303228074e-14
MMP21,4.078729909074979,0.00016603144015113887
ZNF486,3.042417235000497,0.003765145865293497
RP11-196G11.1,-4.291764081105582,8.329908782514661e-05
ABHD17A,6.301220256504639,8.02134090649671e-08
TSPAN3,14.750069728558937,1.1870814327206373e-19
PABPN1L,3.067290148886579,0.0035123748643523978
CAMTA2,10.827018357323539,1.3482149799983162e-14
GRHL3,-8.008519566098483,1.8541086461663015e-10
SH3TC2,-2.1236413396319853,0.038773666410392815
DSPP,-5.88886720530598,3.4698540606393656e-07
RNF126,-7.923395139474022,2.502324943340295e-10
PHLDB1,7.340513155572786,1.972446558479189e-09
GPR4,8.32981679975969,6.008603542495158e-11
R3HDM4,-3.476427468974433,0.001074452606608356
LSS,6.750771015786969,1.614138374746744e-08
PABPC1L2B,-2.810418815376141,0.007091929932760157
SGTA,-3.7260849751054006,0.0005035764285113514
AL590822.1,13.278912767698364,7.435275918673682e-18
C16orf95,-4.7966946318984345,1.547777614313573e-05
AFG3L2,-6.953865479621026,7.820236795474287e-09
KCNN4,-3.4086849071721685,0.0013139954084988035
NFIL3,3.4434326558394157,0.0011854000389207608
GFRA2,4.836518855842905,1.352027959315769e-05
C12orf10,-3.986303352203166,0.000222977456002109
ZNF197,4.4783945178938716,4.5044704871927026e-05
TREX2,-4.720618236198325,2.0021221622089272e-05
RNGTT,-3.9271991577315584,0.0002688560832939433
FAM126B,2.9578808939611516,0.004757325345366947
FBXO32,-6.702222231945294,1.9194910576293658e-08
BID,-6.73655233257429,1.6981584568266373e-08
PAM,11.99449879848305,3.438337335159151e-16
HTATIP2,-4.53799882250787,3.694443530131552e-05
HARBI1,-3.8376215723615403,0.00035619391957964934
AGR3,10.259980077390765,8.527804107311651e-14
SVEP1,12.833903110215282,2.7404492738654026e-17
ZNF69,9.491310564647124,1.1062659414888543e-12
AK7,5.23389671198451,3.452258692016125e-06
CGB,-2.8534627569538036,0.006319133798936364
IL15RA,5.298570263195197,2.757801577617763e-06
NAT8L,-3.785890973010019,0.000418482072420711
ZDHHC11B,7.036196869021109,5.8304330359885496e-09
PPT2,-3.9315876747952534,0.0002651574891359685
CDADC1,4.863627575295191,1.2329159926970079e-05
SATL1,2.041831915518409,0.04657053763442126
RP11-315D16.2,-4.275097874735325,8.795956137951227e-05
MCOLN2,5.079217954301721,5.892179983725498e-06
RASL10B,-3.5197651901955176,0.0009436963452389955
CSF2RB,3.1742059120357764,0.002596507712403178
SLC35E4,-5.618962878335235,8.992712618873163e-07
TRIOBP,8.188278646963196,9.860955815887284e-11
FZD6,-5.98636322909391,2.4564033567684557e-07
HOXA13,-5.194149386762589,3.962034439067957e-06
KIAA1407,4.0041500893208335,0.00021068099503375223
ABCA4,-2.4395523794180445,0.018371674910301186
POMC,-3.425714017376761,0.00124939880174165
STARD13,16.833305630812657,5.226181862228308e-22
RNF141,-2.026459947936615,0.04817854928847343
AGK,-8.626489040840482,2.1390005660006008e-11
DPYD,14.8434021133285,9.21130052105159e-20
COBL,14.646150680060604,1.5763850386837942e-19
TARS,-12.025459149123916,3.1270230591384064e-16
VIL1,-2.4463077713653454,0.01806859972409985
TMEM41A,-7.971499987070566,2.1121970891399607e-10
MED6,-5.805466172263797,4.660118448371885e-07
DAGLB,3.6566226174572676,0.0006233088205803974
CEACAM19,-2.623281912180691,0.011575952771087769
SETD1A,-3.888075503484648,0.00030410660645139226
PRDX6,-3.082964303147318,0.0033613544382975233
LBR,-4.871359792058841,1.2008752207820341e-05
MIEF1,-6.52185349400377,3.653312316019498e-08
CHRNA5,-9.057423562676268,4.842015300388193e-12
DIAPH3,-5.854951200388461,3.912253040210092e-07
ATF6,3.2270742012139735,0.0022317238139426434
ZNF711,-4.286666973172988,8.469829216403809e-05
ZNF260,-5.530761789891831,1.225713761481741e-06
PPP1R14D,-2.981529800802444,0.004457612320963279
FAM219A,2.252043935719645,0.028834691883197237
LIMA1,-5.084884563737062,5.7782960660755385e-06
TLE3,-6.013787311690245,2.228716317875683e-07
TMEM204,11.564927518858392,1.2995172153409788e-15
CDCA8,-3.007560944990534,0.004148143425433493
TRPM8,-2.4144970460426443,0.019536214970584206
PARD6B,9.704381577792411,5.399092470371634e-13
NBPF12,4.270366727209706,8.932817875941597e-05
COL8A2,-2.356408084443483,0.02249553462024347
TIMM23,-6.790670492455132,1.3999149283437802e-08
EPB41L2,11.284687228994734,3.1336820734697243e-15
DLX4,-3.283331094390773,0.0018969837151203448
TMEM106C,-7.366208645024144,1.8002094059619915e-09
HFM1,2.8658215780651153,0.006112129272680515
SEPHS2,-2.747265390327452,0.008385019376229227
AHR,4.876649027357719,1.1794306870837029e-05
ATP5H,-4.632749332617571,2.6910484820732797e-05
RPL8,-4.8394487727677005,1.3386279090564316e-05
ZNF154,5.433606686515497,1.7222764978666665e-06
RBM22,5.685259317242089,7.121417980159154e-07
LZIC,-5.8494077504061766,3.9897112680516595e-07
C11orf44,-2.7684205223599068,0.007929421924367224
MLK4,-3.749379791019351,0.00046862100260744314
COL8A1,4.489054246254472,4.347850277408151e-05
DEPDC7,-7.445244002584513,1.359380397744964e-09
CISD1,-3.9281921579274584,0.00026801485660158243
RRAS,13.614117460288004,2.8295411920925684e-18
DHX58,6.110596234950691,1.58042541920685e-07
CACYBP,-9.285940905018952,2.219397911668216e-12
RLF,-2.48849624809707,0.01627585043951988
TPMT,-2.571567165619314,0.013209035344024695
MAOB,17.293646259525325,1.6794027665863526e-22
PUS7L,-3.385502872272716,0.0014070515123867037
CDRT1,-2.093195513832268,0.04153070170692847
LHX2,-4.639394492396872,2.631692380648408e-05
HAAO,3.1910658292807965,0.0024744763409532077
MTBP,-10.259287174033798,8.547255926936297e-14
MFAP2,-7.348341200973311,1.9182931990371603e-09
NPY5R,4.243781680635052,9.741272669281892e-05
C13orf45,7.372131832702959,1.7626955985321833e-09
DGKZ,-3.047515353862772,0.00371198710985031
LCN10,4.629624989650812,2.7194071966720554e-05
CYP2D6,-3.5476922119440553,0.0008676398963770454
PKP4,-5.749559413790375,5.677023432322121e-07
HIST2H2AA4,-4.8998431756102745,1.089754746706938e-05
CCDC17,4.301120001276912,8.078914213130254e-05
SLC35G5,2.449062875829225,0.017946295240558206
CHP1,11.142711189035788,4.91355886748601e-15
DARC,9.139362944236014,3.658217138969285e-12
CCDC37,4.213289813070721,0.00010756311312053644
ST13,-3.792440117421692,0.0004100522276565895
PARS2,-4.387052915857307,6.0928665185830595e-05
ILK,15.94474807522814,4.982903153017164e-21
PAWR,-6.781293697758009,1.4475524450175728e-08
TRIM65,-3.332442669171274,0.0016441600518770389
PORCN,-5.314681452612728,2.6074997859354352e-06
FKSG68,-2.391011724485325,0.02068769186513127
NRAP,2.2323669039829066,0.030193762707037785
RNH1,11.13802879308512,4.987210107713964e-15
PDE5A,10.517940059584445,3.6664566832173234e-14
UBXN7,-7.002680925249585,6.570608291729175e-09
APEX1,-8.325754095468195,6.094515648585749e-11
ENOX2,-5.455078402240914,1.5977147535002958e-06
FBRSL1,-5.831380702080626,4.2522928211887704e-07
SPTAN1,10.322675190669095,6.940840782541511e-14
MIF,-11.087742183194521,5.852316276224385e-15
CLK1,6.713876554854892,1.841294460868527e-08
MAP1B,-2.9795776990873395,0.004481668246107357
PTK6,-3.644212488684446,0.0006473952618700841
ENKUR,4.956586560016215,8.97680831082605e-06
ZNF302,2.5362907793638447,0.014440660026180963
MXD1,-2.7226649202653452,0.008945103273244305
CDKN3,-10.661400471928497,2.3010612573460783e-14
SDCBP2,-3.26802675108473,0.001983012678813768
RP11-422N16.3,3.7827573709903892,0.0004225742916286728
JMJD8,3.0090649104490135,0.00413089224121932
EPHB3,-8.027898658955937,1.7319018940798282e-10
ZNF233,-2.3790631089510303,0.021296630176975334
KAT2A,-10.253852772076629,8.701379839428994e-14
XRCC4,-2.603076519175182,0.012190691002744655
MAGI2,4.330702082565297,7.332819570839464e-05
SRRM3,-6.8667298345621175,1.0671578989284993e-08
PTPRE,12.797137620032494,3.05573042980357e-17
RNF166,9.003371114893199,5.82787973675535e-12
WWC1,7.560676264770896,9.024132080381394e-10
ACSM5,8.879766086170129,8.913440299999234e-12
PADI3,-4.182023966698244,0.00011903665511764826
TMEM50B,12.764706249840174,3.364304454503038e-17
CDCP1,-6.503716625772912,3.897466856997027e-08
POP1,-7.5316122321832015,1.0004157898853106e-09
RP11-368I7.4,4.501532214024542,4.171268928850707e-05
HNRNPC,-8.929174584418266,7.51971086665474e-12
ACSBG2,2.996785915151889,0.004273722169446387
AKAP6,2.153670785382565,0.03621269495624345
HLA-DPB1,15.404382775635613,2.0488665952974408e-20
VAT1,11.165867877284493,4.565190140621694e-15
MDS2,7.676779466102228,5.980417758832728e-10
GABPB2,-2.9044783832299603,0.005504585502791449
HIST1H2BF,-5.8056755914405365,4.656671821618247e-07
GTF3C2,-11.49374437972745,1.6235513838387897e-15
CCDC157,3.3448394395538488,0.001585587843913077
CD164,3.7320917163111695,0.0004943304732081881
MICU1,9.719938998612593,5.124628135182807e-13
MAP2K2,-4.655797998668571,2.490609668014904e-05
ZSWIM3,4.793824112035826,1.5629168422014906e-05
VSX1,-2.367570872102164,0.021897440153819406
KDELR1,-4.715087935410163,2.0398376207457012e-05
EIF4E3,18.225239882239606,1.8028145901315063e-23
RP11-195F19.5,-2.782542326715752,0.007638130231540232
TUT1,-2.2781855593631675,0.0271132047206301
BAI2,-3.81314790950009,0.000384459751191774
SMARCA5,7.066744362376789,5.228798644915738e-09
TMEM243,18.88760813470885,3.88238534298654e-24
KRTAP9-4,-2.317731359634153,0.02468260200315286
ECHDC3,10.661146193095098,2.3029568017219726e-14
UBR4,-3.5457261804611493,0.0008727966440231566
GALK2,3.5311551266670946,0.0009119383645704461
KLHL11,-3.4766296630071296,0.0010738042588963868
XRCC3,-10.40811630769106,5.2466447744075926e-14
MARCH2,15.203601764136057,3.4941342664417736e-20
SLC46A1,7.556973594988255,9.143419215812358e-10
BRD1,-2.0316054074461243,0.04763502508044882
LTA4H,15.35337902125998,2.345379181494578e-20
CD99L2,15.27075692992585,2.92130305909165e-20
ANP32A,-4.565873608842196,3.3663255391948176e-05
USP7,-5.641217640233259,8.315696177251282e-07
RAMP2,14.553473688193929,2.0323042070703046e-19
ABHD2,3.4513648861440647,0.0011577719205228866
TNNI3,-3.6142935521381148,0.0007091859947255849
SMYD5,-8.98672368080372,6.170565757320798e-12
HSF2,-3.141480413468474,0.0028497284121998287
YBX2,-5.7032564174789275,6.683883090081052e-07
CYP2C8,5.672032263196391,7.460997949277884e-07
LAT2,15.126139560729163,4.298520578516719e-20
NONO,-7.008282355375391,6.440657660439153e-09
ABHD10,-4.394000565986988,5.954937363468465e-05
ZNF66,2.3431380346507447,0.023225546304522525
PLS1,2.646901959970434,0.010893339217374674
MRPL43,2.6943317409195218,0.009632730461762207
LRRC14B,-3.712080008327737,0.00052578340495254
DRAM2,4.170116215420423,0.0001237119788378488
SBDS,12.692466719554119,4.170314241509778e-17
RGS3,11.155235117801894,4.721931478047753e-15
GTF3C6,-3.9125918200493532,0.00028152937540547036
HRNR,-3.165303372080294,0.002663209982353281
FBXO9,6.3617186760923,6.46615340696912e-08
HMHB1,2.4045364756731384,0.020017343071324103
ZBTB6,-2.12585629778681,0.038579491211519774
C14orf2,-4.383151051297777,6.171690292039926e-05
FAM71E1,-2.8116583305053973,0.007068503725241993
CCT8,-7.313338217685002,2.172622938177759e-09
ABL1,2.7841157078633247,0.007606295355519025
HS1BP3,2.823802894913272,0.006842736125890667
ATP5B,-8.04552131533617,1.627816562425179e-10
IPO7,-3.5044990847293516,0.0009879210749851076
SNX6,-4.0820591746091806,0.00016426876869172648
MMP28,14.073136837664636,7.708780959457054e-19
FSD1,-3.5003182543534095,0.0010003733781449818
MRPL15,-7.900448128546469,2.7131943039362645e-10
C15orf32,-2.6673730320399276,0.010331769505653874
AL359195.1,3.730011742185572,0.0004975134851182201
NOM1,-4.026437130374387,0.00019624421404538963
TCTEX1D2,-5.365600856707993,2.183740459607668e-06
PBRM1,5.29315633851886,2.8102060931368274e-06
TMPRSS3,2.1915739127369487,0.033193233137319866
ACPL2,-6.292909343781856,8.262304732806688e-08
RPS6KA3,5.699077226290556,6.783044397511426e-07
NACC1,-6.663851790770158,2.201174870437367e-08
DYX1C1,6.944254976880087,8.09297845102026e-09
GRM4,-3.9908056024743996,0.00021981147081301825
PDE3B,12.582583176788358,5.788992602500177e-17
TCTE3,-2.422846034941376,0.019140980077459475
TBCB,-3.210981295553327,0.0023372971193520104
LRRC3C,2.171186462181197,0.03478856943953519
GPRC5B,-2.8918003527732252,0.005697358742102989
GJA8,2.3144060590983417,0.02487922675680988
PFDN6,-6.32832663116838,7.283083258455986e-08
SH2D5,-4.681030132899902,2.2879452752346667e-05
GAP43,-4.893194177084337,1.1147527722819731e-05
ACBD5,5.066199881550416,6.162257285181188e-06
ASAH2C,-2.050248476289441,0.04570999115917854
PAPD5,3.635224112378338,0.0006653948699192635
LHX8,-2.5961137041003677,0.012409344419114265
WDR27,-2.9882643303768313,0.004375544565215308
PIK3R5,9.948348898744339,2.390086817984381e-13
F11,14.741120014598698,1.2163744481733893e-19
PAX8,5.031388197795976,6.9458717538909366e-06
LST1,14.777309926618615,1.1022571444195263e-19
ELN,7.704205715911632,5.427147541829116e-10
TP53I11,6.856278552266689,1.1077058794349375e-08
GCA,11.009932538564184,7.500619083026053e-15
WIPF2,2.0828556596754577,0.04250520106076136
MANEA,-4.072477251322909,0.00016939157407657463
RCBTB2,8.479767507539343,3.561478823203178e-11
STRN3,-3.698880847335643,0.0005475713045724642
ARHGAP31,19.836683145135794,4.61455440076607e-25
RFPL4AL1,2.397135828860867,0.0203816926636561
CAPN2,12.229046967908307,1.6804799281564603e-16
SUCLA2,2.2652090635747775,0.027955969876254674
PPME1,-8.550688135720673,2.7828999565771715e-11
ZFP30,-2.872382276701074,0.006004815350963588
EVX1,-2.661099435016912,0.010500981908716806
LACTB2,2.2141404210615354,0.031502949745916234
C8orf58,2.530923868723589,0.014636929832746835
DCK,-2.7163372721064714,0.009094632246971051
FFAR2,3.5160400577059074,0.0009543101097186952
IRF6,-10.346400864980648,6.421340954525609e-14
SELE,2.658093837028514,0.010582946327867557
CDK3,-2.5465354694739784,0.014072636154434544
ATAD3A,-8.272685632926077,7.337216059016743e-11
FLJ00273,2.573000740442331,0.013161070024603346
HDGFRP2,-4.788366136970341,1.5921046088667024e-05
PCDHGA3,12.798750632387868,3.041155106865004e-17
FIGF,13.952067146338473,1.0835366098805138e-18
LGMN,6.220741218368048,1.0682540414615068e-07
PWP2,-5.9070579817597455,3.253447897367105e-07
HCFC1R1,4.470888298454513,4.6180510998148264e-05
SH2B3,13.163694973738197,1.0397572678784702e-17
YIPF4,-9.00745922509318,5.746703540515008e-12
PRPF8,3.364121803952045,0.001498400928420237
SLC18A2,13.981985452988868,9.959394635903643e-19
PTPRM,20.94874797360012,4.201980869534731e-26
ARHGAP24,7.938777045740275,2.370276863008906e-10
TSEN54,-7.01392743815783,6.312298181894287e-09
AC135178.1,2.6036653889552746,0.012172361032756067
MOB1A,-4.9456244820816435,9.319871379881965e-06
AC008948.1,9.443936929556175,1.2984636568275199e-12
ZKSCAN4,-2.289162712852008,0.02641801378088564
PSTK,-2.5895806977019995,0.012617749767445464
HAUS8,-8.81508453714677,1.1139747950783868e-11
SYNE2,4.529201891316174,3.8043421741497656e-05
PABPC4,-4.115344990865643,0.00014761428730921696
GSTK1,9.221884707361585,2.7603143795312296e-12
PHYKPL,13.62971278082293,2.706097682120153e-18
SCEL,12.789434098798946,3.126323743130022e-17
LYAR,-2.7951920768482372,0.0073856288580642125
AC135983.2,5.57522835484415,1.0486410032435556e-06
CXCL14,-4.657143327914861,2.4793733462975578e-05
ARHGEF28,3.4397863448253623,0.001198309775445308
FKBP8,3.0524512567421374,0.0036611904312416842
SMAD7,14.681518131813194,1.4311216552704225e-19
RAB11A,-2.745417576325285,0.008425938908822816
PYGL,-4.928744605388243,9.873518368740215e-06
NANP,-5.63248955581994,8.574968577934363e-07
HSPBAP1,-3.2215781776191452,0.0022672622008294008
PCDHGB1,-2.6709925373481815,0.010235284995457129
RTN1,12.147010324643318,2.1568998523664914e-16
DTX2,-7.146991212627656,3.928218031831886e-09
VWF,9.60315392069021,7.586625788837744e-13
HSD3B7,2.581338104013728,0.01288524647286948
GIMAP5,17.26426538424657,1.8044206887298746e-22
SETD4,-2.111707162557207,0.039834676508627716
AP2S1,-6.258863464672937,9.327121505702907e-08
KLKB1,9.954434915962961,2.3422007651409865e-13
PRKD1,10.468478868647358,4.307836179985818e-14
CAMK2N1,12.882295307264823,2.3751254271435367e-17
CRYBB2,2.9414007092873278,0.004977187581381021
SMC1B,-3.6709885559137145,0.0005964990571260388
C18orf32,9.22691016120776,2.7134398161486825e-12
HIST2H2AC,-3.92897896561169,0.0002673501130839874
CTDSPL,9.804830942001244,3.8568968078853476e-13
HIST1H1E,-3.409076570341729,0.0013124746611072624
LIN7A,3.9952464501653586,0.00021673128618005782
SPOP,13.240080557526216,8.323378760664436e-18
ANKFN1,4.73400599039725,1.913630373857036e-05
EXOC6,10.819280982387,1.3822040572454968e-14
F2RL3,6.410022432133856,5.4434998658468845e-08
F2RL1,-5.636615121166677,8.451432150509061e-07
EOGT,12.234017747463497,1.6553027843480357e-16
METTL21B,-3.8322514232016447,0.00036221928076800205
CSNK2A2,-2.9520303360970095,0.00483431935658353
TMEM74B,7.819887597160384,3.605427651722138e-10
C5orf38,4.787894983049944,1.594649166193653e-05
SNRPA1,-13.557840239782188,3.3245515029216683e-18
TMEM63A,6.476260051369012,4.298433784009842e-08
MYL1,2.7683930930566802,0.007929997557618472
B3GAT1,3.588730855723064,0.0007664173486793358
CCDC85B,3.018792095788349,0.004020927074902358
POFUT1,-5.155108995412738,4.534899091738215e-06
GJA5,5.961567601593193,2.682117246649243e-07
SP9,-2.6499582477334656,0.010807759362627276
TSSK4,5.190888158621614,4.007019068472751e-06
AC003006.7,-3.2157007360807817,0.0023058577785556944
LILRA5,9.743976011822001,4.728005133746153e-13
NAPA,8.636444513793709,2.0664164854485873e-11
HLA-DRA,16.15186640179182,2.923365485015394e-21
CD4,11.709691023875347,8.280064353547372e-16
CCDC39,5.831809925711234,4.245845545674979e-07
FAM208B,-4.871889401773972,1.1987108295429835e-05
KDM5B,-8.702648856655472,1.64291744063179e-11
ZNF367,-8.571703067643899,2.5869622638312646e-11
ARMC3,5.050416911929913,6.5061022558050875e-06
APC2,-3.844841491658472,0.0003482451388325118
CREB3L3,4.420953489662066,5.448111370200537e-05
FAM21C,8.997841069280359,5.9395318299673485e-12
HBCBP,3.942954882455568,0.0002558044265012158
SMAP1,-3.568478124635808,0.000814871471183928
RSPH10B2,4.361279301630047,6.63229203526072e-05
CREB3L4,-4.329894549698516,7.352264954861066e-05
PEX14,5.071780059234646,6.045026396976635e-06
PPM1J,-7.200439953890873,3.247202969584043e-09
ACSL4,10.462097484772704,4.398470621912814e-14
GDPD1,4.702325309542598,2.129555951983104e-05
WDR37,7.325611766552422,2.0798068079524965e-09
TFAP4,-8.04990679765372,1.602907095351754e-10
TPT1,7.99169481488731,1.9672219503608681e-10
SPATA4,5.0822010568773965,5.831954362643087e-06
SCLY,-6.320646613569991,7.485086295312565e-08
DACT2,-2.8494571218708056,0.006387609624700289
ASZ1,5.683839484736385,7.157122010524505e-07
CTD-3138B18.4,-2.5246826827321738,0.014868218250830543
PRX,11.372901642221686,2.372734206962e-15
C2orf68,-5.13884717114593,4.796968155458946e-06
CHMP4C,-5.157597558993924,4.4960609815080485e-06
SEZ6L2,-4.077971992329867,0.00016643527192507462
DPY19L4,-4.78676612758958,1.6007620253100093e-05
FAM35A,7.637268335027799,6.878610262309275e-10
PLA2G4C,8.292416072766185,6.847878986898645e-11
CTC-487M23.8,-3.2427631118703113,0.0021331482719898344
E2F7,-12.989815667290587,1.730192616820784e-17
VCPKMT,-6.1071848650358245,1.599698681875291e-07
GJB5,-9.629582224513516,6.941140724426005e-13
ATG4C,5.544378309416418,1.1685544612441907e-06
ABI1,-4.715247298079277,2.0387411128315917e-05
RHBDL1,-6.546924040647157,3.3407694536414324e-08
PERP,-10.767205691789682,1.6346816674350468e-14
NAGA,3.0865039945953274,0.0033281034512155946
ZNF738,-3.7571268208726605,0.0004575218628069176
EXT1,-5.434287900211788,1.7181808137190622e-06
MROH9,5.347026970824022,2.329776650799059e-06
ANKRD52,-5.897919700520802,3.360429421160508e-07
SLC37A3,-4.1753539700670785,0.00012163391733366953
POTEI,-2.976915746961608,0.004514667118325554
SFTA2,16.800406833992923,5.672667022583851e-22
AFMID,-4.173249157049644,0.0001224648874016048
LRRC48,5.408788188112526,1.8782685413447132e-06
TNPO1,-6.458463877122478,4.580063596258584e-08
CHIA,7.391913708753463,1.6430001768595507e-09
LETM1,-5.875495713114203,3.637998090053365e-07
SNRNP40,-7.524205263138624,1.0270566052058516e-09
LTB4R2,-5.605391620693101,9.432109649125472e-07
JUNB,5.785970096897452,4.992337876582626e-07
ENTPD5,-3.4328758503213903,0.0012231444065913767
AC087645.1,-7.1027234330141935,4.599437625900201e-09
GLI3,-4.160236654999966,0.00012772592209023387
TMEM135,3.358947514984072,0.001521339325843176
EXT2,-3.825921091542643,0.0003694481267912609
PEA15,7.254911677784838,2.674730982421423e-09
TNFRSF6B,-2.093498775888266,0.04150241693484333
WDR33,-4.572861732335012,3.2886453330736106e-05
KPNA4,-7.727475252024007,4.998230095527768e-10
ATP13A5,-2.4685146499730055,0.01710385058944526
SNAP47,-9.07405859759034,4.5738604488087645e-12
RTN4RL1,5.2306934683579085,3.4908212798138317e-06
RPS3,-2.460529152963518,0.017445274408652827
IL2,6.619040553178913,2.5828601050622707e-08
SLC6A17,-4.011421245534968,0.00020586156542980603
BIN2,15.859235429543364,6.218765553857838e-21
BCL3,3.821142361930624,0.00037499699097741796
CCDC24,-2.604859453098346,0.012135270198428968
NOTCH3,-8.47996319888188,3.5590532652133647e-11
TGM3,-2.146644593986118,0.03679820663294709
RBMX2,-5.375787909302501,2.107529319784381e-06
KCNIP3,-2.6111654219856466,0.011941096533836735
HCN3,-6.943835398983215,8.105100472676336e-09
TCP11L1,-2.757485044817006,0.008161996571511518
CST11,-3.235494556601219,0.0021782948627720997
WDR34,-2.5261314400412416,0.014814235732364818
CMIP,-3.8472764860845206,0.0003456030891473152
EVA1C,6.663332381467696,2.2052586487978377e-08
TASP1,-2.7801401765361757,0.007686971422805874
MARCKS,-8.785054071574748,1.235641186815175e-11
NME9,4.864732047939495,1.2282883464784795e-05
AREGB,2.3149029095810483,0.02484975946296665
SEPT11,5.637683649187754,8.419724892646313e-07
ALS2CR11,-3.575032570088725,0.0007988782095376957
EXOC3L2,5.059658412719032,6.302539100221798e-06
KIF6,6.82978403063823,1.2175402403830529e-08
SERTAD4,-4.582694207223205,3.182310553205423e-05
AP5Z1,-2.9351726763573467,0.005062714179121618
PRC1,-13.904778709864427,1.238246720450529e-18
ARHGAP32,-5.70328278254201,6.683262105433437e-07
PMEPA1,-2.896170854913326,0.005630206055076854
PTAFR,9.4890233899524,1.1148484847433325e-12
RAB26,-4.8698895924956895,1.20690374131928e-05
C1orf180,-2.7876452180984015,0.007535326749395406
PAPSS1,4.2759282017501095,8.772148064532945e-05
FOXP1,9.89194305833327,2.88381383184872e-13
MTNR1A,-2.6402416834306406,0.011081989408926782
CPNE4,-2.2558504703277666,0.02857813464752796
BTN3A2,10.164834770252314,1.166666686303093e-13
MYO9B,5.237067404370485,3.414502434167196e-06
GPIHBP1,9.361786132869979,1.7152566875081815e-12
SLC9A8,4.447345468688681,4.992740777960269e-05
ITGAX,10.661622637226738,2.2994063986240188e-14
UQCRH,-8.992597573139749,6.047390975690155e-12
ELMSAN1,7.1149770905008065,4.402898382141802e-09
SEPT1,2.276376134605432,0.027229346437774426
RBFOX2,-5.972302796408308,2.5819676577812395e-07
CTSD,8.105489164501785,1.3185030764026113e-10
ACTN2,11.850607792555957,5.35322454757358e-16
MUC4,-2.398029501049658,0.020337380963189877
C19orf38,11.538983216486052,1.4092493520451843e-15
CLEC9A,10.065839153984665,1.6183469524486926e-13
CEP170B,-4.2560444590004085,9.359883955843949e-05
CEP89,-3.1025017232096617,0.0031816393250867444
RGPD6,8.047856102222509,1.614506925196649e-10
CEP85,-8.501861404005325,3.297876860211833e-11
SHARPIN,-2.639639224296197,0.011099200561905396
CCNI,4.200855385708208,0.00011199125102076901
PIP5K1B,15.342154196007648,2.4162892299980352e-20
SMIM6,7.164960155277067,3.6846249537686493e-09
ELANE,5.570907558338776,1.0646708191290936e-06
NDUFV1,-7.447484656950794,1.3486042454328236e-09
CPXCR1,3.515562804746846,0.0009556781194803714
TMEM132B,-3.2167735826889845,0.002298766727668737
CALCRL,9.744716421440073,4.716293036850933e-13
KHK,-2.595167529071495,0.01243933190323246
CTNS,5.805264335593228,4.663442680300597e-07
PTK2,-3.3772313681303303,0.001441745202550056
ST8SIA1,2.2394723427634045,0.029696586938362447
STON2,-8.659039798107042,1.910750524440056e-11
KRTAP17-1,-2.5762801812126312,0.013051941066433887
BLCAP,-4.909544936343039,1.0542656454027005e-05
SPRED3,-5.415268914675113,1.8362351529629229e-06
CPN2,-3.8592541937567013,0.00033288566610149514
ANKRD29,8.917624482276624,7.824453353073377e-12
RP5-850E9.3,-2.367917513821662,0.02187909776548371
CDCA5,-14.822322911864038,9.753523907717674e-20
RIN2,3.372024235554139,0.0014640009508044443
CAMK2N2,-4.733080997761468,1.9196190556557415e-05
LEPRE1,-5.5896893487908965,9.96712454596648e-07
RABGGTA,2.9218944596188363,0.005249648646914988
TFDP2,-5.772117830747586,5.242578929250094e-07
RFPL3S,-3.3583971371597356,0.0015237987524257567
XRRA1,-2.484508422086939,0.01643814032197586
SLC1A6,-3.2509326121462214,0.0020834614812984213
PLEC,-2.659974006602369,0.010531604595522924
CSF1,5.675398186971593,7.373089630529329e-07
NUP35,-5.991733704135931,2.41006329172352e-07
LRIG1,3.185241965256023,0.0025160046136644596
GRTP1,-2.262857779936868,0.02811114214354519
CRCP,-4.019318553017407,0.00020074800713564136
MYBBP1A,-5.968155633719265,2.620208148528796e-07
POSTN,-4.116253933137101,0.00014718329316263664
CD109,-6.904749206707473,9.317859478520599e-09
FSD1L,3.107134640255761,0.0031403674996888127
FZD10,-3.935724675891281,0.00026171590623150345
CCDC89,5.266221212640143,3.085916798194441e-06
AP4B1,4.1911132993107065,0.00011558389860339301
CHD2,4.925637817177595,9.978888227172658e-06
DDAH1,16.478894715367915,1.271600216619897e-21
IGJ,4.24537067960429,9.69101310092392e-05
TRIM10,-2.1935669308005905,0.03304079459864799
STX7,12.841619051020807,2.6785877204960564e-17
ANXA4,9.824694499460014,3.6092024259950686e-13
NUP160,-4.548892728540833,3.562644817329847e-05
EDEM2,4.878063200714003,1.173761184984817e-05
STRAP,-7.287954330637315,2.377976507691941e-09
TUBAL3,-2.899708554465555,0.005576389069923601
TMEM164,9.032040511688189,5.2820848684622585e-12
RAD51C,-7.23324477651338,2.8892058883924823e-09
GPR108,10.146319185232432,1.2401945840614626e-13
CDK2,-6.463358712268075,4.5008140461265384e-08
ZNF726,-2.6474430198107712,0.010878143795460406
PCP2,3.4717044432583175,0.001089703866430352
SUMO2,-8.519272935638352,3.104054728427878e-11
TGFBR3L,-4.002282504542915,0.0002119363733590212
H3F3A,-4.1949829838057475,0.00011414364060427672
AP2A2,4.583112130110648,3.177866225389624e-05
AKR1D1,-2.9642116850162967,0.004675300779607501
B3GALT5,-3.333890707944016,0.0016372139898102555
LYRM4,-2.7034950968060696,0.009405200247174362
POLR2B,-3.973795368483709,0.0002320062835815513
SLC22A18,-4.1354944457343645,0.0001383412766474491
GRK7,-2.631465228326555,0.01133514753708729
TMEM138,-5.189584785078646,4.025138205609759e-06
FAM174B,13.186365378239714,9.732382849425988e-18
ARPC5L,-4.829618671218719,1.3841090851709929e-05
TXNDC17,-5.887203608330851,3.4903451841964005e-07
WARS,6.501123919324181,3.933675791986839e-08
ASGR2,5.584256330845209,1.0159161005837982e-06
TENM2,-5.238540213787158,3.397103401488332e-06
CCDC135,4.702128202870707,2.1309714778556722e-05
AC027307.3,2.497860041497747,0.015900467948093282
CAMLG,6.042528561429248,2.0126096483973448e-07
ZNF608,13.99928558716488,9.486035388401893e-19
COMMD4,-5.215450660872486,3.680231845372352e-06
SPEF1,4.7779913688561235,1.6490692805699992e-05
HAUS1,-3.8801935202279414,0.0003117292883487835
TUBB8,-2.6599384899246776,0.010532572328631385
PAXIP1-AS2,15.970722790971255,4.6593429798820666e-21
KIAA1328,8.076149508635424,1.461657466302498e-10
SS18L1,-3.997744888099311,0.0002150167610147811
RBBP5,-4.0539445895515085,0.00017974261922184975
KANSL1L,10.048070755627787,1.716467447986512e-13
OCIAD2,-9.161478397698145,3.392031445767079e-12
KRT27,8.338327474784021,5.832563828634002e-11
ATXN2L,-10.42278183636701,5.001047729922075e-14
MYL3,14.614915695214822,1.7171016797213095e-19
SGCD,5.497072908947993,1.3793154021740795e-06
NAA50,-12.008530679489068,3.293527040888019e-16
GGCX,-3.566612346026509,0.0008194797750880552
GOLGA8K,2.4319088041078385,0.018720122345742874
ACTR5,-4.606463462637482,2.938963699405907e-05
YPEL4,6.592434072514806,2.8400825911463042e-08
COTL1,11.148370461814842,4.826010268640207e-15
PGAM5,-10.132553889227998,1.2978807615201348e-13
CYTIP,8.625707530875893,2.1448060704496408e-11
SPNS3,7.199630005158044,3.256583101604213e-09
DNAH6,6.336315865072399,7.078715882866225e-08
C1QL1,-3.498101649406273,0.0010070359720021729
CENPF,-11.456029024284522,1.8272905604810956e-15
ACBD4,13.048158394389846,1.4578105765663246e-17
OSM,3.6894569212001875,0.0005636549589023873
EXTL3,-3.727952042451113,0.0005006848704031563
ANKRD13C,3.748030561617434,0.00047058031961462476
C16orf91,-4.527165635732895,3.8302329160637535e-05
EIF3I,-5.88348355968367,3.5366026698690876e-07
CNN3,6.463359918886469,4.5007946801991955e-08
WAPAL,6.875088435543204,1.0358005500514492e-08
MYO1A,5.128522979710127,4.9710456419437e-06
PDZD9,9.659480711095844,6.277464120080284e-13
GPM6A,15.433441176220185,1.8972678765241097e-20
STRA6,-6.234504024180753,1.0171940460604925e-07
SIGLEC6,3.258337737812752,0.002039370654431196
GARS,-7.490807514295553,1.1563073638125819e-09
ZFAND4,3.9350307280086456,0.00026229017571957017
SLC44A5,-7.794996503865649,3.93680589822444e-10
TMEM50A,5.157148294835129,4.503048121202858e-06
GDPD2,-3.3172990108638944,0.0017184961651522611
WNK2,-4.985276667894918,8.136689693799198e-06
AHCTF1,-7.069702115975918,5.173955489102447e-09
CLDN16,-3.459607890735881,0.001129711692988291
UBXN4,-4.462983289377111,4.7406904984589844e-05
MC3R,-2.237810357300024,0.029812223408472702
CHKB,2.5610745776560377,0.013564979746781832
SIK2,12.33123605369198,1.232922066610164e-16
FKBP15,9.709429718109417,5.308442656379268e-13
AL117190.3,3.621565258571483,0.000693668144350834
AGBL1,13.219397615919117,8.839612943864444e-18
ACTR3B,-3.967984519685889,0.0002363201320028293
PDE1C,16.47800361833499,1.2744678251247518e-21
WDTC1,6.376355009492481,6.137533337869632e-08
LRRC8A,-3.339817965273227,0.0016090707121907122
PARP9,2.7253554279180645,0.008882212091381172
C11orf74,5.039230993602647,6.761178349716618e-06
PSMB2,-6.988439960123771,6.912939701341403e-09
AKIP1,-2.5976731277839877,0.012360064986495053
DDB1,-6.492901743365584,4.050740857921281e-08
PKP3,-8.507388577590296,3.235063421376595e-11
AL590560.1,4.9267551626572335,9.940865532594091e-06
FSTL5,-3.1105073045663927,0.003110639412631943
GABRE,-4.912591552708712,1.0433575064725189e-05
DTNB,-5.701084663028017,6.735232245950036e-07
CASQ2,7.451382359993159,1.3300625846905266e-09
GLRX3,-8.630725148048244,2.107806754764755e-11
FBXW4,9.968432317004298,2.2357129650694478e-13
AFF4,6.946125159254823,8.039167400868534e-09
CDK5,-6.240183861826774,9.968378340255802e-08
SLC25A42,7.396658539900704,1.6155242505034946e-09
PP13439,-4.642652613726601,2.6030606296348965e-05
ATP6V0A2,-4.01162248430463,0.00020572971049937226
VWA7,7.968373928365131,2.1355796901552028e-10
KIF18B,-9.531234975104443,9.66749205332589e-13
FAM3B,2.312220369087392,0.025009226753253407
RALGAPA1,10.237088862244727,9.194756955991691e-14
SEMA4G,6.37937782143539,6.071768907193287e-08
LEO1,-9.340484465543128,1.843873456343004e-12
DBP,-2.892785809463596,0.005682152527150189
HBS1L,-5.356539389473971,2.253818043921745e-06
SIRT7,-5.823544987433892,4.371715996594651e-07
RNF207,-3.507172623937006,0.0009800358032307425
PLCB2,12.256186768153686,1.5475899583236339e-16
REPS2,11.880106945818353,4.887695083868042e-16
NBPF1,2.3922903879790796,0.02062346279527527
C4orf46,-7.250576929969833,2.7163226301025856e-09
UBE2E2,6.762034989650953,1.550539616186212e-08
CBR3,-4.18110435093653,0.00011939151994807728
SURF4,-2.167116828403358,0.03511498471913488
CTF1,8.106656837805,1.3131071540640062e-10
NUP210,-4.2386834731369385,9.904245226303401e-05
ZNF708,6.1267086990537125,1.4924744381505846e-07
CLPSL2,-3.0105596258487273,0.004113813650463483
BBIP1,9.89231305502416,2.8802602592909176e-13
KRTCAP3,-5.742993972778686,5.8100523170489e-07
SGCA,15.786989643134758,7.503666900578997e-21
NSUN5,-5.710846591455355,6.50745364031921e-07
TBX5,11.996401256873277,3.4183316616877774e-16
SLC16A14,-3.9313467027430153,0.0002653592961232528
TNKS2,3.532856078253029,0.0009072841744134482
SPSB3,2.5936591961255524,0.01248727286091536
LYPLA1,-6.784256875851382,1.4323257472868674e-08
BCCIP,-6.366024410177493,6.367697870054119e-08
CBX5,-3.2027088128622694,0.0023933837983096816
EIF3J,-7.740677271319092,4.770198906602127e-10
PDE12,7.240941020263393,2.8111164632178617e-09
RIMKLA,5.022088335989882,7.1713283898411e-06
CPEB1,3.2257418485365177,0.0022402904489752865
CTD-2210P24.4,9.444562368529812,1.29571833391829e-12
CRKL,-4.526975835984248,3.832654957668946e-05
KLRC4-KLRK1,8.040969113660198,1.6540849668995606e-10
SLC6A15,-3.152988030648693,0.0027581468109530156
AP1AR,-3.633308977583893,0.0006692914980054492
FLCN,7.432247258876453,1.4236130724789032e-09
SNX29,2.1903714651545596,0.033285503634287894
RYK,-5.417851810114053,1.8197434081893528e-06
CDC25B,-4.729151568838962,1.9452650060986634e-05
GSPT1,-3.86465249115877,0.00032730261322691577
TMEM117,-7.90980448196375,2.625138976139548e-10
HRASLS5,3.1349579939768155,0.0029028988280646335
TNS1,15.994763627615281,4.378917016180405e-21
ATP10A,14.153193307894822,6.160883354893362e-19
DYM,-5.572899536276086,1.057250780881104e-06
AC139426.2,3.90326400434777,0.00028992188277023837
CDC25A,-14.4366655504102,2.8033475469179347e-19
SCGB3A2,7.643782943988436,6.721690019469899e-10
EEA1,2.8123844283530874,0.007054814124699885
IL12RB2,-5.605897913285083,9.415341422688331e-07
ARHGEF40,7.821465489894336,3.58539158678491e-10
ARHGEF16,-6.566713469694407,3.1130432518342924e-08
OPA1,-9.14656720470686,3.569267167656781e-12
HIST2H4B,-5.405848513280357,1.8976475947135316e-06
FAM230A,-2.642025250001232,0.011031179336440822
DENND4C,10.40755201377879,5.256334813945341e-14
BAG4,-4.869795200770481,1.2072918073667613e-05
C12orf56,-7.795454149808994,3.9304451845886434e-10
PWP1,-8.673244040402304,1.818997915143566e-11
NHLRC2,2.755428030929809,0.00820644197327615
RPS19,-5.746277532205359,5.743138445599216e-07
BRD4,-6.409162449824288,5.460213085706359e-08
SLC6A18,2.625050566935942,0.011523514804951864
TMEM92,3.9937316501270566,0.0002177772335896984
ZNF214,4.606959943002478,2.9340802044954567e-05
TOMM20,-5.4281888225617045,1.755196458301435e-06
HABP2,2.7179448859415016,0.009056426235250633
SPAG6,5.218606674016729,3.640199064385206e-06
RAB5C,9.700918568670463,5.462180892789292e-13
NAV3,6.240120600171455,9.970623086204988e-08
DENND1A,-6.531836817497494,3.525500148240163e-08
CAPN15,-4.896852840368649,1.1009284412382406e-05
SCAPER,7.935945770251077,2.3940449609408774e-10
TARDBP,-4.5310411493867715,3.7811034039320015e-05
C11orf83,-7.769309531387227,4.310917416482355e-10
CITED2,12.630385675631914,5.0183102096706515e-17
ZNF613,5.222288228918449,3.594043190686161e-06
FNTA,-3.6137416174172583,0.0007103773009792017
LRRK2,14.026759767823805,8.780761922832245e-19
BRF2,-3.0193600911798826,0.00401459131420855
ABCA3,13.781527704129068,1.7556726041998706e-18
FTCD,-3.001712172735705,0.004215873981076152
ALDH1L2,-4.69301864382694,2.197408516204985e-05
CYB5R3,12.492607777802792,7.581098656748109e-17
CPED1,14.012276237503997,9.14565996456186e-19
CLECL1,3.3618730658449105,0.0015083292869401935
LOXL4,-2.720555376015049,0.008994700715360605
PPP1R35,-6.660837385998624,2.2249809902306945e-08
MPP7,6.610290343503515,2.6647763056620426e-08
ANKRD49,-2.8993929133895437,0.005581171229368019
NKTR,6.341435706956373,6.95076645646955e-08
SRSF10,-3.864869861601898,0.00032707970504022784
OTX1,-4.782965622374613,1.621511744846526e-05
EPB41L1,5.530328126885686,1.2275790042657434e-06
GPR141,4.59918832659943,3.0114430528736e-05
SAT2,8.937595872862804,7.30509039425193e-12
DPF3,6.068092414170886,1.8379921685162464e-07
TMPRSS11F,-4.13912156446891,0.0001367331886490078
ASB12,2.459361101285005,0.017495728128795268
RAB3B,-5.034446665648927,6.8732626187206705e-06
CPSF6,-12.5611768914595,6.172038380324477e-17
CTSL,3.3096524483721814,0.0017572306413989986
UBN1,-2.941990308258435,0.004969161055676665
TUBB2A,-4.0800215933810815,0.00016534539503802823
RSPO4,9.478694818676688,1.1544513836523152e-12
MTRR,7.402475530416966,1.5824679669358582e-09
MR1,5.135880235710106,4.846368717015436e-06
NAA10,-4.5976038724216695,3.0274589184318137e-05
ZDHHC13,-6.676782878231509,2.1019073835265077e-08
SLC25A15,-6.8202683688846335,1.2595934369230223e-08
ERGIC2,-6.399582417415929,5.649893825417221e-08
IMPA2,-4.395104425458322,5.933305155037357e-05
CSF2,4.0100628464816195,0.00020675375249205508
ATP5C1,-4.168265432029055,0.00012445448387566794
IFNAR2,5.668287927294304,7.56001168810178e-07
EPOR,11.06504048856547,6.291233581565995e-15
RPL39,-3.2155965160436315,0.00230654772698781
TLX1,-2.658734412118029,0.010565428451286447
CTC-429P9.4,2.8358722789912876,0.006624997915736778
CDCA2,-10.018546881470902,1.8929926496372304e-13
FAM135A,-4.218234445851513,0.00010584994745469679
FAM166B,5.252654683838251,3.2347412795575214e-06
RBM4,-5.982295793425435,2.4920889267277333e-07
WDR64,2.1041302100075843,0.04052141002914033
EFNA1,3.273727488528302,0.0019505450070002647
TRMU,-8.411620034685793,4.516015058670956e-11
PER1,10.748507668118469,1.736324165963343e-14
RPS17L,-2.365390131140726,0.022013149663635042
ATP5A1,-2.0467885694325085,0.046062061669628264
TMEM145,-4.0146760331490405,0.00020373897731186617
SOCS2,6.03919112312628,2.0365928310839388e-07
DDX17,4.84765942808326,1.30176777670129e-05
FAM183A,4.714122324479063,2.0464939686554893e-05
GLRA4,-2.0252940546994407,0.04830244837034088
TFE3,8.114748527088867,1.276320177206938e-10
GRAP2,7.831658118241304,3.458634516449418e-10
TNFRSF18,-6.255194920676123,9.449728223037825e-08
ALAS2,5.173466408557501,4.256008801901887e-06
CHL1,-2.527717287060491,0.014755349204263276
WDR63,5.671943530422654,7.463329411204127e-07
TMEM127,3.3094021326908236,0.0017585125196301315
PDCD6,-6.724917347701209,1.7701546745029127e-08
DHX15,-4.091034311743102,0.00015960680096229135
FNIP1,4.574020276660297,3.275937582537826e-05
FAM72B,-8.800387890245236,1.1719296117967605e-11
DLG1,-7.9513049710181685,2.267922081095051e-10
RPS23,2.64716076022805,0.010886068504552773
TMEM69,-10.31067181713125,7.219661793435905e-14
GIMAP4,15.707956474716529,9.221402897487937e-21
SPEG,-2.2039642732871214,0.03225551521171913
ROR2,-4.197922306188456,0.00011306132407351308
DNM3,10.047216470761501,1.7213337069539137e-13
MUC15,5.707514330673994,6.584333674429972e-07
HOXC9,-4.826789727994543,1.3974768747006538e-05
HHIPL1,-2.5931867808736135,0.012502322781925552
AC129492.6,-2.940116025147871,0.004994718536949188
ASMTL,5.0509733313256024,6.493664717423034e-06
MACC1,8.059652075349627,1.548917988162347e-10
C20orf96,3.086575475851852,0.0033274351649048837
RAI14,-3.677614840873237,0.0005845091182500723
PCDHB15,4.686189756468582,2.2485402831464572e-05
SYT13,-3.2603408895234773,0.002027596171224552
TGFB2,2.39219227765705,0.02062838465996507
C1orf115,4.660836633638743,2.4487812834651446e-05
SBK3,3.9689537515429913,0.00023559524551943726
LYST,11.687149993846273,8.880477993046335e-16
SLC8A3,6.437705123802718,4.931933954110798e-08
GRIN1,-2.3809734248819705,0.021198206410700218
NCKAP1L,12.99969751002596,1.6806637388499855e-17
ARHGAP27,3.1277852094949092,0.002962447736270495
CLPTM1,-2.097719357909038,0.041110511782174446
DUSP14,-6.655511198276445,2.267675132498694e-08
NT5DC3,-4.125892501900753,0.0001426874299140654
MLLT4,8.716207436329956,1.5676152156515855e-11
NAP1L3,4.80682257156094,1.4955042465399378e-05
SHISA3,11.823996571092048,5.811665045031297e-16
ANKRD17,-2.5359338880320843,0.01445363704760237
SOX9,-6.682212597203627,2.0615712294610812e-08
FGF14,8.211081735134712,9.103534276752432e-11
MTSS1,-5.199746601165045,3.885987118915147e-06
RSF1,-2.1191837163048644,0.03916704163660486
LIG4,7.123963412764236,4.2641335186785155e-09
PLP2,-7.026128989922249,6.043541534782373e-09
DEGS1,2.4964621246891423,0.015956005796539146
ROCK2,6.886201269751345,9.95533968000016e-09
OASL,8.616601050164391,2.2136362444606e-11
DENND2D,6.507600893473588,3.843842272144793e-08
SUCNR1,3.0999439607844317,0.003204642601270029
GMPS,-10.269405748300523,8.267601495245433e-14
ACAP1,2.144614715618366,0.03696890214183295
CCK,3.8137879301205464,0.00038369379029767013
HK3,13.24093125662866,8.302813302394034e-18
ANO3,4.22659692531218,0.00010301279256055146
SPEM1,-4.9120560820863455,1.0452666361339906e-05
GCNT3,-2.4309220436134136,0.018765537418917653
ZNF500,-2.025277869046773,0.04830417035392395
FAM64A,-9.697169762971763,5.531315779544247e-13
SHISA2,-2.7336174816332743,0.008691620526205925
TMEM185B,-5.868664166840168,3.7270047996679127e-07
C21orf90,-2.1777290261676363,0.034269403404244524
MUC8,-2.2852352514068572,0.026664897913801316
PAPPA-AS1,-2.930377695312064,0.0051294921298381535
SARDH,2.560138745595603,0.013597146862636444
CHST12,2.7867149622354694,0.0075539719805157056
TRIT1,-4.770043932776842,1.6940554240882962e-05
ACADSB,2.5448364007547477,0.014133076250878071
DNAJC19,-5.465656695984919,1.539670465757164e-06
CCDC22,3.274588367735111,0.0019456859304656285
CTC-534A2.2,3.4091093178373706,0.0013123475851785327
C2orf91,7.500386877398159,1.1176489100814294e-09
PRMT1,-8.706643626958856,1.620359885535988e-11
MED15,-2.868573430756048,0.006066902024344893
ADCY2,-3.034376827580232,0.003850435421053537
KLK4,-4.423228499413033,5.407312336929063e-05
NLGN2,-5.642568522703235,8.276268490088519e-07
TDP1,-11.615261497865252,1.1106764198237332e-15
CYP2E1,-2.689552867464912,0.009753388475220705
ATPIF1,3.0648939036683354,0.003536015876561208
SNAPIN,-4.137297140535678,0.00013753976837959343
KMO,8.478829520287343,3.57312813988543e-11
C4orf26,-2.545648491658209,0.01410415876625592
ERLIN1,-4.707668262048218,2.0915347885725922e-05
AC026703.1,4.336581939685876,7.192735840140647e-05
GALC,14.598488279167004,1.7961640310209555e-19
AC037459.4,-2.5600553600029525,0.013600016421542396
MAPKAP1,-6.764186126405785,1.5386819433909336e-08
PLXNB3,-7.673196488762841,6.056764392416705e-10
UPRT,11.033133017752233,6.965117427226945e-15
STK3,-4.287274552310253,8.453031223599322e-05
TMX2,-3.715875632364118,0.0005196736777163922
COG5,-4.117842786675156,0.0001464328352018029
ABCD4,6.616751238471586,2.6040455617314243e-08
VILL,9.137478397537812,3.6818522553881045e-12
ELAC2,-2.838683921787393,0.006575204929963694
C7orf55,3.7930650800510515,0.0004092563928688885
LEF1,-4.438911132096378,5.134070272212762e-05
BTN2A2,8.754223397751858,1.3745117797497798e-11
MRPS6,-2.471197817629879,0.01699049382891338
CKMT2,11.458522169937025,1.8130561624631415e-15
FARS2,9.703106786200427,5.422230301810154e-13
LARP7,3.872383250614903,0.00031946425971532893
PATL1,-4.8848535694525355,1.1469093134828723e-05
LONRF1,4.675208998194491,2.333215455183581e-05
HIST2H4A,-4.514830099417279,3.9908014499580374e-05
PRPF19,-12.67860455162449,4.346106103106304e-17
ALDOA,-12.651598402330617,4.710478846506563e-17
ZFYVE20,12.424397353918495,9.307405518172032e-17
CYP2C18,-3.869047457740982,0.0003228240158845434
GRXCR2,-3.305134951795887,0.0017805017011093978
UBR7,-3.8731155838229845,0.00031873119336268887
STOM,16.312501135241604,1.9394100134501443e-21
COMP,-2.8345327244777723,0.006648843542057236
PAPOLG,-6.189601075175444,1.1934096375727213e-07
ACADM,6.471802624637937,4.36730784503822e-08
NPRL2,3.560382444342849,0.0008350482328329012
FAM63B,8.242506355402748,8.154687268992361e-11
PCNA,-9.888877215954428,2.913430212178596e-13
RAPGEF1,5.649844814349749,8.067066155351939e-07
ELFN2,4.755725432133751,1.7781651170004546e-05
BOLA2B,-7.58768687097193,8.199935822902292e-10
KLK10,-2.6588696229838265,0.010561734224281633
MEF2BNB,4.0862330953912895,0.00016208451193718235
MRPL14,5.0295107676579995,6.99081643521777e-06
CDC42BPA,8.268168573795675,7.454108835202969e-11
DBH,8.425709316341697,4.299522677112009e-11
SKP2,-8.66796795866812,1.852548837371993e-11
C6orf203,-3.8266625817955484,0.00036859425864960453
AMY1B,8.032320796177043,1.705170278625906e-10
AC015987.2,-2.5676176050323654,0.013342006973487468
C10orf90,-4.108344342676658,0.0001509750703777528
ZRSR2,8.781162562164365,1.2523586235056423e-11
TSPAN4,20.9227685291287,4.438720118769707e-26
SEC11A,3.8731414827747526,0.00031870529820997567
ZDHHC12,-4.881900138958795,1.1585133226991e-05
HYAL3,-5.876651196170665,3.6231538783738426e-07
KIAA1524,-13.805231248822343,1.6414124699613416e-18
PTGES,-4.421023952925509,5.4468432153551545e-05
BSCL2,3.4095058279156314,0.0013108098648525342
WDR78,5.514634205431121,1.2970068200774578e-06
EYA2,-4.9411839130809705,9.462484540269604e-06
MFAP4,19.068298103924857,2.5720345520443997e-24
CHP2,-3.909203097781387,0.0002845508165652841
FUT3,-2.8810084375547005,0.005866378127820616
PIK3CD,2.480253798570399,0.01661290207137804
KAZN,3.455221635658481,0.0011445614076094372
MTFR1,-9.074900049678789,4.560701529458991e-12
SMS,-6.35373695876478,6.652699123817839e-08
EFR3B,9.283994358293864,2.2341421266834006e-12
LDB3,9.277674991104108,2.2826934940340606e-12
MGRN1,11.976265752221826,3.6361954098901884e-16
STT3A,-7.173126837191665,3.5789759522729032e-09
ANGEL1,4.033183239376858,0.00019206645549772403
COPG2,-8.472986868398614,3.6465600033879325e-11
EIF4E,-4.334434871780598,7.243583370360209e-05
DLL3,-3.4707394910221665,0.0010928451025546285
TTLL6,6.352108854153175,6.691404862195665e-08
REM2,-2.263122687432636,0.028093621488834892
TRIM23,8.352078424647631,5.55903538694522e-11
TRIM36,6.030955050173503,2.097002272199355e-07
MED26,3.113929611657432,0.0030807441858464717
SPCS1,3.2622149048057265,0.0020166389747801904
IQCB1,-6.239884473440708,9.979006144178896e-08
SLC2A13,7.353580073419685,1.882886923094113e-09
CCT6A,-4.3025581698904745,8.04099090166661e-05
PHKG1,6.1778493387744655,1.2443497899822136e-07
AQP11,-5.540260818222558,1.1855544021282413e-06
TMEM150B,13.609691781965866,2.865602874779662e-18
MRPL47,-8.30764716226898,6.492708240443791e-11
CCNH,9.105982344817706,4.1004738908949835e-12
SLC29A2,-4.3150022798818215,7.720010168006081e-05
EPHB4,-2.3819308203951426,0.021149033033330853
STS,14.627616332671284,1.6584056785551997e-19
ZNF615,4.123530718326335,0.0001437765864102592
MYRIP,6.725597792390992,1.7658613421513276e-08
CLASRP,-2.016615645245778,0.049233398745874506
HLA-DQA1,6.871089287033094,1.0506866374157288e-08
ANKRD18A,-3.6303387869524077,0.0006753780712728183
CTB-50L17.14,8.404511771829618,4.629372261830659e-11
HIVEP3,5.048858844065806,6.541054505691532e-06
TLE4,2.5496309329009152,0.013963126849572632
KIF1A,-3.056161859585821,0.003623433338184592
HDGFL1,-2.316707194128611,0.024743012461797477
VCAN,-4.795058041172975,1.5563913156740378e-05
FXYD5,2.144290288752598,0.03699624800212419
MKLN1,-7.478702692125404,1.2070831990365523e-09
HRK,-2.5471559612228236,0.014050622393722277
TRIM34,12.240492644761169,1.623079818627509e-16
RFX3,3.423412447837463,0.001257949318003555
LRRN3,10.304661683109504,7.36349790900835e-14
C6orf195,-4.24137320651433,9.817935759726213e-05
TREML1,7.813224076837723,3.6912896148096754e-10
PPP2R2B,-2.923489784404602,0.0052268542762364395
TTC22,-6.890699858815355,9.796825886809474e-09
SLC26A6,-7.185639527154612,3.42296372084715e-09
CRB3,5.680437152990952,7.243403741162052e-07
HIST1H3I,-3.5978011199717144,0.0007456220844185306
ZHX2,2.8258591101851804,0.0068051785847843965
HPS5,10.988632358955513,8.028920580066167e-15
HOXD11,-5.055855341323721,6.385538067720434e-06
BLMH,-5.317134139075877,2.585340276782893e-06
CAP1,4.734181945645558,1.9124932634903972e-05
DSG3,-7.887322710429774,2.8417496363315337e-10
HAUS4,2.821284056995889,0.006889005207627011
EFCC1,16.56914931952167,1.0126449973563468e-21
MCAT,-2.470249592237152,0.017030475986741
RPF2,-8.741370260911093,1.4369581559813542e-11
CAND1,-13.064802842902772,1.388391582074649e-17
GKAP1,3.7851058734671894,0.0004195037511122371
CPAMD8,12.806245598138212,2.9743496379580076e-17
NCR3,5.488345675920332,1.422123219920099e-06
PIGW,-6.555305920412851,3.2423512977527256e-08
MRPL53,-3.595169741472353,0.0007515987434899927
AURKAIP1,-3.28014584580164,0.0019145923074235327
STK38L,-6.34269901662291,6.919551707083285e-08
PVRIG,3.221238051615874,0.0022694789880599833
SLC6A4,7.1700329905354705,3.618637747965045e-09
MBP,7.698099790989618,5.545696495327496e-10
UBE2B,4.948486154162534,9.229089126229884e-06
SLC44A1,-4.525366055503511,3.8532577391836935e-05
C8orf76,-7.272511803927813,2.5123162853793336e-09
TAF7,2.5420616576037824,0.014232288527294308
GABPA,5.995069761840448,2.3817166035551189e-07
SLC13A2,4.372015308156088,6.402159700778448e-05
PLIN3,-3.259634031884965,0.002031743706581351
SAMD1,-8.34704486922765,5.657629419599581e-11
HSF1,-5.15249598432542,4.5760357441327105e-06
TTC40,4.242787592878039,9.772844209539535e-05
TMPRSS11BNL,-2.9672918921253113,0.00463587119170282
C17orf74,-3.42586608582848,0.001248835807185894
ARMC2,4.222435836936773,0.00010441516472040638
ZBTB34,3.20823613579758,0.0023557700957202513
H2AFX,-9.429997521763294,1.361197584924312e-12
PACSIN3,-5.057551542380899,6.348387589243604e-06
LIG1,-6.853509516563896,1.118704933692887e-08
HOXA9,-2.45014582011302,0.017898426218165727
CECR5,-8.810847923590178,1.1303785913064581e-11
UXS1,7.117948590000379,4.356519467898861e-09
SP100,11.105740906536466,5.52645588485687e-15
NDC80,-11.483151960389245,1.6783300260042172e-15
MATK,9.97581273540155,2.1815491904594335e-13
TGFB1I1,7.980878487979534,2.0435802201822218e-10
LY6G6C,-3.5814984189061625,0.0007833955280922585
TMSB4X,11.561156316193275,1.3149133315584094e-15
CNIH4,-2.155567951897648,0.03605600895520153
KLHL29,6.400489554444401,5.631654542981369e-08
KIAA1467,-4.255978359823006,9.361900249327569e-05
F8,11.86870177994666,5.062609973096731e-16
WDR62,-8.345234505688603,5.6935185551664475e-11
ACADL,13.846877049698646,1.4586214290309676e-18
YAE1D1,-2.717055942933161,0.009077534263905397
CELSR2,-10.51868191371705,3.6576105952121325e-14
ABCG1,8.853899204282978,9.744223784646452e-12
NELL2,-3.7705966353062195,0.00043882284709415633
C2orf71,6.739300306210544,1.6815862249962307e-08
ZDHHC5,-6.207565827961966,1.119526050783714e-07
FAM132B,-4.253171607806187,9.447908671211895e-05
COMMD6,3.2223469284111674,0.002262259361039337
FOXL2,-3.1773920237485562,0.002573020623440934
IL6R,12.099216127286214,2.495486184972523e-16
PIGF,-4.634281337281149,2.6772490026953853e-05
ZAR1,3.1454074460211805,0.0028181588089781855
FOXM1,-13.321629959255633,6.568818329343226e-18
DDX25,-2.3394752725567556,0.023430741157443546
ZNF747,2.207850350893323,0.0319662706448623
SPTBN2,-11.173661704651847,4.453653972583391e-15
ZNF224,3.631449301984981,0.0006730962011812589
C20orf202,12.756673007533637,3.445507976876036e-17
NCMAP,8.587346260989394,2.4501847695273716e-11
RRS1,-5.559739260409059,1.107238455485637e-06
TP53BP1,-3.251657074153328,0.0020791085204449815
DAPK2,15.358547674200201,2.3134422001350025e-20
RRP36,-7.682134729052382,5.868105313145676e-10
GNG3,-4.124856900268991,0.00014316401717504333
CASP1,9.10657637466592,4.092150259230922e-12
CCDC12,8.664522590689355,1.8747940756137937e-11
CCR3,2.5671067568831534,0.01335929470604796
FER,2.0664889546957848,0.04408846458232557
TLDC1,-4.986203808356902,8.110873541399169e-06
ZFY,3.4738695127370396,0.0010826871396772703
RAB3C,3.7300314174727602,0.0004974832837158755
CAMKK2,4.250013359998699,9.545607470108615e-05
GOT1,-5.509971048388789,1.3183758222548363e-06
HIST1H3H,-4.986231029836838,8.110116781597153e-06
C16orf74,-7.481593470351356,1.1947575017782594e-09
MSTO1,-8.656374420611291,1.928480466872608e-11
NUBPL,-2.2650976817790047,0.02796330327795979
PXDN,-2.273785921214119,0.027396374818901365
STRIP1,4.425865392299043,5.3603965532391325e-05
LHFPL2,6.266278572230503,9.084122131617324e-08
CD276,-8.332550657041022,5.951479261470203e-11
DLG4,6.904837650291122,9.314919754332462e-09
RBM6,7.297273207583917,2.3004184064149272e-09
RABIF,-5.182226288189941,4.128961693617767e-06
DDTL,-4.036089090105447,0.00019029356437291195
C5orf64,7.06316347550292,5.295975960445364e-09
ARHGAP12,7.88699536074066,2.845032918066104e-10
TEKT1,5.175201708802789,4.230538469997474e-06
ZNF10,2.9348177143297836,0.005067629711308615
RPL4,-4.247261248941987,9.631543513363156e-05
CSDE1,4.106996014191418,0.00015163082885421574
TFCP2,-8.191731611599312,9.742312520755255e-11
MED1,-2.491702617503835,0.016146416911447525
SLC16A12,9.95024093665666,2.3750948017484783e-13
RFTN1,16.34756546503597,1.773905092136754e-21
ZSCAN29,-3.88571367656007,0.0003063716586776567
UBA52,-2.62786538937011,0.011440507423589905
UMODL1,-3.0424708543350567,0.0037645830777162403
SMIM22,4.175749687904142,0.00012147830267424156
NOX4,-5.2939506270138725,2.802456549329787e-06
STRBP,-5.675873770675118,7.360751894064559e-07
PHF13,-6.0829137757353875,1.7437486922830645e-07
MAATS1,5.8712241847765485,3.693400106793239e-07
THUMPD1,5.619881213999814,8.963723909047207e-07
DIP2B,-7.145670869250559,3.946741021735675e-09
SLCO5A1,-2.8902697354995603,0.005721052146147266
WDR77,-7.782626996542421,4.1127013229108756e-10
MFSD2B,-4.742581979511111,1.8589726142128714e-05
AZU1,7.183621113253058,3.4476608846818814e-09
TMEM17,-4.006318282208695,0.00020923257512598474
RPL30,-3.732916409754465,0.0004930738587621638
GABARAP,14.666377776541063,1.49156510636733e-19
NAF1,2.7428783775289443,0.00848246933317282
SC5D,-2.988395583981624,0.004373959205827597
PCDHGB6,4.812229613610843,1.4683109645161516e-05
PLA2G16,5.06844447760504,6.114834784553854e-06
GYPB,5.580875133936584,1.0280520570278862e-06
GLIPR1L1,2.1653007424128234,0.0352615160097543
KIF23,-16.470286682459193,1.2995781307777025e-21
SMAD5,-2.5437157890950592,0.014173068296939767
C4orf29,4.199069185089681,0.00011264173128024675
ZNF546,2.0267869777307057,0.04814384540324243
ECHS1,-2.581534902888492,0.012878799958509686
DDX5,9.140038554377046,3.649781277976806e-12
GABRP,-3.2108944527275747,0.0023378794101607953
ZBTB33,-6.20964948706298,1.1112571830526046e-07
TRAF2,-4.524017157677354,3.870604980360056e-05
ERLEC1,4.892745093049706,1.116461365404709e-05
INSM2,2.184357817059359,0.03375036699679803
GARNL3,2.3688423574111392,0.021830227494785175
C2CD4A,-2.765696966756587,0.007986767242966167
PCIF1,2.1882445069015812,0.0334492710588143
ZMAT2,3.02496404832307,0.003952580167035607
PIP4K2B,2.7011697318335197,0.00946246754558936
RASA1,2.9536399841591883,0.004813021132776307
TAGLN3,-2.9770031659856735,0.00451357983584187
DSTN,11.003399032294647,7.65881424122406e-15
ADH1B,16.390865374676412,1.589177037602883e-21
ALKBH8,2.827496422829352,0.006775409089980213
DDI2,-3.509037496154518,0.0009745711879471634
CCBL2,3.3598466984789614,0.0015173293258801742
SLC52A2,-7.624290648364002,7.202261084005175e-10
AIFM1,-5.287718310945567,2.8638345840479816e-06
TMEM55B,3.0799144959783717,0.0033902533414204763
FXYD4,7.951639435842303,2.2652512372778284e-10
CST4,-2.682762298442901,0.009927226971326525
OTUB2,-4.8027146048864875,1.5164942935914919e-05
GTF2H3,-8.855648216779315,9.685665778165897e-12
ANKZF1,-4.162644084895483,0.00012673631374677743
PRICKLE2,13.956112913912154,1.0712480560084745e-18
CAPZA1,-2.605048468761417,0.012129408337911894
TRPC6,10.538822740321548,3.4255218793919056e-14
ITM2B,6.656450605526345,2.2600859116520502e-08
HIST1H2BO,-5.491853423004737,1.4047615090408074e-06
GATAD2A,-4.916356964296084,1.0300291035518188e-05
WHSC1L1,-3.5024602061837133,0.0009939751397221846
PASK,-2.715925577104173,0.009104440276160471
SERPINA9,3.006031549321912,0.004165755372347838
GGT1,10.969521165318726,8.534945351044201e-15
SRGAP1,-3.0023482638137557,0.004208458059742336
TNFRSF21,-5.072663855522229,6.026661995062418e-06
EPHB2,-6.224280064533165,1.0548859288975783e-07
FBXO40,5.395450393335896,1.9677957342198186e-06
PMP22,19.416228720713345,1.1737648952697126e-24
HIGD1A,4.412405708843343,5.604106157365999e-05
CETN3,2.5126361330287166,0.015324052400740983
PTCD3,-6.600292122866205,2.761558497249351e-08
DKFZP434E1119,-7.465113839167613,1.2667555169669882e-09
PECR,10.906772091036105,1.0435062529077946e-14
CLCN6,8.58174743295557,2.498280671270476e-11
N4BP2,-3.130211780122112,0.0029421747879382495
HDAC11,9.09154695271497,4.308081530933459e-12
PTGDR2,9.61063982583446,7.397866933745769e-13
PRMT10,6.5682608368037485,3.0959048184170025e-08
STEAP1B,-4.607749064356854,2.9263345733614268e-05
RIT1,-4.989810210703596,8.011218418986617e-06
FRMD5,-3.3091998650758097,0.0017595489886252467
DDR1,-8.902264162426908,8.249115054423295e-12
GRAPL,5.7743643038529395,5.201166121397887e-07
AKR1B10,-3.947178711843134,0.00025241090746036933
CAPN3,10.315281735671258,7.111264344643307e-14
MCFD2,4.627804564167922,2.736065413037157e-05
GPX2,-5.8702275868166085,3.706446238205592e-07
USP1,-3.6408346055001775,0.0006541041983399603
SLC25A16,8.273639169899539,7.312777202301773e-11
RPH3A,5.372024093322516,2.135375612324806e-06
VSIG10L,-2.871158405598817,0.00602470062768099
FAM49A,5.397123113599059,1.956340423237342e-06
RMND5A,-6.855785413268304,1.109656756008585e-08
SLC47A2,-2.5728873334408955,0.013164858667536049
GPR19,-6.639710669169942,2.3992089505379385e-08
TTYH1,-2.4675712982074085,0.017143866917728096
SRL,5.310498556203444,2.6457253912801644e-06
ATXN7L3,-9.409456966887609,1.459262928336159e-12
GPR89A,-9.143624450835302,3.6053342174197693e-12
ZNF502,2.949754664108542,0.004864580127792266
COPG1,-7.666549828528019,6.200994723395383e-10
FAM212B,8.694427172409704,1.6903445535588987e-11
MEOX2,9.542611676424542,9.30347463310772e-13
CALB1,-2.5783592302788865,0.012983185055439607
RP4-734P14.4,-3.1199940279754013,0.0030284311745489663
DCDC2,16.669611503816924,7.867274181576762e-22
BATF3,5.141645786965171,4.7508256742250195e-06
NAALAD2,8.504315121418152,3.2698414035847335e-11
RASSF9,-3.0837266995002137,0.003354166440359206
SLC4A5,6.960771535165435,7.629946606254815e-09
SRXN1,-4.559989995901334,3.4331179339218484e-05
FAM13A,4.489726784324205,4.3381493719252164e-05
SERPINA11,-3.1956908845876875,0.0024419577677617494
EIF4A1,-4.767989937144325,1.705876564111118e-05
LAMP5,-3.812094634080275,0.0003857234918868809
PHC2,5.438562492277385,1.6926997217173512e-06
PHB,-6.41516697733569,5.344579725517338e-08
ZNF114,-3.0387030180915087,0.003804322570467525
FAM57B,-2.606135228544704,0.012095755284399877
ACTL10,-2.1531638865857117,0.0362546606088927
SCMH1,4.052192616159553,0.00018075226417461058
CCDC180,7.346907463644474,1.928098813489178e-09
NSUN3,-2.3027172349467984,0.025581526478955546
HBD,4.27584954482561,8.774400712305794e-05
CCT3,-12.16852521734922,2.0200655790631016e-16
AFAP1L2,-3.3253584398294005,0.0016785468790114376
WNK3,-3.2150724649080664,0.0023100199590622497
CLGN,-3.153480873852004,0.0027542871421107826
DNAL1,3.949377769546681,0.0002506613973734524
MAGEA3,-4.268423563599565,8.989627836778338e-05
ZNF550,-3.697628540169188,0.0005496829320096938
SGSM2,7.141266352953467,4.009166997836459e-09
C6orf15,-2.0939096097034455,0.041464125932343
BMP8A,-5.372449166871697,2.1322125964014043e-06
LIMD1,14.402552630466612,3.080391835025903e-19
PLK5,-2.408578512940318,0.01982082864273749
PKIG,15.22599126410176,3.291458062408908e-20
SERPINB7,-4.938298313402697,9.556307366488486e-06
MS4A4A,11.45518564984414,1.8321313180391373e-15
ENY2,-5.305855940435322,2.688801074018317e-06
TMLHE,-4.52409238851535,3.869635480964022e-05
HES6,-2.1773781168104533,0.03429707462927244
WNT2,7.354396498327998,1.8774285638553577e-09
MAP10,-4.345216265735432,6.991744512809651e-05
MINK1,3.226812987867373,0.0022334008971051913
COX6C,-6.313205619614539,7.686130570545724e-08
NRIP3,-7.5417849159618155,9.649543164558968e-10
RP11-514P8.6,-2.7448379186526006,0.008438813209375142
NSG1,-4.781732168672738,1.62830266138735e-05
KRTAP20-2,-2.4928273633259077,0.01610123496708246
MEIG1,3.5826787306729626,0.0007806003876033924
ARID2,-3.3710713033033506,0.0014681090279822936
MLKL,9.365691921274284,1.6926755795010577e-12
EDEM1,10.182077573525126,1.1021599740570094e-13
LRRC10B,5.114732678979517,5.21332038510519e-06
PKNOX2,15.62041541939254,1.1596150327428749e-20
OCSTAMP,-2.975241633975347,0.0045355362990337055
ZFP91,-3.35884723930254,0.0015217871383598194
ST3GAL5,16.55533064653926,1.0485133537936216e-21
ADAMTSL2,11.840022683887938,5.531018642355347e-16
WRNIP1,-6.444592276205084,4.812299950698555e-08
GTF3C1,-4.143485705242789,0.00013482237975301635
MRPS36,8.686635995345659,1.7365613283411586e-11
NCOA3,-2.9824245538290626,0.0044466265480277295
TSGA10,3.0764655222563553,0.0034232154363872153
RAPGEF6,11.81273230093953,6.017522196509821e-16
CYP4F11,-4.181704637770508,0.00011915976268932754
HNRNPR,-6.760786219145491,1.5574650743560114e-08
DLG5,-10.247767815288197,8.877292570619115e-14
SBSPON,11.214504264718398,3.912709242696029e-15
HCG27,4.119489375534852,0.0001456590248244561
SFT2D3,-3.993368734036963,0.00021802854606253874
RP11-758M4.1,-6.947479531856088,8.000421600825798e-09
CDKL1,15.656102133575628,1.0560872388016524e-20
CLDN18,18.773062217117076,5.048222582331014e-24
HYDIN,4.378712119404854,6.262573440557149e-05
PRR19,-7.07924484675936,5.0009108408557476e-09
MAD2L2,-6.165007638329499,1.302494687258174e-07
TBC1D3H,-2.57778549690336,0.01300212586755011
NKAPL,17.621365296952348,7.584386850163535e-23
AC061992.1,3.2005519075391247,0.0024082147540642395
OR1L8,9.059988382969165,4.7996590056248686e-12
YARS,-5.509844358435078,1.318961222096427e-06
TYW1,-2.27633498031047,0.02723199315138037
MAP1LC3A,7.2633401416706525,2.595679329008661e-09
SLC1A3,-2.364348175560812,0.0220686288441457
PIP4K2A,7.938139017129165,2.3756122159667356e-10
TUBA1C,-10.319063080079905,7.023579767350723e-14
DMC1,-5.236145116517137,3.4254426704919045e-06
TMEM25,2.672036106502527,0.01020762067966148
CSRP2,-5.98417978122274,2.4754961211133876e-07
NR3C1,12.403648479035352,9.907916365540539e-17
C10orf10,6.2576858654705205,9.366304316018809e-08
MAN1C1,11.233405690706151,3.685380738259553e-15
HIST1H2BM,-4.62178427624065,2.7918704452331208e-05
AC026740.1,-5.668418051333639,7.556548972087437e-07
KLHL30,5.622671515674366,8.876211045471474e-07
NUTM2B,8.390606417419624,4.8594784399545044e-11
C6orf222,-2.7368420215854976,0.008618263262648746
REEP6,-3.2864105547846347,0.0018801057502210706
UBA3,8.064290178892644,1.5238689738711292e-10
AL139099.1,-3.0153639522689932,0.004059365687060256
VBP1,-5.057788438533375,6.3432160333279675e-06
TMEM39A,-5.059243162664063,6.3115496316986436e-06
ODF3L1,7.3991929502912885,1.6010375956571156e-09
SEMA4C,-4.649290041815908,2.545673226927455e-05
BRI3BP,-7.466000022642292,1.2627753436316672e-09
TMEM55A,2.6687903519091707,0.010293889311983903
PTTG1,-9.092704623793423,4.291047834735367e-12
LMO2,9.99059095750665,2.0770471018525222e-13
TIMP2,9.084213088253396,4.417586762613025e-12
ZNF706,-7.202514438963681,3.2233013946947322e-09
DLEC1,3.9515450778256844,0.0002489486153103359
PRKCD,16.0109916797355,4.199380697855305e-21
NHP2,-5.309104307721403,2.658589497280138e-06
JAM2,17.00699748866048,3.3965257998080353e-22
TEKT3,6.179616658290924,1.23655281009678e-07
RAD51AP2,-6.088807776187289,1.7076223137994856e-07
MAT2B,8.207502073398201,9.218441907270726e-11
BCL7A,-7.34462723179673,1.9437974476914426e-09
HIST1H4K,-2.51183948525404,0.015354639518788732
FAM20B,-2.2537702609132726,0.028718086799106434
SPRYD4,-4.98282043864391,8.205474978633671e-06
COL7A1,-7.016671703574551,6.250826941071294e-09
PLEKHF2,3.117636200770798,0.0030486703226149624
IFITM3,6.423608735463601,5.186132662541006e-08
IFNB1,-2.8420217728048915,0.006516543388929195
TP53I13,-2.962122423457367,0.00470222318243091
TCTEX1D4,7.442145513207037,1.374424722863801e-09
MACROD1,-2.0200180808064494,0.04886657904937435
AGAP6,2.583272911367409,0.01282199579831508
TP53AIP1,-4.591791045947723,3.0869330677163534e-05
ANKLE2,-4.326554303809393,7.433233184599805e-05
CAPG,3.4236121654929152,0.0012572051503871018
LYRM1,7.245226047949569,2.7685594534828407e-09
ZNF7,-8.108635330459709,1.3040150272488059e-10
ZRANB1,6.625244103464478,2.526313819940903e-08
TLR1,4.136390834360033,0.00013794216225881324
QRFPR,-2.472388965316923,0.01694038910751212
MYLK2,-2.671927667288713,0.010210492132950307
CRYBA2,-2.728401891224721,0.008811491941226234
P2RX2,4.641082271518113,2.6168221908033477e-05
TBC1D13,3.656219449983051,0.0006240776326885873
LCE3E,-3.073530890720461,0.003451498427511775
UGT1A1,-6.411344435970594,5.417907059942472e-08
PPARGC1A,9.288615192251003,2.1993014075602237e-12
IL17RA,4.753065833609165,1.7942334070866658e-05
TRPC5,-2.0524515307798934,0.0454870341980613
MAGEA9B,-5.357014889635239,2.2500860425113464e-06
ELAVL2,-2.5477405594683638,0.014029910723821341
ZDHHC14,10.2050611808697,1.021745186691568e-13
MCC,-2.7067778459954477,0.009324897543506454
SIDT2,15.050861847792119,5.260787942430112e-20
MIS18A,-9.094489243341837,4.2649223812192525e-12
TRPA1,-3.455118404188084,0.0011449131283836845
REPS1,-7.541238040240875,9.668281955234556e-10
RAB8A,2.7246021880003233,0.00889977807913252
GMDS,-4.409545609414476,5.657269105752228e-05
HYOU1,-6.910478443457898,9.129333844767997e-09
SLAIN2,2.0346537274568686,0.04731553808819306
COPS8,-4.7055814717806115,2.1063047649033043e-05
TRMT12,-6.60217644337188,2.7430535764794072e-08
MS4A14,8.822690821830562,1.085123758622632e-11
GBP2,4.797583689056691,1.5431179738572162e-05
POM121,-3.5444316473805273,0.0008762080777479479
MRPL4,-8.447507549101733,3.984981143650291e-11
MYO5A,-3.0837740443656467,0.003353720541245554
DHRS2,-2.7590404974444858,0.008128535828890043
SHISA9,-2.1561392671182698,0.036008941189226526
MT-ATP8,3.83331431371774,0.00036101896464344765
RBM4B,-5.1483055945453104,4.642775106672059e-06
RHNO1,-7.710323753593278,5.310916579520314e-10
ONECUT1,-3.8842037367203126,0.0003078282498331741
PIK3R3,2.7976550596500354,0.007337371829489093
NPAS4,2.497928250290945,0.01589776256854487
MPHOSPH6,-4.115684947972969,0.0001474529463389871
PNPLA3,-3.849229867641565,0.00034349758204148186
PKN1,6.067880805822867,1.839373786870723e-07
MBOAT4,6.075817142660637,1.7882575145445413e-07
ADPGK,3.6436275808809606,0.0006485522282860885
RLBP1,-2.0236569323182905,0.048476890421355875
DFNA5,-4.549182695355812,3.559200288443263e-05
RPL22,-2.85587358372072,0.006278249894029505
KDM3B,4.721975277063904,1.992972471674758e-05
BTBD11,-8.804882879762422,1.153888443763446e-11
PSMD11,-10.520186787026892,3.639732314035171e-14
SCNN1A,4.923070261412619,1.0066803877359007e-05
ORC2,-7.806557109745076,3.7792528958861027e-10
FYB,2.7222889911099437,0.00895392326066891
MYO1C,13.862430336148996,1.3957797669121861e-18
RASSF1,16.04188654555214,3.87798767326439e-21
ICMT,-4.082905353665983,0.00016382366069282302
ATP8B4,4.597897599161109,3.0244836071005394e-05
PDE7A,-3.610724129800621,0.0007169242499205183
LCA5L,5.109538066005843,5.307570699578937e-06
P4HA3,-4.129466095288288,0.00014105464387621493
KLRC1,6.4753883556588185,4.311816973361763e-08
TMEM45A,-4.087208091955255,0.00016157835750242025
INCENP,-12.130415640830774,2.268833871670774e-16
ZNF696,-4.649724018915375,2.541964533714002e-05
YWHAH,4.152221034208196,0.00013107523706884416
TCF3,-11.425175480056636,2.0131096966436557e-15
CATSPER3,2.3907613644349515,0.020700288825938305
CXCL2,5.979244225521431,2.519200013817476e-07
CRABP1,-2.584337397808886,0.012787317607361173
GSK3A,-7.032217504325258,5.913750305421119e-09
METTL23,-4.015410296076286,0.0002032630692989677
TXNL4A,-5.485014124775595,1.4388095699622677e-06
GTF2H1,-3.2516176887218755,0.002079344948338503
MPHOSPH10,-9.558313962245935,8.823671551129712e-13
SRPX,6.435531721255551,4.970300049075268e-08
ZCRB1,-5.127007383093456,4.99711946911129e-06
FAM208A,3.923211591860054,0.00027225993078881626
AC011294.3,-2.11684307579536,0.039374993283903335
RASD2,-3.0047568542273146,0.004180487677102901
PER2,3.9460050195759013,0.0002533494884808664
SHOC2,10.417838267930692,5.0825082726380633e-14
MARK2,-6.3947770512524515,5.7475003382895944e-08
C2orf50,5.083004440368068,5.815838920640994e-06
SPATA6,10.048129686914777,1.716132271202078e-13
RP11-404P21.8,-4.540907637071265,3.658792016675629e-05
GTF2A1L,-4.613125845956801,2.874089158794354e-05
STAP1,2.9216275096536126,0.00525347191695509
SPOCK1,-7.150587632912325,3.878204793783761e-09
PANX1,-4.411867842685025,5.614066539696874e-05
ARRDC5,5.084688918707337,5.782191597709383e-06
PLCB3,-4.098355882582384,0.00015589899605633248
PHKA2,-3.3185698880288452,0.0017121373421377054
KATNAL1,4.576118559521398,3.2530443336236525e-05
SYNJ2BP,6.7911493148165665,1.397524865902759e-08
LHB,-2.9177558303260116,0.005309214527790142
RAE1,-12.427799104998734,9.212534269320146e-17
FAM159A,2.2658293429435092,0.027915161794649136
CD1C,11.857949382453098,5.23332283055094e-16
RCC2,-9.86230948601904,3.1833038212281846e-13
TGIF2-C20orf24,-4.809033401956328,1.4843261915941577e-05
ANKRD16,-7.0962144984234925,4.707386433965489e-09
LHX9,4.908546501153828,1.0578648019183675e-05
RNF2,-9.845850275230138,3.363034224498926e-13
POLA1,-5.752629759658503,5.615854380173156e-07
CYP4F3,-4.0267992032487845,0.00019601777094684436
RPL32,2.31976430842624,0.024563078415608522
KCNMB2,4.998992891244267,7.762886473962364e-06
DCTN6,7.333786589652408,2.0202035003151786e-09
WWC2,16.188330668679406,2.662692690734374e-21
ZNF8,-3.8934207342410905,0.00029903990303168363
OAT,-3.534502514887474,0.0009028007612227482
CROT,-3.0256003087909784,0.003945596508727131
PHTF1,4.289965251363211,8.379029435787685e-05
CCDC159,12.204528904445286,1.8104646809154658e-16
FEM1C,12.22712024617306,1.6903429431457858e-16
XPNPEP3,-6.886304098025602,9.951687878220216e-09
MC2R,2.1450013143115028,0.03693633900190427
AL359878.1,2.0303998954674336,0.04776188669259072
DARS,-9.813912672567582,3.741586224749025e-13
KIF14,-13.18775926436161,9.69292168479709e-18
TYW5,-6.613789407697281,2.6317123871590874e-08
MYO9A,11.154358559098004,4.735093837547754e-15
INSM1,-2.510979816011772,0.015387708460935708
PRKACA,4.263754165373005,9.127582964025744e-05
NR1H2,9.656867916077788,6.332813342854609e-13
KISS1R,-3.039349276538846,0.0037974786658560938
PRRC2A,-6.434460240355793,4.9893239105483364e-08
FGF10,10.908665064671686,1.0371902757152847e-14
RUFY2,6.24660152319492,9.743255528758256e-08
FKBP14,-6.907533058064553,9.225772564932047e-09
ACOX2,13.931062874211486,1.1496741205319025e-18
FZR1,-6.817572959558501,1.2717674121274628e-08
PPP1R11,4.087191593136339,0.00016158690984959464
IQCC,-5.735635637963451,5.962827942610646e-07
CCZ1B,-4.8785064729055225,1.1719896039463916e-05
DCUN1D3,8.436807315220577,4.1363758213808434e-11
STAT6,8.888540825043474,8.648149738424238e-12
SOGA1,-6.191034935524543,1.1873382777768909e-07
ELOVL2,-3.8349515708162114,0.000359177515016215
ADSS,-7.876638823420262,2.950900404663682e-10
GPR133,18.212194413964646,1.8589468415995566e-23
FBXL15,5.397965527028039,1.9505963229703093e-06
TK1,-12.421160828486986,9.398588587361498e-17
CARD17,-5.041966298764556,6.697908579845996e-06
MSC,-2.829215121115937,0.0067442896438704965
FKBP5,3.221322207451304,0.0022689303080049507
BIK,-7.707382139117581,5.366486123040528e-10
DHCR7,-4.275483310679436,8.78489667195825e-05
AC103801.2,-5.440332985095736,1.682255603847381e-06
TAZ,-2.4181880632152613,0.01936058748034865
EPN1,-2.8567075527628196,0.006264164284664167
SULT1E1,-2.3336304993995722,0.023761536469031945
EML3,3.9254116387819664,0.0002703768233646008
HYAL1,25.11651564878756,1.2191597366411648e-29
NECAB1,12.186819535627976,1.9106547366305574e-16
ADARB1,13.46766794033477,4.308024294714652e-18
PROM2,-6.644704888007867,2.3568299237589617e-08
MSH5,-4.902873930393604,1.0785438500568827e-05
CHEK1,-13.892926797546036,1.2804225911126227e-18
C2orf47,-5.2049820855465665,3.81615984206783e-06
PARP4,8.937448006170072,7.308805042631501e-12
IRF5,2.3013843315949414,0.025662723833567658
CCNF,-11.44802069334662,1.8737839865354005e-15
CARF,3.6171240130638025,0.0007031066727031339
RP11-248J23.7,2.5378601848516458,0.014383720039240568
BMP5,14.739063069596869,1.2232101257159076e-19
SPG20,10.002191599747288,1.9985707140151934e-13
NLRX1,-2.2133462108058124,0.031561121209262175
ARNT2,2.734480629608077,0.008671928014868378
MNAT1,-7.780121513206162,4.149280262936692e-10
CLEC1B,9.68593629676831,5.743821448353595e-13
PRTN3,2.1795934526489065,0.034122712187595404
ZNF26,-3.1231068884331044,0.0030019043626166764
ZNF653,4.017582837892406,0.00020186124297981293
PNPLA4,-3.3045950770730674,0.0017833022160698383
CDC5L,-3.442791577660865,0.0011876601357891604
MCM3AP,3.602885955373033,0.0007342014984737599
MAP3K19,4.774699918159587,1.6675563013964187e-05
CBLB,-4.44841420918875,4.9751059667319424e-05
FABP3,4.913664940324939,1.0395408493511525e-05
G3BP1,-6.097851464557343,1.653634291762994e-07
TTYH3,-7.2024284408217785,3.224288725711042e-09
NAA25,-10.165380470436792,1.1645678122423386e-13
RCN1,-4.613211480510302,2.873264494987038e-05
ZRSR1,2.5751283790579382,0.013090174912528452
HEMK1,11.567875564834909,1.2876089704524157e-15
ZNF772,-2.886420604426216,0.005781040634776873
DROSHA,-9.385679653186521,1.581729248186113e-12
TOP3A,-2.8454730857808617,0.0064563982436591175
AC007952.6,6.495173852726177,4.0180476870209224e-08
C2,15.98869345312952,4.448061928481281e-21
IFFO1,10.318030654200022,7.047411317724243e-14
CD74,15.66696348907816,1.0264816337981635e-20
SLC36A2,2.6674730648252205,0.010329091777934481
DMRTC1B,8.097298150983493,1.356986854932257e-10
FKBP3,-7.70785767562658,5.357463419966281e-10
EGFR,-3.5348389015013435,0.0009018873533637796
CKB,4.378802943617046,6.260700881593964e-05
ACAD9,-7.917296791771657,2.5567024667217225e-10
PTGIR,8.149151186639854,1.1311405965520496e-10
CYP4A11,3.8742455823523345,0.0003176032458433571
SLC35E2B,3.2631695313423164,0.002011078911251195
TMEM260,-6.138567793103394,1.4308713521430913e-07
C2orf40,9.238455174238005,2.6087740742550543e-12
RAP1A,20.701027152977485,7.102298759334802e-26
GTF2E2,-5.9775827129685,2.534084582971376e-07
CRNKL1,-6.196375440798779,1.1649946842555802e-07
GNG4,-6.149694076092055,1.3753801419998072e-07
RP11-407N17.3,9.586009367386122,8.037469307882656e-13
GJA3,-6.364179775088058,6.409693096205415e-08
DKFZP779J2370,6.965529871574753,7.501539279997756e-09
HIST4H4,-7.170673060949759,3.610396335701641e-09
C10orf67,12.270482514335269,1.4819273217457358e-16
RBM45,-3.765119502263416,0.00044633587379025257
SDC4,7.608031018870664,7.629434435842214e-10
SLC28A3,-3.4440420768515523,0.0011832553453183102
KMT2C,3.802673375533813,0.00039720662350512133
IKZF2,-2.4592981709321644,0.01749845013028246
PCP4,-2.5326344252428807,0.01457411259583229
FAM219B,6.960623822349011,7.633967775300042e-09
JAZF1,9.261416878202505,2.4125562200005985e-12
APOM,4.625403996442815,2.758185247566232e-05
MAPKAPK3,13.436012162057796,4.719464751892281e-18
ZNF200,-3.1795743713228446,0.00255704868208805
CCNL1,2.6000319268431755,0.012285863881443267
XYLB,-7.7105666815473795,5.306353391431162e-10
PABPC5,6.028133029562569,2.1181086242372346e-07
OR11H4,-2.7324514134798066,0.008718289499553156
IGFL2,-3.2485974899417114,0.0020975508698568325
B3GALNT2,-10.497449769981134,3.919535837346606e-14
EZH1,8.051232580129003,1.5954524157583162e-10
SLC38A7,-6.6530712032911365,2.2875064174516678e-08
GATA1,12.983218471555954,1.764080527689877e-17
MMGT1,2.9197007827229373,0.0052811435616110375
SEMA3F,-4.931697176858484,9.774393901920365e-06
NKD2,6.888089626668438,9.888490664952587e-09
HIST2H2AA3,-5.251528648248977,3.2474079209295843e-06
EPM2A,7.245960127540101,2.761333979356572e-09
TJP2,9.974292672653759,2.1925951769654093e-13
FSCN3,2.9911263766504086,0.004341096539401122
THEGL,-3.7492628998795765,0.0004687904382252755
CUBN,7.5499540196405,9.373928694776807e-10
SMG6,9.421425719305919,1.401285592307563e-12
STX18,3.626140849176831,0.0006840710678758864
RP11-302M6.4,-3.1241806177081335,0.002992805161890606
TSEN34,-6.1166203390997484,1.5469540149191144e-07
CRABP2,-5.373823867353797,2.1220150088478804e-06
PCDHA10,4.505951074046393,4.110432285797921e-05
TPRA1,-3.248988344647177,0.0020951863177595376
IMPDH2,-3.9362242444625455,0.0002613032455142255
PRMT6,-5.322089394374363,2.54113711000157e-06
EGFLAM,-2.0355420545029466,0.04722278488543712
MYOM2,4.426845962785158,5.343051729040493e-05
ABHD16A,5.7543642999769435,5.581587718907128e-07
MAL,13.124310178777893,1.1664902121361706e-17
FCF1,-4.295960901122495,8.216393907615365e-05
TMBIM1,6.992480285760017,6.814040790150603e-09
ANKRD42,9.174273255008975,3.247044243343638e-12
KLHL31,-2.7587785081497325,0.008134162839901213
RNF11,9.106941088645373,4.087048283053098e-12
MYBPC3,5.0386534171321,6.774613268283167e-06
SPPL3,-7.339825559313495,1.9772759023076767e-09
FBXW11,8.268084970120979,7.456289915335274e-11
RPL28,-2.145030695651641,0.03693386524651385
LCP2,10.136221003520113,1.2822529431992977e-13
PCDH10,3.7220274330789973,0.0005099158281928665
GTPBP3,-8.232010437527455,8.459988413111766e-11
MUC12,3.6188632779720233,0.0006993958309403062
PPIF,-6.452275622140119,4.6822510579261233e-08
APLN,3.0709225487062164,0.0034768205984741195
PIGO,-3.7147979847945836,0.0005214013756923214
CEP68,-2.7742166171192477,0.007808646233740227
DIRAS1,-4.313341814781134,7.762106977468316e-05
MAPK4,7.986011911596078,2.0069759249502292e-10
TM9SF4,-4.819349562759152,1.433242873840512e-05
SUV39H2,-11.25133846855183,3.4820719140423827e-15
PRDM11,-3.5017521930835285,0.0009960857183379508
PCGF3,-6.291656931481448,8.299237350597137e-08
RNPC3,5.007676100449444,7.535043289643944e-06
AC117395.1,-4.62290728443314,2.781376819525384e-05
UBQLNL,7.552467046918581,9.290742711363631e-10
SERPINA10,3.1558978910314615,0.002735431935963889
KHSRP,-7.920101084902665,2.5315512358143357e-10
KIF5A,-3.954896567090773,0.00024632224624495763
FRG1,3.1566172502249166,0.002729843707519342
RBM34,-9.12841302706797,3.7977174497852584e-12
RNASEK-C17orf49,4.5229221870681595,3.884742777344395e-05
ATP13A1,-3.4680036447634537,0.001101798165573621
PRSS53,-3.750355611141853,0.0004672088306491361
MTAP,-3.053686454462146,0.0036485809761562147
CA3,7.439551148958627,1.3871497779342603e-09
RWDD2A,6.792078850102914,1.3928966977183794e-08
VPS4B,-3.4622395174603606,0.001120890577045828
EVX2,-3.274561120162157,0.001945839548784464
FAM160B1,3.690208413308224,0.0005623559422979203
COL9A1,-2.2778660498696395,0.027133681013246834
E2F2,-10.479624448154727,4.154043123428445e-14
CSRP2BP,-4.064047677415416,0.00017402605128494976
ASUN,-9.162222411895211,3.383424352418347e-12
ALKBH6,-5.017912590803014,7.274891984555673e-06
PEG10,3.930702489826035,0.0002658995342025859
IL20RA,3.063560416782828,0.003549236401085359
KIAA1033,5.357751553132484,2.2443163463790363e-06
RARS2,-2.984233484701061,0.004424493694947938
STAM,4.339750988707672,7.118320503043119e-05
RNF167,3.77693232504445,0.0004302838465156736
AC002472.13,2.652111364803758,0.01074783970996397
USP3,3.202207324843953,0.0023968243397453513
UBE2V2,-9.998558930639568,2.0228173437233808e-13
ALCAM,2.770064378053665,0.007894994192398067
MRPL10,-3.701663252234699,0.000542907476868986
CDC23,-3.318420719723901,0.0017128825477171212
VPRBP,2.1168606192961534,0.03937343106397492
NSA2,6.454645991906018,4.64284262266726e-08
TTC4,-5.718429259929207,6.335815388500511e-07
HDAC5,5.2487220204898986,3.2791930235406485e-06
IFT140,10.151294017465402,1.2199903031063865e-13
MRPL19,-9.175701152237105,3.231256620374369e-12
KCNA7,-4.475983071221346,4.540658505277462e-05
KLB,9.67252636879861,6.008330770663334e-13
NDUFA3,2.221328069707067,0.030980790894902438
TTC16,5.249809117377421,3.2668453303466204e-06
SOX5,5.709510071179688,6.538181472712292e-07
CHAC1,-5.356443989823748,2.254567532854991e-06
SCN5A,-4.506960434417856,4.096658090872458e-05
PYURF,2.1313664765813867,0.038100130203607675
GNAI1,-4.594643450074521,3.05760703063213e-05
RP11-113D6.10,-2.2266857393424884,0.030596569656288687
AL590452.1,2.857760546860819,0.00624642125491622
SLC39A13,5.527577003877432,1.239477645963005e-06
C15ORF37,4.350896350588366,6.862518993489732e-05
FAM162A,-8.880588121034158,8.888242782896305e-12
TTLL5,-3.3966293022318093,0.0013616328093309195
ST20,-3.630892297865915,0.0006742398003571033
CLUH,-6.28855997762707,8.391272397534648e-08
MBD4,-4.910100046232257,1.0522698000058336e-05
GOLGA8O,7.667288831219465,6.184789624880995e-10
ACSL5,15.698820287960745,9.444207144494753e-21
BTN3A1,9.930751628868572,2.534187883330767e-13
IFNL1,-2.041348237294972,0.04662041534253206
GRXCR1,2.787009792855575,0.0075480580451148215
MACF1,8.94155199434599,7.206410099077038e-12
ZNF558,-6.325675102226822,7.352202734006433e-08
PPM1M,21.405959507878503,1.6157616804177198e-26
CRYZ,8.41580495596093,4.450588668500461e-11
TLK1,-5.853173237547929,3.9369321729841203e-07
OTOP2,-3.7572222306326815,0.00045738675807950434
C7orf33,-3.0045215386928343,0.004183212660025163
HIST1H1D,-3.0758820218392535,0.003428821641449048
HES2,-5.454113844942317,1.6031139550027805e-06
RAB32,4.518462111336402,3.942852954007422e-05
DCUN1D1,-5.103071280159855,5.427254221556638e-06
RP11-403P17.5,4.976194073929138,8.393911353759708e-06
TBCEL,12.038209024289772,3.0072729247924813e-16
TMEM209,-5.015414530513187,7.337549835253294e-06
TPP1,9.920853635948733,2.6190681197100656e-13
HSPB7,12.795128349116153,3.073985550110929e-17
GLRA2,-2.442290715106397,0.018248273156322742
AHNAK,7.720096024052667,5.130426799374027e-10
PLEK,4.14437401047454,0.00013443662891493086
TSACC,-6.879864745618065,1.0182979478696322e-08
RNF123,8.179608622678009,1.0165305765602505e-10
VSIG2,19.26849711262944,1.6355378862787225e-24
CHD9,4.329812561214183,7.354242044325913e-05
LRRC41,-3.6635975743929143,0.0006101509454111676
TBC1D2,6.05084773558807,1.9540439320572934e-07
C15orf62,-2.7442357151136023,0.008452207458498888
ADPRH,22.164472003310486,3.4307280745475914e-27
EFNA5,-2.6099245489584932,0.011979079716670738
MS4A6E,2.9590348498032473,0.004742274838658663
SLC4A8,6.797274870792546,1.3673066113198612e-08
LENG9,2.4060189426508534,0.01994506634822621
DDX19B,8.447407199499622,3.986374715793035e-11
ABCA10,4.419390960335983,5.4763069901601215e-05
CCL23,10.04997860075713,1.7056499494763034e-13
FAM169A,-5.6225300523275825,8.880627330837469e-07
RECQL5,-7.448299790837799,1.3447052611109821e-09
C11orf48,-4.638550290930382,2.639161253923304e-05
ATXN10,-5.881153762250191,3.5658827059188393e-07
PRPF40A,-10.405384998825802,5.2937152923625745e-14
HOXA10,-8.179245549618324,1.0178255205343537e-10
SLC22A10,6.678571983396091,2.088530121384011e-08
AP5S1,-2.67344564311515,0.01017036371908361
CARD16,16.004969262661827,4.265118711602996e-21
DKK2,7.264876268972246,2.581526238513176e-09
PDCD7,-3.108656168536261,0.003126923212241638
COX6B2,-3.3296605732337627,0.0016575839162846426
TMEM125,22.299659026734915,2.6147429425982606e-27
SEPT7,3.012744320271805,0.004088970131844247
CDC45,-12.046101008293503,2.935489362569343e-16
ZNF227,-2.940731220979083,0.004986316332172555
AGBL4,2.6066846218870228,0.01207877501932553
OTOR,-2.5418313423992873,0.014240551956768637
PSPC1,-3.04449549124853,0.0037433900925849632
KLHL10,4.716155876425374,2.032500601472454e-05
RIIAD1,5.9780581975557965,2.52981606632526e-07
CRYBG3,6.899709427430258,9.48691692825515e-09
C8orf87,3.091975159455467,0.0032773154708566838
ENTPD6,-5.380259905838452,2.0749103034296033e-06
BEX5,6.926683781442034,8.61650170238378e-09
POLE3,-7.5665100675820725,8.83934942342854e-10
MOV10L1,-3.6247404309675932,0.0006869947883051168
AATK,13.503772601716312,3.882956874783828e-18
MNT,-2.3368866090773386,0.023576739574876767
ZCCHC10,2.4235802412400416,0.019106570260355338
ZNF480,-5.395707750275293,1.966028962809164e-06
CD84,4.308776465923542,7.879005510030157e-05
CDK13,-3.2279057639345226,0.0022263927992967458
DHRS4L2,2.5258561723536097,0.014824478834132179
RAB11FIP1,13.08260152445911,1.3178631736647261e-17
N6AMT1,5.04047025975149,6.732440506456046e-06
GAN,-8.404712540204187,4.6261315679407575e-11
FAM173B,-7.779556116783872,4.157579909283972e-10
ACLY,-5.045353581258424,6.620366215261747e-06
ISCU,14.597836403867186,1.7993766018141048e-19
TIAL1,-6.634142508234255,2.4473567615662154e-08
TNNC2,4.574364797867137,3.2721679048079025e-05
ASCC1,-4.141040331263857,0.00013588985365502084
FAM9A,-2.9466375738391415,0.00490631636172304
BET1L,3.024133285754873,0.003961716113665459
CRYBB3,-4.608915508359978,2.9149219882945146e-05
GRM6,3.080995285293815,0.0033799855948525555
SNAP23,12.140976632634406,2.1969354509085782e-16
FAM222A,-2.1241371653109318,0.03873012545605979
CDS1,5.146800277844963,4.666983674181776e-06
KLK15,-3.267870043472474,0.0019839123618685915
NCOR1,4.386527270879678,6.1034278507549385e-05
ZIC4,-3.384353663667221,0.0014118238138427978
ZDHHC18,-6.15549001840226,1.3473281414680744e-07
NICN1,19.481018328975065,1.0154554666991567e-24
AC012414.1,-2.540784453070968,0.014278168083730221
ZNF41,6.949600705637972,7.940114557256562e-09
GLUL,3.239899613745783,0.0021508275131151026
SH3BP1,-11.209154029695343,3.979599722506424e-15
FUT9,-2.6146013784909194,0.011836495303211406
ARAF,10.523256641721693,3.6035353101523894e-14
LGALS12,6.616941236119772,2.6022807236431068e-08
NFE2L3,-4.576365237876925,3.250363265322718e-05
AKAP10,3.6830513152413187,0.0005748450718716232
APLF,-4.2118396219164405,0.00010807065221262238
SRM,-6.626205149702945,2.5176651053894882e-08
CAMK2G,3.3781842131421467,0.0014377075974622892
DDX46,-2.1913372685111674,0.03321137431421392
TLR4,18.071830627497327,2.588173850173921e-23
CDKN1A,3.930932682660189,0.00026570637221521074
SORL1,-4.709497868211373,2.078668732378133e-05
SLC9A2,-4.419879777657123,5.4674710764197375e-05
HIST2H2BF,-2.4054343971794885,0.019973537401750372
WDR60,4.785525532851446,1.607506504739199e-05
MAST2,-3.3283900620982863,0.0016637487529747356
RERE,4.1819894843064995,0.00011904994280330773
GHDC,11.826531809993558,5.766325573125014e-16
ANKMY2,2.1109113845012226,0.039906319967287114
ERF,-3.671771368232247,0.0005950704031115173
EARS2,-7.4082503193233995,1.5503227786321016e-09
CDK2AP2,4.884279051104416,1.1491576019051097e-05
SUCLG2,13.906253887956888,1.2330968531460504e-18
TSPYL6,3.555986774370123,0.0008462026505846153
NEIL1,8.085076964593007,1.4165169015793696e-10
ELOVL4,-6.634365030564259,2.4454142168634328e-08
KCNMB4,2.4776309650381054,0.0167214730086209
IL18R1,5.687562889034461,7.063866518377281e-07
PAMR1,2.1286893911929843,0.038332368814939635
CMSS1,-10.16626624211903,1.161169079240035e-13
GGT6,3.287462082265545,0.0018743751463782615
SYNGR3,-3.1186100990939054,0.003040295198584276
C3orf84,2.2292234168778045,0.030416058573249135
METTL25,5.3296807772384165,2.4748637543157195e-06
NME4,-8.655686020369586,1.9330865468233545e-11
SLC5A9,7.469237828046611,1.2483395819464677e-09
POLR3G,-7.375322208270673,1.7428157372326636e-09
IWS1,-2.6813197908505644,0.009964519579876631
NCOA1,4.142129844127245,0.000135413241413085
NAGLU,4.162872254331491,0.00012664290868569562
GLB1L,3.1373527044289395,0.00288326977409779
TPPP,8.368892894319561,5.2420530875203585e-11
TENM3,-3.4275912170221443,0.0012424658297417973
PTPRB,13.92081948937418,1.183400898769604e-18
C17orf98,2.2249838250649336,0.03071816154020299
DENND1C,13.338114228085963,6.262518902634742e-18
C11orf94,2.5145253000480507,0.015251739123170736
CCDC146,4.836259395366677,1.3532209423868707e-05
DNHD1,3.8393263335618233,0.0003543014405009036
ZNF662,6.893780098095838,9.689748967704899e-09
BUB1,-13.474986732020403,4.218198635589623e-18
CMC4,-3.4939890759192243,0.0010195096787996708
KLHL23,-3.0491162800270515,0.0036954396474928076
DNAH10OS,4.654171803720935,2.5042584422405975e-05
C7orf10,-6.548416483814864,3.3230297181258955e-08
A2M,22.15814828561066,3.474709753928767e-27
HIST2H3C,-5.007561488852633,7.538007307824463e-06
SFSWAP,-2.3147852650565843,0.024856733928254455
SUPT16H,-7.668151386265755,6.165929020597562e-10
CD209,2.7181215311305706,0.009052237162898921
C22orf43,3.2364356020716216,0.002172399367274353
RP11-500M8.7,-3.580977254441733,0.0007846327616662567
ATP6V0C,4.200197188612355,0.00011223052059121097
PHLDB3,-8.390206643278976,4.866261584024782e-11
RILPL1,5.64685828528412,8.152290173709335e-07
AHCYL1,4.512055375613567,4.027816033472414e-05
ELMO3,-4.481235371706497,4.462199911168548e-05
RP11-426L16.10,-3.2118376814371774,0.0023315622817509448
DHX29,2.9554431226493056,0.0047892666485605485
LLPH,-7.245254746584344,2.7682766198640468e-09
ARL6IP4,4.554136851349506,3.5008505438828236e-05
BDH1,-6.486972898711009,4.137306745880752e-08
DENND5A,9.896683733375218,2.8386161908175334e-13
SLC5A12,-5.954329180554188,2.751816891592053e-07
KRBOX4,4.096320831253121,0.00015692112439263315
TIGD2,-4.681676272840491,2.2829737455982146e-05
PHLPP2,6.521354695549075,3.659818231999919e-08
ACOXL,16.254074635721658,2.250859811647251e-21
NUP54,-3.8619060195381127,0.0003301317033426332
IMP3,-2.84460304271162,0.0064715115521363316
LGALS7B,-4.311548608249616,7.80782024383683e-05
FAM81A,-2.9390195229343576,0.005009727038874339
HMGB3,-10.492337684471947,3.9853857570355215e-14
VAX1,-3.914782516108385,0.0002795926245646317
POLQ,-11.794532616713337,6.36586583702004e-16
EYA4,2.312920732702968,0.024967504826655704
MPV17L2,-4.944451557134882,9.35733409059308e-06
SMIM12,3.5829904739774516,0.0007798637306526066
SPANXN5,-2.6548768310797723,0.010671325415304933
PON2,6.245195776770786,9.792129670019777e-08
BCR,-4.647821506181374,2.5582624498507364e-05
FASTKD3,-6.080012386193846,1.7618108174065843e-07
FAM126A,-3.110078466780255,0.0031144046429403245
PYGO2,-9.259507150453553,2.4282918184645815e-12
ABCD2,5.477718560602201,1.4760302982277023e-06
DRAM1,17.82180593287922,4.6889814260196264e-23
FBXO41,-8.446790941333948,3.9949435678992503e-11
WDR19,9.249926361726558,2.5088122495355928e-12
C5orf34,-10.919066132543449,1.0031708093453143e-14
F11R,-4.9198088960211,1.017957573823611e-05
HAPLN4,-2.0547519745353524,0.04525522991343518
CXorf38,5.310386031501186,2.6467613194796356e-06
TRIM29,-11.34244092530264,2.611647862607473e-15
PREB,-4.452252529255794,4.912271688114142e-05
FBXL6,-6.533112304625157,3.509495716192505e-08
ANG,15.18773770448547,3.6453779958487535e-20
DCPS,-4.92379007652815,1.0042080107182404e-05
AVL9,-7.149663741242337,3.890991557623854e-09
PSTPIP2,-2.0854669534507533,0.04225723150063156
C9orf43,-4.854611851208604,1.2713376477108072e-05
KCNC3,2.2798060287325614,0.027009565783846248
LDLRAD2,4.977112109424308,8.367552783837694e-06
WBP11,-5.211906687742397,3.7257041275474984e-06
PTAR1,4.0054053042147535,0.00020984129430798472
ZNF778,2.466640804070758,0.017183420745249468
DNAJB12,13.422854966183548,4.902006947363845e-18
ZNF90,3.968862369120747,0.00023566349834784357
EMC3,10.797142073839128,1.4843269277660123e-14
ZNF506,5.468123577889979,1.5264375506916312e-06
TCF4,3.5442475988576723,0.0008766941269086997
CLNK,3.703270985905029,0.0005402300249298457
SEMA3C,-2.7687140977700104,0.007923263345598876
RP11-664I21.6,3.9239446154700155,0.00027163110409357197
VCX,-4.305435754237093,7.965631186696114e-05
PLCH1,12.367433617368492,1.1051817388819783e-16
LCT,-2.133083719987627,0.03795180847506859
VPS39,7.0490797721469445,5.56867937909168e-09
NSMCE2,-4.260198013631478,9.234027642722416e-05
SNRNP35,7.343513881544534,1.951509012813422e-09
C1orf216,2.6865880129627278,0.009828941952926643
FGD3,13.451150912875816,4.517946154441962e-18
TMCO2,7.081284311681784,4.964686547115375e-09
MRPS17,-2.537673291446824,0.01439049004354767
TMEM71,3.093563527028752,0.0032627077370553925
CBX4,-5.761612486009109,5.440628784360118e-07
CLDN15,2.0696934735781474,0.04377448926457015
PTBP3,-6.892854751517416,9.721792683335073e-09
PTPN6,10.9092532739672,1.0352355852712702e-14
GLMN,-6.453768350850505,4.6573950377945725e-08
RFC5,-11.125368680076939,5.191993853495285e-15
CSNK1D,2.1133526940170793,0.03968688694127826
SMURF2,5.73219170626079,6.035695455836483e-07
IL22RA1,-6.359083886350457,6.52714842192202e-08
SEL1L2,5.440725077810314,1.6799512958784497e-06
SPOPL,2.322121865915376,0.02442511750055905
ANKRD24,3.9070761009633634,0.00028646324824620206
FBXL3,12.961732393833861,1.8791895767144933e-17
PSMB4,-7.035402010865384,5.846980741147965e-09
INF2,4.450459156528409,4.9415325929190125e-05
MAPKAPK5,-7.912081348459985,2.6041489680629096e-10
FAM3C,-6.278134531278095,8.708639831168014e-08
MOB3B,7.680059833078521,5.911367125441912e-10
GCAT,-6.024654935552415,2.1444129420953667e-07
YIPF5,2.6873788079264123,0.009808737711378615
PCDHB10,-2.665854877066206,0.010372486472940074
HTR7,-4.415204624703839,5.552552654923682e-05
PCDHAC1,9.181861944052566,3.1640227314773683e-12
TDRD6,4.788597952010676,1.590854111123911e-05
FKSG63,-3.643600417656598,0.0006486060061351754
KIAA1737,4.6722035752873685,2.3569307679236856e-05
PRSS50,-2.9834180199850766,0.0044344584015078145
CDK5R2,-4.71155633856674,2.0642860612467158e-05
ARL13B,2.324903537677078,0.02426322841713253
EFTUD1,-3.7056693341332494,0.0005362594645108915
ATP10B,-4.310303435472485,7.839716936653744e-05
KIR3DL2,8.662717314019377,1.8865572448739215e-11
C17orf100,-3.898722205665849,0.00029409519562719464
SET,-9.490973821076084,1.107525359062541e-12
CCM2L,14.981404261498964,6.342404989121685e-20
C2orf81,3.059578585003842,0.0035889896056733235
AP006621.5,-2.285667107071096,0.026637650893165624
EGR3,4.748070153569797,1.8248015896226632e-05
HCN2,-4.207974377003206,0.00010943481232353326
GOLGA6L2,-3.388872622309547,0.0013931462099659893
MFRP,2.3384232706068464,0.023489975338715493
PRICKLE4,7.320869759372254,2.1151862444831814e-09
FAM3A,-2.072608141396279,0.043490605167414105
GMPPB,6.674413265243008,2.1197570840638726e-08
RP11-977G19.10,-3.9335519549130002,0.00026351798297938236
CISD2,-6.668609023338191,2.1641217568192687e-08
BST1,15.514041249574346,1.5337220972623737e-20
VPS29,2.1692161789266695,0.03494626601020869
FCN3,9.902989652391868,2.779602887554752e-13
ZZEF1,8.536535960720151,2.923211775777626e-11
POU6F2,-8.36938898569335,5.2329825012998275e-11
VPS13D,8.054808372833135,1.5755196669012358e-10
GPR17,8.962578218918006,6.704056389786887e-12
ANXA8,-6.243533455880356,9.850239707040212e-08
PFDN1,8.015785011211177,1.807307180628874e-10
MZF1,4.449905813589947,4.9505953238352186e-05
USP20,2.558635480140347,0.01364896363253771
CDO1,11.86212652270216,5.166321053802158e-16
LAMA1,-3.0200361978785533,0.004007061791775314
LCLAT1,-11.092697603761616,5.760706091103764e-15
FAU,2.3856474555440297,0.020959109788714403
NOX5,-3.9861821193417657,0.00022306331394686375
TTBK1,-3.232311214102963,0.002198350214563441
HCST,13.31748963724989,6.648112428182557e-18
SLC35G1,-4.2130690530579225,0.00010764022509198472
TNFRSF10C,11.142608741633529,4.9151584576882355e-15
DCTN5,-6.653577037805697,2.2833810072760382e-08
ADAMTSL4-AS1,4.846642422007944,1.3062787263706677e-05
AC131097.4,-2.8733740215436456,0.0059887463474267615
CTSV,-6.567485212636837,3.1044837141437974e-08
MZT2B,-5.694766836827616,6.886848349517023e-07
E4F1,-4.169909941694642,0.00012379451907038814
SLC26A11,3.1979233685327557,0.002426405881370901
CHMP7,4.268963789419773,8.9737987029346e-05
B4GALNT1,-6.648448570396587,2.3255538211575223e-08
TNNI3K,7.538346720056031,9.767962409343582e-10
GTF2H2C,12.74382053601687,3.5795837779073777e-17
SMIM20,2.2084570600898954,0.031921320100813985
AHSG,-3.1808254325803174,0.0025479347274798276
BACE2,-3.7621865134166668,0.0004504097817101904
OSMR,-2.8303614945368576,0.006723606606204455
PSORS1C1,4.717515185915807,2.0231992449292123e-05
TOM1L1,-2.591474566858589,0.012557008294269232
GLIS2,6.91237232571,9.067857442238098e-09
FAM189A2,17.449631024904665,1.148798466447947e-22
AP4M1,-3.178858394853022,0.002562278369702749
CEP152,-7.580751748209559,8.404050252841003e-10
TOP2A,-9.963878549889015,2.2698084754179647e-13
GPRIN3,11.698394308660575,8.575645193796626e-16
PTTG1IP,9.803902104449953,3.868890846618988e-13
FAM65A,13.993688227424112,9.636634273355459e-19
CCL13,2.2219499275055017,0.03093597690557987
N4BP1,2.6903168283818273,0.00973400706238842
RUNDC3B,4.9389862991501685,9.533855317348712e-06
THBS1,6.2080623064318186,1.1175502599997632e-07
GRK5,16.972335719507193,3.700605689604687e-22
TMEM74,-3.62604177418527,0.000684277519128574
TRPV6,-2.635384411453985,0.011221451170361047
SLC17A1,4.18139758990675,0.00011927825231300962
TMEM8B,4.1112077422453615,0.00014959156967263784
HBM,4.817199806310408,1.4437435025064609e-05
BX088651.1,-3.7986523736328577,0.00040220721767881705
UBXN11,7.865719037276178,3.066818459391104e-10
COL4A3BP,15.094760310863833,4.675789002957173e-20
USP9Y,2.344296999648143,0.023160954629468725
PDIK1L,-2.516769820308109,0.015166226276717919
CTD-2410N18.5,-2.495035479676879,0.01601286618071418
APLP2,12.426670904904345,9.243889392395062e-17
PARP10,3.482625670765303,0.0010547463254282133
PTGES3L-AARSD1,-3.5928756565836335,0.0007568466872503587
PCLO,-3.3266194477579503,0.0016723764819446423
CYP19A1,-2.9925067030606307,0.004324573444309997
KIAA1671,-2.1731966539483243,0.03462832455496105
SRRM2,3.1292913323533122,0.002949849324094915
ZNF665,4.292660903248492,8.305524111900224e-05
FLOT1,4.561685735377112,3.413735543546935e-05
TCP11X2,2.6931523521854603,0.009662379785016719
PRMT3,-9.430466490414718,1.35903805663395e-12
AP001421.1,2.491722680226917,0.01614560997065356
EXOC3,-3.8228447238827696,0.00037301113551612016
EML1,6.797603918076889,1.365701999314731e-08
AC069547.2,2.093188228867552,0.0415313813709363
PKM,-10.58656932743771,2.933059835775785e-14
BANP,-3.7023604501650813,0.0005417448321340969
SNAI2,-9.097242203535382,4.224935521364599e-12
SCNN1G,8.076431500579288,1.4602097135045068e-10
SCGB3A1,7.999617014078972,1.913121122349211e-10
GNPNAT1,-6.892796031794031,9.7238296565971e-09
CYP27C1,-4.3965775913962695,5.90455508885565e-05
AC007390.5,-3.428588201248346,0.0012387986156355184
TCF7L2,6.540563841136293,3.417435854909016e-08
USHBP1,18.049054555305645,2.7314521929292763e-23
TAS1R1,3.4856628218436634,0.0010452164012000656
DYRK3,6.540380813913297,3.419667903377016e-08
HOXA1,-8.53109949417891,2.9789876153637465e-11
FLT3,4.077262042057176,0.00016681440980287148
PNKD,6.256326916872172,9.411725251484745e-08
SLC22A31,17.618699033921747,7.633263206076166e-23
DCSTAMP,10.469271029897978,4.296717775070045e-14
CA12,-6.131540430785095,1.4670629743463768e-07
SNRNP27,-2.0725577652622094,0.04349549807877066
MTFR2,-11.673364609894698,9.269230270444911e-16
C19orf77,-3.496584833466141,0.0010116195346321034
RBP5,3.6928649671534792,0.0005577868590609656
AQP4,23.686048310720786,1.7409545275867756e-28
ARF1,2.43461559996291,0.01859605198399263
FAM63A,4.789165704404389,1.5877955131450162e-05
PRAM1,14.443200550130364,2.7532339663810646e-19
RPP25,-5.3387681927332205,2.397774315232611e-06
RPL7,-4.265945653751858,9.062581829135053e-05
TEFM,-4.5159483489976635,3.975978303704451e-05
CENPO,-14.298481844630938,4.1100520839752183e-19
CBX7,16.866828850071457,4.807916457421292e-22
RP1-170O19.20,-4.123532778871201,0.0001437756326657643
TIMM9,-6.013975252028563,2.2272307507897813e-07
GNAL,-2.7262275345490408,0.008861913938029603
CYP2U1,12.144973028562344,2.1703346117646677e-16
ANKUB1,2.7569664931667046,0.008173179812031642
SLC25A48,-4.222335380551382,0.0001044492490384668
PI15,-4.154128486453276,0.00013027056228339092
ITFG3,-4.437339601114417,5.160831890042132e-05
RAPGEF3,15.392766220745159,2.1128643082384647e-20
SMOC1,-3.053757848117179,0.0036478534031213336
KAL1,10.536542186877982,3.451035228249355e-14
LYPD6B,-5.911586422525248,3.201695401174481e-07
CYP2B6,2.680653821653036,0.009981779990366988
FRMPD2,4.0180001261615255,0.00020159306237951886
FAM210B,-3.064825326196322,0.0035366946431087355
LTC4S,15.153154700562595,3.9985650430745444e-20
FAM86B1,3.5045299102791336,0.0009878298148743548
TRIM5,9.975675501370455,2.1825441280755056e-13
HLCS,-3.735707299459479,0.0004888440116906193
PAK2,-7.637456929900897,6.874016187230482e-10
TRPC1,2.5734387624201136,0.01314644613980924
ABHD6,11.982902436560638,3.5628743863291898e-16
STEAP3,-3.349400483822858,0.001564540279109966
NUCB2,3.0952424829921137,0.003247333362127545
USP38,4.24934395282881,9.566441130970384e-05
FGF9,3.498205808561469,0.001006721948524444
GSAP,12.724153797133395,3.795069456962564e-17
MIA-RAB4B,-2.5263813278966287,0.014804942617107832
SMAP2,5.711971222465686,6.48170842681343e-07
PSMC3IP,-10.373767326358323,5.870731023432197e-14
EMC10,-2.268576557429601,0.027735058669206416
CSTL1,-5.824887218152923,4.35102525062592e-07
TEPP,6.279482247222863,8.666948987637554e-08
MRPS35,-6.651136966712714,2.303350203162041e-08
SNX15,5.451461974154254,1.6180513422402076e-06
NCOR2,5.914743662926251,3.1660985450327323e-07
KCNK2,-3.2609526570391307,0.0020240130479315366
FAM168B,-2.109387403698774,0.040043837695064505
ZBTB8B,-2.5632843171999484,0.01348929973950164
PRLR,-3.767654634691991,0.0004428431606319602
HSD17B11,18.594459980976236,7.621008537502357e-24
PCNXL2,-6.113861382697781,1.5621949152333834e-07
GMNN,-11.861486625967284,5.176528394287244e-16
IMP4,-7.56224863835657,8.973949505624148e-10
ARPC5,5.341640398798957,2.3739066282509824e-06
ANKRD66,5.192839689638593,3.980039872228826e-06
GPR132,5.347346806018755,2.3271820412887725e-06
PAFAH2,10.911959017553128,1.0262919938385363e-14
RP11-302B13.5,-2.693310231709378,0.009658405907056269
PNPLA7,14.745900577245777,1.2006371119604415e-19
TRA2A,3.894223736193077,0.0002982858169580374
ITGA11,-4.886726223288496,1.1396109598476798e-05
ZNF530,-6.437540762404959,4.9348249906073674e-08
GGH,-6.7872990708272125,1.4168596732411982e-08
ACSM2A,4.933443479091483,9.716228155927436e-06
NRROS,10.496569162488596,3.930800153586083e-14
GSTT1,9.732744345095748,4.909319770768714e-13
ADAMTS15,2.3021462337383456,0.025616282449446325
MRC1,8.157655813939689,1.0978885913405635e-10
NR0B1,-3.058145290776011,0.003603400990896971
HEXB,10.02035090696833,1.8816978539094043e-13
APPL2,-3.295227753042694,0.0018325630027825174
RAB22A,-4.240074929316029,9.859503770325253e-05
MANSC1,-2.0413399264089116,0.04662127277983825
MIB2,-2.9555076108228793,0.004788419112183248
SCIMP,13.951920153549334,1.0839857687018589e-18
SASH3,10.928555784033602,9.731184338130059e-15
ERCC1,-4.029328568126093,0.00019444292868702173
OPLAH,-7.1648574562529905,3.685973239731853e-09
ZNF600,-3.540765994596128,0.0008859372767896217
POLG2,-6.177595446782966,1.2454739160261926e-07
METTL6,-2.0750470242407872,0.043254294961430975
CTD-2105E13.6,-2.4351122832126078,0.018573366390833842
SFTPA2,17.306960266106582,1.6256868387748266e-22
SPATA9,2.7882882603743773,0.0075224630442810875
EIF5A2,-5.8825592563326135,3.5481902629429356e-07
TNMD,3.787858414134203,0.0004159322771675731
ADAM12,-6.147118253715459,1.3880329865127318e-07
ABCG2,6.777924720981462,1.4650611834864657e-08
C11orf72,-3.5125461790360415,0.0009643684528763091
CLEC4C,3.0453293510307677,0.003734694160321482
TUBG2,2.689154866539372,0.009763499652884984
KPRP,-3.2729485262323763,0.0019549516106275337
TACSTD2,-3.661333623789017,0.0006143922929338525
SHROOM1,8.782088022796925,1.2483624097862473e-11
KCTD11,-2.2779718265886184,0.02712690061509064
FST,-7.90174920719218,2.700773940025958e-10
IFI16,-7.155109555908582,3.816225749196556e-09
HIST1H2AH,-3.668437469941666,0.0006011777240340876
STK33,7.860110171682685,3.1281273437125853e-10
EIF2B5,-7.6811720779063135,5.888137006826334e-10
TUBG1,-11.488676254674115,1.6495314542529861e-15
NCAPH2,-3.7022362339916532,0.0005419517994294592
FAM222B,-2.4663537519551078,0.01719563951692103
PAQR4,-8.308326784477055,6.477299743551423e-11
SORBS2,12.894248532220496,2.292760266414288e-17
GAS6,11.660578949231647,9.645197155433698e-16
IMPAD1,-4.134639112178556,0.00013872315621274445
COLQ,3.068466514548467,0.0035008233269405785
ANKS4B,-2.0897996273098127,0.04184858140851414
BAG1,6.120568091251574,1.5254032261150923e-07
HIST1H3G,-3.6455627126683146,0.0006447320240465816
ISG20L2,-7.461781951123621,1.2818332343750503e-09
FASN,2.8687167846484276,0.0060645545096484205
MOCS1,10.92138473171168,9.957424840837672e-15
FBXO47,-3.723562286723522,0.0005075088495124866
IMPACT,-4.149408013232737,0.0001322707464543366
TEX9,2.2772129675744672,0.02717557766996335
TOMM7,2.298370329613641,0.025847177538236756
HOXD10,-4.34025566046281,7.106539315005648e-05
PDE6A,4.266525903098139,9.045446782811986e-05
RNF144B,6.198951997759598,1.1543652281937792e-07
CCSAP,-5.240834978852774,3.3701685774548387e-06
DEFA4,2.182031841167539,0.03393169721434203
OTOG,-3.9264409869653933,0.0002695000890073849
ZNF212,-6.744557909755528,1.650328539906291e-08
SLC15A2,9.896741076569025,2.8380738851401194e-13
CNGB3,-6.328885311981869,7.268602566191923e-08
KIAA0319L,7.210700709411959,3.130690394882033e-09
EXOC7,3.003095062204165,0.004199767011459955
TMEM211,-2.7979737264564815,0.007331149560278494
KHDC1L,-2.828274747930374,0.0067612999802433215
C21orf67,-3.636153536629106,0.0006635116601872059
RNF208,-2.485565011796495,0.016394998929165003
NFYA,-5.001014763214641,7.709234920811496e-06
ZNF343,-6.87367604982077,1.0410336298033256e-08
ZNF587B,-2.221133969942282,0.030994790390682925
MRE11A,-7.6384142739049565,6.850743255723991e-10
HLA-G,3.253477031751443,0.0020682111226429656
USP44,12.619376052048704,5.186044402839967e-17
SLC31A2,12.043200646705964,2.9616662346341443e-16
TRPM7,-2.691218086673135,0.009711187954213447
TAS2R19,-2.3529917492366925,0.022681482561702385
IGFBP7,7.195110749561917,3.309422054943083e-09
BCL2L2,8.669669692685323,1.8416598160988324e-11
PGBD4,-3.858806339416717,0.00033335295094815624
AMPD2,-2.8039295851037442,0.007215749917929676
EXD1,3.771458998343063,0.0004376510764310046
PHLPP1,-5.388831484747656,2.0137786744617787e-06
NRSN2,-3.0328131419287008,0.0038672311218990755
YTHDF3,2.1558715922025287,0.036030986842174165
SLC25A29,4.136356100922573,0.00013795760638514207
CD58,4.300559342363189,8.093745463380403e-05
MAGEA9,-4.934130938537256,9.693423844871291e-06
EDA2R,10.435491299534702,4.7976297509909086e-14
EFCAB6,4.588115290413423,3.125130457836646e-05
SOX13,2.055245209369136,0.045205662929205116
DPM2,-3.7199687663200987,0.0005131614805691399
KLHDC9,2.271556892586407,0.02754084114712048
ZNF684,2.5087494038474096,0.015473807335662842
SLC17A8,5.255345083108563,3.204674595785393e-06
NPIPB6,-2.2614474040846964,0.028204586162736307
FAM27D1,-3.1347513392625594,0.0029045986221204714
L1TD1,3.947748156328064,0.00025195674418958724
DIRC2,-4.020877751160929,0.00019975305289969455
GALNT8,-2.5352483404868096,0.014478594164608229
USP37,-4.215671426194027,0.00010673461778489594
RFPL4A,2.1548925163453565,0.03611172440186351
PGR,11.7428289153265,7.471195438867112e-16
KLF9,14.925061604372164,7.384216401344303e-20
NELFB,-4.1164822515043396,0.00014707522318694466
AC007952.5,4.845256846748514,1.3124492041781761e-05
CPNE7,-3.2851446282567682,0.001887026785881343
UBFD1,-8.639858684943347,2.042099984622017e-11
FAM49B,-4.42317034308591,5.4083515628855054e-05
SIM1,-2.507171456247259,0.01553498330578879
TFDP1,-2.12379647242522,0.038760038811562675
HLA-DPA1,16.95402479411115,3.872278833638339e-22
KRTAP9-1,-2.8454405299006322,0.006456963174172168
SULF1,-6.435028260469373,4.979229828405128e-08
EZH2,-10.999846272550059,7.746250543312124e-15
LEPROTL1,9.629019737855376,6.95428379345814e-13
GTPBP1,3.4854095739981816,0.0010460078901551935
PI3,-3.313505577599204,0.001737609949878118
GIMAP6,15.959608742670223,4.795089454101283e-21
STRC,-3.26835137097702,0.0019811502125443954
DDX3Y,3.90855416297779,0.0002851329783126636
SPRN,-5.62680515915949,8.748121886943932e-07
WDR65,4.900688327927831,1.086617016885638e-05
AC090616.2,11.12156268380757,5.255207323457171e-15
TGIF2LX,-2.0942374649602185,0.04143359091813997
HEMGN,4.110505076782031,0.00014992993151093635
PREX1,11.113513668913795,5.391472027333219e-15
JUN,6.888204107962789,9.884452429924825e-09
NFE2,8.358320889561298,5.439161447611768e-11
ARL4D,-5.181454487185813,4.140003290139966e-06
TMEM170B,9.099606410201309,4.190897340253698e-12
RNASE6,6.593246273926215,2.831864094549651e-08
TNFRSF25,-4.477774701182795,4.513744933385268e-05
RDH5,5.502936452582593,1.3512736490597172e-06
UBE2S,-11.19660383176195,4.1410880689518815e-15
FZD3,-4.697835956077519,2.1620261921755924e-05
TSPAN5,-4.6933058485998265,2.1952832220678526e-05
NXF3,13.265944545842746,7.720627223404057e-18
SMCO2,-7.12190616627258,4.295509209713134e-09
PODXL2,-6.912636999919656,9.059299045740637e-09
MARVELD2,7.2236954494206,2.989127813284374e-09
HSPB1,-8.541412406466868,2.8740770558769665e-11
RNF180,15.790803238390948,7.429531981922464e-21
MROH8,9.382319341935851,1.5998544980920086e-12
RHOT2,-4.220444088449808,0.00010509297725260519
C22orf29,-4.67684369647665,2.3204146972104012e-05
POLR2L,6.23143285008875,1.0283730153893912e-07
BCL2L1,4.028213425838234,0.00019513572683460195
COL9A2,-3.662515079299198,0.0006121754068400618
KLF15,9.406250849638022,1.475200838636243e-12
FNDC8,-3.8735313141669456,0.00031831576906023916
CLINT1,2.7806415478717157,0.0076767536407844825
TIGD1,-6.0605260425144465,1.8880418882903084e-07
BTBD2,-7.948783948135114,2.28815566994765e-10
PATL2,5.696843548944729,6.836641071416938e-07
PLIN5,12.219884416203241,1.727910726659408e-16
RADIL,11.201103079336097,4.082444992864875e-15
FBLIM1,-5.253599221698296,3.224153938994964e-06
CGB7,-6.1636513301304054,1.3087916910609863e-07
NRG2,6.7500643029189105,1.6182145094147903e-08
TCEAL1,13.043174572919332,1.479274225291366e-17
PPP4C,-7.744978416101238,4.69818837050854e-10
SMOX,-6.3249816813040445,7.370386355308775e-08
ACOT1,11.266018583858912,3.3241186549774842e-15
TACR2,2.5155842140877276,0.015211341719660426
CIZ1,-2.3984664452949924,0.020315747133304023
SERTAD2,-5.942481372832112,2.869809311411898e-07
POLR1D,-2.555888724493553,0.013744107423936931
PCBP1,-3.5074850731804155,0.000979118202084457
LRFN1,-3.7733249503012813,0.0004351259317998688
ZNF687,-5.445043758644059,1.6547764779637606e-06
OVCH1,7.423848778963412,1.4667314212177233e-09
FILIP1,17.717560531312287,6.018333853979606e-23
COL14A1,5.678406942995228,7.295379923685229e-07
TIGD3,-4.118789548350579,0.0001459874209030526
COPS7B,-3.4960750370204656,0.001013164516817127
SMIM9,2.107989331350489,0.040170358192859995
TM9SF2,3.571961611841439,0.0008063338076386919
CDC14B,2.8911329640973995,0.005707678441880855
COA4,-6.179576961268402,1.2367274080335467e-07
TREML2,2.55157732731587,0.013894666173370906
CDHR2,-2.8374133261131753,0.006597663523960549
KIAA1715,-7.5939816082866916,8.018981754632737e-10
HELQ,6.414889877065865,5.349861845046197e-08
KCNK16,4.416900628388779,5.52153932425212e-05
PCDHA3,5.19024846395323,4.01590184156568e-06
RNF103,4.447476075537966,4.990582422687038e-05
REC8,3.0954517801766737,0.0032454215814377743
ZDHHC8,-3.3090980889082817,0.0017600707335923105
MAGED4,-8.187626266860553,9.883534269470846e-11
NELL1,-2.4930854453781714,0.016090883773484697
ATP1A1,3.0298638791005708,0.003899096280188458
DUOXA1,7.80585791118868,3.788599251444715e-10
POLR2J,-7.5679262776104625,8.79506774179717e-10
NKRF,-8.389963236878955,4.8703962367842375e-11
PANK1,-3.6346948948823963,0.0006664694633253231
DDX18,-6.323409605275239,7.411777304472869e-08
LRPPRC,-10.13709542475574,1.2785546770956485e-13
GZMA,4.455034525905783,4.867214831257171e-05
ZMYM6,4.9054152996974265,1.0692307193170966e-05
NFATC3,5.787735283204097,4.961314251968376e-07
STAM2,5.108634329744086,5.32413871959324e-06
CD83,7.4101714932177485,1.5397745189492987e-09
PQLC3,6.854545245231864,1.1145781168546954e-08
RAB11B,6.345496551526052,6.85092504040571e-08
RNF121,-5.153677301584352,4.55739285019039e-06
KDM8,5.503746563822841,1.3474440492895593e-06
BCL6B,10.10597099148274,1.4170773986505105e-13
IQCK,6.349228552189483,6.760430797367888e-08
BEND6,-7.050453850203242,5.541465144502711e-09
GEMIN8,2.9217425065325755,0.0052518246084887555
ASPG,-2.1720893810238886,0.03471651159156073
P2RY2,-2.8090467608022704,0.007117944829437744
GPR148,-2.333420336977573,0.02377350837962644
FAT3,2.986493105692614,0.0043969910394616295
AP1M1,8.082819776379623,1.4277958894000988e-10
PPM1D,8.835612981103607,1.0378254989996357e-11
DLX3,-4.829169448198983,1.3862234046036189e-05
NEUROG3,5.413491779830964,1.8476679460133644e-06
NHP2L1,-5.289053439623061,2.8505749236790604e-06
STARD4,3.032527914243456,0.0038703021676084405
GIPC1,-3.2167773625774454,0.002298741780672618
EPHA3,2.031524444157156,0.04764353606743378
PPFIA4,-5.363398043196948,2.200575192718567e-06
ZBTB12,-5.489381839604692,1.4169726924141479e-06
NFASC,4.7069392156819685,2.096683283047446e-05
CAMTA1,-3.9116194898775216,0.0002823931377530122
AP000350.4,-8.0679215618813,1.504541689462861e-10
USP39,-8.602341291412884,2.3259168404689862e-11
ZNF416,-4.292831240172225,8.300900497542792e-05
OR52B6,3.708648537183312,0.000531366285343301
GNPTAB,3.289938144625631,0.0018609463663726315
ENOSF1,4.292343245494558,8.314153293103941e-05
CARD14,-8.278644819667548,7.185821656923344e-11
TIMELESS,-12.23872926080863,1.6317919271794192e-16
ATP9B,8.02402455461769,1.7556668647177066e-10
C19orf53,-4.143539702320336,0.0001347989006212439
OSBPL7,5.929457261404258,3.0053293506158947e-07
IRF2BP1,-2.7627107772981043,0.008050082118340594
TFF2,-2.254393744221692,0.028676076439397576
HRASLS,-6.551204641706419,3.290140343661146e-08
TGM2,12.199943295927223,1.8358849621356384e-16
OIT3,5.545715258173764,1.1630867109031917e-06
CDK20,4.571706479242534,3.301365018474627e-05
CAPS,4.578737748829692,3.224687383803732e-05
NOL12,-5.3743967216066135,2.1177798072325025e-06
RFXAP,4.483573680892434,4.4276980065620234e-05
PTPN1,10.691558160709173,2.087085363697433e-14
AFF3,15.265357072647763,2.9636101752795546e-20
CD14,7.094507904883517,4.736107441959114e-09
SULF2,-5.580074652908544,1.030946159066984e-06
FAM27E3,-3.5867087780170515,0.0007711283991406342
MTPAP,-6.237825451626243,1.0052404688786616e-07
RP11-505K9.4,9.78950025915325,4.0597589616222407e-13
C1orf86,-4.572027510380579,3.2978255458254134e-05
SPRR2D,-4.60628524905479,2.9407185897251983e-05
RRP1,-9.051637263925077,4.938962477926153e-12
MT-ND3,6.357019204575906,6.575346389224295e-08
OR51E1,-7.058967884253877,5.375785891577089e-09
RAD54L,-11.836557698602006,5.590509710087605e-16
CCDC92,12.935017762483241,2.0330061665145617e-17
TMEM57,4.341597504143894,7.075307330795879e-05
RIF1,-6.920637933401097,8.804365798252726e-09
CHUK,4.779112424276934,1.642818732131142e-05
NCAPD3,-8.993477230495463,6.029159392391428e-12
RAB28,5.384196992308532,2.046606716303155e-06
ZNF23,3.0560337488083564,0.0036247308192241573
CASC4,10.519351384136284,3.6496461693558407e-14
ABCA8,17.487489732380556,1.0480466225241396e-22
MOB4,-3.026504294908178,0.003935694124242065
GPR135,4.322284441404417,7.538001547074498e-05
FAM229B,5.672474092157272,7.449399605848649e-07
RNF17,-2.663287157121235,0.010441687893085753
APOOL,-3.613609570454141,0.0007106625975317596
EPPK1,-4.097815073340631,0.0001561699921663308
FANK1,4.033262717332123,0.00019201775307749612
PCED1B,6.439821611933693,4.894856669800849e-08
DNAJB9,7.327290213394331,2.0674268933819707e-09
LPPR4,7.027261229907022,6.019191032545869e-09
TNNC1,14.943499755484588,7.025408912919134e-20
TFB2M,-10.029622882681977,1.8247128928025758e-13
FAM21B,5.240432356603315,3.3748790518659785e-06
EFCAB2,8.558326544905611,2.710008728425226e-11
ZNF750,-7.043332188827906,5.683971622471671e-09
PLXNA2,8.333143450129638,5.939165090325112e-11
BCL2L12,-12.053695420226767,2.868052479185688e-16
ATP6V1B2,11.660923201646208,9.634874577984758e-16
RHOB,11.838833850960475,5.551357313798999e-16
FBXL19,-9.944991441823866,2.416926307327285e-13
FOXD1,-7.938213003207643,2.374992907653711e-10
FAM53A,-3.0453495462829494,0.0037344837884065864
EVA1B,2.1639251683002425,0.03537286224008074
PLLP,16.4438101474358,1.389619512169152e-21
SLC35B2,-8.10839764162772,1.3051039657449337e-10
RP11-192H23.4,-5.78815764829774,4.953919508811491e-07
NTN4,12.991219988568595,1.7230647109578895e-17
CC2D2A,8.462792787391372,3.778340778460222e-11
ZDHHC16,3.8648933518548594,0.0003270556251148021
EIF2AK1,-8.528926191246562,3.0015836365867003e-11
SOGA2,-8.124045609702772,1.235331218321726e-10
MAP3K7CL,5.736265262199983,5.949600955528618e-07
SLC39A7,-3.404545584868787,0.0013301703105154993
KHDC1,-6.954288950471722,7.808432877052912e-09
LILRB2,10.054409989168487,1.680789122754805e-13
ADAMDEC1,-4.639889267996935,2.6273246000050524e-05
XRCC6BP1,-6.297359503685048,8.13239403046296e-08
NUP50,-9.3059267315146,2.073578834943581e-12
PHACTR2,12.719292291841558,3.8503358017469855e-17
ZW10,-8.108968779021465,1.3024889193216278e-10
CTD-2547L24.3,6.647275614585353,2.335308239525723e-08
RP11-1055B8.6,3.4976978171621456,0.001008254346346642
TSHZ1,2.391603279860009,0.020657954894688847
IFNL2,-2.798758104795171,0.007315854614414087
FRRS1,-7.343197701395926,1.953704608759759e-09
DRAXIN,-2.2997424206355723,0.025763061002771648
SLCO1B7,-2.516105284381957,0.015191498640308403
TUBGCP6,2.9674599735479315,0.004633728543272072
RPS7,-3.9663610105159104,0.0002375391848700145
FAM179A,5.48244511788406,1.4518089438609583e-06
CYBRD1,17.551568433859554,8.975371500468297e-23
C9orf53,-4.133755423778743,0.0001391187697993841
NOP16,-4.719989055030464,2.0063783132474282e-05
CACNA1A,-2.8074504211402567,0.0071483234050729125
PSMD6,2.3144820551110876,0.024874717552704484
C18orf63,4.835663242157818,1.3559659379356307e-05
C20orf201,2.2923552012613406,0.02621883278528492
ZC3H13,5.581011408719441,1.0275601648221431e-06
TUFM,-4.86616937334926,1.2222916385037893e-05
SLFN12L,4.750515092843669,1.809777865490612e-05
PKD2L2,-2.1655780907408735,0.035239103357524046
C19orf80,5.40514441950144,1.9023184470463538e-06
ERAL1,-8.77273486125519,1.2893488382715996e-11
CD22,2.9520056532646892,0.004834646633117469
NUP153,-4.540802391343337,3.660076059705107e-05
UBE2D3,3.9956357568348904,0.00021646326159778154
SOX12,-7.130936823650905,4.159478498014849e-09
SCAMP5,-5.903247387806302,3.2976404449852237e-07
KCNJ5,6.75278822468607,1.60256003914087e-08
MT-ND4L,4.056330179414169,0.000178376608325446
CAPN9,11.885684487933204,4.80439819851369e-16
SLC9A3R1,-6.947913588354618,7.98804374491046e-09
SRP68,-6.485344435738683,4.161405311615971e-08
PDCL3,-9.237275624163436,2.6192781647050635e-12
SNRNP200,-7.425594646546543,1.4576614179286374e-09
PRRC2C,-6.7220734330018885,1.788211900265451e-08
FAM120B,2.539058621191554,0.014340376788353478
MRPS2,-7.069881785338599,5.170642657006542e-09
KDELR3,-6.9474657242513,8.000815663032575e-09
SLCO2A1,8.067441114162685,1.5070845510651833e-10
ICA1,3.9716528976507623,0.00023358787133646178
CD300LG,9.444146233797929,1.2975442764677312e-12
PDHB,9.5461872437381,9.19195156088033e-13
AGAP5,2.8964920326783514,0.0056253003045807345
TANC1,3.2630763890064305,0.002011620764388008
AP3S1,-2.6066529131516374,0.012079754458310695
RNASE7,-2.027591181834519,0.04805859659164794
RP11-849H4.2,-2.492886891196085,0.016098846879232392
ITGA2B,2.8119645227307863,0.0070627278870517415
CCL3,3.5029512066953905,0.0009925139791349127
ATP6V1H,2.658961714780358,0.010559218773064347
EPS15L1,-3.2454574098230466,0.0021166391339287804
SMG8,-5.164254930855931,4.393768146321849e-06
MAP3K10,-2.416776508993351,0.019427584026734463
CNOT7,-2.2380703629820085,0.029794106624896177
TAF2,-9.265870498562892,2.3762583708039305e-12
GFOD2,3.6758360297989334,0.0005877048917676658
MYL12B,5.430385904208105,1.7417721620325864e-06
FASTKD2,-4.156278730521069,0.00012936921441121394
LHFP,17.348387060477258,1.4694637138286138e-22
IL17RD,-3.860994653520429,0.00033107568436662024
EIF4G3,-4.365763228707801,6.535211927190429e-05
WDR96,4.661851262016829,2.440441982767649e-05
HIST1H2BI,-4.2551923088669295,9.385910417859023e-05
RP11-1167A19.2,3.925641693764201,0.00027018063821833817
CHST3,-3.461331908255261,0.001123925410252866
CENPW,-10.70877141412684,1.974097076950597e-14
RBM8A,-9.384725708444485,1.5868535737466276e-12
TMEM33,-4.0907025546226805,0.00015977681948340863
CTDNEP1,3.794089376109472,0.0004079552561391656
TMEM177,-9.320867070778062,1.9709215531351288e-12
LHFPL3,8.920454943938246,7.748640097824721e-12
DUSP13,-5.003289296591159,7.649315294745466e-06
MORF4L2,-6.204872564792789,1.130305010979827e-07
KIF4A,-15.530452338703538,1.468845136893811e-20
PHACTR1,20.71205055705178,6.937599768559749e-26
POLR2H,-9.371596446918943,1.6591072950734757e-12
DTNBP1,6.969538510889481,7.395043795788463e-09
GPD2,-5.668879722875496,7.544276174738436e-07
AL590867.1,-2.3759010491009245,0.02146044835916899
MAGOH,-5.114513805189946,5.217258077492973e-06
PRR5-ARHGAP8,-3.1005230930838943,0.0031994205275476402
ZNF35,4.089623653848533,0.0001603309483545165
FTCDNL1,2.154592521766534,0.03613649465990478
TMEM199,-4.600124965571999,3.0020144327259224e-05
FNDC3A,14.256904488161435,4.613615489317109e-19
TOX2,15.694254854962761,9.5575871496032e-21
C19orf47,-3.575645149870953,0.0007973989107603613
EMP3,13.407709539041468,5.121029619325401e-18
MYC,-2.273558937434555,0.02741105506311388
CLSTN2,-2.6063556150619482,0.012088941114722654
RAD52,-3.282521101063476,0.0019014469053998705
NUDT10,-3.5144916834132425,0.0009587552260538494
IL31RA,-5.681393032584623,7.219059302966329e-07
TBXAS1,14.037651088099041,8.5161323815209175e-19
SLFN11,8.426368975468133,4.289646619150838e-11
ISX,-2.5119564141896142,0.015350146592045139
SDR42E1,-7.800530721340476,3.860576032896971e-10
LCA5,7.124955992799257,4.249077612542257e-09
ESYT1,5.360307290319567,2.224412524473574e-06
RUNX1T1,9.835154059695531,3.485298694632728e-13
DPH1,4.457684238608915,4.8246758765684464e-05
FAM57A,-9.018137365706613,5.540010190179881e-12
CCSER1,-3.1889786694844173,0.0024892843995019537
RNF133,9.821035585332261,3.6535889891346433e-13
SUOX,7.151147014985663,3.870483359931039e-09
EIF3G,2.125128540034374,0.03864319622675319
UBASH3A,3.002931143884793,0.004201673212356573
VRK2,-4.637006761643142,2.6528710017407215e-05
EPB41L3,10.853314760291038,1.2388948033395284e-14
MAPRE2,15.283101887215679,2.826872540754676e-20
ZNF777,-4.424600032777173,5.382860115925151e-05
WISP3,-4.196371484556372,0.00011363111830467131
KIF3A,4.428772071094427,5.3091411175298186e-05
FNBP1L,3.158238764553938,0.002717286625922671
BROX,-3.362350505229791,0.0015062161458866765
PDE6G,4.228492545837473,0.00010238001828441658
HLF,11.876330357861745,4.944925658809563e-16
C1orf172,-6.584875506030781,2.9177182092309646e-08
DGCR6,-2.772443568357377,0.007845410470793358
AC005544.1,2.9908144469411297,0.004344838632721062
DNAJC10,-4.157313646685183,0.000128937555665661
DOK1,12.873544558448174,2.4373216690848815e-17
DLC1,17.7403306317749,5.698481415186144e-23
NME2,-3.2411559988634475,0.0021430536112307984
RASGRP4,21.31609326557871,1.9471183608772883e-26
RAB33B,10.545514924106746,3.351750311302016e-14
NDUFB3,-3.2857142141427453,0.001883909783957167
SLC25A27,7.5509063010025175,9.342318736183294e-10
CRTAC1,12.066287022450089,2.7596832772626324e-16
LTB4R,-5.353796148408087,2.275468448743447e-06
TYRP1,7.284236420772167,2.4096464792730876e-09
GABRB2,4.350744013945819,6.865954166258407e-05
SNRPG,-7.6743314848178645,6.032474365212902e-10
DIEXF,-9.27698417662295,2.2880651522694383e-12
ZFYVE28,4.6334502302133025,2.684726545369572e-05
PLEKHA1,2.407823223006323,0.01985741665840368
MALSU1,-2.891050234016096,0.0057089588905105005
KAT7,-3.064082842406345,0.003544051429931067
PINK1,9.961021474993482,2.291468160656354e-13
PIAS2,-3.984263521442007,0.0002244263430337512
NME6,2.2549044152332454,0.028641708026950718
DBNDD2,5.02850195842339,7.015085020586401e-06
RP11-3B7.1,6.430856749293562,5.0538377810158754e-08
MCMBP,-2.913016947512309,0.005378191995640145
PARD3,-7.914172954956152,2.5850155648522583e-10
CCDC42B,4.83603077388958,1.3542729869420952e-05
PELP1,-5.152074057207567,4.5827125871059615e-06
MPP6,-7.689719407551396,5.712652379833288e-10
MCTS1,-6.74917271223204,1.6233716601191594e-08
ALDH1B1,-4.949549377636443,9.195582184900653e-06
NANOS3,2.1104571751545604,0.03994726267587681
INCA1,16.086203498674053,3.4600701173136645e-21
IL17RB,3.0205000990914894,0.0040019031600005165
FAM228A,4.359473634374047,6.671781853309953e-05
NRP1,11.436326832087005,1.943836231656425e-15
CRTAM,12.692878848159983,4.165199729813086e-17
SLC38A2,-4.926196552079353,9.959856911548806e-06
EFNB1,-3.555387173216755,0.0008477351864711381
ZNF519,-5.2552343487015545,3.205906647155288e-06
AC005779.2,-2.0658151942362215,0.04415472765231512
TTC21A,8.052004536513667,1.5911278933930926e-10
ARF6,-3.925764513986824,0.0002700759564986905
FGFBP2,-2.4569410564811367,0.017600681207644263
CWC25,7.126519255210053,4.2254732772984674e-09
NCEH1,2.146045948869914,0.03684847551319071
PLAUR,3.1355192235849345,0.0028982872740905366
SULT1A3,9.400697136373555,1.503225947102698e-12
SMIM14,6.704732114983,1.902374764462988e-08
RP11-796G6.2,5.54731388722612,1.1565820369760879e-06
TCEAL4,4.598553080638247,3.0178542129961225e-05
HIST1H2AD,-3.0401892698411115,0.0037886003333981026
ADORA2B,-4.667363283728771,2.3956223426710956e-05
YTHDF1,-5.658361308054991,7.828861855309204e-07
AACS,-5.104693720825484,5.396979242837776e-06
YIF1B,-4.737521590269787,1.891036104480746e-05
ZC3H7A,9.088203285588449,4.357663509381842e-12
PTPRJ,5.594671119409295,9.79420321982963e-07
HID1,7.910718657605243,2.6166910007590815e-10
MMEL1,4.689737666103544,2.221831146421191e-05
USP53,7.761838436771012,4.4262914928018173e-10
DRD4,-4.136553561161824,0.00013786982858367305
TMEM175,10.412106623254173,5.178636898752658e-14
PRCD,4.246189071953638,9.665226102978658e-05
LGALS3,10.569878517584241,3.096491932993453e-14
LSMEM2,5.3772339985425495,2.0969263371222263e-06
DEFB1,-2.998656683667251,0.004251667236779172
GIPC3,10.336565214059789,6.631754695838783e-14
RBM10,-5.2512965659362445,3.250024671736379e-06
HSPE1,-7.9968111388747,1.932109203191758e-10
CALHM2,9.78730341341225,4.089699005932667e-13
LPGAT1,-5.145780752493107,4.683450428264206e-06
C5orf45,9.525655452326145,9.851242737672428e-13
PLAC1,-4.123275601495266,0.00014389471731649512
RRP12,-2.1579339292368847,0.03586143911382343
PSMD13,-5.120615002112823,5.1085844391827775e-06
C11orf89,2.248936074655897,0.029045672547383126
SDK2,-4.6708630066786485,2.3675850357266345e-05
MCM2,-10.663603872982629,2.284701782533239e-14
SYTL5,-3.128516608229014,0.002956323428161834
STYK1,-10.451897055050633,4.547371339637631e-14
LRG1,3.4908843376655665,0.0010290240301614713
PPIP5K1,-3.8667850935217523,0.00032512199777627306
PCF11,7.259393896449427,2.632395723857435e-09
RIPK4,-6.375447880339689,6.157407175534892e-08
MTL5,-8.817599713530555,1.1043500042298253e-11
AKT1S1,-7.3071497268586265,2.2209862544436517e-09
MEGF6,6.180517878442964,1.232595608503657e-07
C17orf61-PLSCR3,4.338909266179977,7.138012254266988e-05
DCAF5,6.982936704704189,7.049964545317083e-09
KPNA7,2.5855258710531106,0.012748701334640462
AXDND1,-3.2335208686096095,0.002190708820588832
DCUN1D5,-9.788782911832595,4.0695110063757e-13
IRX2,9.371309364482096,1.660723757894777e-12
EFHC2,4.423849298233678,5.396231095828912e-05
NSUN6,-4.191535232959425,0.00011542600536830038
IKZF3,3.3633996797363497,0.0015015823817979774
ZMYND19,-10.28664264363883,7.812345963739412e-14
OGFR,5.589438742572155,9.975902812236667e-07
ZNF319,2.4906597331608165,0.016188413000720207
ICOS,5.558733304274914,1.1111544503474014e-06
CLDN10,-4.593982552623101,3.0643774527461946e-05
ANO6,8.838694034952448,1.0268583922544459e-11
ZNF652,3.681877503373641,0.0005769186108037339
HSF4,-3.566679335930881,0.0008193138857299585
ARHGEF3,19.474459139850758,1.0304417024863192e-24
CD96,3.251017971988632,0.002082948145687086
ORC4,-5.4392046613328695,1.688904175326522e-06
SMC2,-8.015311434923923,1.8103212674262054e-10
AD000671.6,4.239688440901781,9.871911320408001e-05
GPI,-10.109398206162512,1.4011087470454102e-13
PBXIP1,10.940978617734762,9.3514975827205e-15
COBLL1,2.0555286077554364,0.045177204526638946
CCPG1,13.732200078062395,2.0200393697895636e-18
LCN6,6.081191659853238,1.754447080716084e-07
ERVW-1,2.072666684048487,0.04348491966410429
ICT1,-5.550526003241911,1.1436210370344657e-06
PDCD11,-8.577361044038698,2.5366250010481188e-11
TIMM50,-5.705357343441914,6.634578421652452e-07
PLAGL1,12.532920943254691,6.717335870895546e-17
CARM1,-11.170326398200023,4.501043208919626e-15
ZBTB9,-5.37381165906106,2.1221053578041378e-06
NMD3,-5.8949098474794805,3.3964257342595143e-07
CNGA3,2.131396840384701,0.038097503215487216
PHTF2,-8.240511928987026,8.211834545630031e-11
DAGLA,7.012140395512527,6.3526528631721085e-09
ITGB3,2.5621133017704247,0.013529357099481895
RNF14,6.335130508026687,7.10867238448834e-08
AC011484.1,4.261737829142515,9.187789576909092e-05
ATP4A,-3.6412277385402185,0.000653319970189815
ZNF587,-4.560810713103161,3.423723684690154e-05
ZFP69B,-6.094668579616634,1.6724384836378036e-07
KBTBD11,7.78070658986981,4.1407092520148867e-10
PAPOLB,3.2713485416346546,0.001964032309779639
SNRK,15.273950746871078,2.896569341141213e-20
ISOC1,5.121153430407567,5.099101948517579e-06
GALR3,-3.0535536825037233,0.0036499344173766585
KLC1,4.128673382858536,0.00014141526435010505
ENG,15.852423230562234,6.3297230858306305e-21
SEPT4,16.417174556220715,1.4866108684957653e-21
HPS6,2.6303788546385607,0.011366849545424893
TLR3,12.31984901922419,1.2761270957238517e-16
C10orf32,22.20015242400851,3.1929783246852454e-27
CAMKMT,-3.886748160545725,0.000305377565851304
KLRG1,8.669454530472768,1.843033021590827e-11
PATZ1,-3.6835437633618278,0.0005739772930350698
WFIKKN2,4.239652753707687,9.873057762434043e-05
ZCCHC2,5.944742336025535,2.846910319456654e-07
LY6G5B,4.777557870398899,1.6514925468080522e-05
C19orf26,-4.906052275495358,1.06690887635896e-05
IFI27L1,3.061771270597814,0.0035670472592946346
BRAP,-6.718001649306211,1.8143864975613283e-08
AUNIP,-11.06845497060663,6.223146326362508e-15
COLGALT1,-5.200419455521978,3.876942889047631e-06
GSDMC,-7.069516726875675,5.177376013507115e-09
CLN5,10.659524951432111,2.315079706053132e-14
DDX56,-6.752462159873996,1.604425935877724e-08
FGG,4.047882189107288,0.00018325976330622984
CCDC7,2.584347748018383,0.012786980844860067
XRCC1,-2.955999571387517,0.004781958118646341
WNT5B,-4.507738739146992,4.086067809237463e-05
LCP1,11.667880437704104,9.42864092160542e-16
BCL11A,-8.171071748060301,1.047421827347895e-10
UGDH,-4.92182763611725,1.0109625823433699e-05
PRDM13,-4.571120165528965,3.307838915780614e-05
RHOG,10.926967084549776,9.78085350740991e-15
CTD-2192J16.24,-2.6047864478522924,0.012137534970977883
ENDOD1,-2.1349475730875525,0.037791396851553645
RAVER1,-5.536249959945106,1.2023496750317654e-06
MBTPS1,3.092057675947719,0.0032765550821926234
SCRT1,-3.038484573045825,0.003806638523683419
DCDC2B,4.743560206059303,1.852836229459486e-05
OPN3,2.739007567215952,0.008569318403333009
KLHL42,-5.731334073855968,6.053978508025883e-07
ATP2A3,5.649432176479894,8.078788415246638e-07
TM6SF2,-3.7414770967052204,0.0004802096455806884
CCDC137,-12.358146919803783,1.136615607941123e-16
PCDHB7,3.517499211440927,0.0009501391388738569
RBM47,9.233512547487507,2.653075173503772e-12
CDAN1,-6.390083753364962,5.8444545396739766e-08
CYP3A5,6.4998997550899045,3.950888647212806e-08
TRDN,-3.0423143549086906,0.0037662259135619216
MAGEA4,-4.820427200797945,1.4280073495524476e-05
BTC,8.232258928178085,8.452629111540153e-11
RCAN3,-3.1243730564090977,0.0029911771039487335
IGLON5,-2.5739178285823345,0.013130468902899477
BAZ2B,8.266929773235997,7.48649291844685e-11
CALCR,2.0504099574285553,0.04569361651975994
EBF2,2.901851679943478,0.005544020012941933
YY2,-4.26529943940889,9.081702035616393e-05
FBXO3,3.1045702487778626,0.0031631495331342673
POLR3A,-4.972546716773604,8.499444044193121e-06
C10orf115,9.064621946329423,4.724084095679018e-12
RTN4IP1,-7.000300818886334,6.626617545794391e-09
HNRNPUL2-BSCL2,-3.0554235186087504,0.003630917091206337
AOX1,6.3943132370776965,5.757009908915252e-08
PLK3,8.462129630112129,3.7870778842571003e-11
OR7C1,-3.3498534027985833,0.0015624647536136961
GNG5,9.51811597827719,1.0105157674525527e-12
APOL4,2.859481894473814,0.006217516801924467
IRGQ,-2.5571276244696954,0.013701119161983992
MYOCD,10.031216037314758,1.8150985622205763e-13
PRICKLE1,6.284248761837926,8.52108972494815e-08
ESF1,-6.671407382235715,2.142617834327927e-08
NUB1,3.4974396603413123,0.0010090339500543328
AWAT1,-2.5938250598388914,0.01248199279740732
FAM170A,3.099363810178919,0.003209881882272734
PDK3,-5.090068890833978,5.676007371897557e-06
CES2,2.082772569893194,0.042513112081770235
EML2,-2.432506677869895,0.018692653791333034
ETS1,8.840677092684448,1.0198615193577477e-11
EXD3,4.567866428662475,3.343992107745427e-05
HEG1,10.596431502899744,2.8406224629893367e-14
SLC38A4,-3.973317874790089,0.00023235787371207322
PAPSS2,14.864674328860913,8.695127183761374e-20
ZNF766,-3.4987397617841727,0.0010051136297312586
FAM122C,2.9840273686091354,0.004427010387896912
FAM24B,-5.857835626489367,3.8725422190102086e-07
C3orf67,-8.444332585967077,4.029311142697127e-11
ANKHD1,4.165995178220754,0.00012537118624005516
VSTM4,12.684806697807362,4.26654330437746e-17
AFTPH,-4.65786299369522,2.47338303899611e-05
TADA1,-5.40065736604045,1.9323533224032946e-06
HSP90AB1,-7.71221570446902,5.275481889354315e-10
RP11-383H13.1,-3.8802728470312617,0.0003116516608710968
FAM199X,-6.670530976392249,2.149329481549178e-08
RP11-332O19.5,-2.6734250030988833,0.01017090837593114
PIGK,2.8876895557513103,0.005761199813033298
GSTM4,-2.601546963772045,0.012238419881843595
SLC7A14,-2.0749564859514953,0.04326304744361084
RIPPLY2,-3.962916421076745,0.00024014580779833832
GSG1,2.056172342083465,0.04511261961552515
NOMO1,-7.291222927605522,2.350478853534011e-09
RASAL2,2.390780300298214,0.02069933581992023
SYDE1,8.40685709218,4.591657584525515e-11
POLE,-7.590487442894439,8.118927222263899e-10
WDYHV1,-9.44678644192874,1.2860033006322256e-12
KTI12,-2.87187352418863,0.006013074073749496
PAX7,-3.0007572564662293,0.004227029890620444
KCMF1,-11.88211470684924,4.857543190343833e-16
DPCR1,11.517124414295804,1.508964354657027e-15
DDX54,-6.631822818062201,2.467698934203551e-08
CARD8,13.128991012163524,1.1506420677813045e-17
CHRDL1,16.06685389789461,3.636598457918126e-21
PFN2,-8.609258384835972,2.2707527566131794e-11
AKR7A3,-4.438624529513404,5.1389407073104946e-05
C10orf62,-2.9733175050305576,0.004559633358632386
AC006547.14,5.5434175318503325,1.172499499190596e-06
VWDE,-4.426069684810531,5.356778397610274e-05
TRRAP,-2.0785467202406442,0.04291715361689692
APOL3,14.878673381806783,8.371565127244608e-20
NRGN,13.602975644833062,2.9212213265939438e-18
ATL2,-6.477973826158853,4.272242915196035e-08
COL11A2,-2.086893925164887,0.04212225939990459
ZNF28,-4.208473636828007,0.00010925767175581363
ITGB2,10.047382074462083,1.720389290795159e-13
IFLTD1,4.4191715000512355,5.4802785096473985e-05
TMEM14A,-6.763016171908202,1.5451197685830342e-08
CTSH,15.884639883792438,5.822122320336394e-21
YIF1A,-4.4032352200007185,5.776312136685664e-05
KIAA0391,-3.69684459609441,0.0005510087862061336
APBA2,-5.412297084753617,1.8553933167369101e-06
TMC4,3.467092651261102,0.0011047948746254748
NIPAL3,4.535045486293204,3.7309882931370314e-05
TIMM8B,-3.767830112732325,0.000442602375526628
DPH6,-7.022718127791237,6.117495124579864e-09
AMACR,-3.547960442232386,0.0008669386100241146
TSEN15,-5.329992839320462,2.4721763126456816e-06
RHBG,-4.705219277099741,2.108878720327109e-05
C2orf48,-4.277151299623771,8.737192238310947e-05
APITD1-CORT,-4.203561671498125,0.00011101265434985925
FRY,19.783471000471373,5.188840605088824e-25
FYCO1,15.512368407244265,1.5404967414065832e-20
KIAA1109,9.118857401649713,3.9238349283362786e-12
MAP2K4,4.486881983857004,4.379328736919497e-05
ZNF598,-9.02282638895915,5.451631514981719e-12
ZBED3,13.113718347347078,1.2031743166235122e-17
DIXDC1,10.815181491759619,1.4005626925806018e-14
FAIM2,3.5461245416247267,0.0008717494138613614
PTPN13,4.154973001276433,0.00012991583041184192
AC007461.1,-3.0524077003692063,0.003661635818851552
MYOZ3,5.557737402627258,1.1150448269716873e-06
GATSL2,-4.815188746140175,1.4536350648296827e-05
HS3ST2,4.369016600481704,6.465643021077159e-05
FDXR,-4.9905628899781105,7.99057235276864e-06
MAGEA2B,-3.8068343076388174,0.00039209504557716625
AKAP7,6.876808401996939,1.0294633793380919e-08
ZMAT1,9.883490093874617,2.966217086784555e-13
SLC27A4,-5.192033823435554,3.991158868170909e-06
DMD,2.1500377703571427,0.03651441415142575
KLHL41,10.601696222993924,2.792489183127588e-14
FIGNL1,-8.813486531245736,1.120133754183132e-11
CRIP1,7.558360118601457,9.098565942533106e-10
IFT88,9.256480036989881,2.453446875245146e-12
CKMT1A,-7.970537233066515,2.119370824466834e-10
PAIP2,8.979325540306686,6.3293117033021e-12
SLC25A39,-12.233094707357358,1.659948920638768e-16
RSPH1,4.508739623181207,4.072488255456143e-05
S1PR1,16.642574391618247,8.419446396743012e-22
EIF5B,-7.960972154630611,2.1919873972511692e-10
FSIP1,3.6376528257989587,0.000660484542781447
ALG10,-7.095771690179493,4.714821839206443e-09
CAMK2A,8.047174420474462,1.6183815516165868e-10
PAPD7,-5.255741284756838,3.200270213423512e-06
PPP1R3D,-3.8464715446196798,0.0003464743323341525
NEK9,5.8209461333555845,4.412056129912736e-07
PRUNE,-4.092278319562421,0.0001589708339800871
RP11-87C12.2,-4.263707943896254,9.128958800511499e-05
APOC2,6.327500724864105,7.304543014202994e-08
POLR3E,-4.7203802569967825,2.0037309508220717e-05
LRRC70,9.859701964341467,3.211116533084698e-13
ULK3,-4.5725389528721925,3.2921943960740044e-05
PKHD1L1,5.98605181075299,2.45911751351802e-07
PPAPDC1A,-5.285460025612696,2.88640135256331e-06
SLC15A3,11.726850793268197,7.850697714014744e-16
RRP1B,-7.8351157226959245,3.4166663233043233e-10
UBA7,13.626023927751094,2.7347938019442907e-18
SYNPO2,2.7364756706430393,0.008626568816731899
UHRF1BP1L,6.489833200858557,4.095315827025566e-08
MPND,3.7243292541068507,0.0005063101739328271
PTPLB,-3.367931230535691,0.0014817234417341379
SH3GLB2,4.531463846613215,3.775782334700266e-05
HPGD,10.000362782752392,2.010740399737024e-13
WSB1,11.04182980534065,6.774505218988396e-15
CASKIN2,12.313113103077104,1.302404286519562e-16
RB1,2.4910368065555124,0.016173217160810407
EPO,-3.1778542869081647,0.0025696296312941276
DGCR6L,-3.74176173278512,0.0004797875103254602
WDR16,4.968294411789758,8.62413037527614e-06
HYAL2,14.109050599966022,6.970681938161115e-19
HIP1R,-2.8601405267368247,0.006206490073123576
TTI2,-4.110223029840887,0.00015006595722407402
REEP5,6.094035984743097,1.6762010841062168e-07
STK19,2.6992013221894826,0.009511194336367945
SHH,7.521718819168193,1.0361583990996805e-09
DNAAF2,-4.707319135282236,2.0939987578752765e-05
RAVER2,2.9300909873064156,0.0051335108883138756
FRZB,5.492311545139484,1.402509574514519e-06
YBX3,-4.931153639663408,9.792567832493467e-06
BOLL,-4.478028515980021,4.509944796139659e-05
SPICE1,-7.925737768110201,2.48174675702655e-10
AKTIP,15.043827109449872,5.3612247203273873e-20
SLFN14,7.129123473372643,4.186442537268022e-09
DSG1,-2.1179249231556576,0.039278757954386706
MANBA,3.8744266597653088,0.0003174228553888703
KCNG1,-6.4417782722724,4.860826861760797e-08
TBC1D2B,10.421155333339575,5.027702555248322e-14
TMEM223,-4.861849540857904,1.240401836211252e-05
MAP3K3,19.357107750857207,1.3401037361792695e-24
UTRN,14.71516379762297,1.3055534638027593e-19
RAI2,21.34843267315418,1.8205656046601463e-26
MAGEA1,-3.3406758229408133,0.0016050357217324712
GOT2,-9.365185533349036,1.6955862173736449e-12
SAP130,-6.736987272871921,1.6955246198067942e-08
AIDA,5.755414674419413,5.560938093911599e-07
ESRRA,-2.0441955088863413,0.04632746526493287
KAT2B,17.8467583070544,4.4177552945602683e-23
DISP2,-3.0361074173375338,0.0038319266195463064
SCGN,4.041996477836504,0.00018673812869566265
TFIP11,-3.040401700722911,0.003786358121106067
KIF12,5.8541486921364125,3.923373214588816e-07
GOLGA8I,9.470847267640702,1.1854886407204103e-12
PRKRIP1,-3.425700572732407,0.0012494485887174298
ARG2,-3.7253254823311828,0.0005047572519996036
NIPSNAP1,-9.64765917163788,6.531851557575506e-13
SMG5,-4.514105583443472,4.000434224458927e-05
LPCAT1,14.179416130500117,5.725740910682359e-19
GTPBP10,-4.750294164326525,1.811130428180128e-05
ASCC3,-8.220591882286083,8.805210155312297e-11
SGSM1,7.32349939002579,2.0954930393177274e-09
CMA1,5.794111243296203,4.85084168947761e-07
IDH3B,-3.5982962181068503,0.0007445026618154145
DNASE1L1,3.23556555285138,0.0021778495563248416
NCKAP5L,7.417989133830374,1.4975890687253327e-09
CDX2,-2.697490855623218,0.009553723058829278
GAS7,10.4546891722207,4.506113655098688e-14
OR10H1,-3.129860229700506,0.002945103736333981
C14orf80,-5.241748571828519,3.3595040819424284e-06
TMEM132A,-11.338328560603015,2.645718691798504e-15
MPP4,-2.881969682813138,0.005851136523204701
SNRNP25,-6.710729861624968,1.8620882798657368e-08
ZDHHC3,6.120693250182237,1.524724895684908e-07
OR52N4,8.692523932616409,1.7015187451954155e-11
UBL4A,-5.181434068476206,4.140295801210742e-06
HIST1H3E,-3.666657755071534,0.0006044625232826657
CNNM1,-6.683251395521782,2.0539428763200502e-08
CYB5D2,8.876099288277343,9.026717459013135e-12
AC011997.1,-3.500706956505711,0.0009992093727900914
MARCH6,-5.572657780482874,1.0581485711217601e-06
ZNF850,-3.638461800206631,0.0006588566959736232
LAMTOR1,5.235323195129468,3.435221526895429e-06
KPNA3,3.2372398525958723,0.002167372818911622
WFDC13,7.7790925160468465,4.1643977085541996e-10
RND1,5.825928407759587,4.335042150545612e-07
APOPT1,-4.9820797215314485,8.226330480506519e-06
SUMO1,-2.259616024966456,0.02832633528191026
KIAA0195,2.8946220035672927,0.00565391949390839
LYVE1,10.966269317274724,8.624208659603974e-15
ME3,6.909751785750356,9.15303212220677e-09
ARL2,4.748081037229415,1.824734440975668e-05
ACRC,4.562220033196783,3.407650705811506e-05
TOR4A,8.133301123797189,1.195840901321102e-10
ATXN7,9.402102982555268,1.4960813598673442e-12
EPRS,-9.437336858056245,1.3277947301779457e-12
EIF4G1,-11.677071543179256,9.163028861517138e-16
NR0B2,13.227693880848978,8.628748813289894e-18
PSMC4,-6.31618430101823,7.60501267851334e-08
HTRA4,2.541045063890183,0.014268795553885978
RASSF4,4.745252715560626,1.8422660864994243e-05
MARCO,13.585436005831543,3.0716980096026218e-18
TMPRSS13,-6.406034878379532,5.5214284380034486e-08
PKN3,5.761862042515805,5.435839013304572e-07
SLCO1B1,-4.6665103538509785,2.4025045861154986e-05
GPD1L,17.896788656411058,3.921012102292067e-23
JOSD1,-2.3200063609996318,0.024548881856071264
PCMTD1,7.870447470468717,3.016072568601244e-10
POP5,-3.4545265650125914,0.0011469315762666847
DBT,-2.1757475073798322,0.034425915930345545
KLHL6,6.53493268838839,3.486779692992943e-08
FBXO21,3.6445941658390266,0.0006466413589773527
LRRC37A2,2.148186072731417,0.03666904399928375
CD226,8.663157358843224,1.883683078042891e-11
UBE2F-SCLY,-2.985281456146293,0.004411718540975749
CD44,-2.2216092940506815,0.030960517440844677
USP25,10.11235637233998,1.387471914810363e-13
NKX1-2,-3.7622256770045697,0.00045035514886007113
C4orf33,9.489110107272262,1.1145218579218187e-12
MFSD6,3.737733532767153,0.00048579494110363686
BPIFB4,-2.241053364562025,0.029586952845046584
PAN3,3.609061776213371,0.0007205556442638089
NDUFB9,-5.793840547035419,4.855481828412017e-07
C1orf192,5.116144085505767,5.187998502416471e-06
KIAA1009,3.085972360894068,0.003333077708534786
TTLL12,-12.863632973427345,2.5097675370136073e-17
LIMCH1,16.659591869009454,8.06747440394302e-22
SFXN3,11.549824537403476,1.362297130352764e-15
CLP1,-3.4452819909426284,0.0011789032006375572
COMMD10,5.480706021762635,1.4606748623237592e-06
RSPH4A,5.5432298164748275,1.1732718150927838e-06
FOPNL,-4.231314749504566,0.00010144494022296283
OVCH1-AS1,4.228556541537005,0.00010235872206782248
GSTA5,3.4238175627032876,0.0012564402570960991
ZNF565,-2.2316870910459987,0.0302417142702593
AC073333.1,-3.41967145205223,0.0012719663254916445
GTF2IRD2B,8.93664181670905,7.329091347773182e-12
DDX52,-6.630813493363893,2.4766027308442148e-08
HBG1,3.589549884614313,0.0007645170155612508
KIAA1614,2.871214039963073,0.006023795363840114
RSBN1,7.3252356341150415,2.0825912742012293e-09
MSL1,-2.670720665031685,0.01024250343316064
FGD4,13.121422025082998,1.1763791145554717e-17
TPX2,-10.275790310696303,8.095926224568194e-14
AXL,9.064742395297353,4.722135625401452e-12
TSPAN6,-5.39205277817874,1.991268383224043e-06
SULT1A4,10.955648195128644,8.922398182922077e-15
TMEM216,-5.860881674866134,3.8310411547409634e-07
FANCI,-12.771244649782071,3.299646350488391e-17
RHBDD2,6.131498181233408,1.4672832983389358e-07
PKDCC,8.268458941616105,7.446538611606298e-11
C10orf25,12.901366077008525,2.245098517341635e-17
USP2,4.256040593016488,9.360001872426897e-05
KIF2A,-6.033494233890905,2.078190280931067e-07
INHBC,-3.704117921289786,0.000538824676971188
FGFR1OP,-6.498471155960766,3.9710711667220453e-08
TBKBP1,4.457163575835417,4.833005919622944e-05
ARHGEF5,-7.049113930773806,5.56800123215381e-09
ARL2BP,3.5270969044143645,0.0009231348473936478
RCVRN,3.9465133801587036,0.0002529425481926576
SLC26A8,3.5647191303241965,0.0008241813085365582
WDR13,7.348673661799919,1.916026587312449e-09
NMB,-3.590661333714218,0.0007619454096858421
SMIM15,-2.989347020520993,0.00436248322052159
SSBP1,-9.640731329113041,6.685746013854902e-13
PTPN12,4.060807975564889,0.00017583968858246083
PAG1,11.534726127183664,1.4281315506760397e-15
ARTN,-8.792402387187739,1.2046847101794189e-11
PPP5D1,11.683025362347616,8.995029633550161e-16
TMEM213,5.867890213924578,3.737223980761163e-07
LRRC3,2.012404975934606,0.04969065015604453
IDS,7.749072038869625,4.630666853396686e-10
SMARCB1,-10.170831135155332,1.1438118221359858e-13
PEX6,-2.9106018518504433,0.00541366520002712
TWF2,10.586118065215668,2.9373615704769505e-14
PON3,6.0346256706333685,2.069862021156345e-07
DSE,-2.294055620461642,0.02611328969698103
MYO7A,-3.438702443394964,0.0012021730554857446
C7orf49,-3.5444743442637288,0.0008760953574074449
UBE2W,-3.0623809432798548,0.003560968608396418
CELSR3,-5.51657265018744,1.2882251639025751e-06
AP003068.6,-3.0607114469221606,0.0035776372329830272
CTNNBIP1,-4.017839280899624,0.00020169639268243595
COMMD2,-6.1353094536217005,1.4475401968846583e-07
HPR,5.464438668088282,1.5462460734840879e-06
KIAA1598,8.276874647881227,7.230461977360346e-11
FAM203A,-6.638388256757545,2.410557410139092e-08
CLPP,-3.4651015554564153,0.001111371636103317
FAM76A,7.77302501363425,4.2546702145290893e-10
S100A14,-4.270912136468764,8.91693529791498e-05
ALG14,2.5587486499076344,0.013645056481550096
RBBP8,-5.184777127274353,4.092675098764839e-06
EAF1,6.82725784939712,1.2285654360952159e-08
ABHD8,2.5341616503708675,0.014518234991303915
TMED3,-5.6373050920863745,8.430944590431838e-07
NEGR1,11.971978214175053,3.68437492201328e-16
FADS6,-3.8760865003955116,0.00031577391011868537
CCDC19,5.034470214197481,6.872706479253792e-06
ADRA1A,9.816154785220286,3.7136583450562964e-13
SLC45A3,4.491710161296231,4.309663520721988e-05
NECAB3,7.425944439400078,1.4558509785608578e-09
SART1,-2.3224535777826505,0.02440576183612605
PLK1,-13.598636076072983,2.9577402874310097e-18
RPL6,-4.147943276160373,0.00013289743134433572
ZNF787,-3.3362373051417236,0.001626016711366421
RAP1B,4.5451241009130054,3.6077102338537066e-05
LANCL1,-2.2103228525317618,0.03178343498581677
XRCC5,-4.613258987930256,2.8728070967820908e-05
GPR180,-3.1890161590405253,0.0024890176818768675
CYP26A1,-4.092257856538693,0.00015898127527039853
ZNF326,-8.555165469271097,2.73993777740529e-11
POU3F2,-3.0498064471745026,0.0036883272968090894
SNTN,5.06622717236974,6.161678529441064e-06
DYDC1,3.8576193803024528,0.0003345944685194445
ZKSCAN1,-4.78280600585118,1.622388962325423e-05
C20orf85,5.259665807641915,3.156964932085845e-06
NXPH3,12.972097078878788,1.8227400395023185e-17
SGPL1,-10.424690554761737,4.969950254391728e-14
SLC52A1,-4.599053724807745,3.012800394359402e-05
SERP2,9.385691557342154,1.5816654080289089e-12
LGALS7,-3.0997510556916454,0.0032063838155899005
SMARCA2,5.589462041080698,9.975086386050799e-07
LRRC26,2.081080614769586,0.04267448340053851
TUSC5,3.37304953310754,0.001459593100659115
RHBDL3,-2.9578831274261157,0.004757296172342284
NXPH4,-8.550446616096256,2.7852366527981063e-11
PCDHGA8,4.67574436327204,2.3290155911820403e-05
FAM186B,-4.206160265286554,0.00011008082394862035
NECAP2,12.12898549296047,2.2787519419371217e-16
DUSP12,-4.767637505814707,1.707912997681934e-05
RIPK3,14.443035354748957,2.754489486756251e-19
EEF1E1,-4.505655355749787,4.1144763616503266e-05
PLA2G12B,9.02514601220827,5.408438452445807e-12
POLD4,4.618405902519302,2.8236730310005804e-05
UPK1B,-4.236449304442937,9.976497020013283e-05
NDE1,-11.356278253446964,2.5002352845213293e-15
ZNF276,2.017078864023425,0.0491833190691824
METTL12,-4.28674270557707,8.467733639444476e-05
CACNA1D,15.747034793766725,8.32709763584873e-21
MC4R,-2.135965160875591,0.037704069776379995
OSGIN1,-2.702340243230037,0.009433601146702745
FLNB,-2.4040417628339905,0.0200415148599557
CCDC28B,-2.5110907515428837,0.015383437470115316
CLTCL1,-6.243598854990731,9.847947056227752e-08
NFIA,3.2904739475857383,0.00185805248206157
HNRNPA2B1,-8.115728915097584,1.2719340773312096e-10
SAAL1,-9.298580038909956,2.1260221680937385e-12
CLCC1,4.3822067866837795,6.1909148958106e-05
C12orf4,-3.4406439003521716,0.0011952616230638754
GALNT5,9.60016498022984,7.663344936344433e-13
SEPT2,3.5281887689784592,0.0009201095943414577
MGAT1,7.985443518917818,2.010996217214689e-10
PSMA7,-6.8061019340130615,1.3249073553664034e-08
PCDHA12,13.779010920936368,1.7682693777546335e-18
PTCHD2,-2.785804014698762,0.007572271516899969
NUP62CL,-4.879652626119822,1.1674210686309472e-05
TMEM200C,-3.3204757368393913,0.001702643225854067
CRIPT,-6.649494900734192,2.316886804141029e-08
MYO1E,-4.686445968177885,2.2466009865096483e-05
PCDP1,14.578818357301861,1.8957157172967052e-19
ZSWIM1,-4.156969915112121,0.0001290807691705264
ATG9A,-3.0002515929158746,0.004232948527231611
WDR38,4.782886666852727,1.621945608887922e-05
HOXD1,5.919194986836492,3.116578909398783e-07
KDM4C,6.233010172592507,1.0226164027179958e-07
MRPS24,-6.223272700969293,1.0586742110482252e-07
C9orf153,5.160595825880802,4.449703902390393e-06
DUSP1,12.800489989140956,3.0255171438197694e-17
SAMM50,-5.419048072969534,1.8121550447467938e-06
IQGAP3,-9.791247698823256,4.036101936456309e-13
AKT2,-3.9617645201644103,0.00024102363880906406
PDLIM5,-2.885000304765941,0.005803323176109726
LMNB1,-7.844982130653498,3.29970131101339e-10
KLHL18,5.681672781373296,7.211950002957001e-07
PCYOX1,9.223025823211133,2.749599486475272e-12
APC,7.818466775130222,3.623565506320336e-10
GPATCH1,-3.2682872261818168,0.0019815181041065713
IDE,-5.642332441843916,8.283145494284005e-07
NME5,7.377675034589836,1.7282990576123068e-09
C11orf21,13.25009074622845,8.084624573041886e-18
GANC,13.897030924254977,1.2656551292847977e-18
TBC1D15,7.349122289953521,1.912972241852555e-09
GRIN2D,-4.175056603967088,0.00012175098292877118
HPCA,-2.821658996375814,0.006882099562548968
AQP6,-2.1847439328716067,0.03372034868478069
TMEM30A,8.305515307997926,6.541281801634215e-11
UBAC1,-6.534605909630229,3.490846624356244e-08
PANK2,-4.315462153874667,7.708390631389787e-05
COL4A4,15.256891066401884,3.0311973491794604e-20
LSM3,2.3525445075753733,0.022705927145985967
MARS,-8.496178664558153,3.363739556276033e-11
NEU1,2.8244876291970726,0.006830207933163134
IRF3,-4.379980400608092,6.236474158112648e-05
DCAF6,-2.6597605161122724,0.010537422860057153
USP47,5.409731832508872,1.8720894321170126e-06
DBN1,-6.0677078522255234,1.8405037912119028e-07
CTD-2369P2.12,-5.773292568927805,5.220882428899135e-07
VAMP7,3.3202788946302246,0.0017036214931495596
FANCD2,-11.377046994143843,2.3419784856453913e-15
PREPL,3.527492760441283,0.0009220369445945701
TGM6,-2.624653795243626,0.011535259553418619
PRR15L,10.431349544488722,4.862983261456203e-14
ERV3-1,-2.231862463854444,0.030229337651305307
TBC1D3F,-3.1822371207951354,0.002537687377050738
POLA2,-8.738464291769148,1.4514685685797179e-11
SHISA4,4.958773549808913,8.909868051022085e-06
TTC37,6.699108125421312,1.9409420755553677e-08
DIO1,3.8722690720042063,0.0003195786990661359
MSMO1,5.55293026465329,1.1340140535517097e-06
GNRH1,3.404145415086665,0.0013317440190093659
H1FX,-5.287314130717922,2.86786065576256e-06
IMPDH1,-2.5302606154647354,0.014661352776383097
ARHGAP20,10.990600861026618,7.978555176028116e-15
LCE2D,-2.8367805344138297,0.006608875023192667
PRKAR2A,8.408156420062195,4.570896676826188e-11
LTBP4,9.339026053765835,1.853027356611757e-12
HIST1H4E,-5.3386476414015265,2.398781254786509e-06
CETP,5.614052501901085,9.149301322984803e-07
IL33,11.58567887954508,1.2180077964160827e-15
RABEP2,-2.4113250106452537,0.01968829271688795
RP3-369A17.5,6.851949522229116,1.1249495409704456e-08
KIF21A,-4.098808705703875,0.00015567244006442529
ZNF93,-5.475460372328448,1.487743295763586e-06
PRKG2,4.00865768160632,0.00020768059228079281
MON1A,6.576761945982219,3.003415377167825e-08
POLR3B,-2.6834315694955118,0.009909968113756032
LILRA2,10.164546028447946,1.1677787930600696e-13
PCDH9,10.609679066508768,2.7210745747709667e-14
FRMD4B,9.803479814926865,3.874356308987475e-13
MRPL50,-2.5922175767436166,0.012533250935071294
WDR25,7.735834798841904,4.852600514493753e-10
CDK5RAP3,-2.9230140283537898,0.00523364232759821
C5orf49,5.9259428612929135,3.042975778529425e-07
ANXA8L2,-2.1598062827964757,0.035708117959767006
C12orf65,-2.402864087277946,0.020099162054199395
RGS22,7.355860548958764,1.8676801065356474e-09
DCDC1,3.0537395826184923,0.0036480395339499455
BCAP31,-4.116323429050022,0.00014715039049586232
MAT2A,4.55442113898477,3.497530766332494e-05
MAGEB16,-2.0774400846026246,0.04302351240174366
CTD-2260A17.2,2.293490023065114,0.026148353597837157
NDUFA5,5.112561519330325,5.252511096587371e-06
TREM1,11.118910725502172,5.299713690616116e-15
PUSL1,-5.736979571288494,5.934630198574911e-07
PTGES3,-8.24233993760983,8.159440374115284e-11
SFTPD,16.782748322946674,5.928128604324197e-22
IQSEC3,8.634734359198196,2.0787060676155213e-11
ZNF483,7.2196336802265035,3.03267263269745e-09
LAGE3,-5.898751915431613,3.3505436630730983e-07
ATP13A3,-7.322290213430574,2.104525574126387e-09
KRTAP5-6,-3.116656561880649,0.003057116686279476
MS4A7,14.21956414240349,5.119150172660848e-19
KCNB1,5.377035055209409,2.0983818881139806e-06
HLA-DMB,12.113673103471058,2.387738805790105e-16
TYMS,-8.587907263810385,2.4454172784570486e-11
CEL,-4.002860105260985,0.00021154734279781376
PLEKHA8,-6.6339658901486365,2.4488996754613365e-08
GBX2,-4.802331626912188,1.5184658388390745e-05
CATSPERD,5.158826136257415,4.477008234608394e-06
DIAPH2,2.848641931204823,0.0064016292098385205
NXF1,3.5728844176888037,0.0008040864775670875
RP11-514P8.7,6.629909088949956,2.48460823946771e-08
FANCC,-4.494681629460585,4.267328213108096e-05
CMTM5,6.647781512075163,2.331096139978402e-08
CLCF1,2.5050607286980453,0.015617157745599982
PRKCSH,-8.453236656153425,3.9062283370006126e-11
ATXN1,3.789348436948105,0.0004140111697813304
WHAMM,5.599979735314303,9.61320985357758e-07
F2R,2.8709114496549497,0.00602872053752823
SLC25A4,9.64697953283175,6.546789345325493e-13
ATG16L2,7.740279295283511,4.776917689159984e-10
DNAH12,5.220663945762706,3.6143352399379754e-06
ZNF730,-2.3517181473091995,0.02275115503996974
SLC25A38,9.788671265257157,4.0710309234150506e-13
FOXF1,13.867348831738736,1.3764846649107845e-18
CCDC18,-5.451382459457333,1.6185013520439306e-06
NPB,-2.232260651543602,0.03020125292964955
CCDC78,3.8651827706948807,0.0003267590812868108
OR56B4,-4.938787038484355,9.540352737568743e-06
BAZ1A,-3.3281922187650883,0.0016647106921008064
OTUD1,12.388482864076236,1.0371570365031561e-16
SKA3,-12.718047626516649,3.864616167723579e-17
GSTM3,-2.6526139592219935,0.010733896770582306
RPE,-7.659346719731372,6.361198024581965e-10
LUZP1,2.3004839153957097,0.025717705039024163
DAB2IP,5.021437256540143,7.187379847121134e-06
DDC8,3.1568959766293134,0.002727681355996522
PCGF6,-5.958309519717823,2.713269690739329e-07
PNCK,-6.753996567195471,1.5956642363604417e-08
ZNF217,-7.955649028968621,2.233478085703102e-10
MFAP3L,4.407773602841466,5.690453396578148e-05
ITPKC,3.782479702260011,0.0004229387548911598
TSPAN2,6.449182542775242,4.73417744054185e-08
CENPA,-14.260655924177593,4.565714619557211e-19
RDM1,-8.312447811271905,6.384652413788106e-11
DEPDC5,-3.903051409174928,0.000290115947878117
ZNF692,-7.103931827464168,4.579671441079988e-09
CCDC33,3.989280496625296,0.00022087902477990122
CNPPD1,12.224120748652274,1.705814524724148e-16
FMO2,12.712211271347678,3.932298242618426e-17
FIGLA,3.173911664897662,0.002598686976695932
KCNN1,-3.1756442179068625,0.002585880035293369
KLHL33,7.7578095836267575,4.4897905663509775e-10
FIBP,-6.61390790693987,2.630599850839076e-08
FLRT3,12.13622516978787,2.228992727573852e-16
TMEM2,8.494031290284683,3.388971079955892e-11
TMEM239,-2.664232829933489,0.01041615240741065
HBA2,6.181975431660623,1.2262222728513292e-07
CLUL1,3.0460577488854046,0.003727113529415964
CCDC174,6.170427387956796,1.2776320035933082e-07
CALCOCO1,18.907816976752457,3.707096418037771e-24
TSPYL5,-2.9296115924062893,0.005140237072261389
KLHL15,3.30792669074717,0.0017660863462058895
RHOH,3.321861936762929,0.001695769145856725
CTAGE6,-3.119507835521641,0.0030325941950198002
GGACT,-3.961797161476103,0.0002409987211420768
ZNF426,2.501792686107459,0.01574516635489344
C6orf141,-2.6475515838362673,0.010875097163494427
IQGAP2,9.864057216207797,3.1647983317426695e-13
COQ5,-2.323548165574437,0.024341988886129633
UBE2R2,-3.8563199378178554,0.00033595875134917566
CYP1A1,2.044050286600486,0.04634236814453798
AMZ2,-7.205218102131085,3.192415128247578e-09
SLC25A40,-6.454623418771637,4.643216344857187e-08
COX7B,-2.6676036167217725,0.01032559805684388
ATXN2,5.849398985128811,3.989834943598286e-07
RAB2B,7.908963339278997,2.6329362687395193e-10
MPPE1,10.846101738748027,1.2679558120900821e-14
TRAF3,-5.429074892420973,1.7497702410521956e-06
CEP63,-3.616427703295419,0.0007045975763051964
CRYM,10.438227821157465,4.7549378156229556e-14
CDRT4,3.2803030551315495,0.0019137196109887428
SOD1,-4.924130959748765,1.0030392513678053e-05
LRRC25,11.951814531884382,3.919782900999887e-16
DNPH1,-5.410932261129499,1.8642579329555971e-06
PROX2,3.825053020922939,0.00037045018070128985
FAM117B,-5.931326030089575,2.9855000107072607e-07
LMOD3,11.80891850579954,6.088882414664279e-16
FGGY,6.642277354985826,2.3773347634004e-08
HSP90B1,-9.106789342615384,4.089170274967068e-12
CCDC14,-3.1393640435854784,0.0028668796998766737
FP15737,4.352799626301921,6.819741335388228e-05
CRBN,12.5242772158947,6.893721260358393e-17
HPSE,-5.569592217379947,1.0695986858894857e-06
POU4F1,-3.6076780318130632,0.0007235918428541653
ITPR2,3.339624533190332,0.0016099818612668243
GDPD5,6.539127108259363,3.434996257426751e-08
WFS1,14.72246846936899,1.279804910152007e-19
CDC73,-4.006927661119052,0.00020882722896760716
TAF6,-5.776720174378624,5.158085609278468e-07
BEST2,-2.8994257681099143,0.005580673282075309
STOML1,2.8890960403635195,0.0057392825267328414
AKAP13,14.52956650194169,2.1703062837678474e-19
RNF26,-7.208329420454494,3.1572388378152493e-09
PSD3,-6.482741517932489,4.200215584418111e-08
SCGB1A1,4.838053228085453,1.3449941108195044e-05
TRPV4,-7.2607043297361855,2.6201458827639336e-09
CHST6,-2.417470974459565,0.01939459659095464
KRT7,4.625483721419483,2.7574478240144223e-05
FAM187B,5.229958491541668,3.499729211729133e-06
FCGR1A,10.631550057093126,2.534738428056034e-14
DNAJC4,2.9252539418548236,0.005201754903329163
CACNA1C,5.289218587329715,2.848939003099069e-06
HORMAD1,-6.0128908049370065,2.2358163025329825e-07
FAM217B,-3.533071024807789,0.0009066976487467645
STC2,-4.279068365861681,8.682675627998366e-05
EMCN,16.424873990756485,1.4578869870602551e-21
MIA2,11.063344915229987,6.325324352928271e-15
NTRK2,-4.9959277039653225,7.844925089718306e-06
RP11-1220K2.2,-2.088798769777879,0.04194267305784835
C11orf73,-5.016713545935711,7.304901088519514e-06
RAB7A,-3.2632858890813625,0.0020104021970293643
RANGRF,7.737906930738863,4.817166589355155e-10
SERF1A,4.294309169281024,8.260888759968518e-05
ZC3H12C,5.665246792268634,7.641388866445089e-07
SAP30,-2.857000864438677,0.00625921726836912
EN2,-4.816737030428955,1.4460138291165115e-05
CLDN20,-2.803748904070858,0.007219225907153883
TACC1,14.074524211059932,7.678844474947617e-19
CCHCR1,-6.2558580609280785,9.427446995576472e-08
GPR34,8.46887083090401,3.699202251955287e-11
BMX,4.625238440838168,2.7597171865888864e-05
NPIPB11,-4.6689305623943245,2.3830264028598156e-05
ZNF407,3.3066179452324937,0.0017728303309308985
PM20D2,-6.8836368400003405,1.004684686934617e-08
TAF6L,-4.868566062412758,1.2123562907604395e-05
CEP78,-8.898134863999084,8.367190120725056e-12
LHX4,-2.103740377971935,0.0405570204388953
AURKB,-13.17283658173183,1.0123960439070345e-17
CASP8,3.8115515757661176,0.00038637662596799056
PRB2,-2.5617082020943127,0.013543239693151483
MIOX,-4.037234084091473,0.00018959935240816402
RFFL,-2.8266976017855123,0.006789918093107766
MPP2,-4.710882652549063,2.0689823722176228e-05
CENPP,-6.99319566815664,6.796677917932426e-09
TRIAP1,-3.5993031576969727,0.0007422309197867909
CACNA1I,-2.5492536256274136,0.013976433365183349
UBE2M,-6.645717500727303,2.348328939891736e-08
GLIPR2,18.102492572801605,2.4072766518355963e-23
DDX31,-3.7739134768211104,0.00043433240552430007
JPH3,-2.713788587112616,0.009155507470017728
METTL13,-5.640443790895792,8.338366099770767e-07
CABIN1,6.649553723671892,2.3164005186105473e-08
UNC93B1,8.983775257816811,6.233344649596429e-12
PCSK1,-6.813984713920419,1.2881567941494938e-08
TEKT4,4.319497332027156,7.607162613604945e-05
FMO6P,-3.3517192320946463,0.0015539420104781056
TAGLN2,2.717897792971493,0.009057543327961208
GOLGA8M,7.007791372353792,6.451944581212265e-09
ARHGEF1,5.50160666122442,1.3575832966532986e-06
NOL9,-2.3438248464484275,0.02318724933712121
NAT2,6.456106797278747,4.618721182527108e-08
SLC25A32,-2.265927175287824,0.0279087302549988
UNC13D,10.311140145991574,7.208573681631437e-14
YWHAZ,-9.817789750579902,3.69342601679207e-13
SLC4A2,4.487773160808252,4.3663877553354655e-05
XG,-5.466955966501151,1.532686785817063e-06
ATP5G2,-3.870920641144105,0.0003209332035710266
TATDN1,-6.875845763095508,1.0330054003740394e-08
WDR43,-9.530468013341839,9.69254378201657e-13
TIMM17B,-5.647886856661525,8.12283835543514e-07
DNAJB7,-2.1903133869247386,0.033289966021709735
C6orf62,7.015400433150734,6.2792283641956836e-09
MEIOB,-2.8573427459621827,0.006253455644124313
SPR,-3.7834175925166837,0.0004217089092033202
ABI2,-2.352165463493334,0.02272666277106417
TBC1D5,6.905766067511363,9.284116605790641e-09
AMH,-3.863595535468852,0.0003283885855946782
IRS1,-3.0014136007580507,0.004219359118696465
DOCK7,-5.6335955225661305,8.541676735175883e-07
SAV1,2.2636710419173114,0.028057384820259133
TIMP3,13.234075951117392,8.470016709863903e-18
CD5L,9.958552083602815,2.310357052191693e-13
PSMD10,-6.199664009283463,1.1514449427696775e-07
ME1,-4.1529990120315805,0.00013074645950524922
SLC16A6,7.460267139611859,1.2887476078846155e-09
IL36B,-2.1769840961650906,0.03432816888094652
OVOL2,-3.4135484726957555,0.001295229421052532
SNX30,14.238679823457511,4.853686241699381e-19
DQX1,-9.743488937549925,4.735725890674299e-13
GDF9,-2.9664061468500384,0.0046471776723503765
EIF2S3,-6.29469485158677,8.209934778840247e-08
GPR56,-8.21418602720729,9.005053730246341e-11
MPHOSPH9,-8.812564557722748,1.1237027873134031e-11
C19orf24,-5.917349488121889,3.137015367595588e-07
CHRNA2,8.808047126419018,1.141356541598414e-11
C12orf36,-3.2213028504712073,0.0022690565007454614
IFNE,-4.560649688490508,3.4255648496155426e-05
LDLRAD3,-3.0526268130593657,0.0036593957870114345
C2orf44,-8.218248050537103,8.877807610389748e-11
OR5M11,-4.136498599492666,0.00013789425547177772
C1orf127,7.473898416095916,1.2278506298202247e-09
SLC1A7,11.049753901147547,6.605429560624056e-15
RORC,12.972442958566191,1.8208862167341328e-17
WDR35,4.071408387748846,0.00016997253197854366
SNX16,-4.650873644389024,2.5321656046790217e-05
SLC20A2,-4.9069252874102105,1.0637347122025405e-05
RXRB,3.894958406953828,0.0002975975073631037
TPTE2,-2.5169573957691997,0.015159099673067175
FCGR3B,6.85481434771745,1.1135083849013818e-08
CYB5D1,6.995073951537542,6.751301137587564e-09
MDFIC,6.30838526775564,7.819234478549814e-08
ROR1,18.41085037039709,1.1675156438138832e-23
TMEM126B,5.627726859269589,8.719812094776254e-07
COX7B2,-2.807857026779347,0.007140574275982116
ARF5,-7.271316162143335,2.523029660739445e-09
THRA,10.126026698615409,1.326175180145411e-13
DCT,2.1433789475057017,0.03707315973537094
KLC3,-9.654958154925037,6.373581198875813e-13
CD101,7.5361625013481675,9.84394857696103e-10
TCF21,17.910811592048734,3.792254693613546e-23
RGL2,4.670119884905799,2.3735113747934844e-05
AC016722.1,4.110463438066326,0.00014995000551979132
SLC25A12,-7.181085255700205,3.478942777640611e-09
SRMS,-3.635644575626321,0.0006645422891528432
CRTC3,9.008264335302645,5.730851669118032e-12
CHD4,-6.640305678093773,2.394120234417963e-08
UQCR10,-2.055949022532083,0.045135015839984395
PSEN1,2.5879966620261152,0.01266875980357808
ABCC9,13.196417298838957,9.451421439488581e-18
YPEL1,4.24859732056647,9.589730421927128e-05
HJURP,-10.712993648341847,1.947340559435013e-14
SYT1,-3.553163252700116,0.0008534425586971568
KIR2DL1,6.839178501708947,1.177400831458764e-08
IGSF22,4.819036011990851,1.4347697464693329e-05
PTGFRN,-10.340266489183426,6.551767098458624e-14
SCTR,13.736775379540072,1.9939035264814786e-18
NT5C1B,-5.118571949144201,5.144724005130443e-06
SON,5.39769658894709,1.9524282946911396e-06
PKP2,-3.1745866659875124,0.002593690313779069
RPS19BP1,-2.8330135237358465,0.006675983308652658
CDK8,-4.104636784122411,0.0001527848905106171
PRPH2,4.598270331752941,3.020712125677866e-05
WBP1L,8.659232705054649,1.9094737111240392e-11
CEP57,-2.380005009497992,0.021248050191774025
SIGLEC5,6.420433297563582,5.2451761461751056e-08
KIF20B,-10.481502572504365,4.1286799640901184e-14
XRN2,-4.581685116342073,3.193066649017483e-05
LHX1,-3.216139748369758,0.00230295360555467
NOMO2,-3.1769484937078354,0.002576278160087563
FGFBP1,-4.814085654260584,1.4590889551409173e-05
CLN6,-5.437737622303571,1.6975875158489798e-06
UBE2K,-10.100389037313098,1.4434806949797474e-13
CDC42EP2,6.073355609892837,1.8039585582824517e-07
LIN28A,2.21211219890081,0.03165169408557535
SGOL1,-12.489485731027758,7.652520463917872e-17
IL17F,2.544601933431106,0.014141435348749523
HOXB7,-6.031110936758277,2.0958424912927164e-07
NAP1L4,-7.815542986843272,3.6611789009758904e-10
RP1-102H19.8,5.240087013390582,3.3789245720572206e-06
ZNF879,2.4067071993080487,0.01991159071515427
TCF19,-9.107350964440029,4.0813221980157766e-12
C9orf139,2.720424843141532,0.008997777969995137
PPP2R1A,-3.2996149068628395,0.001809333573585674
NBEA,5.341347232177474,2.3763320007130917e-06
ASH2L,-2.631037190333805,0.011347628654661211
CPXM1,-2.349402258636728,0.022878337169601543
GBGT1,9.112197481311869,4.014225495500715e-12
LOXL2,-4.205816006027953,0.00011020383366241783
STYX,-3.8573700615564737,0.0003348558131341172
LY6G6E,3.4157933276558174,0.0012866539241592693
FAM46D,-3.3810402571099396,0.0014256695869370518
C20orf195,3.744416030769802,0.0004758681328860279
CD200R1,5.6044647674029315,9.462883457247484e-07
FAM216B,5.427886812022351,1.7570497490012907e-06
C21orf2,10.963749640408102,8.694023332320411e-15
MRPL1,-2.292383256679411,0.026217088338820534
NKX2-3,-2.0792089737232553,0.042853614045037965
CLCN4,10.504649241511869,3.828659934843614e-14
PTPN21,13.241853675207135,8.280572311087523e-18
CHCHD3,-4.255893431852463,9.364491517872482e-05
ZNF517,-3.434405310027579,0.001217606045488063
WDR17,5.844922439762738,4.053498166987372e-07
APOBEC3B,-6.941423928891879,8.175123537141429e-09
FHIT,8.420069329455089,4.3849018807977683e-11
CCNB3,2.228133806391598,0.030493449346117946
PRPF38A,-3.682059156209226,0.0005765972523457024
NDEL1,8.074695593564337,1.4691448451954634e-10
XPO1,-9.51114506147748,1.0345802942160539e-12
RELL2,-4.996998356299162,7.816172893724137e-06
SAMD9L,10.041916370742607,1.7518379096118524e-13
ACYP2,6.012105546097549,2.242053736579094e-07
FGFR3,-4.529014211412308,3.8067213227209706e-05
RP11-182J1.16,-2.6376422379957076,0.011156425950423956
SUB1,-7.658810544127281,6.373287970217315e-10
IL34,4.049219702912117,0.00018247810925295827
RALGDS,4.0155806468600295,0.00020315281135565067
LAMB3,-5.284386598098481,2.897189517931897e-06
KDM5A,-4.4579499308482,4.820430492875371e-05
MAP3K15,7.856710577431876,3.1658854755736056e-10
THEG,-3.5394546487513194,0.0008894427841810586
POP4,-2.2760199389399194,0.02725226166277352
MTA1,-5.718709687516993,6.329554656821078e-07
ABCF3,-9.012635002611162,5.645563749860263e-12
POF1B,-3.59561032837911,0.0007505948517117513
KRT6C,-2.6765930847104986,0.010087620322311582
COL17A1,-5.419427394943503,1.8097554035548713e-06
LLGL2,7.3725081149230975,1.760339125975867e-09
CACNA2D2,17.91159186848382,3.785217896499311e-23
GPER1,7.988504566852006,1.989440379736368e-10
KCNV1,-2.033501103925432,0.047436122721813634
RP1-27O5.3,-3.521072199405377,0.0009399991497813937
TCAIM,13.975426291808708,1.0145074059200252e-18
NAT9,-5.760995990339685,5.452479240577636e-07
ESD,5.302643375681874,2.7190134114688503e-06
ZNF366,12.494491054123767,7.538342988867833e-17
FOXO3,3.18984635996921,0.002483118158179609
STK39,-5.579472721109528,1.0331277346727554e-06
ALKBH4,-5.452766379654846,1.6106867795037916e-06
AZI2,9.591735864286582,7.883948699691337e-13
SEMA4B,-8.965848342754496,6.6291645426109335e-12
FKBP9,-2.3108555910205264,0.025090707840972597
HMGA2,-5.847089962332661,4.0225476483655236e-07
HTRA2,-3.6269187064615394,0.0006824522501512319
IFNGR1,7.868989535856629,3.0316285692133963e-10
OR2B11,2.5696767025763716,0.013272531008002447
RP11-683L23.1,-2.8794414347227404,0.005891303780412152
SLC27A5,-4.587516727506928,3.13139420414135e-05
FSCN1,-7.317029683008561,2.1442783878329047e-09
CBX1,-8.349806933237392,5.603311875810771e-11
CSF2RA,7.003721063122341,6.546280606513979e-09
NRL,12.601924420134225,5.46365938192462e-17
KPTN,-5.7558353261501605,5.552689665605047e-07
IL9R,2.7191022260272772,0.00902901277349564
YEATS4,-6.741527785117235,1.668271701428843e-08
MAP1S,4.256844952836091,9.335499160487775e-05
ALAS1,14.385324057323933,3.230725690597454e-19
OLFM4,-3.504109146898704,0.0009890761941784214
TMEM184B,-3.259977636700472,0.002029726580902619
HNRNPH3,-3.3256770609393773,0.0016769857592593255
PUS3,-3.999706648903928,0.00021367972901116834
RELL1,4.479699566377681,4.48500361211725e-05
SMYD4,7.947937925095446,2.2949864027510207e-10
PXDNL,-2.085215348002422,0.04228106902160002
PCNXL3,-8.148039393607055,1.1355618211758633e-10
KRT8,-2.3131685607749874,0.024952756146651562
EGR1,5.306973187109869,2.6783719767750144e-06
RP11-697E2.6,-3.248105862093456,0.0021005286503944904
ADNP2,-5.125953181688218,5.015335115809453e-06
ANP32E,-3.7778409883147552,0.0004290723690462815
NGFR,-3.460988814761119,0.0011250746724386558
KLHL13,-6.945677658275636,8.052010725040051e-09
TUBGCP5,-5.226888348296213,3.5371828087236165e-06
MYCBP2,3.9194784552415673,0.00027548428807783415
SLC2A8,-2.9868095451245784,0.004393152313958484
EDA,4.697012291000789,2.1680360193986073e-05
SYT17,4.3709671605990374,6.424279812161842e-05
IL10RB,5.5560011443452515,1.1218596351940462e-06
STX10,2.6258703298932176,0.011499283824120356
STK38,-4.0823708030760235,0.00016410470935118973
CYB5A,14.88038131736692,8.33293574920805e-20
DIABLO,-8.48212906236282,3.5323186511121826e-11
PPFIBP1,2.9914793211559902,0.004336866039604471
RP11-872D17.8,2.725509004270818,0.008878634522216027
PPP1R8,-3.8102940001490784,0.00038789319829476943
SETD7,2.839515026420018,0.006560552974993165
FBLL1,-2.871255532138339,0.006023120299208898
EMD,-3.06728401418177,0.0035124351987849507
HHAT,-3.4971824670393326,0.001009811215819137
SEPP1,7.619325303167542,7.3300991483714e-10
C12orf44,-3.086979654432282,0.003323658822760085
TMTC3,-9.365693581182269,1.6926660469109968e-12
SLC6A13,14.750067027651957,1.1870901639937572e-19
ARHGAP36,-2.1995431584302256,0.03258739176276898
SLC34A2,19.10004256240538,2.3932872775698233e-24
ARHGEF6,19.73701956134898,5.749452631708415e-25
RAB5B,8.861416659604041,9.495037937005835e-12
POLR1E,-2.7599669831161253,0.0081086655435655
UPF1,-3.3619239081748664,0.001508104125567642
ARHGDIA,3.736303178886429,0.0004879454302036121
SYT2,-3.5031794525399502,0.0009918354439042748
FBL,-5.01754179161733,7.284159169055194e-06
CTC-241N9.1,3.5809235307390543,0.0007847604068245745
GNPAT,-3.4602418056221405,0.001127580806851245
MPDU1,6.858796105252655,1.097799702082365e-08
ZXDC,-3.778021811366534,0.0004288316780865372
SNF8,-6.962716485961453,7.577196814569725e-09
TERF1,-4.687536561076164,2.2383644915624328e-05
WDR75,-11.461952902184201,1.7936521412596684e-15
C4orf48,-3.0760187463999715,0.003427507235428675
PTTG2,2.8026719329041976,0.007239977111466615
SFRP4,-2.336418850150159,0.02360320740707482
NAA35,-5.72033649634202,6.293356035468982e-07
GTF2H4,-8.1589963442428,1.0927377718590454e-10
FLII,3.537311667898361,0.0008951999637370283
C20orf24,-6.566374523188321,3.116810014933507e-08
RFC2,-12.287079011881245,1.409230118357196e-16
EDDM3B,3.5795573229594617,0.0007880131393451933
DDX42,-2.246267884541489,0.029227897049596423
KCNK6,-2.1212998277793034,0.03897986607880656
HTATSF1,-3.77226551258955,0.00043655791666162433
AIM2,-4.367832647827225,6.490876236214525e-05
PI4K2B,2.4954105764554044,0.01599789855424361
SERTAD1,5.880798625926872,3.5703670449863425e-07
SPINK13,2.287946721607331,0.026494233766220895
PQLC1,8.029431326290622,1.7225895951614326e-10
SCD5,3.251921626536789,0.0020775210901271698
AGPAT2,10.10240999481264,1.433864367988862e-13
FAM134B,9.63169604917151,6.891972996870385e-13
HBG2,3.5411018329682946,0.0008850416341809821
MED12L,-2.790580679161552,0.007476769424856267
SERINC5,2.467830501115467,0.017132863283922682
MYLK4,5.306050051493377,2.6869862397870495e-06
SIL1,3.8258496647908578,0.0003695304792978208
HSD17B14,3.610264322661099,0.0007179269371746405
FAM71F1,-2.8925690729672424,0.005685493667402705
RP11-444E17.6,3.356430021546165,0.001532619919494655
GLA,-2.5463894767854667,0.01407782022933275
PTER,3.999071774906944,0.00021411154257145628
DCBLD1,-3.4118951877882893,0.0013015798118937861
FOXO1,6.1104092114588875,1.581476031236691e-07
COL4A3,12.790064717083192,3.1204832304546195e-17
RAET1G,-3.4889895793363954,0.0010348719885816457
CCDC81,5.607102698000352,9.375558165304398e-07
COQ9,-4.032403965005736,0.00019254461248561852
SLC16A1,-8.013764259632957,1.8202035827623171e-10
FBXL5,13.19314440386674,9.541986746656276e-18
NDRG1,-6.03489838591624,2.0678595967877773e-07
MLLT3,4.988582517883493,8.0450069337171e-06
IGF2BP2,-7.011782314732787,6.360770000698477e-09
C19orf12,-2.254383269062551,0.028676781805770334
CYSLTR2,5.2246366221989655,3.5649036763869087e-06
E2F6,-6.948119867381336,7.982168071917907e-09
RARA,16.075340385504525,3.5580748328552195e-21
PLCZ1,-3.389758276328598,0.0013895132796088456
OLFML1,10.815727900292371,1.3981015402319457e-14
NIN,-3.671195885868354,0.0005961203543126588
NDUFAF4,-4.335826167386049,7.210594476698284e-05
AC112721.1,-3.3081097339760053,0.0017651450614060602
EVL,9.898314473723914,2.8232347463167424e-13
LILRB1,8.750483755856338,1.3923930887864667e-11
FOXP3,-4.198475790240333,0.00011285863918453875
KIAA1658,-2.4421245258016233,0.01825574102284452
SCFD2,-3.22645483925745,0.002235702273958304
ISOC2,-4.90827445224647,1.0588475766854874e-05
SLC25A28,2.1897663071464835,0.03333202629384755
CADM4,-8.140655663624385,1.1653689369539017e-10
MPL,9.047919491817536,5.002283278399361e-12
NFE2L2,-3.8421321185107598,0.0003512077791355213
CD3G,4.243935174854799,9.736406649893583e-05
CLIC5,16.74420786404869,6.5270970362257e-22
AIFM3,-3.2145637015633963,0.0023133956174120783
SPRR2G,-2.982613561559926,0.00444430914915252
AP000295.9,4.324657299782939,7.479603087569914e-05
PNRC1,5.7313428028076165,6.053792147104702e-07
RBBP8NL,-6.628060884029869,2.501048494302246e-08
TIAM2,-2.2529083299308317,0.02877625373581061
CORO7,7.4519491059429,1.3273879202135465e-09
AMICA1,18.060297580273666,2.659743539683376e-23
TRIM72,-2.1007570593889437,0.040830447388988146
NNMT,7.69237860578673,5.659135434666243e-10
LRRC59,-5.825194010579776,4.3463096645497626e-07
ADRB1,9.078062811315947,4.511581821489589e-12
PAEP,-3.625764096872255,0.0006848564577830024
IL11,-6.598974493362819,2.774572301267312e-08
UCKL1,-5.440611034637355,1.6806211990709487e-06
CPA3,11.93240240874701,4.1608223856550194e-16
HMBOX1,9.533232881529765,9.602539850284457e-13
ANAPC10,2.3654876320049265,0.02200796460997825
HDHD3,-7.151612432258915,3.864070713295715e-09
MRPL37,-9.079432775985193,4.490471388626336e-12
PIN1,4.178687798956503,0.00012032893408814612
CLDN7,2.6242580705960985,0.011546984212469804
AC009060.1,-2.32666513010611,0.024161202842731853
MKKS,-8.064995406584194,1.5200961026667499e-10
CCDC127,-3.404541889578454,0.0013301848345299348
TSPYL2,11.888032319126559,4.769766582178023e-16
CDK10,2.38451543390721,0.021016794194626025
PHF20L1,-5.488762008107857,1.4200515051676697e-06
RING1,3.9780337698856285,0.00022890791360289964
WNT5A,-4.330185877582375,7.345243995139502e-05
ABCB6,-7.403591119371502,1.5762063815353346e-09
MGAM,4.6968570541363865,2.1691705300629328e-05
RGS5,9.408886434436873,1.4620863286420092e-12
MKL1,2.2167567063268856,0.03131199137821519
RCAN1,4.9889651341205,8.034461559041964e-06
SART3,-5.474167573345845,1.4944903008873104e-06
VPS37D,-3.0711149932222033,0.003474946381115356
ACOT9,5.899698560966697,3.3393337476853103e-07
DGKE,2.2279538708937805,0.030506246218982007
N4BP2L2,11.912186051788014,4.427846319687515e-16
TMTC2,3.865616663499062,0.00032631499248768147
FGD6,-4.950662783502102,9.160622115712561e-06
API5,-4.383187858893844,6.170942094067793e-05
SPINK7,-4.28542365791536,8.504305032493657e-05
TCERG1,-5.38422438154983,2.046411160033411e-06
LIMK2,-5.082619308895482,5.823558964991533e-06
HHLA2,7.007041374321407,6.469224098768841e-09
DISP1,11.524221728050454,1.475827710951451e-15
TM2D2,-2.547905042551519,0.014024088278459875
HPN,11.58283016851043,1.2288830326898674e-15
WISP2,9.457420954388489,1.2405572531607174e-12
CCT7,-10.836272022399347,1.3086738831842924e-14
SLC25A53,11.408565480714943,2.120959550320345e-15
MLEC,-3.302110445599071,0.0017962447253828397
SCO1,-3.572006676000222,0.0008062239225202834
BOLA3,-8.063909103186406,1.5259115953426731e-10
TONSL,-8.893459780485125,8.50293031872149e-12
DACT3,6.598023381843863,2.7840041887983866e-08
SLC5A3,-5.582890716281905,1.0208004375673552e-06
SUPT7L,-5.3446238069395715,2.3493636399633922e-06
TSPAN18,5.359164385964078,2.233291673004675e-06
DCST2,-4.007059425567508,0.00020873968197880196
MAML2,8.398326128814396,4.730345774390179e-11
ADAP2,6.273752454995185,8.845584001821432e-08
DEFA3,2.1695879212714666,0.034916464616765806
TREX1,7.194807504784715,3.3129981947020933e-09
SIPA1L2,-4.176767877760614,0.00012107879152227361
NOXO1,-3.1765877211438043,0.002578930744710115
RYR2,7.9063343054830835,2.657457543453631e-10
MTFR1L,11.855292148622693,5.276402826095083e-16
PDLIM1,6.503695188317128,3.897764877000412e-08
ARID1A,-2.1686001149976093,0.03499570317027777
SCLT1,-5.0890138614363485,5.696677747774648e-06
GPSM3,14.844350600342288,9.187635345578375e-20
PARP12,4.19396635994465,0.00011452031983837103
HEATR1,-11.428239436060077,1.9938305550590646e-15
SLC1A1,16.721597476087833,6.906784951667596e-22
GREM1,-5.73407238542814,5.995794720876759e-07
BIN3,4.965615499689654,8.703604370216654e-06
ST3GAL3,2.088319051175005,0.041987837286970996
RP11-123K3.4,-2.4197907589676686,0.01928477109780658
KRIT1,-2.3512782639317735,0.022775263384066248
HIPK2,2.990543735816266,0.004348088686046024
UBTD1,10.339837216035972,6.560993795438449e-14
PPP1R15A,8.496425296269942,3.360853789073901e-11
SCGB1C1,2.8228241587490386,0.006860680452906766
ZNF184,-2.737647041277628,0.008600038508830817
CYP21A2,5.0087980889980255,7.506087638548555e-06
GEMIN4,-3.9872428158444904,0.00022231320415673118
GLTSCR2,5.950753645637402,2.786907995610472e-07
INO80B,-6.404234705780784,5.556972937607636e-08
SPATS1,4.674140294823233,2.3416214986467296e-05
ZDHHC15,5.693828120081973,6.909663000802236e-07
MED11,12.588132499380777,5.693688451389103e-17
ZNF236,-2.424100610586081,0.019082216033606818
NDUFA4,3.436132958973434,0.001211378727301312
PHF5A,-6.419487619423168,5.262889212934808e-08
WAS,12.724130796645474,3.795329026367545e-17
FOXD4L1,5.210293875624851,3.7465811938968755e-06
HAUS5,-6.0440378927669505,2.0018559534074992e-07
ROBO1,-2.630802884711647,0.011354466073674217
SIRT5,-3.394465720584995,0.0013703540768408452
NFATC1,3.8946691826313873,0.00029786829714052954
CPSF3L,-2.5125575448354818,0.01532706731760837
POMT1,4.684835811533458,2.2588157388963117e-05
ACO2,-3.073624906871646,0.0034505889428582226
MYO3A,-4.3082179141532535,7.89342477072621e-05
TSHR,-3.347337119795257,0.0015740289065829074
MYO1F,15.320566764430719,2.5588488315233112e-20
LIPH,10.488882241005312,4.030529022876568e-14
KIF22,-8.072701071352947,1.4794790576265692e-10
KLHL21,-5.152113582105716,4.582086712104204e-06
TIPARP,6.908517666939987,9.193421261748864e-09
MAP6,9.70571621835329,5.374975235812054e-13
AMTN,-2.367668193072136,0.021892289067271902
EPDR1,12.31178584433348,1.3076463624569554e-16
STX19,3.034234513114712,0.003851961204984443
ZNF318,-3.5988851524337218,0.000743173168967923
TTC34,4.720255391261169,2.004575576215816e-05
PEX1,-2.543875028978833,0.014167379126588334
NASP,-4.591990084157775,3.084877816802307e-05
AGO2,-6.636742254480374,2.4247577748198986e-08
TRIM8,8.642364577371094,2.0244361218132216e-11
SYT7,-5.660851498061544,7.760539799790453e-07
CR1,7.294848176235136,2.320353599219581e-09
SATB1,10.074070703784166,1.5748320698346867e-13
FADS2,-3.0493007826054046,0.003693537043358267
ZNF703,-8.291800799655267,6.862630479906589e-11
CNST,2.8642333429232663,0.006138374467200998
ETV5,3.043172707434438,0.003757223702101594
WDR92,-5.887956699618595,3.481054226866434e-07
RAMP3,10.257789289668956,8.589459403735976e-14
CIDEA,-3.234186929069428,0.0021865120307256697
TK2,16.389035307279258,1.5965737701681455e-21
SOX17,11.763254653186973,7.012987528401042e-16
SLIRP,-5.843113119839376,4.079514975765182e-07
MED14,-7.3869767627567855,1.672086426751418e-09
EPHX1,8.626169715503396,2.1413707821519768e-11
IRX5,3.232206751265451,0.0021990112864676407
TBL1X,-7.409626510247633,1.5427594254825896e-09
SLC25A43,-3.193015244317979,0.0024607206119200923
COPZ1,-6.189836922967464,1.192408871470701e-07
MAP7,-7.972010554458436,2.108402629688761e-10
OTP,-3.035481344422719,0.0038386128828745082
COPS3,-4.241117179846103,9.82611965931415e-05
ISL1,-3.578696521413381,0.0007900691942944832
PTH2R,-4.154610300934583,0.00013006806480953925
ANKRD45,4.1904467547400355,0.00011583375627398056
CLIC2,14.691774607407847,1.3915949949887749e-19
KITLG,4.539504828052725,3.675943151997714e-05
TBC1D3G,-2.5625556650592656,0.013514212300192877
HAP1,-4.410777985555062,5.6343018721472885e-05
CSNK2A1,-11.739671296135024,7.544690195508458e-16
WDR82,4.998003816545575,7.78926593082837e-06
TMEM68,-4.901890589182524,1.0821687835402798e-05
EVPL,-2.0804923707903265,0.04273071248798743
SLC3A1,2.2894501911237892,0.026400022815289696
HEATR5B,5.13587584066698,4.846442267124427e-06
SLC25A30,12.549693347187914,6.388021589923394e-17
TMEM214,-2.827858451925745,0.006768843008770079
SLC35A2,-6.1236756946984,1.5086493650574352e-07
C4B,8.07919654454849,1.4460901128567738e-10
AP1B1,-3.146914265478315,0.0028061330156241076
TNFSF12,24.9579893576828,1.626382979965408e-29
PROCR,2.6341205906645664,0.011258000357579213
C4orf17,-4.003579102720125,0.00021106404285160335
CTAG2,-2.856194389951177,0.006272828052041447
DYRK1A,4.823338059917284,1.4139591705711637e-05
TSNAX,-2.3876522155312716,0.020857302096479152
SLK,4.980663915274397,8.266339007148056e-06
SRSF2,-5.7775012299908335,5.143881246145348e-07
AICDA,2.1112107970083565,0.03987935081295037
RPL3L,-6.3705160941871535,6.266584052060487e-08
HAUS3,-4.194392795798339,0.00011436217007526946
PGM5,17.745035026282245,5.634584214609303e-23
MBNL2,8.124771515470082,1.23218714286103e-10
MAGEA12,-2.8642656119048056,0.006137840190840247
LARP4B,2.951506821615358,0.004841265210040986
GPR115,-6.133415456180767,1.4573181576554498e-07
TUSC1,2.3528678674369217,0.0226882511239693
C17orf50,5.5825295293952255,1.0220961681944432e-06
SYT9,-2.4583106009174243,0.017541216824055825
HSD17B4,17.40425840344759,1.2826317586008557e-22
SLC29A1,2.1573076798054447,0.035912849697797976
VIMP,2.821380666423986,0.006887225238869717
CHML,-3.65626267790509,0.0006239951565791246
CST6,12.67096809073463,4.4461396990396577e-17
S100Z,6.173040771657277,1.2658128523273283e-07
PLA2G4B,-2.944661440978494,0.004932948403013907
AKR1C2,-5.47583125710592,1.485813255055768e-06
RPS6KB2,-5.2553130001012125,3.205031509081608e-06
HOXC11,-5.666784829465071,7.600124765312781e-07
C1orf68,-2.9685463503133045,0.004619902033337346
RFC4,-10.343255110350212,6.487893081484354e-14
RP11-366L20.2,-5.585140171088909,1.0127672640046122e-06
RABL2A,3.5393179515551436,0.0008898089665890145
TMEM123,-4.868068434907722,1.2144126263571024e-05
CTD-2054N24.2,3.0353941363159462,0.003839545104567319
ASPM,-11.169991230763523,4.505833537343385e-15
HSBP1L1,5.734128725120975,5.994603459402902e-07
MICALCL,12.773777487972632,3.2749392163594384e-17
CH25H,5.608350005919718,9.334546368407043e-07
MILR1,7.302375555226577,2.2590331957746125e-09
HOXC10,-4.672779364398712,2.3523690832296054e-05
KLHDC2,6.174942299828551,1.257281630751211e-07
NUDT11,-7.123756840822991,4.267273610197432e-09
NDN,8.933167983810819,7.417155667105129e-12
FAR1,-3.469017979770001,0.001098470629145091
SH2D1B,9.221404227191439,2.764838608827726e-12
ARL10,-3.560275422688803,0.0008353181330811916
RSPO1,9.104296692240998,4.124186629959691e-12
TUBB1,6.252885170271183,9.527745521570068e-08
FAM47A,-2.4300778555394515,0.018804469494049045
TSPAN11,3.0326450495183472,0.003869040696236105
TSPAN12,17.21725368548487,2.024477382082738e-22
METTL16,3.7503249831660628,0.00046725309210651344
UGT1A10,-4.038629872231788,0.0001887564002561239
CKS2,-6.360403144882443,6.496536354374794e-08
GLT8D1,5.165298841736824,4.377937786947412e-06
NME8,5.0602344950998255,6.2900596535608885e-06
NDUFA2,3.1538751601252355,0.0027512029769710664
C22orf34,8.486997752472416,3.472957417276367e-11
DLX1,-4.493640385345103,4.282116631271957e-05
CNTRL,2.416077856405431,0.01946082132728749
BRMS1,-6.460110587917024,4.553248329349108e-08
ABI3,10.75691690688902,1.6898429158164972e-14
PTGER1,4.800691288317436,1.526938715561818e-05
AC019171.1,-2.1907733854032436,0.03325463691687954
WDR24,-3.77709596116538,0.0004300654355921733
NRBP2,3.095904753519163,0.0032412876107076323
NYAP1,-2.3754982268770504,0.02148139854958928
GIMAP1,14.954232321737372,6.824761023538036e-20
FAM120A,-3.7163434598654783,0.000518925363557088
C17orf58,-5.930084912394572,2.998654836357642e-07
ECD,-2.0457805030017466,0.046165081546253636
CKAP2L,-14.282861589935873,4.2923403452971737e-19
KIAA1919,-4.086227438366549,0.00016208745317498256
MDH1,-7.311196235688797,2.1892419100905335e-09
CST5,8.831121428079598,1.0540252650809663e-11
ATRNL1,-5.096941814560538,5.543150090167817e-06
NEUROG1,-2.1380769682860237,0.03752340376571891
TMEM230,-2.310527518585331,0.02511032996859606
TMEM181,-4.232601163548011,0.00010102147471140886
IL2RB,4.433589140966924,5.225250098031873e-05
C8A,4.173678839912646,0.0001222948039521882
SLCO1B3,-3.2508124715276407,0.0020841841835698175
CCL5,2.3278444723766083,0.024093113663795747
CD46,3.564375977715955,0.0008250362354859743
EBP,-2.8362488072655796,0.006618309557550743
SRBD1,5.123901327346163,5.050977321843766e-06
BIVM-ERCC5,2.2585753692442876,0.028395725279146567
RRP9,-3.6226677348391765,0.0006913440313898252
ADCY6,10.835356241661254,1.3125341291709404e-14
S1PR4,16.944916498145947,3.960668239549436e-22
CTBS,5.929233184236692,3.007715790618442e-07
TAF1L,-2.3258794911306184,0.02420665698573339
RBPJ,5.4064923582425575,1.8933863594134725e-06
ZFP36L2,8.005544868254285,1.8736205676272188e-10
CTD-2228K2.5,-6.921185055102777,8.787197538445187e-09
OTOP3,-2.133158045654556,0.037945400263223975
ZNF75D,7.601390206143955,7.811137433706637e-10
RFX1,5.8185970915426966,4.448836727080086e-07
NEB,-4.831099189021292,1.3771632654628064e-05
SCRN3,-4.113750589457637,0.00014837326567266858
MICALL2,-3.4235808416537004,0.001257321838389458
FAM118B,9.273440364564712,2.3158225204801147e-12
CRK,15.001707175213278,6.004715466948342e-20
MRM1,-7.044481299095033,5.660731663394583e-09
IL16,9.273927926218878,2.3119835578798732e-12
POLL,6.1609734429515886,1.3213136562771386e-07
MICU2,6.90614831288261,9.271464068269424e-09
DYRK2,-6.974527583206515,7.264613597842008e-09
PCYT1A,-6.084524260857282,1.7338025794461828e-07
KPNB1,-10.357053017541096,6.201066960713361e-14
CD3EAP,-9.731391338835078,4.931630528396404e-13
CAPNS2,-5.9192376926630565,3.11610756941764e-07
GGT2,5.9266116649301095,3.035775568303928e-07
RHBDF1,2.7793576082714004,0.0077029450137167665
ERH,-6.08732389430915,1.716646732755838e-07
KCNK7,-2.6440656026772738,0.010973315618958644
WRN,-4.205245747614692,0.00011040789076339813
GABPB1,-6.311195841739691,7.741349466882623e-08
GJC2,9.541206986281244,9.34766035870674e-13
RMND5B,6.678803628378063,2.0868043306549342e-08
RABGAP1L,4.786252943874398,1.603548566283948e-05
HEYL,7.824880956298694,3.542404468100856e-10
VASH1,7.872457176949066,2.9947606719507004e-10
HSD17B8,3.0323322777430497,0.0038724099051943624
DIRC1,-5.080690546319528,5.8623736953977006e-06
SYTL1,-4.673844040344575,2.343956982786115e-05
CCDC42,7.204171593620302,3.2043349434958335e-09
GPATCH11,2.5157153129485046,0.015206347079909966
WDR46,-5.669219942410649,7.535244643710218e-07
CINP,-4.027277815420058,0.00019571883148104244
POLR1B,-6.560718938400129,3.180337451833682e-08
ANKRD30BL,-2.3748021418412906,0.021517644170789423
SNX8,-4.133246887992481,0.00013934692951868218
PACSIN2,10.856430030930536,1.2265528491785176e-14
CDK17,6.177681745263587,1.2450917094906251e-07
ZNF296,-4.283356691069242,8.56192242786496e-05
NAT10,-9.75133571859001,4.612880108243439e-13
MS4A10,3.457712995345817,0.001136104224130148
LINGO4,7.188998342318619,3.382257960024952e-09
CADPS2,14.865140241410055,8.684156708475529e-20
BLZF1,-2.674189247332609,0.0101507590410356
CCDC115,2.807676351717628,0.007144016638611704
GDF10,15.23353583312654,3.225887500987008e-20
YY1,-12.190428747316297,1.8897894183645267e-16
NEUROD2,-3.0706387943658813,0.0034795858119553843
PAK1IP1,-7.430202211495613,1.4339938764404061e-09
LRSAM1,3.161814831000264,0.0026897853825886575
SLC26A9,11.144287182783815,4.889017989481871e-15
TMEM248,-2.347179479826333,0.023001004289925825
EHHADH,-6.374213553645536,6.184552586500734e-08
CHSY1,2.401081886456559,0.020186684411412026
PTPRU,2.9231091342710713,0.00523228470751047
LRRC15,-5.150912013851108,4.601151239095792e-06
MRPL51,-7.914536773355215,2.5817019202381707e-10
PCDH8,-2.492146817309768,0.016128559342755526
NPAS1,-3.2055708728938117,0.002373837166610224
RAB8B,14.087546826877604,7.403535733960889e-19
BOLA1,-4.471866556414381,4.603091490678743e-05
TMEM208,-2.0284627671306477,0.04796635275919885
ANKRD12,6.69501285080841,1.9695169780624313e-08
TINF2,8.250762328324829,7.92235152756395e-11
FAM214A,6.962054968960101,7.59509698009439e-09
ZFYVE26,5.7822629636684955,5.058120402491645e-07
SLC8A1,7.418871413843147,1.4929015421323092e-09
SLC22A14,-2.1316412694615345,0.03807636170360313
CPSF4L,-2.836075552779491,0.00662138633920522
OIP5,-10.583329635048493,2.964084731143508e-14
PPP1R26,5.817355863518468,4.468394355485132e-07
RER1,-2.227028639966871,0.030572123029595662
FTH1,6.553646088180908,3.261607947928553e-08
P2RX1,13.421868639832194,4.9159766295341975e-18
FUT8,-4.789992543948877,1.5833514863092328e-05
IL13RA1,3.864030869894578,0.00032794087973171145
INTS12,2.5825061174317656,0.01284702906462887
DOPEY2,-2.209697736937796,0.03182957330618388
ZGPAT,-3.2849331752673896,0.001888185183266541
MPZL2,-2.4125725134182154,0.01962835667498649
RILP,19.734464831874007,5.782017092847321e-25
TOR3A,-6.526776869218353,3.589712304232745e-08
FLVCR1,-6.386735774965257,5.914612849333986e-08
CNOT11,-9.414067245113062,1.436649022891386e-12
AC138517.1,2.255806113039568,0.028581112584675775
NPBWR1,-2.2321890802431215,0.03020629924702741
DUOX2,-2.120563462669915,0.03904491045563651
HADHA,3.3660819242907807,0.0014897974814861625
DENND3,14.832856680938155,9.47862368559728e-20
ERC2,-4.060696590881776,0.00017590236806020788
NEK11,4.006846699251765,0.00020888103930758362
CCR1,10.770310045489293,1.6183988785159915e-14
NET1,-7.2835550267370115,2.4154964422872037e-09
DUSP22,7.080513656666631,4.978343661349826e-09
TLL2,-5.240452031967721,3.374648709093293e-06
SLC2A1,-9.544943989232427,9.23057511852122e-13
LRP1,7.823587694546216,3.558620208113107e-10
WDR89,-2.345512062415167,0.023093409175223848
ATP2C2,9.080467280270435,4.474596287357522e-12
GMPR,8.973145704568816,6.465069607098068e-12
FAM210A,-9.449089736008144,1.276019736566657e-12
RPL37,-6.577441666912474,2.996140515706712e-08
LRWD1,-3.354314260018208,0.0015421617525030451
ODF3B,7.874649090078619,2.9716891168235516e-10
LOXHD1,6.01716184178904,2.2021919526827022e-07
MMP25,5.038338213874714,6.78195625540168e-06
PDGFB,8.625988573319745,2.1427164998556462e-11
AQP12B,-2.6243547460011016,0.011544118876331238
RBP1,-3.7668317171255694,0.0004439740224191921
ADD1,14.074411087830608,7.681281000016465e-19
HIF3A,7.75548567177259,4.526833375411197e-10
NADK2,-7.245578004028209,2.7650928214496123e-09
HEY1,-2.2393345546201164,0.029706158730917254
AKAP4,3.0517252217171342,0.0036686211682120233
NSMF,-5.870658522605151,3.70079938991508e-07
THAP4,-2.113926358635847,0.03963547745841708
NEFM,-2.1490613444290765,0.036595881106700485
TMEM154,-4.076443125502318,0.00016725277922614832
NLRC4,15.419361814298219,1.969242122716093e-20
B3GNT3,-4.516331916074018,3.970906275593459e-05
DGKI,-2.5628646831048623,0.013503641884681854
OCIAD1,4.984962567473817,8.145454131583107e-06
ALX3,-3.2849764565346016,0.001887948021859272
TMC7,5.925400207250765,3.0488303645524915e-07
RPLP0,-6.4195895222832595,5.260977650408318e-08
COX5A,-6.019450841959057,2.1843790887766748e-07
RDX,10.484186640639964,4.092704603889219e-14
SIRT6,-3.562873885325308,0.0008287885211185512
L1CAM,-3.365503785176149,0.001492330186259884
MDH1B,3.9098584440199806,0.00028396406774060267
ZNF471,5.511525008938637,1.3112163009503723e-06
SGCG,6.145649822336658,1.3952979771470182e-07
LRRC47,-3.739711435051178,0.0004828362315103219
GZMH,5.970189699004639,2.601382386567152e-07
GPRASP2,4.693023971667535,2.197369072216699e-05
ODF2,-4.835100694786411,1.358561212436883e-05
PAQR5,5.779777408916616,5.102707608779962e-07
TMEM99,-8.878244356278556,8.960275552489376e-12
ITGA6,-6.648812979638091,2.3225316563738562e-08
FOLR2,7.985828127693928,2.008274959943296e-10
GDF15,3.172264139663934,0.0026109208136751785
GRIK2,-3.1546436084817078,0.0027452014018183673
HS6ST3,-2.5864071838097544,0.01272013414316604
TEX11,-3.8231730973320395,0.00037262924540533356
SYT15,15.374965933561692,2.214895532017571e-20
A4GALT,-5.568342010905345,1.0743034851275099e-06
USP5,-10.223233345485008,9.62383482269174e-14
AMOTL2,5.617439337104438,9.041010810470548e-07
AGO3,-4.419596765548466,5.4725851358136396e-05
CPT1C,-2.3296905626558324,0.023986874144221
NTN1,-2.9125129992857857,0.005385576139042569
PODNL1,-4.788217276808429,1.5929081256103733e-05
DLX5,-2.025177925069109,0.04831480452172355
PLEKHH3,-2.7199019024850184,0.0090101157828323
C9orf41,-5.297848548009276,2.764731275547577e-06
NXT2,-4.911315571261429,1.0479124653104917e-05
ARSH,-4.157189467386309,0.00012898927634556024
TRAPPC13,4.724136772670147,1.9784834774415112e-05
ZFP64,-8.796686628355886,1.1869983809199976e-11
RBM18,-2.6549529561704848,0.010669226280953053
ITIH3,11.228781008576473,3.7397353384026036e-15
SUGT1,-2.943234112824681,0.004952268032604292
SLC25A5,-5.606021654279789,9.411247663337086e-07
CLU,8.560020409485293,2.6941069844401162e-11
FBXL17,9.391619961447715,1.5501933412435054e-12
CCDC167,-9.383748929917482,1.5921179244421126e-12
COL22A1,-3.9575735654533246,0.00024424369438420834
AGAP10,3.2965612171455647,0.0018254727703352041
HIST1H2BN,-4.319109067116057,7.616846187165207e-05
TEKT2,4.7885097230210025,1.591329937832618e-05
FRK,-4.793733638657137,1.5633963586730444e-05
ROMO1,-3.672869523859238,0.0005930717691976641
SCGB2A1,4.4021783847888605,5.796486453236539e-05
GPN2,-4.621942250290628,2.7903919619121295e-05
ZDHHC4,-3.2509728236394033,0.0020832196431882586
ZBTB38,2.675745210673854,0.010109849154449221
RP11-1012A1.4,-2.4348193212848313,0.018586744161558717
SHANK2,5.537372457936222,1.1976256523130285e-06
KATNBL1,-2.9050195440536317,0.00549649357477178
AL049747.1,-2.1669650211917544,0.035127212764522145
VPS4A,3.0000215290433214,0.004235643917375497
KLHDC1,13.58238849148312,3.0986348931413487e-18
C9orf85,-3.8911390448014407,0.0003011926544654271
SLMO2,-8.101759546194307,1.3358878535937747e-10
RPA1,-7.616158209095982,7.412827168373756e-10
CMTM2,6.250279999205165,9.6165121909381e-08
CDH2,-3.187677759929445,0.0024985563660833926
TM9SF3,-2.6785442802250268,0.010036635846433089
COL6A1,-2.202813668751237,0.032341598206590084
SLC43A1,9.047523563568678,5.009074769084291e-12
NDST1,9.48381444149885,1.134646694304569e-12
ZMYM1,-5.328444871579841,2.4855356328568156e-06
EID2,-2.0233805330245502,0.04850639563678725
MXRA5,-5.033341890620206,6.899403680762807e-06
RPS5,-3.4206319074301823,0.0012683535179449203
LILRA3,5.111798810950435,5.266347286588688e-06
SLC25A36,-2.351476514837182,0.022764395171335834
PIK3R2,-6.354422132475907,6.636477003115678e-08
RP11-701P16.2,3.418444755906576,0.001276594850879873
PHKG2,-3.5879360021882905,0.0007682659099718638
CNBD1,-2.441783721570048,0.01827106399580472
TMEM167B,8.441293018013642,4.0722160195625005e-11
PLCXD3,6.1354543886068456,1.4467946520865274e-07
ZAP70,4.614675516563141,2.8592015704572896e-05
WDR90,-4.097658885942767,0.00015624834166849452
GPR63,-2.4744238632679596,0.016855101784971932
TIMM8A,-9.822820431536755,3.631868390863116e-13
TAGLN,5.940236937559531,2.89272208418148e-07
CBWD6,-10.450249994243029,4.571888110071381e-14
DCAF10,-4.088304591910865,0.00016101095720255616
HERC3,2.6585503523784486,0.010570459229416395
AZI1,-5.377150848314029,2.09753457674705e-06
GAL3ST2,-3.2959734347581753,0.0018285948915648651
RSG1,2.3532075010561244,0.02266969879078392
AMDHD2,2.1580188284299537,0.03585447448106117
ILF3,-9.784604179905799,4.1267915959857346e-13
VPS72,-4.709025175689809,2.0819853182291318e-05
RNF146,16.95661489980372,3.847511989515452e-22
DET1,2.1931184584285592,0.03307504262629746
SLC22A3,7.085184057863782,4.8961508431565095e-09
NUTM2F,-4.119736767183741,0.0001455431070791181
CXorf22,2.8631218871950894,0.0061568031681339935
TRIP10,5.073868143008857,6.001726611773451e-06
ALDOC,-7.4644945854508,1.269544282236473e-09
ACTR8,5.420268788242758,1.8044438574863695e-06
TXNRD1,-3.387419937326163,0.0013991246383530634
HNRNPAB,-7.51891045076154,1.046536036001969e-09
TCEB1,-5.811322165916196,4.5646890353978583e-07
DOCK6,6.677532916397965,2.0962889007656365e-08
SKA1,-14.75612517794938,1.1676689940174653e-19
SOST,-2.775627413482604,0.007779507030184537
AZIN1,-5.827407517225925,4.312436881754424e-07
LIM2,4.688223732064139,2.2331899767331913e-05
TBX20,-3.1738861814214037,0.0025988757944517293
PHOSPHO1,4.386236767361427,6.109272347772992e-05
DNM1L,-7.27433570645316,2.4960612741500675e-09
PTBP1,-7.928968235877452,2.4536483791646823e-10
TNFRSF4,2.427715543746535,0.018913801317638562
VPS36,5.971879987708671,2.5858407717776066e-07
RHOU,6.1350540679237255,1.448854830932987e-07
SLC25A21,-2.400200688829585,0.02023008578123492
ATP1B3,-5.5985111878873,9.662944431612402e-07
MEX3D,-7.957145734383531,2.2217329625826335e-10
NUDT19,-6.238501717193378,1.0028238497460364e-07
CLPB,-6.728283748160415,1.7490154724390434e-08
AL020996.1,2.2429377914853297,0.02945674827103065
EPB41L5,14.778704513542255,1.0980839975787213e-19
TTC29,4.866433653133177,1.2211921659214633e-05
FAM107B,15.218877912568724,3.3545213187456815e-20
ZNF485,-5.233686095592545,3.4547812446455087e-06
CRY2,15.752847722880379,8.201813045036909e-21
LIMS2,16.537821784024416,1.0958227097599224e-21
CERS4,3.0242570437521015,0.0039603538878988575
TTC31,-2.256604282661892,0.028527569373552768
RP11-351M8.1,2.586643051633279,0.012712498549424968
EGFL7,14.242615909908261,4.800784443135769e-19
RNPEPL1,8.843903056450362,1.0085818212349513e-11
HOXA3,-3.1810066471538385,0.0025466171245223912
ZNF544,-5.214750000005135,3.689178257336042e-06
KCNC4,2.3046597567089258,0.025463602770273566
FN3KRP,-5.813875754665026,4.523685988825143e-07
TMEM131,-3.7590841119848375,0.00045475791202122484
GPBP1,4.7230044064749475,1.9860610485068232e-05
PRSS1,-3.0310933195401244,0.0038857830957982663
PROK2,4.493535317071702,4.283611657672003e-05
RPL36,-3.721043961765103,0.0005114638816083664
CHRM3,-4.020497739741834,0.00019999510461710736
IFI30,10.946483614767107,9.188074414789933e-15
RHOT1,5.041239658968779,6.714659196152693e-06
TFAP2D,-3.261001509535237,0.0020237271771004523
RCN3,-3.589363136398597,0.0007649499166836655
CCNG1,8.537695984724987,2.9114472804466246e-11
TCF20,-9.626846718690437,7.005295172513881e-13
SERPINI2,5.817914422130539,4.459582779409319e-07
STX8,7.546172224564675,9.500524893833461e-10
LRP1B,-3.475650162769252,0.0010769485634967893
CGB5,-2.463959707574929,0.01729785168720427
FRMD3,14.60892428290252,1.7455193619962133e-19
ETNK2,-8.552203959386983,2.768279430604645e-11
NHS,-8.971705016926846,6.497138369274422e-12
LAT,3.755147729854761,0.0004603330177426535
MSLN,6.759689884066092,1.5635706511421623e-08
MOAP1,17.301551467987753,1.647294881204552e-22
EIF1AX,-4.277419918021345,8.729533372179389e-05
RGPD1,-3.1347483007002217,0.002904623622146313
MAOA,10.751421194794169,1.7200752038080407e-14
CDH8,-7.2233249727729545,2.9930734493312064e-09
HK2,-5.146379020889658,4.673780623338256e-06
NDUFS1,-4.864399532424917,1.2296797586075956e-05
SERINC2,-5.079384531138081,5.888800872076047e-06
SF3B2,-4.350400566972204,6.873705004624332e-05
GEN1,-11.485466253107129,1.6662039465083324e-15
CAPNS1,3.313260322983557,0.0017388526101871794
ZBTB7A,2.6086892202988405,0.012017002809656004
EIF2S2,-6.204795171814005,1.1306162766438209e-07
LAMA2,9.820811400140364,3.6563264633859043e-13
EFHC1,4.108947654920456,0.00015068254153981247
ELF4,-2.217484642356331,0.0312590428660737
ZNF727,4.415651652938909,5.544361780621411e-05
ZNF432,2.7646083843823472,0.008009794560676024
TNFSF4,-3.0273903208233297,0.0039260110535735806
TEX22,-2.7208006930099455,0.00898892009647275
DDX51,-4.298379902690979,8.151651012384377e-05
ALDH18A1,-9.746237291118982,4.69232717359998e-13
SMC1A,-5.258054908242758,3.174669954115141e-06
ASPH,-2.201159141707754,0.032465737992209164
RNF5,2.4864245192811207,0.016359980206487053
SLC6A1,6.239177099354906,1.0004161673600525e-07
FXYD6-FXYD2,2.36688889599918,0.021933566866493774
SGK494,-3.258083894376237,0.0020408673479780817
FAM92B,4.59493991802841,3.0545746886887786e-05
FRG2C,-2.1569576958898105,0.035941609073127406
TBXA2R,10.39904243116526,5.4046757371500315e-14
NKAIN2,-6.202095771097163,1.141526572926862e-07
FAM110C,-4.628311681046981,2.7314149067708975e-05
DPP4,7.728710998168537,4.976429011923605e-10
DGCR14,-5.848739070747576,3.9991570958210327e-07
CCDC102A,2.0759203270138133,0.04316995052620822
VAPA,4.004089200438633,0.0002107218104314148
WDR7,5.61778911990991,9.02989954988628e-07
OSR1,6.432164008241716,5.030338037125634e-08
SLC39A4,-4.878655459303452,1.1713947556684505e-05
ACRV1,-2.9638926142772535,0.00467940302631388
AGT,2.3176563801595877,0.024687020199862887
KCNH8,-3.3382884857444552,0.001616288601452252
HIST2H3A,-3.587511057623431,0.0007692559367866376
ANO1,-2.364571850395124,0.02205670866688361
FITM2,10.992633822543734,7.926876251282399e-15
CDCA7,-8.780250316490942,1.2563103956803434e-11
OR5K1,2.0821669464440897,0.04257081258406595
TBRG1,9.322324873819696,1.9611836293119948e-12
TMEM62,3.032481430905621,0.0038708028698923183
GRAMD2,8.128162775787885,1.217605094847179e-10
CPA6,-2.7263039393589916,0.008860137663504785
KRT77,-2.946064441038944,0.004914026553207296
NUDT18,2.8679815771749446,0.0060766029516223
DYNC2LI1,5.083722993021968,5.801462341834489e-06
FLAD1,-11.47722873281718,1.7097745282694647e-15
GIN1,6.092204202076106,1.6871439231637245e-07
FAM72A,-7.252363813536174,2.6990995967738225e-09
CMTM6,6.229750614578173,1.0345481190579701e-07
TWISTNB,-4.138182923770966,0.00013714758757815332
OCEL1,10.438555857564948,4.7498460464565184e-14
TMEM170A,5.524813716295087,1.251543928730056e-06
PAAF1,-6.064882071316359,1.8590644246014174e-07
CD9,-3.5519846494977143,0.000856482142783446
TTLL7,5.427065536204508,1.7620993178653394e-06
GPBAR1,14.057901456299886,8.045430041913852e-19
EMP1,3.6193295472942646,0.0006984042055082331
C14orf166B,4.31099772203126,7.821916276200913e-05
HAX1,-3.693053927415327,0.0005574632217302646
PRUNE2,8.818304069936733,1.1016697113264249e-11
RBM19,-5.418802026502024,1.8137132510067392e-06
RNF222,-3.313582366048336,0.0017372210498582416
C15orf48,-4.8344440486509805,1.3615967800025207e-05
RAPH1,6.930931414118568,8.48691906030875e-09
CTB-58E17.5,-4.667664831435861,2.3931937978821362e-05
PABPC1L2A,-2.5499154306648526,0.01395310107503562
TTL,-3.8062039463165696,0.0003928653339624723
AMHR2,7.584315200567868,8.298541416648083e-10
CDH19,7.835416431130086,3.4130406257813233e-10
AP2M1,-9.590460637661812,7.917877666166755e-13
BTNL9,14.450827942467168,2.6958927284632937e-19
MNX1,-3.285178733065984,0.0018868400134053873
MED10,-8.228267503548626,8.571622579646972e-11
INSIG1,7.352837135256699,1.8878678064295774e-09
KCNK5,8.538469455982277,2.903629563418438e-11
PPEF1,-5.83840371461374,4.1480137588804966e-07
DDX39A,-9.055775196647357,4.869435821206599e-12
PKDREJ,-4.398563668495772,5.866010186491231e-05
CRHR1,-2.4484692829499117,0.01797258264260405
CGGBP1,7.531410586330059,1.0011317858526516e-09
TAS2R31,-2.062905986018097,0.044441838499576905
MTHFD1,-8.051555162547464,1.5936438634193454e-10
RENBP,11.109336248912333,5.463597943030515e-15
AMIGO2,3.91936778297944,0.00027558043770216313
CYP4F31P,-2.54852439973427,0.014002183714015145
HSD17B3,-3.993585057437569,0.00021787871247707353
LLGL1,-4.4431724434139275,5.0621843855391165e-05
OR2B6,-3.7228392306125797,0.000508641393243776
PLA2G4F,9.883525370974574,2.965868291150153e-13
DEPDC4,-7.620323829657346,7.304209259292315e-10
KIF19,4.819450198461829,1.432753154852371e-05
MORN5,4.680580225225482,2.2914132215096928e-05
C4orf21,-7.8762278278065025,2.955182468525153e-10
HSPA5,-5.652254615620222,7.998944511912927e-07
MANBAL,-4.090911105300129,0.00015966992117740202
HLA-C,13.176693618551985,1.0010720248204616e-17
C3orf38,4.519155449226617,3.933764005346689e-05
TUBGCP4,-4.738319103089223,1.88594714315137e-05
POT1,-6.81901101185713,1.2652577874972473e-08
WDFY4,10.337483419386553,6.611819863606417e-14
DNAJC7,-3.7411584220162877,0.0004806826860237789
MPO,2.777562172796336,0.007739708927335029
ELK3,7.131843892204785,4.146055998555527e-09
FOXJ1,5.033576304004379,6.893848842391752e-06
MCF2,-2.3599186073163607,0.02230588405717449
FSBP,-6.562570427994827,3.159399095383787e-08
TMEM246,-3.2543095244683995,0.0020632444074118205
PIGA,4.727723785338875,1.9546666490900107e-05
MED27,-4.738611794802457,1.8840828386356285e-05
CTC1,8.611632986662919,2.2521207514312928e-11
FIP1L1,-4.940529855797602,9.48367088472922e-06
SCAI,5.586807791960926,1.006852400048972e-06
TRAT1,3.453474922108935,0.0011505265343858464
NR4A1,7.475883779890241,1.2192253750305024e-09
RPL18A,-3.2483601491603924,0.0020989879399688806
MID1IP1,12.857723018477582,2.5540005793221488e-17
MCHR2,-4.322238302434522,7.539141465614243e-05
AC020907.1,-4.850187328639892,1.290621446412759e-05
TMEM161A,-6.725732273581776,1.7650140530251808e-08
SPRY4,12.322892647265226,1.2644306985174654e-16
PXMP4,10.638913292803709,2.4749545089440748e-14
NUDT8,-6.787254203660345,1.4170865532161148e-08
TPGS1,3.2041003638063397,0.0023838612181407383
TMEM233,6.69440573748015,1.9737887784710634e-08
CERS1,-2.2368407474922933,0.02987987039419901
HLA-DQB1,7.717102310805212,5.185054815035918e-10
UGT1A6,-7.3881554751901035,1.6650953788285088e-09
KRT79,2.4611656459413824,0.0174178366225313
LYPD1,-5.435047478664599,1.7136253430557163e-06
TAPT1,16.135752404203647,3.0466891646179836e-21
LIPT2,-5.068169759863149,6.12061948168449e-06
ZNF107,-6.089673904898983,1.7023766902631266e-07
GALNT2,-6.555127057865707,3.2444209113961394e-08
OSTC,-5.325074853487444,2.514867034921782e-06
LINGO2,-3.225978400677052,0.002238767224789389
ICAM2,17.5602747583434,8.788575382420624e-23
FHL2,-5.787569549552368,4.964218901265727e-07
ZFP2,16.700950920963635,7.273099848751004e-22
KCNH2,-2.650957795720008,0.01077990472314267
RAD17,3.0906508490794335,0.0032895416651326195
CDHR4,4.8468178552987675,1.305499493665971e-05
GHRHR,3.401036556603524,0.0013440303591915313
TBX1,-5.49127445134042,1.4076126126662298e-06
CCDC142,-6.657835885486075,2.248940900766973e-08
ZNF676,10.102444997945273,1.4336983843667724e-13
ADAT3,-3.7600524253846697,0.0004533964702839426
SNX3,5.148202321619217,4.644431980002562e-06
NUP155,-11.55417714628246,1.343895393141361e-15
C8orf44,-3.2210483466210187,0.002270716288072068
KRT38,-3.371687718501774,0.0014654504225089225
FANCD2OS,-3.487390230242438,0.0010398328525649024
PVRL4,-8.557150055071098,2.721109054224854e-11
PARK2,7.596039568421758,7.960695898684928e-10
P2RX7,10.108257164572326,1.406404974110855e-13
MLST8,-5.742842464493805,5.813158435425056e-07
DDIT3,-4.202160252797168,0.00011151836709418502
C6ORF165,4.926778633859155,9.940068350239002e-06
CD6,3.8153186848836627,0.000381867776864064
BMPR1A,6.301456421691062,8.014596999719324e-08
OTUD4,4.17282937362367,0.00012263127418771672
CPLX3,-2.6751009550666622,0.010126769739807934
NRAS,-4.639053617038541,2.634705698827854e-05
ODF3L2,7.023292095859082,6.10498734299624e-09
LIN54,-5.193308130933307,3.973590581653209e-06
NLRP12,6.229966999103123,1.0337517540681053e-07
CUTC,4.88496961476186,1.146455713545167e-05
ITCH,-4.542032628110469,3.645094142587164e-05
TAOK2,12.439994371814603,8.880407811008477e-17
FOS,7.319721797771691,2.1238413904248732e-09
GLUD2,3.570807926697366,0.0008091518520519366
HOPX,12.067362674762864,2.750620387469132e-16
MMP9,-3.6833194831670504,0.0005743723575828515
CWF19L2,2.6501889997934875,0.010801323092495476
RHEBL1,-4.780485269469344,1.635195986489597e-05
SCARB2,6.945301415701413,8.062824820357766e-09
CGNL1,19.601195600456116,7.76926858785882e-25
C1orf222,4.583960995358048,3.168857811603374e-05
FOXD3,-4.651811981623141,2.5241950535655812e-05
POLD2,-9.573553408742452,8.381908897822243e-13
PLXNC1,6.632952568152728,2.457770739493006e-08
MEX3A,-4.8860099116226925,1.1423972545157635e-05
SLC9A7,-6.984778787915736,7.003798570408497e-09
CHCHD10,-4.3600622931181325,6.658882807350916e-05
TRPM2,-5.891095858334638,3.4425902483953363e-07
UTP14C,8.538961059909479,2.898671763687696e-11
ZBED2,6.767848862470657,1.5187002211321753e-08
EPPIN,4.000075411109064,0.00021342930005002498
RFPL3,-2.9387485788197445,0.0050134420877315355
TRAPPC3L,3.74864166683509,0.0004696919143259821
RP11-574K11.31,4.4722282526958494,4.5975723958837234e-05
KLK14,-2.043418208047762,0.046407281248412584
C1orf228,9.379941875051529,1.61280489945375e-12
FABP12,2.030168934465907,0.04778622517223769
TCEB3B,-3.8396232519376907,0.0003539728196041612
ZBTB41,-5.262690415858702,3.1239853187897925e-06
RBM5,10.025578304944592,1.8493529195376105e-13
DACH1,9.097817705428133,4.21662425172547e-12
KIAA1147,2.504885490887524,0.01562399776004425
ADAL,-4.137778740209484,0.00013732640514977764
NINL,-2.1786028538658804,0.0342005824921394
MVB12A,-2.556722627450319,0.013715158561776384
PPARA,-3.3011222201033963,0.00180141710665596
HNRNPU,-5.6577796620618575,7.844905953067812e-07
CEP41,-2.6183163488906733,0.011724342794705689
PIP5K1C,4.72206193349606,1.9923895961460997e-05
ATP2A1,-5.390996363008306,1.9986230033793428e-06
KLRK1,8.582676519830535,2.4902341536905203e-11
USP8,2.684941026842787,0.009871144006458563
OGG1,4.466788595482042,4.681262421819905e-05
FAM60A,-6.566304114764225,3.117593045223047e-08
ACAT1,17.218886507049067,2.01639460988535e-22
PACSIN1,-2.5845655574410165,0.012779895903311687
LRRC19,2.4614040632741663,0.01740756902992543
GCSH,-8.798805543174186,1.1783480008207158e-11
CC2D1B,5.894182488328598,3.405181937416617e-07
SDC2,2.0331745067236016,0.04747033890592482
RRM2,-11.94991390979587,3.9427442322300136e-16
ZC3HC1,-5.083366983340705,5.808580888192807e-06
TRAPPC2L,3.327431590185627,0.0016684138767753258
C15orf26,6.805284660263881,1.328777101431812e-08
RP11-463C8.4,-2.1365942020805213,0.037650175434876004
FPR3,6.096705424053424,1.6603806134693133e-07
RPLP1,-4.1655164152307,0.0001255653408228905
ATP6V0A1,12.316737926992014,1.288196166622684e-16
PLIN2,8.131219746340236,1.204609304467231e-10
RUNDC1,2.901311548946535,0.0055521614616195385
RNF165,-4.867609570016349,1.2163118226234778e-05
RECK,13.059804666703748,1.4088776224592056e-17
STMN2,-2.3368109792333733,0.023581017240167902
ADAM28,-2.1916477075140333,0.033187577808299035
PHF1,8.289463419695652,6.918962578819207e-11
SLC26A2,6.9352155050817945,8.358200140698443e-09
GM2A,-2.143793401795157,0.037038164899868234
SIRPD,12.420312376219766,9.422641676803812e-17
MGP,13.824935385010319,1.5521940694352603e-18
MOB3C,9.716018121783897,5.19244278253846e-13
OR52H1,2.4208711715982396,0.019233812611139715
METTL18,-3.1801239024292554,0.00255304158221859
ETF1,4.6053937168045405,2.9495130316618748e-05
NR1D1,-3.2050696292970593,0.002377249528865042
ZDHHC17,5.158214628175845,4.486481506537777e-06
SACS,-2.2397128003415547,0.029679889508288662
EMC8,-6.15400667538379,1.3544526898033216e-07
SLC39A8,19.047762872186954,2.694847246156856e-24
ZRANB2,5.159690709788837,4.463648236590871e-06
MEST,-4.0679951375623595,0.00017184068922009257
DNAJC21,-6.877938004035205,1.0253225155524371e-08
GOLGA8R,8.938311822009291,7.287131514603383e-12
MFF,-3.832922589179998,0.0003614608902797188
MAGI1,13.353514392282431,5.9894661125349694e-18
SMN1,-3.1225839560296786,0.003006345307809434
C5orf46,-5.086059781152453,5.754950449658428e-06
CORIN,4.178417302826529,0.00012043430720607393
CMTM4,4.791976009272363,1.5727406617481168e-05
DTYMK,-12.163656905287162,2.0502369014329792e-16
PTHLH,-5.506697292780616,1.3335858935030177e-06
TP53TG3B,-3.8778138758484992,0.0003140666482071008
RP11-146D12.2,3.534234537861076,0.0009035290452065087
AC136297.1,3.0735291078528895,0.0034515156766216637
GNAS,-2.8149420548643502,0.007006788696948674
CENPI,-12.249696943878835,1.5783650525066734e-16
VPS13C,11.42795089900473,1.9956380935961823e-15
OGN,5.156603195609092,4.511540116565054e-06
C9orf169,-3.33011303592306,0.0016553936894387593
RBAK,-7.6270032564467645,7.133370321929531e-10
ALPK2,-3.590597910542725,0.0007620919315749484
NDUFS6,-7.352134120570384,1.8925932013012425e-09
HDAC3,-4.360583908601561,6.647473175240227e-05
LYSMD2,7.8239408313303365,3.5541849638572896e-10
TMEM254,-5.491030130024007,1.408817474145504e-06
CHKB-CPT1B,-4.885890717912292,1.1428615414756222e-05
SLC12A8,-8.55491973677748,2.7422782746265683e-11
FAHD1,-3.713362949421813,0.0005237106076121203
IL3RA,13.038206623848737,1.5009887215408896e-17
BTD,18.488764447154015,9.7382928599679e-24
NELFA,-7.601376655424611,7.811512610640139e-10
CTD-3193O13.9,-2.2110097288838833,0.03173280641014613
IL18,4.488021594226581,4.362786863775247e-05
KRT16,-3.7224889824582017,0.000509190869518641
CXXC5,4.240094493497478,9.858876099237015e-05
MAGOHB,-8.007850547806624,1.8584790462261436e-10
MPEG1,10.851752326044446,1.2451320538266677e-14
RIPPLY3,-4.111160702843013,0.0001496141978940652
PPP1R12C,10.427961996616098,4.917105069895614e-14
ZNF333,4.961796331133985,8.818153838665628e-06
CTD-2370N5.3,6.034431449172024,2.0712892776428744e-07
CLDN2,5.216800403929634,3.6630579540238426e-06
GUF1,-3.934783868040803,0.00026249475555594084
AC092811.1,-3.6358263299728737,0.0006641740667499719
RPS16,-2.5985579670553722,0.012332182642243596
NSMCE4A,2.0470046270650153,0.046040007534445766
DNAH1,9.389441459056135,1.5616841851155314e-12
CAD,-11.92447943397412,4.2634701737524274e-16
CLEC19A,5.0466315927010585,6.591340156179929e-06
C9orf170,-2.1722839259792646,0.034701003058345344
BMP2,8.996212533066313,5.9728215767845486e-12
SNAP91,-2.6259860913388904,0.011495865844753698
ADRM1,-10.346566126634501,6.417863802864637e-14
HIST1H2AG,-6.140388021129707,1.421642907586252e-07
KCNU1,-2.190511365563959,0.033274756680788886
MAMLD1,3.939480689733876,0.000258628673373865
UGGT1,-8.537368022313641,2.914768498167104e-11
POLR1A,-7.724069203916824,5.058817763548429e-10
C6orf89,3.2909556519151004,0.0018554544231431961
WNT3A,6.983716584579114,7.030382249756249e-09
ZNHIT2,-4.137512627229119,0.00013744426150802635
PLEKHM3,5.711338842876415,6.496172483287972e-07
FOLR1,24.609152703974164,3.08359769439603e-29
KIAA1468,-5.5669614589031005,1.0795226395638377e-06
PFKM,-3.137163660233112,0.0028848147879543796
NOS1AP,-2.5067651556062764,0.015550770781158681
MAPK6,-10.198122277816639,1.045377133571824e-13
PDZD4,2.0884397593629425,0.04197646894009687
DMGDH,3.9529451250249203,0.0002478482040380098
SESN1,12.76280527712382,3.38334324218206e-17
CCR8,-2.870768997579668,0.006031040482348095
UFC1,3.9306435530065933,0.0002659490117320384
TRERF1,-4.092274402116861,0.0001589728328114341
BTG2,8.053239677571758,1.5842331082972408e-10
ZNF788,2.259644687102571,0.028324426248823937
EGF,-2.263146371852318,0.028092055503077796
GINS3,-9.930291622224745,2.538070363075598e-13
HSPB11,-3.8664928569614516,0.0003254199831746599
COL24A1,-3.946692070752119,0.0002527996572879544
LSAMP,5.910319050361804,3.216096290681445e-07
ATP6V1E2,-5.6941990085846514,6.900639945468177e-07
RHOBTB2,15.635738464662909,1.1139545197204773e-20
EGLN3,-6.8958964920335415,9.616857429412344e-09
HSPB6,15.437517960636846,1.8769305837468602e-20
SLC19A1,6.479430937071212,4.250099895572167e-08
TPBG,-9.60457285435253,7.550477087035021e-13
ADAM18,-2.093704048320433,0.04148328104303923
MRPL45,-3.9540986676226333,0.0002469450745138912
KIF13B,10.710775124314061,1.9613533836387947e-14
TP53TG3,-4.532157883727754,3.767061418774661e-05
CRISPLD1,-3.8740042626163684,0.0003178438037828805
LCE5A,-3.3494472032663367,0.0015643260638041237
WNT7B,-6.881215678150079,1.0134014246689389e-08
SEPT5,-5.900059251296752,3.3350723697740874e-07
KRTAP19-1,-2.3988426081361682,0.020297139268021087
ZNF284,-2.6446679682277514,0.010956285956071784
DFFA,-3.8647894312973183,0.00032716216732463254
SASH1,13.917394362273644,1.194901020199879e-18
SELV,-2.4116975104044824,0.019670378806116908
RPL36A,-5.356636319302815,2.253056785838705e-06
ZNF804A,2.5908638345839865,0.012576566908361068
AOAH,2.4348593382733963,0.018584916319356975
TRIM25,3.2144798460674573,0.0023139524476049494
SERPINB13,-5.483745462357412,1.4452146273604233e-06
TTC7B,2.6707527085717544,0.010241652407606256
USP28,-8.842895790966626,1.0120901893694535e-11
AC074091.13,-4.302170875494147,8.051186441110131e-05
ARHGAP9,7.282918690500286,2.4209724312361098e-09
CEP55,-13.74904234755027,1.925511258299638e-18
CNTD1,3.4563669696698125,0.0011406660299128199
GAB3,18.925592651890593,3.559577778482531e-24
CHRNA9,-2.544930230712035,0.014129732336949091
AP2A1,-5.330426963212704,2.4684424880318212e-06
CD300LF,17.064185312782325,2.94927704489847e-22
MCM10,-12.49877117677298,7.442079382329573e-17
PTPRG,12.3712092561301,1.0926552598609515e-16
PIEZO1,3.9969608684516644,0.0002155533679589938
RP11-122A3.2,3.352136960275814,0.0015520399632328783
EPT1,-8.634920022138374,2.077368292770191e-11
HDGFRP3,-4.851923857885712,1.283018936782379e-05
HMCES,-9.988077563267181,2.094456282647113e-13
FAAH,7.081885468755337,4.954059244776995e-09
ABCA12,-6.762249514346265,1.549353004339479e-08
FYN,8.688811458585674,1.723529924093012e-11
BBS4,4.252015929038424,9.483545612039732e-05
RPL17,-2.0769880462063,0.04306702383946805
EPB42,16.06177874571199,3.684397338582569e-21
MRPL18,-5.909091880339653,3.23010174118156e-07
OTOP1,-2.7731527964547555,0.007830685462305222
USP27X,7.469468935219683,1.2473155455653514e-09
RILPL2,21.288841119288694,2.06070112299941e-26
SSR3,-4.373951768660378,6.361487843422552e-05
CDK12,-4.282062337057247,8.598196298745992e-05
HOXD12,-5.112968601452929,5.245140956247633e-06
SMARCD1,-9.314708929897185,2.012598630218417e-12
SMTNL1,2.7059094812028914,0.009346077955102507
ANKRD26,-3.369750094261493,0.0014738228549755915
ABCE1,-6.781975044852095,1.4440369766011615e-08
SMARCD3,10.093817122732291,1.4752049930988385e-13
CYB5R2,-7.286659477702567,2.3889586945452187e-09
DNMT3A,-6.89132844713207,9.774878808809096e-09
HLX,9.933479175920228,2.5112902450549655e-13
ZBTB4,14.968337502958253,6.569884565378245e-20
EIF2S3L,-2.5806075630299614,0.012909202448833304
NCKAP1,-7.657390330328921,6.405423283706536e-10
LRRC73,2.560760014964423,0.013575784390331094
MRAP2,-4.455331875189858,4.8624229454644115e-05
KHDC3L,-2.0558781596381306,0.04514212454220337
KLHDC7A,6.459568708007268,4.562055029755007e-08
TTF1,-2.369495846282934,0.02179575511092938
RPA3-AS1,9.12541818235589,3.836797785530367e-12
ABHD17B,-3.2400043821499596,0.0021501782401353625
FAM69B,6.58860340540835,2.87916672014597e-08
TRIO,-4.0030271286912695,0.00021143497660854708
ABCC4,7.679134891052112,5.930755374119718e-10
MAGEB2,-3.076454117807382,0.0034233249265833454
XPNPEP1,-7.331076111092862,2.03977350953877e-09
C9orf152,8.905604901155,8.154819033948372e-12
GPRASP1,11.081234609786485,5.974865827498713e-15
PRMT2,5.742189788874881,5.826558001632323e-07
APOC1,8.706857633594824,1.619160286771822e-11
SOX30,-2.171236636643368,0.03478456179195309
FAM107A,9.273516724627802,2.3152208520079894e-12
MORF4L1,5.971588609329217,2.5885132896822093e-07
ADAMTSL3,11.740874584845276,7.516597188454958e-16
C9orf114,-7.415703925802384,1.5097990899595653e-09
DLGAP5,-13.139683098991505,1.1152558436675597e-17
DKK1,-3.372431852464175,0.0014622470558091143
ZFAND6,2.4569680088658616,0.01759950920480375
ITGA1,9.532284066876382,9.633330806704797e-13
SERPINA4,-3.84279151987798,0.00035048450957175656
KLK2,-2.3440919985724067,0.023172368074914775
DLG3,-4.041720078854389,0.00018690303853224191
MIA,-2.139397962771085,0.03741077856344585
IGF2BP1,-4.1079720981489585,0.00015115583580692238
DGUOK,-9.699741167381326,5.483799791191866e-13
ZNF488,-6.16689495987059,1.2937825143492674e-07
ATP5J2,-4.605378032054753,2.9496679828080108e-05
FAM134C,-3.332324984651926,0.0016447257960835598
FUOM,5.5033338342250735,1.3493937805981427e-06
SRSF1,-6.190627905640152,1.189058619116553e-07
ARAP2,6.755450744386201,1.5874048320859938e-08
EXOC5,-2.154891848779249,0.03611177950557498
ARID3A,-4.226894991101589,0.00010291304427898211
CLEC14A,14.907523009722908,7.742797127380869e-20
CCDC102B,10.439566111938229,4.734199539626221e-14
PITX2,-2.5949292650324325,0.01244689371388695
SOS2,9.19895386286902,2.984793117268136e-12
RNF187,-11.835868304972779,5.602423193680824e-16
PIGR,14.303447892864911,4.053761175407123e-19
PIM3,2.0819082442802337,0.04259548111708215
TBC1D9B,3.3196282046163246,0.0017068590879729811
SSC5D,4.745025039699294,1.8436845264837196e-05
C5orf20,2.319991947921739,0.02454972698836416
CYBB,12.410014780655725,9.719598076650004e-17
BOD1,-2.9852187390437894,0.004412482115035414
REEP3,5.980535611811785,2.5076913029658973e-07
SLC24A3,5.129496515980729,4.954368085187314e-06
RRP8,2.0432146009946464,0.04642820804748834
NPNT,15.426445237516358,1.932690967083729e-20
KLC2,-7.387876596677306,1.6667467790350754e-09
GPR137,-4.9374584769771115,9.583785519071714e-06
CREB1,-2.62043100454423,0.011660937459634348
DR1,-6.718869804221947,1.80877380421865e-08
SLC22A18AS,-3.8991221391902653,0.00029372539386744636
CTDSP2,7.234269361786733,2.8786858020542394e-09
RPS9,2.715758570268563,0.009108421742841667
IFNGR2,-2.1108565136760435,0.03991126410749233
NGDN,-2.1265655722851298,0.038517492683136215
SPZ1,-3.4251653100956387,0.0012514322586640167
AC008443.1,-5.109284310819324,5.312217602414763e-06
OR4D6,3.686909695344665,0.0005680795069200855
ARMC8,-3.634163929730137,0.00066754927624078
LRP8,-5.994532915236742,2.386255722461179e-07
MPPED1,-3.180859120641408,0.0025476897345029065
COX7A2L,-3.3079889835662097,0.001765765957123063
AMPD3,-3.787377682148226,0.0004165539199842803
SPHK1,-6.105697586453288,1.608174480006456e-07
PRMT5,-7.702891777314364,5.452441324830494e-10
CLEC2L,-5.355313411506817,2.263468497404719e-06
STIP1,-9.043855835663205,5.0724324398669844e-12
RABGEF1,2.1660439450248776,0.03520148565013416
SLC10A7,5.72674633607431,6.152717891872073e-07
ABLIM1,4.901291979300178,1.0843813303175521e-05
ZNF836,2.104686157347558,0.04047067257252943
ATXN1L,5.625544294025151,8.786996752413633e-07
PUM2,-4.4485044706965144,4.973619390522516e-05
UBE2I,-7.95997530076398,2.1996978793836855e-10
UGT8,-6.357138040042204,6.572562686883955e-08
WDR48,7.536142930209769,9.844632107388102e-10
PIGN,-7.018452193711876,6.211265201712187e-09
ORM1,3.6446982426087624,0.0006464359287177953
GIT2,9.049666996177535,4.9724185533589005e-12
CNOT1,-4.458230135684714,4.8159571718013376e-05
CGN,11.850116839443352,5.361341354278052e-16
CSNK2A3,-6.498772135118515,3.9668105441105356e-08
SNCB,-3.765199800108431,0.0004462248403551562
BMPER,5.4335868538686425,1.7223958830309163e-06
RUVBL1,-11.811464269631559,6.041153877050296e-16
TRABD2B,5.819683520977795,4.431788025327077e-07
SDC3,4.290842985360616,8.355026016970559e-05
CNIH2,-3.4641659749704474,0.001114474806167072
CERS2,9.695689160510035,5.558863743659991e-13
KIAA1456,10.12300078659901,1.339502863237887e-13
KIF21B,5.049094528778276,6.5357555186943705e-06
TNFSF11,-3.0912138283135304,0.0032843389495448186
PRSS27,-3.9055976326129764,0.000287799876735355
ANKS1A,8.567604569677787,2.6240528345147747e-11
AC006449.1,8.565594941076242,2.642434870066049e-11
ZG16B,-2.062647240992042,0.04446745259722398
NOTCH4,13.363889634520437,5.8123498842303794e-18
SLC25A2,-2.200742273285184,0.03249708206606261
LTK,5.013655134873059,7.381998824231512e-06
HYLS1,-7.664654010667954,6.242762169494761e-10
MSL2,-3.886593629569785,0.0003055258652269288
ANKDD1A,5.5277283467490355,1.2388201258681801e-06
SCML4,6.226001542762438,1.0484434014924237e-07
VEGFC,3.0725101172820035,0.0034613875749001538
ZNF444,4.010327699026532,0.00020657950600739582
ZSWIM7,10.082838703867388,1.5297812240234695e-13
DPH7,-3.9369636880066903,0.0002606935934493586
JAKMIP3,-4.3387749645245215,7.141159093446103e-05
CDH24,-8.936770158631685,7.325858058032406e-12
PLA2G4A,-2.1252176160808216,0.038635393919050784
AKAP2,13.831176990206934,1.5249721126868353e-18
SCN8A,-7.050806846555674,5.5344954270253e-09
BCAR3,2.121451685463455,0.038966464037889406
METTL5,-8.516099839733837,3.1385016277427957e-11
ADSSL1,-4.012776231257246,0.00020497533284804067
ADHFE1,10.641377344447244,2.4552685484253553e-14
SLC7A11,-4.5684693914938705,3.337263353187128e-05
SLCO4C1,9.745422392433262,4.705153004673427e-13
RANBP6,4.440335422328988,5.109933104257561e-05
STAU1,-3.566594439904329,0.0008195241220605201
RP11-159G9.5,3.639339780096372,0.0006570943442615718
RHOQ,3.851195657779775,0.0003413911852593603
PAQR3,-5.940518153754441,2.889841291197475e-07
PCDHB17,-3.0787306189149803,0.00340153402881582
ABCA13,-4.0912781803153635,0.00015948193534675003
PARP1,-7.531095993819145,1.0022498557664895e-09
PDE7B,6.655189156428299,2.2702826813771805e-08
ZNF12,-5.821397380580893,4.4050253070170494e-07
CLRN2,3.723012338282827,0.0005083700288521368
WIPF3,-5.049778421342883,6.520403245758769e-06
PPP1R13B,6.573935288046147,3.033858069604641e-08
GCOM1,8.630053289250384,2.1127234228569844e-11
DDX10,-6.81755239283632,1.27186075403563e-08
TRAK1,4.108756015337623,0.00015077540245397194
IFI27,3.4196831189594157,0.0012719223810769742
SAGE1,-2.2738047643543324,0.027395156447481063
VSTM5,-4.9771189575473676,8.367356467572912e-06
TMEM219,11.287741321000079,3.103596312177913e-15
ZMYND15,14.40358828587275,3.0715845839139893e-19
CP,-2.12225401277485,0.038895722426053825
CLUAP1,2.7280691026722192,0.008819191943698377
NAA38,-6.2523801285098175,9.544889875594247e-08
ASNS,-5.5392743678583685,1.189663429616032e-06
ZNF620,5.535022544006338,1.2075363807929678e-06
VDAC2,-7.482388120278122,1.191391464306031e-09
METTL21C,5.030662470453624,6.963211424121061e-06
FOXD4,2.5475406487896373,0.014036990211412892
CHMP2A,2.8427774654057947,0.006503329886614508
GOLGA8Q,3.8159517363506485,0.0003811150683845143
PSMA2,-4.903980937993729,1.0744773297338641e-05
AMY1C,7.069003470837577,5.186857674157241e-09
GDF5,3.7984934622445072,0.000402406082562861
DKK3,6.914208381630265,9.008653736420842e-09
ATP7A,5.258518688418807,3.1695626213007263e-06
ADAM19,-2.2631496771585358,0.02809183696631446
HLA-DQB2,6.119281490650908,1.5323937324086172e-07
HOXC8,-7.815536152918648,3.661267274842002e-10
ZC3HAV1L,-8.771570083442718,1.2945471068347898e-11
MS4A4E,2.3829774057387354,0.021095395920871878
KNSTRN,-12.9217931097875,2.1138182906548284e-17
EHMT1,-2.744380345789664,0.008448988787156667
SGMS1,16.27813730158886,2.1168557027588693e-21
CTB-102L5.4,-2.1350280375744597,0.0377844851202705
CFL1,-2.914727256265696,0.00535320174204507
ZNF844,8.725730811161064,1.5168127690726862e-11
MYBPHL,15.606643775748928,1.202274585692504e-20
CSH2,-2.3832887028682204,0.02107946564488215
ZNF181,3.705570767198335,0.0005364220924326327
MAP1LC3B,16.436006344784055,1.4173506374656546e-21
LMO7,16.694552218368898,7.390591160833325e-22
TFAP2A,-10.727934880717726,1.8555697467446964e-14
RAB4B,6.784286832852848,1.4321726300150854e-08
C7orf43,-4.113945694934942,0.00014828018728056162
APIP,9.996983336749901,2.0334260618391013e-13
ADAM20,-2.284895478955629,0.026686352574559875
SRD5A1,-11.281482754029383,3.1655669204657443e-15
NPIPB3,2.8219736723725166,0.006876308797901849
NUFIP2,-4.4351981402935206,5.197518207625737e-05
SUPT3H,-4.963447347089495,8.7684534422312e-06
CREB3L1,7.303344685753839,2.25125735788065e-09
FAM109A,8.518080150627798,3.1169586143296505e-11
GLDN,12.041664639593575,2.9756250084510283e-16
DUSP18,6.190238100323969,1.1907084879327887e-07
SCUBE1,9.934405560515058,2.5035609520539705e-13
INMT,15.807254302000104,7.118165664175903e-21
FAM71A,3.5434846599920675,0.0008787117015454007
ADAMTSL5,-6.259672065093994,9.300311239577422e-08
MRGBP,-13.882719263401729,1.3179146959438321e-18
METTL4,-2.3983053645845347,0.020323720095651136
CBWD7,-2.9263324857175848,0.005186465358037221
ASRGL1,4.108171991962523,0.00015105873941643642
BIRC5,-14.485151269435775,2.452492896291908e-19
SMCO3,7.93635851311276,2.3905651871116586e-10
CYP4V2,17.444373898062757,1.1635480251677092e-22
SAMD4B,-5.180774603687914,4.149754033785057e-06
RNF13,4.742435845779417,1.859891017141158e-05
HMG20A,7.45370457931312,1.3191374566814303e-09
CSK,-4.037456106660713,0.0001894650239014995
ATP6V0E1,7.900137051217484,2.7161724084433453e-10
RHOJ,14.096215695416312,7.225846115929207e-19
CCKBR,-2.3182500133628543,0.02465205944416099
GLIPR1L2,7.552619607546198,9.285716593406837e-10
TIRAP,4.602315894477973,2.9800723181146954e-05
ZNF709,4.741700765042928,1.864517517550851e-05
CDH12,-2.239568940592592,0.029689878162410383
DNAH7,5.100665280728774,5.472459121134343e-06
LY96,5.768617683730189,5.307756220589244e-07
HIST1H2AL,-5.740793192136446,5.855333528796466e-07
HEPH,5.286339695562384,2.877590097987386e-06
TLR2,12.72361027936109,3.8012080835109233e-17
TYSND1,-7.940341921024357,2.35724194704305e-10
LRRC36,11.009293930602357,7.515934648249143e-15
NDUFAF3,11.00353353813286,7.655523645853639e-15
GALNT1,-6.232381223340207,1.024907961940733e-07
VRK3,3.0793532802930406,0.003395596556500759
ATAD2,-10.747269027625348,1.7432791414726396e-14
NDUFA4L2,-6.1612926009846145,1.3198150109096712e-07
TNFRSF14,10.073524580959388,1.5776820794029364e-13
WNT16,-3.1774293853373345,0.002572746396031959
CA5A,-2.1385907578676204,0.037479563857908696
PCDHAC2,13.5508762294861,3.3916358842136544e-18
ZC3H12A,3.008399171799856,0.004138520281207919
CRYBA1,2.1180500324060874,0.03926764219733642
CPNE2,6.178383988936685,1.2419858907095018e-07
GOLGA8J,3.910053974112752,0.0002837892308360085
SEL1L3,2.602683089263728,0.012202951486268288
FSIP2,-4.230678943698935,0.00010165487360202239
UNK,-5.147031233448901,4.663261363482678e-06
TPO,-2.9745255207064147,0.004544490705997485
SEC22C,19.85347537402486,4.447097004869453e-25
NTSR2,-2.0149644186895266,0.04941227572651427
GPSM2,-10.84248960690642,1.2827673166419851e-14
ALPPL2,2.400065070146343,0.020236772814770165
CEACAM8,4.749174054569805,1.8180032151524436e-05
C17orf67,5.241903890458884,3.357694344814878e-06
CMBL,-3.1519597864041105,0.002766215836298657
ITPR3,2.0606395473853234,0.04466663805391494
ZCWPW2,12.77039433859125,3.307983230431508e-17
PZP,7.729676257614042,4.959466344872495e-10
FAM159B,-2.4831940500987897,0.0164919506105835
C17orf80,-2.7318469274823394,0.008732144252729042
RNMT,-6.557353333075885,3.2187544833760924e-08
ADAMTS17,-4.0556743839448215,0.00017875111720734902
MMP24,13.32439424569426,6.516412641401433e-18
WIZ,-6.887092000940582,9.923751068875063e-09
MAZ,-11.331989442852969,2.6991223037773645e-15
CEBPG,-5.657872147989773,7.84235264588279e-07
SYT6,-3.6729302230764875,0.0005929614851274906
CNPY1,-3.2089129805116827,0.002351202657112569
TP53TG3D,-4.349533897356758,6.893301758671445e-05
UBR2,7.407695014125075,1.5533851833321627e-09
GNG7,14.494569509768091,2.3896932449295927e-19
ZFHX4,-3.3823690969430245,0.0014201013246184873
CENPN,-10.80688709704657,1.43846576946787e-14
LCTL,-6.37633503355452,6.137970290726866e-08
C17orf64,2.4928009397845967,0.016102295106808703
SLC2A12,-2.322663386131427,0.024393526418356206
C10orf99,-4.750947451438812,1.8071337590826825e-05
NEK1,2.864044682641024,0.006141498972658702
CCDC67,-2.062961671617419,0.04443632766076825
TTLL9,4.895858214337242,1.1046698777678859e-05
SEMA6A,5.026201249131218,7.070743367668899e-06
FNIP2,14.065788764916894,7.8693240719010375e-19
KRTCAP2,-3.521504113565664,0.0009387804175734378
SIAH2,-7.859387701911903,3.136113507694328e-10
WNT10A,-3.4509760956041076,0.0011591116717508398
LPCAT3,4.162733911157261,0.00012669953384831107
RAB3D,-3.5862758137308433,0.0007721407170469188
LRRC28,-4.075570597186031,0.000167721075863125
UBA2,-7.564903793328653,8.889844984949607e-10
PSMC3,-3.4682993472609853,0.0011008271198365586
CTC-260F20.3,-2.9306267698425907,0.005126003254979834
C16orf45,7.341770374727173,1.9636470318017228e-09
PLCE1,11.764150929343103,6.993546688360271e-16
CNFN,-3.0300210226396427,0.0038973922504705666
IFFO2,-4.030555982509125,0.00019368313317167757
RGS20,-5.818198349176548,4.455110291167786e-07
UBAP2L,-7.509782041145365,1.080994084822458e-09
CCDC60,2.810402196584109,0.007092244506997788
ORC6,-11.229786524135399,3.7278486925957376e-15
BBS12,6.62215201118039,2.5543423458605358e-08
RECQL,-3.6110538374618004,0.0007162060920966055
ANKRD23,-5.714330836053091,6.428019954785655e-07
PMS1,-4.157174647865552,0.00012899545002154856
C11orf63,9.538336310003208,9.43862022150845e-13
NR4A2,5.747063823134039,5.72722894359526e-07
TPPP3,9.107335932659746,4.081532053342923e-12
ELOVL7,2.2092244127221323,0.03186454762398202
LZTFL1,8.319647322090944,6.225985223508339e-11
NFYB,3.4091920292592284,0.0013120266774392588
FAM204A,6.1553121834349325,1.3481803154667836e-07
NAGS,2.7418607754633766,0.008505222254623176
GLP2R,5.58483016196734,1.0138706228131822e-06
ZNF577,9.065106969242997,4.71624295114019e-12
DSG2,-9.967527722379245,2.2424445014118844e-13
LRCH3,-3.4516182645184252,0.0011568995862184471
CABP4,15.183150543526606,3.6903386769445904e-20
C15orf57,7.807151234054391,3.7713293058694554e-10
S100A3,5.190303292963423,4.0151397271462255e-06
DCLRE1B,-2.3669566977145826,0.021929972775961773
SLC22A4,5.679817350761998,7.259232446246412e-07
ANKRD1,6.929307646716421,8.536223425440791e-09
TMUB1,-3.941371912130084,0.000257087542304139
AP3M2,-5.10741662092485,5.3465434307168946e-06
PDIA5,-2.949082837486326,0.004873547458230617
NUSAP1,-10.357789791475714,6.186116958820118e-14
RP1-32I10.10,-2.0680173169274614,0.043938473702634616
LRRC45,-4.7493669282091835,1.8168179564839773e-05
IK,8.074858205679257,1.4683055118062837e-10
SMNDC1,-6.556502175795744,3.228543324281954e-08
SPRYD7,9.230541418014568,2.6800702208383336e-12
BUB3,-8.97877140866415,6.341366548536464e-12
TRAIP,-12.460582330505634,8.347020426819375e-17
NHSL2,9.448046418594084,1.2805322342287502e-12
MRPS26,-7.444883141732641,1.3611239750176946e-09
RNF7,-6.1701654094100675,1.2788228606493803e-07
ZNF385D,4.002322238601688,0.00021190958917903952
SLC25A22,-3.769424781044641,0.0004404199889975824
SCARF1,16.94558220027102,3.9541391312775524e-22
GOLGA8B,3.047827816911839,0.003708751992887456
MTOR,-4.569389894373245,3.327016562419297e-05
ARHGEF4,-5.285662716354014,2.8843687301439005e-06
USP35,-3.1076435599092966,0.003135864631711004
PTPN3,-3.5786454067365665,0.0007901914447512172
C9orf84,-8.77388254924103,1.2842474213770196e-11
FAM98A,-6.049456012671526,1.963721926119853e-07
GUCY1B3,4.091337501316423,0.00015945157612599195
ENDOV,2.5898648252979246,0.012608619971555038
NANOS1,-2.84236574018969,0.006510525937477301
CDCA4,-13.88487447078471,1.3099068942334053e-18
MS4A6A,7.001945458703909,6.587864672003426e-09
NCF1,8.490366764825934,3.4324701246777823e-11
CNTNAP3,-4.0704244344732485,0.0001705090454505081
TBP,-3.2689561520147348,0.0019776847686139992
GDI2,-2.618760018695096,0.011711013834920308
KANK2,17.31564325386649,1.5915995984552523e-22
ZNF628,-2.841493804832056,0.0065257898235493335
CHEK2,-10.227910748942296,9.476766609754104e-14
KIAA1244,11.754400993422898,7.207997273001708e-16
SGCE,11.746539053347652,7.385767032212098e-16
RERGL,7.767349573366557,4.3408888713185335e-10
TIMM10B,2.0497297006058073,0.04576263095225135
MDC1,-3.4867412795083235,0.0010418522295828638
SNRPD2,-8.83838698560602,1.0279460812725844e-11
UAP1L1,-2.713354759890071,0.009165906670419709
HNF4G,-5.07340789945918,6.011244157266383e-06
GATA5,5.146302077892215,4.675023147333719e-06
MRGPRX3,-2.2364805974434763,0.029905031685328032
CCRL2,19.03865620632443,2.751205009895167e-24
SPDL1,-9.246843399613521,2.5352915451714562e-12
AC018755.1,6.7161409379948225,1.8264748808527714e-08
ST6GALNAC6,24.261003500982394,5.88459596369635e-29
TPST1,-4.784191379000571,1.61479075829232e-05
ZNF322,-3.3770240492101355,0.0014426251255545716
CDC34,-4.700757264655441,2.1408424621254816e-05
PTPRN2,19.796050388776948,5.046825337319729e-25
EEF1A1,4.266399394615369,9.049179950136967e-05
DOC2B,-2.044914281230062,0.0462537652302007
CNIH1,-2.3893959493057335,0.020769111580347763
PRDM15,-4.965832877423642,8.697128740500226e-06
U2SURP,-7.51200120009681,1.072513791619469e-09
MST4,-7.301583302579576,2.265409856761405e-09
STRN4,-3.5288778133802072,0.0009182053185669149
TRIB1,6.590594174117522,2.858788386475963e-08
CT45A3,-2.4078678938554363,0.01985525100792199
NELFCD,-10.890737719850922,1.0985918783641477e-14
UBE2Q1,-3.845751351346152,0.0003472556408216068
ZZZ3,-3.201494525576988,0.002401722646574912
PRKCZ,15.90535191570687,5.517831784925357e-21
PPP2R5B,9.334093372723885,1.884329301454938e-12
DENND4A,3.1770644654610365,0.002575426022591937
GLRX,13.392773156171161,5.346762133844508e-18
HIST1H3B,-5.760744371373418,5.457323295029223e-07
ZNF454,4.9807118095778495,8.264982461373605e-06
VPS28,2.918423330230926,0.005299565068226345
CDCA3,-11.085754895036144,5.889468174674444e-15
PIFO,6.878079158555246,1.0248062482432373e-08
AASS,3.0043675381890713,0.004184996903789891
SRGN,9.60904715680791,7.437625153302502e-13
FAM25B,-3.5327709083807908,0.0009075166780578378
ADH1A,9.72583595227081,5.024316613099102e-13
LDB2,16.814205574574313,5.480855975459936e-22
RRAD,6.699674544553782,1.9370226348053766e-08
CARKD,2.0163732880246275,0.049259618127282453
RABAC1,4.450260545000903,4.944783615649926e-05
IL27RA,3.404639852888431,0.0013297998493176375
S100A11,-7.003551759156254,6.550234285573594e-09
XPO4,6.108132037073633,1.5943240797667448e-07
PFKFB2,10.140164893373196,1.2656578691271149e-13
ARHGEF38,12.45402667667164,8.51324067740033e-17
PCED1A,-2.2093365607906628,0.03185625784200419
MESP2,-5.54814744007568,1.153204701047922e-06
CD97,18.351423223871976,1.3412791914279384e-23
GDA,-5.70279377478932,6.694789183518427e-07
RAD51AP1,-9.539868576165073,9.389958362251696e-13
PRPF4,-8.904600461278967,8.18305560370102e-12
DEC1,-4.361155592210993,6.634990264049331e-05
MGEA5,4.215313038388599,0.00010685889294436375
BCL2L13,-4.610862126580343,2.895973106489455e-05
CTNNAL1,7.845919783714071,3.288797155724583e-10
NME1-NME2,-9.654619042735744,6.380847929679099e-13
ERVFRD-1,8.679914579118348,1.7774545639338258e-11
GFAP,-2.4440673685577083,0.01816860972177116
GAL3ST1,8.065175465568243,1.519134318603921e-10
ADAMTS20,-6.354764818219187,6.628378411861203e-08
FEZ2,7.310523295638164,2.1944893169237585e-09
METTL20,8.713763935866702,1.5809243221421533e-11
FGF21,-3.436134014915335,0.0012113749304408707
ODF2L,3.2561615178839878,0.00205223568815442
FZD5,8.90076041676706,8.291918059327571e-12
CA1,7.615317004243916,7.434957543892747e-10
PAH,-2.174865949153798,0.034495748904119064
ITIH4,6.869790840072286,1.055565759296305e-08
ZNF534,4.471005370188348,4.616258329314378e-05
CERS6,-9.58975091836065,7.936824460210797e-13
CACNA2D4,4.165164430295688,0.00012570826884695217
C10orf12,-7.310052205147219,2.1981702594343003e-09
SPRY1,6.694154249754643,1.975561020833602e-08
TRAP1,-9.73502157775784,4.871998744490461e-13
SURF6,-3.626980923792571,0.0006823229267575785
CHURC1-FNTB,-3.3832764317459976,0.0014163111796649246
MTG2,-4.139419013155555,0.00013660212230033633
KRTAP2-3,-2.319884820421177,0.024556009383252683
PPP2R3B,-6.287142509929623,8.433735430928697e-08
PIK3R6,5.203157061116802,3.8403589441643225e-06
CCDC150,-8.196515525025381,9.580308001523264e-11
SPAG7,9.686537805988387,5.732236323877702e-13
PSMA4,-6.560564533906133,3.182089850190413e-08
MAGEB17,-2.0541166142539447,0.045319149196534146
ZNF18,-3.597869799973485,0.0007454667019723876
PPP2R5E,-6.356466284012204,6.588313943753821e-08
NUPL1,5.354940820213311,2.2664094907595755e-06
TMEM129,7.127827216199351,4.205824833472401e-09
RAPGEFL1,-8.13327932926611,1.1959323835526556e-10
CSTA,-5.083500900414855,5.805902156445012e-06
CIRBP,15.562574069221158,1.3498150985530455e-20
ANKRD13B,-7.653124811279738,6.502921390024843e-10
SHBG,3.9312977895972847,0.0002654002775504234
EFCAB14,8.685460481284727,1.743644143474065e-11
SOX2,-6.563212137114559,3.1521742373567304e-08
MAN2A2,5.209336750801423,3.7590252842755916e-06
SUV420H2,-4.875695618062937,1.1832681467825678e-05
SYNE1,21.039432221898128,3.4717630582431295e-26
CCDC34,-9.763668797807124,4.426271405422054e-13
RNF111,3.1059207266850564,0.003151132616754673
CTSK,-3.4998544539038368,0.0010017639650789667
RINT1,-6.847632591495937,1.1424124897774272e-08
TNPO3,-5.601512884549099,9.561558248888545e-07
PSMA3,-3.2925121172674143,0.0018470831615986138
PDLIM2,18.070632995071396,2.5955138248886344e-23
ST6GAL1,5.148832972540496,4.634323135513753e-06
PAK1,-8.863056424390415,9.441542929473431e-12
DDIT4,-4.504523844207422,4.129986217780336e-05
ACMSD,2.9672200049946715,0.004636787868193609
AREG,4.797327975379037,1.544456782349575e-05
KCTD6,8.185067006395204,9.97261213847395e-11
MIER2,2.8838587243854863,0.005821290818208198
DNA2,-8.41414977991857,4.476350540389785e-11
WDHD1,-12.483853955123266,7.783086886269742e-17
LBX2,-3.4038927404538777,0.001332738599370488
FUT6,-2.615227133698518,0.011817535753428787
UNC13A,-2.220357010835005,0.031050884822799517
STX1A,-6.904104785880595,9.339307054644372e-09
KATNA1,-3.122599318165474,0.003006214758572343
SLC25A21-AS1,2.8806778629627607,0.005871628270406943
LA16c-431H6.6,-2.739913287762807,0.008548923706311913
FBXO31,3.3088994115340693,0.0017610896549166426
DUSP11,-7.248932671538774,2.732268295464713e-09
SOCS3,6.807721586771967,1.317271668190482e-08
NRARP,-6.5402492922514295,3.421272731750023e-08
PTRF,13.67002428905792,2.411733003189513e-18
SKIL,-2.7705382506149547,0.007885095398349277
ADAM32,-5.263827629418885,3.1116736674551054e-06
BHLHE22,2.52945564715675,0.014691043818707164
ANKRD34C,2.567957440745407,0.01333051780400235
PFAS,-4.39954418740108,5.847071342845819e-05
VARS,-7.897868073385815,2.7379941466905895e-10
POLR2I,-4.626654364861052,2.746642060631167e-05
HLA-F,9.715223587052504,5.206294984718636e-13
THSD7A,3.260911671940626,0.0020242529104594026
SOX18,8.484471701398618,3.50362964895406e-11
NT5M,-5.2854875188135,2.8861255623979903e-06
LSG1,-8.739092552954377,1.4483190004428587e-11
CCDC57,5.033921987755673,6.8856652965033674e-06
NMNAT1,3.987254885997339,0.00022230468236910904
AC105020.1,3.400431278279179,0.0013464349442322842
TMED2,-7.392104501248859,1.6418863589537908e-09
UTP3,4.130060004274245,0.00014078504793116806
TECR,-7.046025472731638,5.6296516380756195e-09
PRPSAP2,-3.913627937928306,0.0002806117552086252
SGMS2,8.31459055441544,6.337008450887309e-11
SPECC1L-ADORA2A,3.198865936754709,0.002419867867932594
SCN1B,4.832358662852341,1.3712814396886993e-05
VCX3B,-5.581175587941226,1.026967859710224e-06
LRPAP1,8.615642304581442,2.2210110974894412e-11
SLC22A25,-2.186777775415148,0.033562617129464636
AWAT2,4.15466679321254,0.000130044342205917
OPRK1,-3.088008640355702,0.0033140628974471223
NQO1,-4.512445698327651,4.022588945773498e-05
ANTXR2,7.793560993562341,3.9568249133286316e-10
RP11-1105G2.3,3.1808662072093736,0.0025476382009891243
IFIT3,6.225398721290756,1.0506949496895219e-07
TAB2,3.600823908191222,0.0007388125476296729
SULT4A1,-4.822543636577078,1.4177796306029852e-05
METTL17,-3.031936529561504,0.003876676880807181
STMN4,-2.250339440315519,0.028950234481455634
LONRF2,2.9042271910100546,0.005508345321177506
WDR55,2.1711194006402628,0.03479392656450817
IKZF4,10.799438477689874,1.473388221982539e-14
SPP2,-2.369658380565576,0.02178718880275625
PPP1CC,-7.189957344247768,3.370725035194415e-09
UPK3BL,-4.209077339445267,0.00010904384648522667
SLC35D1,-3.310175125832321,0.001754556839641295
SP2,6.426200022833544,5.138442655775839e-08
KIAA0513,9.578389553182177,8.246440611928997e-13
UBXN1,3.058772921875815,0.003597083667211944
IGFLR1,2.438177308973157,0.01843392530122099
PTPLA,9.03919696421461,5.154078627532505e-12
TMEM220,19.676103869260427,6.579321477552732e-25
TMEM163,17.140751817731523,2.4425773117192085e-22
RP11-463D19.2,-3.6365488843073255,0.0006627121513999342
ACKR4,13.372383785933083,5.67130916052699e-18
COMTD1,-3.618698810831108,0.0006997459284584945
C3orf70,2.0480647257440414,0.045931930481834235
CLTC,-3.4375887426310383,0.0012061548959136433
BX255923.1,4.293129937924069,8.292798715515966e-05
USP48,-2.260398952743725,0.028274229657118843
RGS12,-2.180169248784518,0.03407752105931634
MBTD1,-2.746054969888595,0.008411803184388396
ATR,-8.440314702396645,4.086123038419126e-11
CSF1R,6.78063242995739,1.4509724982867993e-08
SYNE3,9.853269189699835,3.280785600229256e-13
TMA7,3.003796081891759,0.004191623994408972
MRPS34,-8.640316128109808,2.03886395043482e-11
OGDH,6.341087465723013,6.959395717728806e-08
PCDH15,9.815272166297603,3.7246270678353706e-13
GATC,-7.67082657219213,6.107800135465543e-10
FEN1,-10.572338498839756,3.0718373685466696e-14
STMND1,4.853055507475537,1.2780882925525458e-05
NOTCH2,4.201329378127465,0.00011181925117617278
PITPNB,-6.54266225529731,3.3919490799838685e-08
RQCD1,-7.370104486189194,1.7754464495749692e-09
NISCH,12.276903291916753,1.453361956270821e-16
CCL25,-3.354029995541986,0.0015434480396560282
CA13,7.2492316542423145,2.7293618599846634e-09
ZNF846,2.677014454645682,0.01007658990135748
ZNF774,-5.555066800144944,1.125544001538394e-06
HABP4,5.406133700360781,1.8957589376588262e-06
PTPN5,4.160677375097199,0.0001275441984452292
HMX1,-2.763152642406425,0.008040684340160137
ARL6IP1,-6.312605929330966,7.702565887897823e-08
HNRNPDL,3.9114417296400323,0.00028255132614914564
PRPS1,-2.8107733157882864,0.007085222730131225
C1orf174,-5.0373762349108,6.8044150814127545e-06
KMT2E,5.236765933317722,3.4180747002496584e-06
CLDN19,-2.749537574719436,0.008334953382294804
ZNF267,-3.1989505856296936,0.002419281524839391
RAC3,-5.611610237520953,9.22818744988284e-07
SH3D19,11.114032971038938,5.382573569204648e-15
BEX4,4.672487325316091,2.3546816778826432e-05
EXOSC1,-3.5957347112431877,0.0007503116735925769
SSMEM1,5.816029034978124,4.4893952328663586e-07
PRR9,-3.011542615456969,0.004102618046431
PPP1R1B,6.001450836799858,2.3284171442396822e-07
FAM200A,-2.5019919173184153,0.01573733536092159
BLM,-12.078680605988447,2.6570708450329986e-16
HMGA1,-12.727957026520471,3.752395280284643e-17
DLX6,-2.156669952136383,0.035965269121578394
MT-ND4,3.817249313223257,0.0003795766919555783
ADRBK2,5.362863678212034,2.204678322073309e-06
ADH7,-4.452861714428765,4.902370700291594e-05
KRT14,-3.9221942640920413,0.00027313497873774435
CHRDL2,2.588752237965499,0.012644404887003791
PLEKHG5,-5.4902580126205764,1.4126318616435459e-06
ABCG4,-2.441253014681516,0.01829494833142511
FARSB,-10.18344429575539,1.0972038713362637e-13
PEX26,-4.192723578774457,0.00011498243600143778
CA5B,4.6146227884342705,2.859706882845352e-05
MT1E,2.6851166362398073,0.00986663631334258
TRIM46,-4.528467559166363,3.813659325083285e-05
SRSF12,-5.285442699795222,2.886575164915138e-06
INTS1,-6.088635803059193,1.7086657656769394e-07
CEBPZ,-5.7229604033965655,6.235403241885088e-07
LIFR,9.784192328808968,4.132481027476566e-13
TLL1,3.4316889533258235,0.0012274588201938073
SLC38A1,-9.086074207037536,4.389534432123878e-12
CREBL2,14.092808106056323,7.295170536039562e-19
FAM178B,-2.178712594942454,0.03419194811630243
ZNF627,3.471564876095746,0.0010901576704388306
HNRNPA1,-5.720748935662597,6.284211424244855e-07
CEP350,-2.833665803245211,0.006664318109387212
CCDC11,3.8182150814270255,0.00037843558398074987
SLC37A1,8.297335529620975,6.731074582490901e-11
HCN4,3.930356830897912,0.0002661898421761243
FBXO10,2.056431920414574,0.04508659921569192
VAPB,-5.416786352032723,1.8265285010955813e-06
U2AF1,-2.7920732472814875,0.00744715685293813
LMNA,4.364863323567482,6.554583692236687e-05
MYO1B,11.953540926855517,3.8990438915021057e-16
CABP7,-3.262721437064316,0.002013686954054883
UGT3A2,-2.0658391787422223,0.04415236733492694
NEK4,2.364033910550412,0.022085386550779816
RPGRIP1,8.416408199949808,4.441236689550822e-11
SPATA5,-3.3743133480466567,0.0014541771841247437
SRCIN1,-2.276524089917568,0.027219833030633817
CLCA4,-3.0371231369009566,0.003821102244898377
FAM195A,-2.501246009820246,0.01576667219523539
NUF2,-9.610801727543638,7.393837377983583e-13
PRKAR1A,13.8708193494626,1.3630331017618803e-18
CBLN3,4.067836335151824,0.00017192808844750918
TBX18,-5.56464728645165,1.088327766275388e-06
TIPRL,-7.211558266474495,3.1211445687754643e-09
CPPED1,6.8779792915775,1.0251714810041835e-08
ROGDI,2.248630340356907,0.029066501474096826
BRIX1,-11.003062077581454,7.667063901714484e-15
UBE2G2,9.445484324257304,1.2916821540926993e-12
SH2D3C,19.971442100149734,3.4324247899400154e-25
Z98049.1,5.195992360528275,3.936833765528035e-06
KMT2B,-4.383646416407286,6.161628285273803e-05
GPR39,11.269706601049737,3.2855902178840066e-15
TBC1D10B,-5.9165866177486945,3.145502024704918e-07
OR7A5,-3.6181769586653463,0.0007008578948613774
NUTM2E,4.432681206355971,5.2409625000419006e-05
CDX1,-3.774123011437693,0.0004340502205055346
GLTSCR1L,8.392547354542579,4.8266807880395924e-11
C21orf119,-4.248269442607398,9.599975160825396e-05
TBC1D32,-5.51711294594609,1.2857879998286418e-06
LEFTY2,7.526264342015253,1.019579993032343e-09
GSTA2,3.2450444139036416,0.0021191618802433795
RALGAPA2,7.308506419614208,2.2102920592984705e-09
ZYX,10.578811914851878,3.007903906405858e-14
HGS,-8.621027459751787,2.179906110677462e-11
MEF2A,9.857818136460665,3.231362768153264e-13
ZNFX1,9.491040252079397,1.1072767931873801e-12
KCNH6,7.634086346160102,6.956588476806264e-10
C8orf59,-4.661334285384195,2.444687565372824e-05
ZNF513,-3.8053544033171454,0.0003939057630970366
C2orf42,-2.6956195143790427,0.009600451880368089
SLC50A1,-4.91605115529634,1.0311052948255221e-05
PLAGL2,-3.330373327176506,0.001654134946582747
ZC3H14,3.526571999137824,0.0009245925921260888
FAM171B,-4.120917450465507,0.00014499111828380421
RP11-5A19.5,-3.579889761140318,0.0007872204696359608
AREL1,-3.191278216684927,0.0024729741518894244
CCDC169,-5.427912618920244,1.7568913090544244e-06
FXYD6,10.000042431907106,2.0128798408696244e-13
DDAH2,8.538113342512942,2.907226283771278e-11
WDR26,-2.283302124070879,0.026787168825600772
KIFC1,-11.689766134324383,8.808588323615884e-16
PPIP5K2,5.266813412385704,3.0795768334691464e-06
IL4R,4.217033999829285,0.00010626341086167294
PNN,-5.275816191911041,2.984765224061755e-06
C1QB,11.637846431857525,1.0352249276881475e-15
ADAMTS1,5.85746407133649,3.87763497292217e-07
GPR183,6.527295752527725,3.583074136380813e-08
APRT,-4.285897818580556,8.491140972428505e-05
CDHR1,-3.9604804991400466,0.0002420058108210365
SNRNP70,-5.858563997819045,3.8625780137560716e-07
RGMA,-6.854801506314076,1.1135594084943697e-08
FTO,6.503384836594509,3.9020818861845486e-08
GBP3,10.978187381421835,8.301598255175982e-15
DDX60,5.592876533153476,9.856149279773146e-07
PPAP2B,11.679293342921557,9.099967476787383e-16
C3orf14,-3.6868884911326583,0.0005681164782752868
PCM1,6.492585743310151,4.055308744476168e-08
PRDX5,3.930425134096688,0.0002661324522242787
KLHL25,-2.209086343809094,0.031874756045793436
FKSG61,-5.67587721910371,7.360662508737655e-07
STAT4,5.75885434776492,5.493846046234881e-07
ECE2,-8.806279170790896,1.1483414638967044e-11
COL18A1,-2.923635981216404,0.005224769998294424
GOLGA6L4,2.6909948146228904,0.009716836432717443
CPSF7,-3.5899447692400197,0.000763602405030766
GTF2I,-2.2066400655412437,0.03205610669392569
DRD1,4.941977136365955,9.436852797557712e-06
OTOA,4.212226903260844,0.00010793488377527972
FBXW12,-2.859629479012078,0.006215044383222269
RARB,-2.2524403124811667,0.028807881414998168
ACOT4,8.406735528736837,4.593604799510051e-11
FBXL12,5.646253608182976,8.169653743144808e-07
CTU1,-6.076299438500872,1.7851971383471664e-07
C17orf59,4.688427248897994,2.2316597128115567e-05
BIRC7,2.7991319902520395,0.007308574443055308
STX12,19.795511543272106,5.052826764400081e-25
HIP1,11.912675008666977,4.421187342699517e-16
GAB1,6.005396281398942,2.2960574175619924e-07
TMEM98,6.811192289062525,1.3010573173102974e-08
UCN2,-6.39734745832986,5.695082789148587e-08
TRIP13,-12.411635506892305,9.672238580654433e-17
FKBP1B,7.045208593103185,5.646071854466231e-09
CLEC10A,9.953021099271783,2.353237781125108e-13
ABHD4,-3.5502822973290704,0.0008608907284857058
DDX47,-6.129244228899599,1.4790851673931333e-07
SOX6,-2.3752866788143967,0.021492408201418595
RASL12,13.938685586454119,1.12521075398329e-18
RPP25L,-3.9373351714067937,0.00026038783381373214
CDK9,2.557956600461499,0.013672423130927534
NCKAP5,13.191677289459623,9.582869134721274e-18
TPPP2,3.900750249303031,0.0002922245758654762
TGFBR2,26.32691910852017,1.419836159839065e-30
RHEB,-3.796298209678164,0.00040516296910005653
BUD31,-3.022896770700989,0.003975350747500228
PRR11,-12.040611657175887,2.985232714192742e-16
RP11-216L13.17,3.624111749283493,0.0006883112063542407
MAGI3,14.947443529507854,6.950991677598335e-20
PDCD1LG2,7.69544736917331,5.59800154155379e-10
ZC3H3,-6.766901742954384,1.5238421300045066e-08
CDKL5,7.979735766700696,2.051819423706114e-10
LIMS3,-2.205924334503226,0.03210933826586004
PSMA6,-2.9811494155292024,0.004462290363193457
KRTAP13-4,2.2519975800899728,0.028837828770367738
SORT1,14.941529731541957,7.062885056211633e-20
TNFAIP8L1,2.359861937370498,0.02230893414967546
C17orf96,-6.646187198294686,2.3443961936942016e-08
TFAM,-5.932074871073041,2.9775906898554903e-07
PAPD4,7.1374454627649895,4.064122136513064e-09
CNP,-7.450249696195431,1.335424222767733e-09
WNT3,-5.67769071571684,7.313804506106406e-07
TMEM19,-4.533178700276239,3.7542701460092025e-05
TELO2,-6.759134786641687,1.5666711554706575e-08
TCN2,5.366746281161085,2.1750371034122488e-06
ZNF22,4.680505458939802,2.2919900288223246e-05
MRPL13,-7.86676975953419,3.0554683639062917e-10
RPS6KA6,-2.1256458240240037,0.03859790578452645
TCTE1,5.009030090262144,7.5001139693103865e-06
GNL3,-6.4167124221720595,5.315215588853891e-08
TTC38,9.65874818187821,6.292932472501657e-13
LRFN4,-10.4101187598109,5.2124043239383515e-14
NUP93,-6.988333413077627,6.9155671170589175e-09
FANCL,-6.358164088677903,6.548576505291154e-08
ZSCAN18,9.133734148824889,3.729269095161749e-12
ECSCR,17.60301600229882,7.927312123224403e-23
CBWD5,-6.131785253338414,1.4657869162979679e-07
CPSF1,-5.449548051886993,1.6289175726102836e-06
UQCC1,-2.81619099334476,0.006983447072909387
CELSR1,-3.2122685423012154,0.0023286820207563336
LAMA4,7.762524286101185,4.4155720041434047e-10
BASP1,-6.102243099402582,1.6280341001729322e-07
IRX3,4.3133473905178805,7.761965245561652e-05
ACPP,-3.2904136060659646,0.0018583781750063837
DPP3,-6.906285461263575,9.266928587936863e-09
NR4A3,5.856148622956887,3.8957188427154173e-07
FLI1,16.326370791491822,1.872144807479218e-21
RASGRP1,2.38537766126457,0.02097284476902945
ABCF1,-6.0648004804882705,1.85960309814759e-07
GOLGA8H,3.3138844690758775,0.001735691830135754
ARHGAP44,20.93812931746846,4.2971504360476573e-26
GNGT1,-6.473613506696901,4.339195048269033e-08
MITD1,-4.5193327473257865,3.931443100277482e-05
UBAC2,-4.779718857201894,1.639447210720227e-05
NIM1,6.449567262307342,4.727687623087783e-08
FAM89A,4.652471412474005,2.5186083426877276e-05
UTP14A,-7.154350959588155,3.826553600822003e-09
ITGB7,3.1953668672246938,0.00244422272810058
USP51,2.442184705035185,0.018253036496181787
CDR2L,2.167988116194686,0.035044875041248084
PDRG1,-4.866043604710457,1.222815210431944e-05
C10orf2,-8.168747286901835,1.0559954984104166e-10
TMEM198,-4.202688419382698,0.00011132751173826542
ATP6V1C2,-3.0652432273167656,0.00353256023405744
ZNF239,-2.301915300447951,0.02563035095847621
SAMD4A,6.280064333999365,8.649004052508085e-08
CCNE2,-5.578123257851524,1.0380352266517475e-06
FMN1,8.7392984146179,1.447288484064435e-11
GIMAP2,11.107293710340533,5.499218618471478e-15
DUSP3,18.58848485090383,7.72714669907585e-24
HRAS,-9.245287144245317,2.5487650422981434e-12
SFXN1,-9.856917506487601,3.241087723910104e-13
RMDN3,13.765162215530173,1.8392438763798777e-18
TRIM61,5.375451221554814,2.1100055763188495e-06
RYR1,-2.721264130789931,0.008978009036618584
C8orf48,3.527065283873351,0.0009232226004698387
TXNDC12,-5.090421588885396,5.669113739572517e-06
CEACAM1,-2.857775400180292,0.006246171309194214
PREX2,12.577384023945589,5.879750920454663e-17
ALOX5,14.583717674219345,1.8704071991951615e-19
GAR1,-5.121367387546441,5.095338680320311e-06
ALDH5A1,3.727901892920667,0.0005007623289155265
RPL12,-2.455795726784122,0.017650550159201885
OCLN,16.434452048816894,1.4229407446743957e-21
AC005481.5,-2.164148415585651,0.03535477043078395
AQR,-3.8496227704058845,0.00034307557696391434
JARID2,-10.253340827081878,8.716043089827766e-14
FAM180A,7.262594094422812,2.6025810701969897e-09
THEM5,-4.1472497162974795,0.00013319517424458278
MCM5,-8.926010265597721,7.601988984927344e-12
NRD1,-5.705064112558735,6.641438245795345e-07
ABCG8,-2.780050905739742,0.00768879204906069
RAB40B,-4.553825147914614,3.504494013585541e-05
FLNA,3.7899474957353556,0.00041324120408507144
GJA4,13.859485040105415,1.4074653123426212e-18
DUS1L,-7.897480805318855,2.7417362407310397e-10
DGCR8,-4.553494724140517,3.5083603542809516e-05
NCCRP1,-4.627309206444425,2.7406155704401434e-05
C7orf73,-9.505285959474291,1.0552538648799565e-12
GORASP2,-7.839972687941679,3.3585758082135425e-10
DNAH2,3.2227645902788895,0.0022595456923503888
OSR2,-2.721170143970192,0.008980220852249343
VIPR1,9.538388270981319,9.436965875045977e-13
DPPA2,-2.778322762914831,0.007724115100468436
RPAP3,-10.000104625084477,2.0124643080743036e-13
KLHDC3,-2.8988435679848226,0.005589503250759539
EPHX3,-3.517879827130721,0.0009490540189882865
MAP2K3,5.52952321893787,1.2310484793928473e-06
CACNG4,8.78720574353616,1.226494643400157e-11
WSB2,-3.320025330386612,0.0017048824430283807
DVL3,-8.449246452936073,3.960910455993897e-11
TMEM178B,-2.8519752657137114,0.006344482406455805
FBXL4,-3.7124723646289226,0.0005251486555355396
CASP4,6.281861145580204,8.59384417934753e-08
SDF2L1,-2.236962420742615,0.02987137413274315
SNX10,8.153971607536144,1.1121708855423958e-10
GUCY1A3,6.488467867227427,4.1153063772586766e-08
CAPN13,2.889668178445058,0.005730389076978816
STARD6,-4.361538415593589,6.626643961867875e-05
SMPD1,8.873731391168443,9.100638418163508e-12
ADAMTS8,15.846666025190508,6.425064923459912e-21
NAT8,2.7710040821279462,0.007875375743519455
RP11-108K14.8,-4.995386589692697,7.8594962275702e-06
CARS,-5.737224839197966,5.929498412628807e-07
PNPLA1,-2.9736180033920734,0.004555862173060621
ACSS2,10.616196313324837,2.664143291807071e-14
TMEM56,6.640763546923992,2.3902117319347983e-08
PLEKHG4,-4.7712717361873915,1.687027623124566e-05
PRR26,3.1046363748737775,0.0031625601243903704
TNFSF14,6.6520052903221005,2.2962240383955596e-08
SCRIB,-9.040962249719627,5.122987344300061e-12
RAB14,8.061908713400356,1.536679239688113e-10
SMG7,-8.348544935028423,5.6280643293281805e-11
GOLM1,-4.890522111630146,1.1249569614043531e-05
KLHL24,-3.964139158281005,0.00023921737627180675
OVOL3,-5.152277102906293,4.579498263737416e-06
AC068533.7,2.5791834980434616,0.01295601731388319
WDR93,4.11896420281723,0.00014590539655030973
PPP1CB,-5.182983009908715,4.118164050815065e-06
GMEB2,-4.87376333232367,1.1910832636144688e-05
IFIT5,11.921180559021204,4.306962892560326e-16
CBY3,2.287122686891382,0.026545996629464535
MUSTN1,13.368828133435175,5.729921187963979e-18
MT1M,4.056161392256008,0.00017847292586179855
CBLC,-10.2303718430385,9.400298858759458e-14
FAM209A,4.210108665011754,0.00010867950225271334
NT5C2,4.296204351877241,8.209855522735449e-05
PMM2,-7.339619965629029,1.9787221950442748e-09
TRO,-4.297799086408553,8.167150684498194e-05
WASF3,10.008804801781922,1.9551818398299817e-13
RTN4R,-5.785031313757334,5.008915654382368e-07
GALNT3,-5.709917596282081,6.528796864419212e-07
KIAA0226L,2.9528762738233745,0.004823115311976405
CEACAM4,11.452841073961409,1.8456569683804447e-15
LCE1C,-2.351919207408556,0.022740143308744146
SMG9,-3.5389623688128893,0.0008907621709465442
RAP2A,5.630363270478918,8.639336076218157e-07
KDM4D,-5.728887216235783,6.10644350564126e-07
VPS16,-3.9681735540774525,0.00023617858451429623
ENTPD8,-2.54804187226274,0.014019246394414283
AC006486.1,-4.433174724437592,5.2324161334814936e-05
ZNF768,-5.745910074515008,5.750588478194924e-07
TRIM16,-5.317662481168827,2.5805912455738405e-06
C10orf11,14.408975096122699,3.026185744469176e-19
RP11-322E11.6,-2.401492535837398,0.02016648743668536
ZSCAN2,-3.4141206785812264,0.0012930384082639008
KM-PA-2,-2.6326697758991395,0.011300091637026886
HERC5,3.750709188426795,0.00046669815668201885
RETN,10.330101065206051,6.773826814955323e-14
DLX2,-4.028099530341886,0.00019520662041367086
PLCL1,6.667173471241492,2.175236810444056e-08
CTSF,6.509278128801615,3.82091542334116e-08
OR6N2,2.026623040103814,0.048161239498443635
NAT6,5.4602806761212515,1.568903477277181e-06
SRP72,-3.5581580568328723,0.0008406751397425009
GTSE1,-11.702947396979418,8.455247348553797e-16
ZIC1,-3.3831790076413255,0.0014167176814009611
TMEM253,-2.7248952370365807,0.008892940209931685
SUSD4,-6.225552737582487,1.0501192383253051e-07
ROS1,14.539060168879965,2.114399985764238e-19
HMGCL,5.980832451329526,2.505053300051151e-07
SHC1,-4.312435107896348,7.785188495775581e-05
CS,-7.5635230020648185,8.933483601063127e-10
FAM151B,5.315468765670397,2.600366189782873e-06
NTF4,-4.4241603070455575,5.390687935160724e-05
ALYREF,-10.790313260902085,1.517343487614336e-14
FAM131C,-6.020451620285404,2.176636211805079e-07
B4GALNT4,-6.726211233874685,1.7619996988009495e-08
VGF,-2.3915555613490698,0.020660352237370675
UFM1,7.720702159755424,5.11943687628805e-10
LRRN4,13.558198799861295,3.3211341782957113e-18
UBE2T,-11.284425691890744,3.1362721587386355e-15
ZNF521,5.181303689613307,4.142164042884374e-06
SPINT2,-5.986798037723247,2.4526187810003464e-07
HAVCR2,9.942736259890822,2.4351250577873967e-13
CTD-2116N17.1,-8.437284947298526,4.12949601165176e-11
FUT2,-5.544826443718409,1.1667188836222835e-06
