Hugo_Symbol,T_Independent,P_Independent
HIST3H2A,-6.485549680803331,3.607140106656372e-09
LXN,4.111953541468976,8.164043644485837e-05
CNKSR2,9.206806465378303,6.374651779974794e-15
SCML1,2.0092018878359537,0.04726589843891225
GSDMD,4.815519869045883,5.344288657720395e-06
AKR1C1,-4.719748649890638,7.857877107856758e-06
C3orf62,6.673633794973965,1.5007152753534552e-09
CRISPLD2,4.063896179691588,9.742753347580828e-05
DOCK5,2.0143255160542752,0.04671578879072957
SLC33A1,-7.337561317643699,6.382057732213548e-11
GLI1,-2.293079946406912,0.023980398417391264
STK17B,8.328562129488738,5.024134511809247e-13
RP5-966M1.6,6.644088065747279,1.723355128050759e-09
HAGHL,-2.6605809139090146,0.009115074132559447
MAS1L,4.3914540069504575,2.8485422890515235e-05
CDC37L1,9.808193603575576,3.1566722886924803e-16
KRT10,-3.6875723564306697,0.00037161690349540877
CYHR1,-3.7712138218656146,0.00027796006033760866
TNFAIP8L2,12.96756624196462,5.504189276736636e-23
PFDN2,-9.878125507798234,2.225416254484458e-16
TCP1,-7.722357890469918,9.875245155161017e-12
ALG9,6.00414567728433,3.260870772945659e-08
PMEL,-2.506169495559649,0.013851285748684746
CYBA,6.265542200102702,9.946354758768586e-09
GINS1,-11.449713789212147,8.963318926337125e-20
GPX3,14.409404964182201,6.061127467375295e-26
IPO9,-5.670239421084413,1.4405242881437886e-07
SHKBP1,-2.1573657444033847,0.03342189388011664
ARHGAP40,-2.1924224270649395,0.030715930978081927
ENO3,-2.2713195582788153,0.0253149060363774
COX19,-3.630016569224072,0.00045270182220705967
LMF1,8.3517010792621,4.480945087723702e-13
GDE1,4.488246883475348,1.9594310132532596e-05
LSM14B,-7.164795025998796,1.4635923163568068e-10
TLE2,12.726704020750455,1.7550742489759944e-22
EIF4EBP3,8.037205915628412,2.113076071433917e-12
LRP2BP,13.02943047259912,4.090305983498807e-23
PELO,8.321573386975423,5.200749073208371e-13
CDIPT,3.1399816977678214,0.002233465317978269
C19orf44,3.562934778475524,0.0005683358010918787
PABPN1,-5.7008999445170705,1.258795161918026e-07
ZWINT,-9.839669893328677,2.6970837938980085e-16
DYNLL1,-5.542958369672526,2.5124421288907834e-07
NRXN3,2.981287052869117,0.003620723100731826
FYTTD1,-6.442456159814585,4.404377026554779e-09
CAPRIN1,-6.166525992301199,1.5632351898449687e-08
AOC3,18.413017705844673,1.3921474535478687e-33
KIFC3,5.9698139308009495,3.805367747641188e-08
DOCK11,15.717595155416685,1.5501205105957345e-28
TMEM231,4.9826013855078175,2.700653530016661e-06
DNAH17,-3.7552237543842395,0.00029392223990907585
DCHS1,6.40624255223789,5.207132128207257e-09
ZFYVE19,-4.216701133013474,5.5291013453358154e-05
HS3ST4,-2.8267142193962784,0.0057011108605932335
CDH9,-2.443036653287584,0.016354051959388487
SLC5A8,5.0376766987562265,2.1507201556081764e-06
WDR53,-9.132277288710798,9.24742047198777e-15
NLN,-8.938272044341419,2.4333076094341283e-14
TBC1D31,-9.16085675121047,8.018158103491453e-15
G6PC2,4.697014930086311,8.605406641477994e-06
ZNF597,12.734385528796937,1.691204704518581e-22
RNF114,2.9357936660605133,0.004145430876988088
SFRP2,-3.0359878377640515,0.0030712172988511454
PNMA2,15.6126134721871,2.4831366765559096e-28
C1orf158,4.569426448673226,1.426498984376836e-05
HENMT1,-3.7707802021154917,0.00027838182848099823
STX16,-3.8246463201044105,0.00023039391558313195
BFAR,4.137653788937466,7.423684184929225e-05
SHROOM3,13.733114691889343,1.4372051176156759e-24
NUP107,-9.593005255911693,9.256095048711437e-16
HS6ST1,-7.724687739511489,9.763656820684073e-12
BRWD3,-4.806507709455775,5.542715457373375e-06
FGF11,-8.561734533876102,1.5829595055002028e-13
CCDC138,-8.099800334138129,1.5530863105531863e-12
FAM193B,2.856487029006881,0.00523050279583564
BATF,3.704641877008579,0.0003503535164804433
AGFG2,7.716286947233474,1.0172006578547716e-11
TVP23B,-3.0565433469634207,0.002885488098170387
BCL6,3.7981644717729393,0.00025290689914317843
DNAJC3,5.9999712010843815,3.32274080814038e-08
CABP5,2.6524598789154017,0.009321889583415705
C1orf233,-2.788317385664998,0.006365244927830489
ADH6,2.607307607916881,0.010551238007982378
ITGB6,10.571571079493753,6.983400079735944e-18
CEACAM21,10.52715461227755,8.713231938469613e-18
ETV6,-3.008969653624746,0.0033321888631299536
C1RL,5.992349338894522,3.438700693028802e-08
CCDC181,5.408695347964195,4.4887751864113594e-07
GPN3,-3.084823825865209,0.002646938252781415
RAP1GAP,8.370495466361726,4.083134233846205e-13
MAGED2,3.962171788783236,0.00014104117255091538
C1orf85,-3.1937767722667494,0.001888802048302471
JRKL,-4.290718832107172,4.183206946714264e-05
BHLHE40,2.490896635078012,0.014423041458314743
NMUR1,14.089144475075358,2.6965717548614962e-25
SPATA18,6.0774338624130575,2.3423116924262587e-08
SLC17A3,6.381244066981351,5.843942098029393e-09
NTPCR,-4.653311433214193,1.0240982682846532e-05
CBWD3,-3.0529182645781527,0.002917467486612659
TLDC2,3.4496303451195325,0.0008293017688666538
IFNA5,4.2414728503723635,5.037925519203935e-05
RP11-10J21.3,2.0994890247804805,0.03834301964937144
GNAI2,16.484436015737668,5.174695755884047e-30
MNDA,14.09783211861584,2.5891556862913016e-25
RP11-347C12.3,3.6310310316902825,0.00045113758358292157
CLEC6A,7.4868512269159115,3.102487162335527e-11
FCGR2A,10.595751100871276,6.190958741836194e-18
ZNF491,9.295927369673583,4.084835508144575e-15
SEP15,4.605084330840667,1.2395704618099537e-05
GMFG,17.486623772956115,6.808977014440636e-32
MAGEH1,7.254728583721014,9.507563561226772e-11
GMFB,5.61751055381666,1.8151139111492803e-07
AC068987.1,-5.722040174581709,1.1468112956334369e-07
SLC7A2,4.4995142017906185,1.875344579665385e-05
FAM83G,-5.5603660668841774,2.329198165836868e-07
CCNA2,-12.112050851407192,3.46995225451957e-21
PSMC1,-7.49985301808857,2.913101859335027e-11
TGIF1,-3.4837265966933817,0.0007407919429884103
C18orf21,-3.706540112989849,0.0003480616015259351
TDRKH,-2.148582478840852,0.03413146320944498
TXNDC15,11.029515872050565,7.166768871098185e-19
IPO5,-4.076666849354864,9.296801397873094e-05
C8B,6.448224338932886,4.288334790316497e-09
DGKD,7.060872424428501,2.4049160136863987e-10
TMPO,-8.256595650627213,7.169389654366769e-13
LY86,12.797019772340375,1.2503106059906408e-22
LDOC1,-2.1807480784255637,0.031595047461046494
MAD2L1,-11.739948039090597,2.147157558684308e-20
BAI1,-2.0330226287479856,0.04475450383863399
TOMM70A,-9.656094232945067,6.752375462279542e-16
MRI1,-3.812077687211441,0.00024082984322248817
ARAP1,9.949422866213212,1.55828732815928e-16
DZIP1,-2.104256027954314,0.03791528838206264
VDAC3,-5.689828252876294,1.3216602389349175e-07
RBM42,-3.825016292412733,0.00023009334807207434
MROH7-TTC4,2.6848029425367406,0.008522686045828846
ATP8B2,4.05952839672691,9.899928743400881e-05
MMADHC,-5.324079983321528,6.448093782850549e-07
SIK3,4.645466641488813,1.0564877526698675e-05
GOLIM4,-3.7397474749050246,0.0003101989137568795
GPR149,-2.454226104994335,0.01588300854244244
FLJ20306,-3.490854815415073,0.0007234501319163757
ZAR1L,-3.4214197557442736,0.0009099681712262806
TSHZ2,-4.970401827885885,2.8398468725074148e-06
ADAM11,-4.132380010812577,7.570147126044008e-05
SNX18,9.46682756773012,1.7391364162809582e-15
KIF17,15.30051373917563,1.0159860664611184e-27
PARP11,-2.092321254083518,0.038994003069034805
IL7,6.154895628386755,1.6481932633959036e-08
RBPMS2,5.315536061696539,6.687246820490822e-07
AGTR2,6.546231219840278,2.7208130603585967e-09
PLA2G4D,-3.189402127876692,0.0019148607275143502
MTDH,-4.263722746287492,4.632769272555261e-05
MT-CYB,7.528453976631301,2.5359620229723124e-11
TRIP6,-4.546083706560503,1.5633539425296024e-05
CYSLTR1,12.801482082435996,1.223710463964408e-22
SH3BGRL,15.224139203534932,1.4368913574010525e-27
TAF15,-4.489474423977098,1.95009603397266e-05
NMU,-2.892318323195222,0.0047114818769055725
AC079354.1,3.6418908306814273,0.0004347101864352072
NPIPA1,2.356997400721079,0.020412013182460526
DNAJA3,-5.05430956348513,2.0072826529599327e-06
TIAF1,2.639962570235822,0.009648466972414747
KAT5,8.421071300596799,3.178917078351658e-13
CPNE9,7.558255917833623,2.1945433996430573e-11
CHORDC1,-5.023345732101379,2.282282436312e-06
IL26,2.3898349359308804,0.018768394581508155
RIOK1,-10.131367137426574,6.278303778644486e-17
HIBCH,-2.803175683100385,0.006100282431953182
OGFOD1,-4.227268217281869,5.314189556632436e-05
CSNK1G2,-5.117548500109271,1.5423155435896865e-06
GNA14,16.097457762803838,2.850651546630206e-29
SYT14,-6.591399961159519,2.2043594268903714e-09
CCDC68,14.533052017388401,3.417261474091642e-26
ZNF564,4.563889922885861,1.4578692640560311e-05
ANKRD6,3.488501894050853,0.0007291316286548386
NDUFS3,-3.3573375875747162,0.0011214552593864968
EFCAB4B,-3.472581577650535,0.0007686935427748608
STRN,-5.529741446600045,2.6609430696916676e-07
SCARF2,3.9323556763791387,0.00015701993940060217
C5orf22,-8.006027533354269,2.4629341731422205e-12
FBXO45,-8.385741780272376,3.786436532130232e-13
TOP2B,2.608604870261211,0.010513966848600962
ZNF16,-6.879711450827831,5.686652140391094e-10
CYP2F1,2.2595667027714215,0.026062476670548996
AMIGO1,10.96221118901301,1.0008263085937082e-18
SOX11,-3.040734523864549,0.00302737122838357
STX16-NPEPL1,3.07643013423403,0.0027157580850847743
ESPN,-6.756270251766319,1.0181234608936172e-09
LAPTM4A,7.340709225636828,6.285965229518673e-11
KCNK3,12.897491492197362,7.708104943208313e-23
PDE2A,9.196634471798342,6.706739157039765e-15
TTLL11,11.630540444522369,3.677020446376166e-20
FBXO38,14.20041845893372,1.6031879833337834e-25
ANKMY1,5.927491806102654,4.600936089556415e-08
GTF2IRD1,-10.058638002037663,9.028809052029996e-17
BIRC6,-3.874038833485876,0.00019340807595815424
EIF1AY,2.3197626056316634,0.022428855514378263
SEC22A,-5.833878118993422,6.987641812366332e-08
ZC3H15,-7.445365557571165,3.7924040281891484e-11
DHCR24,10.0715024297192,8.466767002024825e-17
ZDHHC2,3.1339205333834377,0.002275769941272104
C1orf220,-3.1210612609969317,0.002368002166813575
GLG1,-3.906774058535069,0.00017209480394247392
DKKL1,-2.9477245688733094,0.004001433242526351
AK3,5.49375150867435,3.110316046774684e-07
HEATR2,-9.350622494204286,3.1082425204734204e-15
PRKX,-6.276440979321688,9.461863493475838e-09
PARD6A,3.572785068907339,0.0005497607851933188
ANKRD18B,-5.715930923968548,1.1781271290500281e-07
GKN2,19.688198278093815,7.841384839950624e-36
FAM89B,-2.4899967631164945,0.014457379222742974
RABL2B,4.134006494280929,7.524683244843517e-05
PFN4,-3.682838410146207,0.00037772749599469503
POTEE,-2.7090033759518577,0.007965941912155513
HDAC2,-8.486748578918775,2.296007179465245e-13
TMEM182,-9.541065231206469,1.2000143946928583e-15
ARNT,5.954577614293523,4.0748117119321e-08
OR5P2,2.961717068175921,0.003838434475715022
CHDH,7.483448783433002,3.1540347774423035e-11
PRRG4,-4.713221818987403,8.065787906831873e-06
UVRAG,4.204577379123183,5.785971910737707e-05
C16orf96,7.101443442168172,1.981553544234385e-10
SMIM8,-2.6693192375283505,0.008897191047052527
MFAP5,-1.9895308178936557,0.049429596383604286
DYNC2H1,5.697297247722299,1.2789219679449836e-07
C17orf53,-14.5098814644731,3.804130382311541e-26
IST1,4.718770753835366,7.888693129993164e-06
SLC39A10,-4.051597308667708,0.00010191563804424152
ZNF675,-2.3618133903622067,0.020163245515476564
MAPK1,-2.4272303868512637,0.017040681751765336
RIMBP2,-2.386145115967909,0.01894702821649422
BUB1B,-12.266426454758536,1.63460248550584e-21
GABRR1,-5.316016333708341,6.673576346351639e-07
LCAT,8.574497319729595,1.4858138729493234e-13
AKR1C3,-3.926509643919506,0.000160349444425825
DAPK3,2.9207640414819185,0.004333620483204689
ZP2,3.040380059220701,0.003030625351634569
SETDB1,-3.5252532492257362,0.0006450141560499516
GRIA2,-2.6013379072468252,0.010724293763999427
AEBP2,-6.375215695582832,6.008671100719815e-09
ABTB2,-3.0609349944834476,0.002847181554917282
RP11-77K12.7,2.8664212258748076,0.0050815842070878305
IL20RB,-5.851454956440484,6.461746660530398e-08
UBQLN4,-8.667077026644497,9.382170291865751e-14
LHCGR,3.960356999763729,0.00014196755872742086
ZFYVE9,5.974713938159519,3.7225011603162134e-08
AGPAT4,4.509252399509097,1.8054901568186176e-05
PSME1,5.441099459094909,3.9045414995140633e-07
SCAMP1,-2.618864020262278,0.010223378527578281
TRAM2,-2.7782240692639775,0.006551188539081438
PPP2R1B,-2.8009914681108743,0.006138589728915379
ATG5,-3.2000626729936212,0.0018519370194003107
H2AFV,-7.961351206626194,3.067005534350091e-12
KARS,-6.530733936657338,2.924238507806725e-09
ANKRD2,-3.3534385142920593,0.0011357089466302
NFIB,4.795988145713401,5.783396179406532e-06
SGCZ,-3.121853493590743,0.002362220965863976
SRC,-4.115579446846982,8.055455100463217e-05
EIF4EBP2,8.386607261531289,3.770253840236632e-13
EPHA7,-3.071828207805249,0.002754190135514431
BANK1,6.469330746953889,3.888896835676528e-09
RNASEL,4.7997665681912896,5.6958021150833e-06
FAM84A,-7.254799627258203,9.504318665240233e-11
CEP128,-7.130556660763943,1.7241555074672072e-10
RPP21,-7.46110120533824,3.514402109578038e-11
CCDC104,3.1145633088822797,0.0024159187353913437
SLC4A7,-2.7281478144653875,0.007549168808274724
SFMBT2,4.618027463015187,1.1777759313008932e-05
IGSF1,-3.753028794601179,0.0002961802507171892
FAM189B,-12.344692259721933,1.1169216624726518e-21
SLC36A1,-5.05526107002054,1.9993654795162654e-06
CHI3L2,6.317733939410405,7.828501254438798e-09
TMEM8A,2.2451416966110944,0.02700644883696011
DPYSL2,22.955145361595726,3.277162225523821e-41
FNDC1,-4.380154774647676,2.974787564040282e-05
LGALS2,4.704717635811063,8.344710147119928e-06
ZNF354A,-2.1038918846468255,0.03794781606747114
FAM179B,3.903471571972126,0.00017413878909343237
SPAG4,-3.559582041183999,0.0005747924016941686
C3orf58,-3.5651544982474963,0.000564098923926826
ABT1,-2.618383990341791,0.010236811721013216
TNC,-5.500197902067896,3.0246930656138877e-07
ARNTL,2.361128636913799,0.02019845152697795
KCTD15,-4.7042798771627155,8.359318339724762e-06
CARD11,-3.022019453008427,0.0032036800161646378
POGLUT1,-4.840648841159223,4.826780934017456e-06
ETS2,5.516939803303005,2.812968588775198e-07
SIVA1,-3.121466680870719,0.002365042033738053
C8orf4,9.845159223558603,2.624081838924932e-16
C3orf27,3.567807027712258,0.0005590750899513845
CXADR,-4.558401646791178,1.4896248137176728e-05
MIB1,-4.97738344273979,2.759355678250215e-06
ELOVL6,-6.240008576766721,1.117933820150966e-08
ADAMTS10,4.85754388570409,4.506593418588335e-06
RHOF,2.5939099017792238,0.010943199972163883
MOSPD2,6.620063599902671,1.928226600413399e-09
AMN1,-2.6111766158682204,0.010440430319446943
LCE2B,-2.477506584587027,0.014941601561362603
KRTAP16-1,-1.9939869201077263,0.048932197251688334
SELENBP1,19.18284155511338,5.961534529742812e-35
RSPH9,4.970763484951089,2.835621727261106e-06
PIGU,-8.555537134354982,1.632391099580206e-13
PRELID1,-2.2897973000033436,0.02417766156584258
ZNF649,5.0291194331122675,2.228360680643553e-06
NOSTRIN,18.458008482714888,1.1556690956375841e-33
XKR8,5.73656835867754,1.0755875591076633e-07
RCC1,-12.25433397456913,1.7337516399174607e-21
CERK,-2.0125068112110287,0.046910428521706925
MANF,-3.9718162715730156,0.0001362141930143103
IFNAR1,3.389996594630612,0.001008490044748319
EMC4,-2.5763166125637276,0.011477847802912578
ABCA6,13.59850019796671,2.7158470319388326e-24
RAB7L1,2.521679062937121,0.013291545293358754
CDKN1C,2.9962734013217127,0.0034617755597230546
C15orf54,2.5752712111464655,0.011510345634144794
C19orf59,12.520017056988445,4.768812837822525e-22
AKAP11,8.157823640709557,1.167035238368196e-12
NMRK1,2.789439653923233,0.006344870675235299
MRPS5,-4.036592283620426,0.00010765987877432626
CTD-2535L24.2,4.34570682668056,3.393876343179855e-05
CAMP,3.446647602543642,0.0008375010657485758
SMARCD2,-6.6207909862327154,1.92168387860129e-09
SMARCAL1,-2.514005271663068,0.013565904103813396
SLC39A12,4.752141182018304,6.900625252817137e-06
CD1E,6.883695706666741,5.58044053545994e-10
ACR,8.599506306880128,1.312360084563383e-13
SYCE3,-3.511274515845333,0.000675867591798793
C12orf49,14.231087439056825,1.3894814801495513e-25
PLEKHA5,-4.870272470176725,4.279107554945341e-06
PRMT8,6.292300751155607,8.798161739415613e-09
SLC35D2,3.841076394047704,0.0002174002765172049
MCAM,4.5836625593351075,1.3488076583575138e-05
EIF2B1,-5.297986749372403,7.206000952937385e-07
LRRC8C,9.183424559670723,7.163929600330855e-15
IRF8,9.66814413457435,6.357620657995134e-16
CKLF,3.562442403102869,0.0005692796881626771
FANCB,-9.332802162976597,3.397649446956985e-15
SPP1,-5.882059295869787,5.637396094488071e-08
GPR50,-3.465291023769643,0.0007874782538271539
TCHHL1,-2.4864144909495933,0.014594800157018117
CERS5,-3.0508771062215745,0.0029356181830518433
MKI67,-11.724417782352436,2.3174150467783313e-20
IRAK1,-8.670261256701677,9.23489268668568e-14
MGARP,2.3322035530366287,0.021736225632618403
IL2RA,-2.1834848319631717,0.03138701796900379
MARCH3,4.181962877215026,6.296097374501955e-05
CD55,14.702847291940605,1.5603071002216142e-26
TMEM63C,-4.758947069037269,6.714408402319946e-06
SSSCA1,-4.909347818044813,3.6483565887646448e-06
ATF3,4.854557809755167,4.561640321060827e-06
TDRD12,-2.411589995569402,0.017745268697062107
CDH15,2.829367487485652,0.005657649066593558
NDUFA12,-4.782556009955665,6.1055134304946774e-06
MARK4,-4.880318705991896,4.10748573327206e-06
KIAA1107,4.790881063118335,5.903875078890591e-06
TSFM,-8.915550467821117,2.7249864738491723e-14
TBC1D23,-3.2226126917114506,0.00172513827915264
DHFR,-7.460242811893759,3.5290313240358105e-11
MAPK10,3.8537628591367086,0.0002078483330380117
CNIH3,-2.3889471607481636,0.018811236862810655
PTP4A3,4.211440227876358,5.639189766310987e-05
MBTPS2,-4.771269206864229,6.3896012745640375e-06
PUS1,-8.588186102771578,1.3882191196231779e-13
DDX27,-6.208451530142231,1.291308251395357e-08
B3GNT1,10.42992537126147,1.4147558424472377e-17
C4A,8.256195839846537,7.183556475700445e-13
C17orf103,12.577131157532905,3.6163741449766735e-22
PIK3R4,-6.0841527044846435,2.2721457347954556e-08
NOMO3,-4.590225911227925,1.314384578265193e-05
EIF4A2,-2.791485162682815,0.006307888644042497
NMRK2,2.4138327102726596,0.017642669696450463
BMPR2,8.858122273529464,3.627333820539785e-14
AC090186.1,8.849243236051697,3.7912959117665833e-14
RNF32,-2.5886302378777404,0.011101236323348982
SMIM13,-7.059981873421118,2.4151508251846766e-10
NIPAL4,-3.4329249859952533,0.0008762165466698587
EPHX4,-3.5063284948597784,0.0006871140874782216
LNX2,7.725167638540664,9.740828211889495e-12
CTD-2583A14.10,-3.8981522099897883,0.0001774798805145114
GADL1,3.3967115800742325,0.000986629519488251
ACAT2,-3.0904339902931683,0.0026018467142546364
ULBP3,-4.611233354765115,1.2098312277421227e-05
AGPAT3,3.7895662932018315,0.0002606563444929816
ABCC1,-5.583714745217216,2.1038602859663228e-07
NEU2,-2.759101760317827,0.006917128320580568
CHCHD2,-3.3226455191059774,0.0012543997369040933
ANO5,14.727736812984181,1.391326302610089e-26
RALBP1,-2.894631729589394,0.004679655811679646
HERPUD2,3.618863607197321,0.00047024122951132454
ZNF596,3.163433137093929,0.002076580419991152
NFU1,2.536902057676268,0.012761976055478937
MRPL54,6.609683902087837,2.0240260085320504e-09
DMXL1,9.231214548839468,5.643256779570636e-15
ZBTB8A,3.587586704347294,0.000522925116949821
NFXL1,-4.888923815742526,3.965823037120194e-06
CTU2,-4.111112321529689,8.189436486524075e-05
NPDC1,10.887290547995807,1.4518722492235918e-18
PPP3R1,-5.9505011483809565,4.1500304257581e-08
FAT2,-7.434507983865701,3.996852866579664e-11
AMMECR1L,-2.958313497506852,0.0038775090947120025
ZFHX2,3.8780705366250934,0.0001906531850068195
RSRC1,-11.30515288481274,1.8303531936092576e-19
MS4A13,-2.188515702386074,0.031007716299252686
UBE2J1,5.277487604648315,7.861908066253668e-07
PSMA5,-4.83514584561819,4.935768154588182e-06
CXorf56,-3.364998216516341,0.0010939383255261497
RRP15,-6.143423289795874,1.7364520907611734e-08
IL32,4.608847443505853,1.2212874851866597e-05
MYOD1,-2.170708617448185,0.032368493631734205
RAD51D,-5.721613145505202,1.148973395239239e-07
KLF17,8.366718440188567,4.1601488059254434e-13
C18orf54,-6.2322443949164406,1.158331297968846e-08
RPUSD4,-3.998917928754376,0.00012348133282056025
MRPS7,-6.445254785102186,4.34769294628975e-09
PRRC2B,-2.8713850274586497,0.005008641439585531
LGR4,-8.030386692763722,2.185103210409093e-12
ANO7,-4.315638318995524,3.805746153356397e-05
CCDC107,8.570002068294192,1.5193323656581069e-13
C10orf112,7.34521951694569,6.150783037105525e-11
NMBR,2.137115638305448,0.03507747857928458
GPATCH8,-2.1279833483047788,0.035847070201685226
MRPS31,3.615764835392287,0.0004752275280631294
NLGN3,3.4580159486541815,0.0008066536773939167
TNFSF13,19.833802154712398,4.396229860614588e-36
RPS17,-3.4915086133099953,0.0007218788633709414
HSDL2,11.762638111571233,1.9207026167632854e-20
PSPN,3.1120677467778908,0.002434559568231742
NKX6-1,-3.3148253808503134,0.001286342538487819
ST3GAL2,7.518690259116952,2.658913241021887e-11
TBC1D4,3.562033409303238,0.0005700648588176803
ADAR,-2.5821136681237005,0.011299133790798045
MTPN,-2.1243856667621412,0.036154242708757764
RHBDD3,-9.30248354828965,3.95323427037741e-15
MTR,3.1325256093270553,0.002285610911133026
CHRM2,5.444487000832718,3.8479488426983376e-07
LAMTOR3,2.074066968057061,0.04069507433319497
RPS10-NUDT3,-7.49423713161064,2.993451760108831e-11
LSMEM1,4.172271409792463,6.527702679427832e-05
TULP4,-4.799385301431801,5.704582097503572e-06
LENG8,2.9341301152972337,0.004165883748679226
PFDN4,-9.184342300081322,7.131184324839196e-15
LPAR2,-9.190456105063863,6.916824533059856e-15
MRPS16,-7.358958030836181,5.7565449778623053e-11
CASP3,-6.759342593725836,1.0035124015882297e-09
ARSA,2.64213372177293,0.009590997845972416
RP11-998D10.1,2.1000726479234952,0.03829042984551281
FAM102B,3.4330314607888237,0.0008759097684954592
ENPP2,3.5001548412400405,0.0007013998917911
RHBDF2,-5.224578529634772,9.836482426299167e-07
VTN,3.505342939602254,0.0006893760894766411
KIF5B,4.140018149183394,7.358908248984334e-05
SNN,2.2648077373510014,0.025726745885826734
ST6GALNAC5,13.58378562548696,2.9118555045068425e-24
PSMB7,-7.223927277916993,1.102316757460418e-10
UBE2H,-4.432566821416123,2.431401333352944e-05
ASB11,3.9128666606178117,0.00016838392130378806
PHF6,-6.550299281811309,2.669773352099928e-09
NUDCD1,-7.6597865932161815,1.339597086202892e-11
CAPZA2,6.429369180125221,4.679283492064881e-09
ARHGAP29,13.337334282245084,9.388442642755034e-24
AGTR1,15.86557766803038,7.997065434137559e-29
FAM72C,-7.268667161263975,8.891516622687101e-11
WDR66,-6.534489030732974,2.8736083370049263e-09
RCAN2,9.715237532345038,5.02397728587509e-16
CLEC4E,7.7604333317211545,8.200725844802545e-12
NTN3,-3.976200098914306,0.00013407273458915835
SEPN1,5.660714201868704,1.5020552420909967e-07
GDF1,-2.4416975492146835,0.01641125124708019
ST14,-7.292754270188577,7.918902965548655e-11
CIAPIN1,-3.867889667883982,0.00019768309860047778
RBMS3,15.929147748665201,6.023127104968348e-29
EIF3E,-3.131750264724555,0.0022910979440438173
SDAD1,-3.7216569948414833,0.00033031112353609836
ACVRL1,20.85724707559011,8.087586271349152e-38
PLB1,2.3423887864341935,0.021183320564647553
MAP3K4,-2.868812236061644,0.0050463276030846185
HIST1H2BL,-5.523812958139546,2.730317881182049e-07
TARS2,-3.723389021101546,0.0003283331656020423
PUS7,-10.788390576989238,2.3735485005877094e-18
ZNF132,7.086460319106881,2.1285231493653678e-10
DPF1,-4.825945146381424,5.123354927269705e-06
RMI2,-9.82139563832967,2.955068527214964e-16
C6orf10,-3.5671954088700453,0.0005602297159700134
ZNRD1,-5.209953596356888,1.046288851657162e-06
IGSF10,12.774517870043352,1.3935595832979053e-22
PCDHGA9,4.865165722124383,4.36900121232692e-06
ANKRD7,-4.540882053276151,1.5955381852447366e-05
MTCH2,-10.615843608343887,5.6014330732010105e-18
FOSB,5.06085124375377,1.9534628244280124e-06
KCNJ14,-7.686316722246787,1.1772105899077575e-11
JPH2,7.104763405140429,1.9503754164278308e-10
CRIP2,14.321225985614161,9.131035858586782e-26
PALMD,10.806552311840187,2.1686110945097694e-18
GINM1,6.437821624768126,4.499855803019619e-09
APOBEC3C,-4.268267441419866,4.553961879711307e-05
CYP24A1,-3.7297959361038124,0.0003211138938694727
IGFALS,13.811355584450048,9.937601369418584e-25
ZNF705A,4.080163562213894,9.178151005600876e-05
CCT4,-6.258555213526353,1.0269743910507839e-08
BEND7,6.816293449980817,7.673416286885168e-10
CXorf36,7.474323141151462,3.296529076286427e-11
LRRC46,4.180141083226203,6.339022836662166e-05
RPL35A,-5.504144966665494,2.973411895705279e-07
C5orf55,-3.7394475000578873,0.00031052271150913604
NPRL3,-2.3241871524377573,0.022180324961375376
FOXA2,15.353897734856002,7.977242377193928e-28
MSI2,-9.624069067984024,7.924770302412175e-16
RPL21,4.104314777463822,8.397424176360046e-05
TRUB2,-7.38488618802432,5.079617618645239e-11
EVC,4.224487026933381,5.3699606693010055e-05
CEP57L1,-3.7891152825975727,0.0002610690122804714
PANX3,-2.012548428878075,0.046905966821530434
ENTPD1,6.932730718711705,4.423595033670326e-10
SERPINA12,-2.0111607954226,0.047054926276188104
EXOSC2,-9.398579043950184,2.4459853860916488e-15
UTP6,-6.842708086078097,6.773805536919679e-10
SH3YL1,3.1278995507511964,0.00231853100973391
SORBS1,16.859808646822756,1.0067750029041459e-30
MTMR2,-4.318417324441314,3.7657456762671945e-05
NOC2L,-7.0440091073806865,2.6062291486567087e-10
MT-ND1,7.521060533589633,2.6285314771915823e-11
MAP3K7,-6.810515094313707,7.885456409866613e-10
VWA3A,4.413813070796671,2.6137925173241762e-05
STEAP1,-8.26651904988962,6.82654775816353e-13
PIK3C2A,6.477563283808141,3.743264604810731e-09
DNM2,8.2103103951522,9.009285443809887e-13
CYTH1,8.697073678406264,8.082783246516729e-14
FAM195B,3.450927153994224,0.000825760587667824
RNF8,-3.238429114993306,0.001641090362146757
OR51I1,2.399133487674754,0.01832484547212664
ALMS1,-3.8678431775431235,0.00019771576035218253
TRIQK,5.129690110031751,1.4659468074121286e-06
SLC25A3,-2.3343964131688555,0.021616120497354986
P2RX4,5.1019608130849985,1.646070962464877e-06
NKX3-2,-2.8708324171705093,0.005016714201510057
ACTN1,-3.769939779598205,0.00027920101500301876
C15orf61,-3.5303120712375313,0.0006341799288887873
CD80,7.637587701576418,1.4924486437517733e-11
OFCC1,-5.725442629645101,1.1297264448134787e-07
AL078585.1,6.319444033977072,7.767226226055807e-09
ACTR1A,10.871185918141547,1.5728056275682453e-18
TRNP1,7.212358875530095,1.1652353218512648e-10
C9orf66,4.23911144499452,5.082874175234468e-05
VAV3,-4.386227211475282,2.9062844531620395e-05
PGLYRP1,3.880636627172738,0.00018891930013863108
ANKRD54,-2.642437481785372,0.00958298225079859
NEK7,11.98061640875894,6.597085916125422e-21
RNF4,-3.2648818577861047,0.0015090178272612782
HTR2C,-6.684763603093114,1.424440899233315e-09
ASB6,-4.283286034838674,4.3026076521194286e-05
CX3CR1,8.73525940876387,6.685136507635584e-14
AIMP2,-6.2729752285162625,9.61334815981426e-09
KCNQ1,15.455294632869487,5.043985270816006e-28
C19orf52,-7.854692052963631,5.172887133404117e-12
CCSER2,8.304592731654996,5.656076244812639e-13
LITAF,6.855735927769393,6.369397303262299e-10
NTF3,-2.2464467490606235,0.02691983004806491
SLC43A3,9.91007924564148,1.8969117618623706e-16
CNGA4,4.561705741684201,1.4704277895687553e-05
OXGR1,-3.9450183333106925,0.0001500332001405132
DDX39B,-4.791136672779905,5.8977875621777245e-06
ZNF436,-6.789568207180146,8.703895110533006e-10
FH,-7.049782267831003,2.535496205079193e-10
ICAM3,4.91300543172419,3.5941766280002467e-06
MSANTD1,8.58577410188185,1.4049391870870166e-13
DRD2,-2.898128989664156,0.004631918226619459
DGKA,-6.51805038792219,3.1018582576700282e-09
PFDN5,5.752546989414737,1.0022666108921984e-07
PLBD1,5.64483260907106,1.610432306327647e-07
TNFAIP1,3.852195277218425,0.00020900655950717846
CCR4,4.556568696693021,1.5003787759206291e-05
CHRAC1,-4.978713003623132,2.7442810983130485e-06
LRRN1,-3.183374741215448,0.0019513137615576697
OSBPL1A,2.6455322348554513,0.009501663116555845
ZNF695,-7.82557563836505,5.964881384886317e-12
PDCL,2.5366599297778993,0.012770248506102467
P2RY12,10.103098556096885,7.230473574255308e-17
KHDRBS1,-5.8623628812089095,6.15516666994888e-08
KRT6A,-6.92821647569879,4.5193182194610033e-10
CCDC91,-3.233903644650276,0.0016647393680345414
SMTNL2,6.751434867864809,1.0415465366832368e-09
GINS4,-9.937155097296152,1.6568197092905599e-16
BMP7,-7.788882275373627,7.136819145443531e-12
CPQ,12.131108982080537,3.161671480281217e-21
MRPL30,-6.442325256208753,4.4070461799089005e-09
CXCL3,5.085552108194497,1.7626457255491607e-06
TMEM66,15.847945321771167,8.65199467086861e-29
TACC2,5.590318772567553,2.044102243097507e-07
C2orf49,-4.522335353873253,1.715593623920339e-05
RSU1,9.865136249913819,2.374701575988221e-16
CTD-2021H9.3,-6.328680297606263,7.4443712240769806e-09
SCAND3,-4.031345546467979,0.00010974065900265886
EXOSC6,-3.097001203334534,0.002549969173374865
UBE2F,-3.203767607434369,0.0018305241345010577
LRRC4B,2.412369851764869,0.01770953203427916
TGM4,-2.5907622586476484,0.011037172331022823
RASSF5,7.979589684649751,2.8043815562017332e-12
PPP3CA,3.6178856757695175,0.00047180946304062267
APOL6,9.023176021662437,1.593633668663504e-14
KANSL3,5.46640567768931,3.500714646417897e-07
DAPK1,9.798870231738038,3.3072803139750793e-16
LAMA5,-2.925075347991017,0.004278848593781429
GJB6,-5.82621443494549,7.229906885843805e-08
FAM155B,-5.542922146119409,2.51283780172218e-07
PTPRF,-7.869478085614514,4.811683671442663e-12
ATP1A3,-2.0717052106182385,0.04091975992103492
TUBGCP3,-2.1670625060060584,0.03265344185763814
USP31,-8.395243778179378,3.6124975085973677e-13
RASEF,6.282891326386091,9.186169967271464e-09
PLA2G10,10.469912839433395,1.1590197449318123e-17
FAM181B,-5.78763274385411,8.580697450214507e-08
GPRC6A,-3.063584301385172,0.0028243012646402554
C3orf49,5.848474938963215,6.548083453687204e-08
SPATS2L,-3.504566004540775,0.0006911642270952397
AHI1,3.15732704969285,0.0021164097957944946
CXCL12,11.155608025558905,3.8362183602688433e-19
CHGA,-2.6270285668957145,0.009997328207921884
LDHC,-2.3823717338467545,0.019131266908779098
HPX,2.4403658825967947,0.01646830973777333
LINC00908,7.173747586118622,1.4021636735534173e-10
EMG1,-3.9585635443166414,0.00014288876886845768
SPINT3,2.6147267201049784,0.010339681942406044
GPR89C,-2.562848811185553,0.01190290921465391
LPL,16.291217468093233,1.2102269443550074e-29
IL12RB1,10.664763352991471,4.390550660285996e-18
EZR,6.757411250484785,1.0126728263076527e-09
LSR,-6.707170405272201,1.2823275459314159e-09
TM7SF3,-3.113446116817794,0.002424247247021856
PCDH17,8.531554379536347,1.8386212494098056e-13
CATSPER4,-2.0140367270781443,0.04674664913197667
POLR3K,-4.407821173734579,2.6748023550666875e-05
CPVL,6.758622821081986,1.0069166797868434e-09
MMP7,-2.871955723460801,0.005000316992939141
WDR74,-8.521529701408163,1.9323422016266418e-13
ZP3,-6.08528256392253,2.2605515970806446e-08
KBTBD3,3.7510217068929834,0.0002982594225933146
SWI5,-7.017549737203098,2.956263377882827e-10
C7orf31,2.308540906438577,0.0230702421701375
GRWD1,-4.09988920480982,8.535549286966974e-05
FAM81B,5.576869984946223,2.1676049389299976e-07
EMP2,14.414967537549062,5.9066357205516e-26
MAT1A,-2.8293175066122003,0.005658464965099791
HPDL,-5.637544918682871,1.6626986686111657e-07
FBXO8,10.952476839155729,1.0503742963481419e-18
PARP16,-4.242610755701049,5.016402628217089e-05
ST6GALNAC4,13.42627045762316,6.148787137028185e-24
CLEC3B,14.456750268365594,4.865909997578431e-26
LRRC29,4.477624724823512,2.0420332390120613e-05
HMMR,-9.559271427791808,1.0956273957991957e-15
CYP2W1,-3.6102334297012133,0.0004842529300449293
AC114494.1,-3.2388126101923436,0.0016391008032595954
FBXO43,-8.152202791343784,1.199812468804053e-12
PLEKHH2,12.484592829514355,5.662269279948471e-22
FXYD3,-5.25483171604671,8.654804629019815e-07
FCER1A,11.467961751849534,8.191671065167286e-20
NCK1,-4.824802615972843,5.147127484874508e-06
DSN1,-7.749627176056476,8.644958619155223e-12
CD247,6.939921984588334,4.27523883345124e-10
MLANA,2.785636021300374,0.006414166085885477
RAB37,14.496487524478074,4.047551924231401e-26
THUMPD2,-5.481784717459897,3.2756060701950794e-07
HVCN1,6.680639996501331,1.4522426634386357e-09
LMX1B,-3.319045332887486,0.0012690118754336423
SFTPA1,17.516412654650246,5.998255152457342e-32
CA8,2.9972326461428875,0.0034518245330147647
RPL38,-3.4684446801064053,0.0007793001171360861
RNF215,-5.384339890462466,4.983439667077384e-07
STAR,-4.102868269480056,8.44233304052359e-05
SLC16A11,9.63802432620828,7.3907496659355345e-16
PLEKHN1,-7.059836851112237,2.416821602843894e-10
KIF18A,-11.47406015387391,7.948933635569847e-20
IL17RC,10.07070420288647,8.500599227151045e-17
RC3H1,5.665712470900357,1.469452492853748e-07
PTDSS1,-6.212422437006763,1.2681126902073936e-08
TMEM115,10.7251322576697,3.25119525264982e-18
QDPR,7.259958329561459,9.271610032965502e-11
FITM1,9.7625301834034,3.966145225392087e-16
FABP4,10.088585891085241,7.77414052530954e-17
ZNF514,-3.779275564379803,0.000270228515184835
MMP17,-3.9926178894546243,0.00012633541428449618
MLH1,10.880267970019439,1.5034165184870871e-18
SPRY3,2.383360409542539,0.019082840851082247
VRK1,-8.924187464457704,2.6102126349787643e-14
ORM2,2.64940855365117,0.009400688863225901
C16orf46,2.5560701531497383,0.012122169394996971
ZNF717,5.017301854279587,2.340089638671872e-06
FAM13B,11.75102215588623,2.033470232802894e-20
POLR3C,-2.7372252861642883,0.007358575457923825
FMNL1,10.302673822018006,2.6692272986083643e-17
MGST3,8.479043876470005,2.3853792512403264e-13
DDX41,-3.120690668008792,0.0023707110274074823
ZXDB,2.920771251066602,0.004333528354603708
C3orf35,4.152061588494142,7.037290775920787e-05
SH3PXD2A,-3.1530670159042526,0.0021446175391578617
MAGEF1,-5.961088076244595,3.95745508821173e-08
NOB1,-7.888120947689122,4.391822718779546e-12
TSC22D1,10.346044191289206,2.149785362623704e-17
CELF5,-3.789733442343977,0.00026050356335220563
NUTF2,-6.754462304903834,1.0268196709951927e-09
LRRC69,-5.178637139847402,1.193812294542383e-06
SMARCC1,-6.8145095165809995,7.738269173868861e-10
DCUN1D4,-3.324504330888748,0.001246917229744173
C10orf118,4.655072907767065,1.0169589894043833e-05
ZBTB45,-2.026794091703972,0.045399883142625753
RGL4,5.164350064832492,1.2676866489322055e-06
C9orf172,-2.319117371489989,0.022465303487189576
SLC12A5,-2.421140129288319,0.017312024869777842
C9orf116,4.40876952465523,2.6650554421992383e-05
CDKN2AIP,2.329619823848571,0.021878495487807566
CTNND2,5.351100211822576,5.745543030436065e-07
RBKS,5.678166134313079,1.391211648740363e-07
B4GALT2,-11.177770503579596,3.437471234261189e-19
LRRC2,8.124239594383104,1.3770133467885815e-12
POTEM,-2.891556040003193,0.00472201227898781
GAA,2.0488732676069183,0.04314745544190917
LHX6,3.6279888862908947,0.0004558437978857347
DSC1,-3.309538609244981,0.0013083675024776744
MEA1,-6.308514167786574,8.167170609714344e-09
SLC46A2,16.46116618099592,5.730776040233214e-30
C6orf201,6.32331534848746,7.630255127047213e-09
DDX4,-2.4335003873678316,0.016765295107223837
ZHX1-C8ORF76,-5.475744476855647,3.362275023892394e-07
ZNF33B,7.626064749868687,1.5785025422934793e-11
HSD17B12,5.864953929440106,6.084471663846515e-08
CACNA2D3,-3.5747791976224423,0.0005460709435835794
PDSS1,-4.5128280015718945,1.7804786369931968e-05
MYCL,-5.349414749588645,5.787084928575914e-07
ITIH5,11.845025945324863,1.2818916739271031e-20
PLTP,-3.3640801195763235,0.001097202368866926
RAB41,7.749899514324681,8.633474369719865e-12
FBN2,-4.3267728790928786,3.647903139845937e-05
TCN1,-2.411420837496649,0.017753028775178495
WSCD1,3.4970464204324183,0.0007086983894726276
MCF2L2,-3.133357814237118,0.002279735084462538
MSANTD2,5.105554225285523,1.6215644659298203e-06
GPT,-2.036404917504407,0.04440734611705184
RASA4B,7.227802749299759,1.0820019163052385e-10
TAF7L,-3.859204807878094,0.00020387480573140696
NPSR1,-3.588858816588317,0.0005206775253645756
YTHDC2,3.635900868137148,0.00044369963051323476
SLC25A45,8.501739999328112,2.1315674326027804e-13
TLE6,4.216820001179804,5.5266379767553216e-05
GAL3ST4,-3.2269501859403174,0.0017016975730084604
GNMT,9.302114069334117,3.960536831593463e-15
CLEC7A,5.507908157334621,2.925313742216114e-07
FAM177A1,11.092681788899567,5.239692318511073e-19
SND1,-5.452629153950651,3.715191527621824e-07
KCNC1,-4.273526717505895,4.464374041360329e-05
TNK1,-4.3055387740950515,3.954593624957867e-05
RP11-830F9.6,12.976810951335803,5.2651981780399637e-23
PDE1B,12.80991508302817,1.1749826382402702e-22
BYSL,-9.216452103502988,6.074934852046232e-15
SPTBN5,-3.4875706041278036,0.0007313919764908808
HOXC13,-8.691380559590852,8.314771567143453e-14
SPATA19,-3.1145445932499993,0.0024160580385734353
ZNF273,-6.041013954250991,2.7614605855871533e-08
MAP1LC3B2,4.399670657918485,2.7600022343192987e-05
RAB11FIP3,5.3527466675485025,5.705244372122659e-07
MAST4,6.098407265758417,2.130069448605595e-08
TBC1D17,2.6933453639311287,0.008322250932941824
CYYR1,14.04025530117219,3.3902242630109933e-25
PLEKHB2,9.527427049407812,1.2846729749544544e-15
KIAA1462,14.641749212849282,2.067991751220711e-26
SGK3,4.502986114129073,1.8501450696294858e-05
C11orf52,7.326145019631431,6.742944606169079e-11
XXbac-BPG32J3.20,-2.2842702648454685,0.0245130243891931
EIF6,-7.394907296876204,4.839711579890486e-11
EPC1,8.451180806522913,2.738519553846103e-13
DIS3,-2.8903618112422858,0.004738553198895419
NELFE,-4.382063948925411,2.9530839873927384e-05
TSKU,-8.986641128409119,1.9120470924718394e-14
AOC2,6.66824210245086,1.539104579963271e-09
TTC39C,-4.750717444304206,6.940209821832016e-06
SLC29A3,2.906546729678151,0.004518846108142454
MVB12B,13.422722981220291,6.253366903350665e-24
FUT11,5.94455401003667,4.262223899926534e-08
VPS51,4.124439408404686,7.795917524701544e-05
PKP1,-8.482100039770836,2.349521080097832e-13
PPP1R14A,14.16269491084399,1.9119356319742207e-25
CDKN2A,-7.180744925081883,1.3559376064208235e-10
MCM8,-13.149168317127954,2.305072800252541e-23
HSPA9,-5.6743336087461245,1.414843517893334e-07
DNAJB11,-8.59714468611919,1.3278367722309307e-13
PRKDC,-12.404649068889787,8.346146232042585e-22
MLF1IP,-9.098171279132785,1.0963028908384454e-14
UNC119,-7.063030139402061,2.3802960606985054e-10
FGF18,11.740613379632226,2.1401505598793888e-20
NRBP1,-9.5555987915688,1.1159271642139686e-15
CRYL1,12.209736841063913,2.1545428190539025e-21
KRT6B,-4.399495367277332,2.7618630734122113e-05
PLEKHS1,2.4003326798941607,0.018268326518852025
CST9,-2.977173598696974,0.0036655150301366326
METAP1,-8.986108607405201,1.9171297050515994e-14
TMEM80,7.888036381847254,4.39364242132358e-12
SAPCD2,-7.795739816843888,6.901623462021967e-12
A2ML1,-4.680185742457101,9.202770510371543e-06
LEPR,11.439872940964717,9.409293751977169e-20
PDGFRB,3.1370766321688066,0.002253649437737442
HIST1H4J,-6.924620679698087,4.597031946023099e-10
USH2A,-2.8311976332578266,0.005627847477863429
EXOC8,5.749791042601998,1.0145525377090467e-07
CTB-133G6.1,6.027760346289756,2.9316541826494774e-08
SYNPO2L,5.001312445479735,2.499990009237832e-06
RALGPS1,4.937665004474552,3.2488028043651344e-06
MED24,2.7280484301324472,0.007551280157360217
STRADB,2.209996924323167,0.02943274148073886
C12orf54,-5.419677838936186,4.2817658117996305e-07
ACSL3,-3.599143307617292,0.0005028394597932038
ZNF215,-3.954697648826069,0.00014489396611732676
MSRB3,13.075452691770256,3.280551962034041e-23
QSOX2,-8.079262512536,1.718264581392235e-12
PCCA,7.071386844590134,2.287279944131185e-10
GABARAPL3,-4.555221462901109,1.5083309065398484e-05
FOXRED1,-6.158940108318998,1.6181449410407704e-08
SLC26A5,2.549884076788312,0.012325426630693921
ITPR1,13.433905831596096,5.929618612249837e-24
ZHX3,5.066908114548991,1.9048880012204227e-06
DUT,-5.983230387408271,3.582681515951629e-08
SSTR1,10.689790415005383,3.876317942174777e-18
RDH16,-3.373272962701299,0.0010649283731888595
PPP1R9A,5.018540645694035,2.328126006403464e-06
MORC4,-5.7363216283199945,1.0767600679275275e-07
PI4K2A,2.9335176324657106,0.004173437429222982
PCDHA7,2.3948402232126598,0.018528467021125036
RMI1,-6.9318690087298425,4.441710891866858e-10
SLC27A3,10.599500328946776,6.076423648007883e-18
PGGT1B,3.8039987227196974,0.000247774016695614
TSC22D3,8.850720467743582,3.763512932862105e-14
PHF11,9.52197958239253,1.3201336137058147e-15
MPLKIP,-7.070859816731232,2.2930381562423905e-10
HN1,-11.53659417970941,5.840058094482934e-20
OMD,3.3431476979927313,0.0011741495239571459
ATAD3C,9.545824528130828,1.1718031993079584e-15
ZNF736,-2.7279070703895973,0.007554284170064681
PDE4DIP,3.575477865781746,0.0005447837111195679
SIGIRR,6.613466393817396,1.9885824059691538e-09
ZNF594,-2.918615962479565,0.004361150416622125
C1orf173,4.21830336218302,5.495986130103115e-05
MBNL1,10.771661555271567,2.5794485054543897e-18
PIBF1,2.3465345286934687,0.020961855053756546
STX2,15.882537567786065,7.414208949872174e-29
MRPS30,-8.76505518640164,5.764345853968993e-14
LIMS3L,3.213481921227549,0.001775471482895424
GYPC,20.469189044856407,3.625733956330453e-37
PROS1,14.468152443955036,4.615393393332506e-26
PSKH1,3.4748888847051504,0.0007628371090272116
TSPYL1,8.837537775899714,4.0188069168920336e-14
ERGIC1,10.79265087172568,2.3237975785032672e-18
TSPAN13,13.322182982820513,1.009121685250429e-23
IL4,3.8530031169719976,0.0002084089111260266
GPR146,14.199934987538539,1.6068091140613033e-25
ATE1,4.618674515348913,1.1747663539453415e-05
MOBP,2.085359055824284,0.03963541964466963
GPC2,-4.319136196870923,3.7554645108444704e-05
H2AFY2,-5.779276266025299,8.904433435810486e-08
GLCCI1,6.413251403214766,5.041236241854412e-09
NARF,-9.412083242773837,2.286377800931804e-15
BTBD8,2.7409407109632666,0.007281837317368144
SPATA5L1,-8.891818914214067,3.0669474835641244e-14
MPHOSPH8,9.467158210338894,1.736264897252453e-15
PPP1R2,-4.4434471266173805,2.331284860167414e-05
TAF10,-2.2514773970253943,0.026588211105063875
OR52L1,-2.789640164452585,0.006341236781361104
RAD1,-9.29474150802845,4.109102403646488e-15
PDSS2,6.766916132318552,9.68375539181027e-10
MAP4,8.924393307622017,2.6075369592236118e-14
LDHD,8.434863938796097,2.9690400111930645e-13
RASAL1,-6.554668481284565,2.616009348457671e-09
C5orf56,11.779163128363516,1.7710010880613034e-20
FBXL2,8.768643196248266,5.662370932728858e-14
MPDZ,10.110996803890053,6.950755303310324e-17
GALE,2.1588722566171015,0.03330148415281168
GOSR2,-3.418990797443693,0.0009172484195060389
CENPL,-11.247359029844379,2.4359091833707293e-19
C21orf128,3.191277979066697,0.001903645959286784
DHX57,-8.753033433244424,6.119559598255909e-14
VMP1,-3.2171508910533255,0.001755083831642787
KDR,10.572318265059952,6.957454527555264e-18
FAM111B,-6.594670032863463,2.1709794594867518e-09
NME1,-10.6722060044775,4.230867376226649e-18
STK25,-2.79065258814961,0.006322917443174547
SERTM1,7.502845254821334,2.871168844549088e-11
SPRR2E,-2.8997620334582046,0.004609780880864139
KCNQ5,-5.763171398453861,9.562565696718785e-08
MLIP,-3.7105819791032664,0.000343228831206499
PGS1,6.444565081232907,4.361595107870799e-09
MARCH1,7.311382901907783,7.239780171095439e-11
KCNH1,-4.459220144696198,2.1931879783019847e-05
TMEM8C,3.1704915590285667,0.0020314093476912396
IVNS1ABP,-3.566989618673781,0.0005606187174405137
WDR83OS,4.226162764239479,5.336290121064413e-05
TCIRG1,4.346500400986582,3.38361070745194e-05
NLE1,-8.611592358641644,1.235927095973535e-13
TIGD7,-3.176519670121216,0.001993558300417022
LYN,7.406282222638059,4.581004387354214e-11
MYOM3,-4.125342945400085,7.769905564002181e-05
C1orf123,9.412735596794455,2.278936740868826e-15
RASSF8,9.293046809553221,4.144032097350889e-15
MBOAT7,-4.29800489986496,4.069264741561804e-05
DKK4,-3.4578055206940665,0.0008072148093994315
NGLY1,3.774731369539929,0.00027456105260385003
ST8SIA4,8.919348054988447,2.6739139691900218e-14
TBC1D12,7.807912987093185,6.5029480858496e-12
DNAJC11,-5.04368887439155,2.097755420424909e-06
VOPP1,-2.4402356569719776,0.01647389905691564
PBDC1,3.140265222200719,0.0022315044514396192
GLTPD1,-2.661485426511103,0.009092298527285545
KRTAP29-1,-2.4182575582251706,0.017441790217213166
FILIP1L,9.814061946918416,3.065413947480461e-16
SKA2,-6.620711012719236,1.9224021517430033e-09
GZMB,3.4815296774802156,0.0007462152311789327
WDR11,5.07050999536957,1.876562408426357e-06
MYPOP,-8.49569148709143,2.1964505783461484e-13
PDCD2L,-6.441617751831841,4.4215000305799144e-09
ASB5,5.4411257134131565,3.904099772496653e-07
ITSN2,10.654549627414326,4.619561594828752e-18
FAXDC2,14.86149895563806,7.524045802849388e-27
PIGX,-6.745248550442413,1.0722927751044922e-09
ANKHD1-EIF4EBP3,7.24912164135797,9.767156930959582e-11
NACAD,2.7077919425509007,0.007993005708308937
PCSK2,6.857159843213033,6.326672588298147e-10
GGA3,5.984139648500211,3.5680626595632106e-08
DNAJC13,-4.9459802219613,3.1397992907126712e-06
SLC25A37,2.3964759778525777,0.018450650351464502
GPX1,7.026350586984555,2.834950623148674e-10
PHEX,2.433980348573972,0.01674437894049081
CTD-3214H19.16,4.787589520533725,5.982812951031993e-06
DUSP26,4.646860422479303,1.0506614779481824e-05
ILF2,-10.612098974981029,5.706870391832021e-18
LYPD3,-6.616116544386642,1.96411570914726e-09
UBR3,2.1189804986027654,0.03662002155743562
RPS6KC1,-6.7194218425714345,1.2106534825605235e-09
CGB8,-3.8563816177484216,0.00020592707305711345
TENC1,20.001368442728246,2.2659029940487e-36
LGALS9,4.471962850672957,2.0874273865192856e-05
FAM19A3,-2.3576557922440347,0.020377844656359265
PDIA3,-7.867108196762386,4.867840812320503e-12
C9orf16,-3.1192257760792246,0.002381446920108802
HOMER2,-3.325959846964831,0.0012410873916275454
IL36A,-3.5378593808024243,0.0006183352351770084
GID8,-12.724066810533344,1.777555946543579e-22
AC062017.1,2.4077480377837213,0.017922263524487267
ZBBX,3.9051569876608037,0.00017309276732262435
BRPF1,5.959568021810476,3.98455405011837e-08
CCR5,4.884775963339706,4.033503808894859e-06
ZNF44,9.408948846068883,2.3224702239718307e-15
FBXO27,-4.264045411513352,4.6271310619020744e-05
C17orf89,-8.237389656903373,7.882408678759641e-13
MAGEA2,-3.5959244077993247,0.0005083593728345087
GNL3L,-3.8219865420786068,0.00023256577184349117
ALDH3A1,-3.4189621310651406,0.0009173346667126756
FAS,8.32376042627658,5.14482470789202e-13
CSPP1,4.162928784937766,6.75870675369635e-05
NDNF,23.287135224357808,9.95649715847646e-42
PARN,-3.3252231274064856,0.001244035003347354
DECR2,-3.4085457223353552,0.0009491841367615261
SMAD9,12.532695552844354,4.484665823446488e-22
TOP1MT,-6.608745462629862,2.0329158825995527e-09
LENG1,3.6389543922238796,0.00043909526266807183
POLR3F,-4.144820241518383,7.22901269085765e-05
MYCN,-2.3320013871812804,0.02174732809169972
VAMP3,8.961063183288307,2.1720473079639836e-14
OR1F1,-3.656824719981386,0.00041304388094035374
XKR6,3.28423623303642,0.00141875711501627
PPBP,5.8547686281411835,6.367057466256474e-08
CLK3,4.58467855731273,1.3434224745204893e-05
ERMAP,4.375558494431752,3.0276714297380595e-05
CDR1,5.770211507270506,9.269187238100556e-08
STXBP6,9.686333468058118,5.805008836791728e-16
NR2C2AP,-7.868921704413658,4.8248095650635325e-12
C2orf54,9.261687098048903,4.846671088541229e-15
PBLD,4.841277533595228,4.814479585902755e-06
PURB,-2.2370149222635067,0.02755135491211038
IKZF1,7.963649180584267,3.0326135024963276e-12
MED22,2.0469811880105118,0.04333664800870579
ODC1,-2.966006542902989,0.0037897066360247124
ISG20,2.3886450710090728,0.018825834910231463
STYXL1,-4.930788448034508,3.3417227700983333e-06
FAM105A,16.55851376839425,3.740819405836758e-30
ABCB5,3.3311997351759395,0.0012203107704263987
FAM86A,-4.384234678381446,2.928592658267894e-05
CD81,18.509979257944245,9.32341880943521e-34
TMX4,8.318366460143439,5.283849917508116e-13
NFKBID,4.686355140645367,8.979255751430613e-06
REEP2,-3.945419328719968,0.00014981687530895945
RNPS1,-8.722765483229253,7.113629289062096e-14
IYD,11.047302523209288,6.561646775087072e-19
BAIAP2,3.2313495280969726,0.0016782267108082487
FEZF1,-4.7676164441815,6.484260846812284e-06
ROBO2,7.376521161064507,5.288892165705864e-11
CCNC,-3.7407955263136174,0.00030907014763480574
C17orf99,-4.465083181319184,2.1438987654768313e-05
ARRDC1,2.6277071318218375,0.009978745874037727
MFNG,22.089249098964682,7.754479802603156e-40
PNPLA6,13.301385310406657,1.114279049670881e-23
DMRTA1,4.508305954343437,1.812167261794828e-05
WDR54,-2.118730773317013,0.03664166598485193
RP2,11.425667060514783,1.0092626151752804e-19
STIL,-9.967724961416526,1.4220783895981998e-16
FREM1,8.822254780556458,4.3364805858424146e-14
DBF4,-13.380274251545359,7.652501355771963e-24
ZNF418,2.42291983544113,0.0172323373312769
OR5AK2,2.7407343691948745,0.0072860798916393864
MESDC2,-4.451630972330433,2.25861660488662e-05
AARD,8.638192213522185,1.082986921143552e-13
ZNF626,5.444341276233414,3.8503667092324564e-07
PPWD1,4.390085135069655,2.8635567495791515e-05
ZC2HC1C,10.078610843552694,8.171363357287717e-17
C16orf93,2.2185062126388515,0.02882844232853703
CD33,17.606191734767503,4.096258734112856e-32
BLVRB,2.7744450587544116,0.006622073950507644
CLDND2,3.6908238740666737,0.00036747431382284663
MBNL3,2.052165041039755,0.042819993759578706
IER3IP1,-2.5593761484373734,0.012014784772246413
RAD21,-5.760944859154421,9.657236234396048e-08
TMED5,12.95047519197476,5.975090205969133e-23
TXNDC9,-3.7392290733733526,0.0003107586869569226
LMAN2L,-4.222756598441283,5.4049445644736076e-05
TBX10,-2.20646350926802,0.029686905051613883
RNFT2,-4.322380847538541,3.7093958345227325e-05
ART1,4.364241709092346,3.161774717229336e-05
FERMT3,11.375292136966182,1.2942533877276008e-19
DUSP8,6.881003546259992,5.651990137908599e-10
CTPS1,-6.677534700984891,1.4735325940065264e-09
GADD45G,3.807537569509972,0.0002447090941950984
SYTL2,5.05779565278209,1.9784243524438662e-06
HSPA14,-6.905709183017308,5.028071016658224e-10
TH,-2.5917498495130498,0.01100760989804288
ABCF2,-6.7716507154608,9.470312950561055e-10
SZT2,3.3066824568905697,0.0013204129018967268
PPP1R3C,2.9678543235659496,0.0037688925146526294
PLCH2,-6.550765853176064,2.6639803850014526e-09
EQTN,2.2005953097474458,0.030113248005952647
CUL2,-6.047708508368231,2.679231535460839e-08
DNAH11,3.896631100463187,0.00017844648579265712
ARMCX3,6.547839063987114,2.7005260741825243e-09
SLC25A18,2.7968719023719655,0.006211438886203507
TEC,14.442133329481477,5.207164966669483e-26
MATN3,7.193558906552027,1.275170281007607e-10
KLHL12,-7.339187999502905,6.332221233342502e-11
GPRIN1,-8.048270756780397,2.0012006926950283e-12
THOP1,-9.688375690389648,5.746043482517764e-16
TMEM178A,7.977529637026596,2.832886384932807e-12
ADRA2B,-3.5535196711195844,0.0005866435448283142
SUPV3L1,-7.240386147854307,1.0185679634510777e-10
PPP1R13L,-4.848781047010573,4.669994387624236e-06
CABLES2,-7.713920150356559,1.0290088591807568e-11
SEC61G,-3.773833851196259,0.0002754245472237235
PSMB5,-8.803983242104172,4.7493235295604325e-14
LIN7C,-3.012692253372466,0.0032950526141862246
PARP14,6.689861404853787,1.390797949362696e-09
EPS8L2,3.4843341756191895,0.000739298654554742
WIPI2,-4.536699398562377,1.621881753707117e-05
KLRD1,10.137692737350486,6.08304243634085e-17
NOLC1,-6.311148371359477,8.068959832022213e-09
GCHFR,8.283672146488893,6.272008691685291e-13
SPRTN,-7.596529904071478,1.8222554821062074e-11
MYLIP,6.824331662397426,7.387808320611017e-10
C16orf71,4.14644908147564,7.18545514438239e-05
PNO1,-8.29730023080905,5.863614519100768e-13
MRPL28,-5.272949003827474,8.014836209558583e-07
MT-CO1,5.3840682234330295,4.98924767471881e-07
PPP1R21,2.007139127183999,0.047488928009546495
ALOX5AP,14.433965352561792,5.408237368794289e-26
MBD6,-3.3132590663646484,0.0012928313954658187
RRN3,-2.9579412901656723,0.003881804393613225
DOPEY1,8.160474372943163,1.1518888176457904e-12
HCAR1,-2.0070449781452955,0.0474991289838926
CLIC3,14.746604082793612,1.2756001369601484e-26
SSX2IP,-9.802538840834975,3.2471791458570653e-16
SGIP1,2.933065655386809,0.004179019698518491
AC069547.1,2.482724687261767,0.014737567417960448
TRIM28,-8.605508391707746,1.273830765768063e-13
CILP2,-4.943414658913034,3.1730454620083156e-06
SLC23A1,3.7389064878415352,0.0003111075013329354
DAZL,-2.627731074945987,0.00997809076836963
TTPA,3.8187373310010444,0.00023524540667495128
ZNF763,12.343182545916402,1.1251508245283972e-21
IPO13,-6.670483966383564,1.523025733239389e-09
CCL7,-2.0938032357684735,0.038858631889784195
ATP6V1C1,-4.838036358317753,4.878226394038164e-06
ATRIP,-2.913500748112929,0.004427356628578551
C7orf60,-4.06700003936155,9.632517264105671e-05
ZNF331,5.195537292695541,1.1118438060739055e-06
CCDC88B,5.108595969241112,1.6010987942945327e-06
PLEKHM2,2.78417182740913,0.006441024879282653
TBX15,-4.323381190131894,3.695302812808974e-05
PYCR1,-9.5517334281171,1.1376984332130297e-15
GPR126,7.781710918087998,7.391308070138027e-12
LCE3A,-2.4223871728959514,0.017256153331518545
NFATC2IP,-3.5494989700471495,0.0005946304686077487
SCN1A,10.159793372356528,5.447321986288561e-17
C11orf85,2.5572029973625185,0.012085275716926993
MAP1LC3C,12.122984988398509,3.2895724541197226e-21
DHX16,-2.950337220684458,0.0039705221288299985
SLC6A16,5.96879211936039,3.822875596743119e-08
TRIM45,-5.781504418904196,8.816957907342588e-08
HDAC6,2.053204571095434,0.04271702676105028
ITGB5,-5.08320894572092,1.7799364732105823e-06
MMP10,-3.9635250387438323,0.00014035415098158862
HIF1A,-4.411658278091877,2.635576404157871e-05
CAV2,10.194354556881887,4.583811566336077e-17
ACYP1,-5.2562214848775,8.603993339327007e-07
FAM110A,-7.855954244177024,5.141027992587049e-12
PXDC1,12.673877293179816,2.265062855405414e-22
MYZAP,13.08334576445639,3.1588186896496763e-23
CRLF2,4.602684091502122,1.2513701582697256e-05
RP11-248J23.6,5.05796415464978,1.9770397714641523e-06
SUMO3,-2.7052386910727457,0.008050320085915162
SPACA5,4.195549530002771,5.984662006212874e-05
BCAP29,5.580091184534015,2.1373736184889284e-07
SLC1A4,-6.035887185073994,2.826108698145423e-08
BTNL8,9.849287824558735,2.570481292494118e-16
GAK,3.556633032324111,0.0005805287752904623
UNC5C,4.6181031408580795,1.1774235522165804e-05
MGAT3,8.785028929738045,5.2190792054571244e-14
TCP11L2,12.35116897967137,1.082298326088719e-21
ZNF518B,-4.376352506801063,3.018471323854788e-05
TFRC,-4.685001904864623,9.027827505499607e-06
SEPHS1,-5.355126414672066,5.647486108181479e-07
NIPA2,-3.567548275182911,0.0005595632931549374
BEND3,-7.1428747584200885,1.6255007409371538e-10
ZNF688,4.931567609151406,3.331065703597582e-06
USP40,3.3945784831657524,0.0009935250370956277
SAP30L,2.637944326503198,0.009702168059488805
LATS2,11.332029965746244,1.6026602864194488e-19
XPC,14.759327570904597,1.203072194932714e-26
EIF4A3,-9.43516831505695,2.0372651679686975e-15
CEBPB,5.848389414572701,6.550577931265852e-08
PSMG3,-8.404943777298278,3.4431471549746345e-13
SS18,-2.5026708476979715,0.013980436840266479
TMEM258,-4.550069574396102,1.5391182287237197e-05
RARG,-9.1494827441052,8.486509294011224e-15
FKSG48,-4.9097408533979054,3.642496679421328e-06
PPFIBP2,-3.063392639261019,0.0028259507849155143
TTLL4,-2.273857566082853,0.025155965559749936
C12orf45,-6.613941703556251,1.9841721831225613e-09
PRAME,-7.073951614252743,2.2594617282073956e-10
ANKH,-4.289409710812735,4.2040025557391616e-05
BNIP2,6.627997796837876,1.8580346176607276e-09
ZWILCH,-13.181097878713869,1.9786833816851972e-23
PIP4K2C,-6.188831891990163,1.412198592733554e-08
ITGA4,5.4279846111875365,4.131430038335751e-07
ELK4,-2.5790732166909676,0.01139255083236197
FZD9,-5.139791345761227,1.4052353564796684e-06
SEC16B,-2.079649163942495,0.04016822926738242
OXT,-2.70794865545353,0.00798949999237243
GGTLC3,5.56296790717765,2.3029604001768877e-07
S1PR5,-6.445968254871242,4.3333578049920695e-09
TNRC6B,-4.078688173067881,9.228035724125633e-05
HLA-DRB1,8.950922843525806,2.284639101265173e-14
FCER1G,13.009185984674174,4.5074474781373286e-23
NBPF9,2.462299485059956,0.015550704710938688
SYPL2,10.045824851495661,9.625721484620069e-17
PFKFB3,4.020058752755423,0.00011434816901247678
NAAA,7.014941135407329,2.9931995442759046e-10
TRPC3,11.700259943760528,2.609575583199628e-20
TMEM53,8.81397678926479,4.518886218504882e-14
CXCL5,3.23590088115286,0.0016542633190294457
ZCCHC24,12.679436755000355,2.205036448527562e-22
PIK3CB,-3.1233354874873376,0.002351441546615056
AIM1,-2.5266160281748746,0.01311767844737968
AC019294.1,-4.868481243169461,4.310431588490785e-06
KIAA1239,-2.254862775318437,0.02636706966063756
PKIB,-2.4146638033557553,0.017604783382125913
SGSH,6.244629757326605,1.0945527024757447e-08
SYNRG,3.846325498406571,0.00021339841826356238
AXIN1,-4.337650422552535,3.4998080664751516e-05
DIAPH1,7.154103105740563,1.540461878887471e-10
MRPS23,-5.648658163982021,1.5836449197940343e-07
RAPGEF2,13.836908928316932,8.810759450317432e-25
SLC25A17,-9.344362009511306,3.206994320723385e-15
CPSF2,-7.142544862815852,1.628068407226352e-10
KCNA5,7.31981270487855,6.951779014364114e-11
C10orf76,9.303917578884144,3.925018603236033e-15
RBM38,-2.6091891381117516,0.010497219338492767
AC002451.1,2.212626986683475,0.029244793166242206
HSD17B13,6.8758684578027465,5.790994202034681e-10
MANEAL,-2.102693325434316,0.03805504954302225
CDC7,-8.456194865062217,2.67133287939375e-13
IKZF5,7.45200826535644,3.67247856449887e-11
CABYR,-5.185694923259159,1.1588871012814567e-06
CHD1,6.082929561500695,2.284763160503471e-08
GHRL,4.402674765867695,2.728298887559059e-05
DDX60L,5.603659514575073,1.928420814884402e-07
IP6K1,10.763590108463415,2.685099258879864e-18
ERO1L,-7.4181864604071786,4.324958298807466e-11
EXOSC4,-8.89194966752253,3.0649506944631514e-14
C4orf32,16.114295231701494,2.645631184212765e-29
KLF11,7.807344009064955,6.521061342471716e-12
VTI1A,-2.0880199345703203,0.03938921144741034
FBXO33,12.169941297449027,2.6159356364288503e-21
SNX33,3.3209325075306766,0.0012613325861678616
CCL21,4.580026789826787,1.3682504366615112e-05
ZSWIM6,3.747520237209762,0.00030191991258994225
ZNF329,3.264228608651708,0.001512156035129058
CD164L2,2.900593562120119,0.004598546194309296
ARMC6,-3.6017803565168047,0.0004983596570641281
PIF1,-8.881353303160624,3.2310563562929965e-14
ZNF728,8.244875065066129,7.596478832635364e-13
SLBP,-7.802835392074631,6.6663775747002794e-12
POR,4.76094306256256,6.660727535793856e-06
EFCAB11,-8.92568972151207,2.5907481834661175e-14
ITPRIPL1,-2.8338245920927796,0.0055853220773976805
C11orf53,-2.3685116898337544,0.01982171508597643
NACC2,11.240659729399367,2.517997852018431e-19
TUBE1,2.4699831586762033,0.015240224766342323
ITGAD,2.578522206130962,0.011409554799897513
C1orf167,12.425646750634455,7.537110359240565e-22
TLR7,9.153357362783082,8.323971785910309e-15
RP11-295P9.3,3.7472690159969817,0.00030218417878448146
FAM184A,14.695046349895659,1.617406905430037e-26
PPP1CA,-3.9095722477893298,0.00017038088802629524
CLCN2,-6.5546399771542685,2.616356605896642e-09
COL27A1,-3.767549693340454,0.00028154326186653403
CXXC1,-2.0340282833914403,0.04465104157794362
FAM184B,-3.3849773424605147,0.0010251265591030671
TRABD2A,10.368682121937875,1.9201920711254602e-17
C15orf60,-4.633574737595871,1.1074883350197046e-05
ESCO2,-11.378156818244106,1.276070935704708e-19
PROK1,2.978026196043478,0.0036561891736465887
TMEM206,-7.757580800830472,8.315736568821026e-12
C15orf53,2.4848170981670377,0.014656454419129914
MSN,12.519918572315103,4.771089367431282e-22
AC078925.1,2.6869131284206156,0.008472770213861749
PHC3,-3.2633978263396357,0.0015161559299247303
ADAMTS2,-2.4406783297625356,0.016454906316987605
NCS1,-7.817532796678176,6.204170802132705e-12
RBM17,-6.5359556980051305,2.8540693345196573e-09
TRIM24,-2.995983928907772,0.0034647836953297035
OST4,-4.684106286936833,9.060114016711696e-06
PRIM1,-8.223022998518225,8.46156514808566e-13
NAPSA,19.69739293503619,7.559441258730408e-36
FAM150B,7.612204616235815,1.6885669982286593e-11
FCGR1B,11.501344519183258,6.948253399625678e-20
ZNF724P,-6.410091253577795,5.115378991424098e-09
POLRMT,-5.073018028397472,1.8570820215673987e-06
ZIC3,-2.2792480262878456,0.02482129969782882
PRG4,2.7819383233630326,0.006482193626077091
C1orf106,-8.255951020117408,7.192245136558025e-13
CBL,3.5135020682914226,0.000670859425495106
EIF2A,-5.998156420776598,3.349996855050227e-08
SLC40A1,11.568762470880255,4.9841181290670714e-20
HIVEP1,2.066609408503653,0.04140818682358412
AIM1L,-4.345567555090256,3.395681048308153e-05
SLC25A46,7.5449031643763975,2.3414679660429327e-11
RAB31,4.527124862384066,1.683778994921716e-05
ADM,-4.488138214307874,1.96025947947126e-05
VPS8,-4.593693027084739,1.2965454867558989e-05
SLC51A,-5.3126630639432895,6.769597813770016e-07
DEPDC1,-14.529382203336347,3.475788753350894e-26
SMKR1,-3.755515663120698,0.00029362318223630446
ALG1L,-7.100652924558137,1.9890499311696945e-10
MGLL,19.462945426993866,1.929247377928524e-35
C4orf19,4.114637701857068,8.08352445644974e-05
ZNF174,-4.4058451511339225,2.695222100718288e-05
UCK2,-11.594193914589477,4.3974084169826474e-20
FAM83D,-8.909334933955419,2.810686594097443e-14
NCLN,-4.1033726088374065,8.426649019145119e-05
FDX1,5.5882782252696535,2.062386574779561e-07
C10orf68,4.050590580268008,0.00010229165916122905
LRRC14,-3.926801261883282,0.00016018177229383464
ZNF433,4.781281228797516,6.136974318157439e-06
TTYH2,3.617143993994884,0.0004730021427181682
MS4A8,4.538098114853385,1.613025736274472e-05
CD68,9.824254134255629,2.913142627264792e-16
MYO3B,-5.3299013406401246,6.289962226959333e-07
ATP5I,-2.4710986485750457,0.015195613981982789
TMEM245,6.976084000083977,3.600736658072476e-10
LHX5,-5.556544831699645,2.3682649720873974e-07
COL4A5,-5.553288907772847,2.402058760745866e-07
IGF2BP3,-8.52844800416844,1.8671676282801817e-13
STX5,6.028252580626781,2.925152398156995e-08
BZW2,-8.20712109352467,9.152149593421032e-13
TNRC6C,3.6786126463441464,0.0003832625632768293
POLD1,-5.972429044137119,3.760918764829892e-08
COL6A3,-2.765102326614425,0.00680033717610664
TRIM43,-2.2404295372789518,0.02732124037982724
EPS15,10.769244979984823,2.6106357164263045e-18
SMAD6,7.588053022021964,1.8988838475102564e-11
CFL2,15.608141328702258,2.5335602579745965e-28
ZNF287,-2.5842538283462204,0.011233792663687164
KRT33B,-2.786952522608327,0.0063901039230542635
KCNAB1,7.468518677703955,3.390472701881311e-11
GGTLC2,8.217466483810194,8.696762563202441e-13
MYLK3,5.946855405448543,4.2184580765877366e-08
KCNJ12,2.7476714935211484,0.007144674428597605
ZNF704,3.8796224511911346,0.00018960276402406196
GPSM1,3.6247689837980905,0.00046087565317127084
AC132186.1,5.560295819353467,2.329910613292313e-07
SPATA31A6,-3.0064433194724227,0.003357611328535395
GALNS,-2.5157531923006955,0.013502968232577291
DSCAML1,6.709647243302401,1.2675066042486272e-09
ZCWPW1,4.745171230588618,7.096525775610056e-06
SWAP70,7.913118171385103,3.885515866167496e-12
TMPPE,2.344223725799344,0.021085044098004276
CHMP5,3.0981189894079013,0.00254123548663756
FBXO30,-2.352243434915579,0.020660239029455473
UBE4B,-7.482311799870049,3.1714492255142103e-11
DHDH,4.029089314003815,0.0001106472430517016
C20orf27,-4.743763703748877,7.1367365503704105e-06
GTF2A2,-5.38358002994315,4.999701490854182e-07
RASSF3,17.021540261910072,5.00047115930694e-31
CRIM1,6.815813943607612,7.690795127966593e-10
C11orf96,7.2107583205136025,1.1742165271142474e-10
TRIM71,4.373566421573815,3.0508725308452096e-05
ICAM4,9.373023532017465,2.7791311051783177e-15
GABARAPL1,5.2716680940703045,8.05852020185495e-07
SULT1A2,17.101129608475247,3.547961770608984e-31
MROH1,-2.4330253101289183,0.01678602136759485
ZNF622,-4.669896277813571,9.587612687968778e-06
ADCK3,3.351812107619094,0.0011417046449819109
PDZRN3,6.417557323661028,4.941917397791082e-09
GTF2F2,-4.793754567777559,5.835790677798656e-06
ZNF259,-3.4052971806886867,0.0009593278116716148
PSMD9,-2.574008878118291,0.01154969758926688
ABHD5,9.935848062487887,1.6676782761509423e-16
TRMT5,-8.252619881904248,7.311513004519426e-13
ZNF619,4.018151560515246,0.00011514479874505304
ACO1,5.539763532111744,2.547575591355897e-07
NUP88,-4.894772439647416,3.872264960871892e-06
VIM,14.244354135218178,1.3061433172554172e-25
IRAK3,10.693333926622355,3.808557595486103e-18
CRIPAK,6.239766470915375,1.1191722584027402e-08
ZNF43,3.0561482878079755,0.0028889573516982037
ZIC5,-5.094681287411559,1.696828773560146e-06
C7orf55-LUC7L2,-4.470612276054618,2.0983988601386228e-05
LRP5,3.178904854064242,0.001978763800622673
SPAG1,2.6044056710159844,0.010635044819334225
HMHA1,9.22454951416258,5.834222670291778e-15
LYG1,-2.9870542366081776,0.003558774174511396
RASGRP2,11.378067191308178,1.2766359076054018e-19
SLC6A5,-2.939143075601579,0.004104531211373598
SLC12A4,12.308175143346073,1.3340132087205225e-21
VMO1,4.925631667156234,3.4130967514476253e-06
NOL8,-5.11884680251074,1.5339675559424383e-06
SLC35A4,10.379994389301688,1.814832360069304e-17
RP11-480I12.4,-5.911261384341166,4.9476580319950727e-08
EIF2S1,-6.974129671070699,3.634329728901068e-10
ZMYND12,8.368831351971478,4.116889290683981e-13
MCM3,-8.652094205695247,1.0107227897830879e-13
DLL4,6.865189591403597,6.090998944907147e-10
ALG11,4.5729595178660425,1.4068230730730925e-05
AC027763.2,5.9992120153770045,3.3341162911103955e-08
BARD1,-5.108105632419322,1.6043807864473482e-06
TBX3,5.5367952747299745,2.580648833067146e-07
TNK2,-5.528606195108219,2.6740925397439947e-07
BCL2L11,-7.012178284968772,3.0328186206677706e-10
EXTL1,5.532181305425247,2.6328966831789897e-07
SMARCE1,-4.669078289489246,9.61886771955308e-06
ZNF793,-3.4133525137463905,0.000934359672875492
SLC24A2,-5.9863964977378314,3.5320309508453117e-08
CCR7,2.6317442519094176,0.009868834652429938
SYT10,-2.374723214533381,0.019509597257637498
CTTN,-2.378100015736402,0.019341754743105243
LIPT1,3.5869737087251647,0.0005240114437566893
ZNF92,-4.037524865546516,0.00010729400810131853
CENPK,-8.35163218171582,4.482472261707675e-13
SLC6A12,11.541351133788037,5.704754224178195e-20
SUPT20H,2.798769934285913,0.006177777039058875
CHN2,3.481513236199623,0.000746255958697516
P2RY13,12.395176497590937,8.739126846273658e-22
FXR1,-9.634597710948718,7.518445033761574e-16
GYG2,-4.608945286406391,1.220815620266922e-05
CCDC77,-5.724336708698091,1.1352520299909071e-07
GDF11,-5.037152424433925,2.15540011251353e-06
RP11-345J4.5,-8.420249187282616,3.19188380241209e-13
AC004466.1,5.7724561577242435,9.177520569506983e-08
LEMD1,-4.754585853727593,6.833166229700325e-06
MAN2B1,6.32879757305847,7.4403582123067385e-09
TCF23,2.4150063680859137,0.017589188268092925
KIAA1522,-7.734045489220882,9.327957488692441e-12
MBD1,-2.3078150952203,0.023112278025332743
TMED9,-2.4005626765568384,0.01825750430651221
GATA2,6.295517543520473,8.6692594382819e-09
ZNF365,5.966901731117754,3.855475049304177e-08
TOX,10.296603727103161,2.75132735706219e-17
SIX2,-4.256354876745539,4.763328971729503e-05
DNAJC8,2.9594906834089696,0.00386395312568703
APOH,8.429169439914395,3.053962607753394e-13
FFAR4,9.806979590594104,3.1758879403400784e-16
THEMIS2,11.252012360014612,2.380474655985448e-19
MED7,6.3936077807995035,5.519921759706312e-09
FBXO7,7.0587052942516415,2.4298974914811226e-10
COX16,-3.5705157976066273,0.000553988419659459
PYCARD,2.2432230181624835,0.02713423869949959
C14orf28,6.609130975795798,2.0292592378583215e-09
AC020922.1,-3.2849475024233046,0.0014155383405721606
CHPF,-5.570791843183791,2.225795707779991e-07
NDUFAF6,-4.853923927086379,4.5734095072451466e-06
ANAPC4,2.2571299103153715,0.026219878354457857
OPTN,3.361777528882008,0.0011054288728189919
CLSTN1,-9.158558028891314,8.110684343293323e-15
RBM12,-3.6931025277494327,0.00036459736346586725
NRG4,-4.028561212507465,0.00011086047484316202
SLC6A6,3.483763208523892,0.0007407018791093057
AK2,-6.9332816091279525,4.412051959830197e-10
FRAT2,-3.771375333897662,0.00027780311817317727
ZNF449,2.163381477948882,0.03294332902822977
POMGNT2,5.452340635173767,3.7198181775240703e-07
CNTN1,-2.487447908784004,0.01455503730637965
NDRG2,6.894108081514186,5.312056960216101e-10
TUBB4A,-4.0753788301315925,9.340875967506813e-05
CNOT2,-4.945619180451422,3.1444573005151454e-06
RNF152,-2.664283764891373,0.009022162719320914
SEC61A1,-7.212051843547925,1.1669528733249494e-10
ARPC4,7.165037243975671,1.461895704411057e-10
C11orf16,3.875522260758616,0.00019239005241054654
UCHL3,-7.719191806402436,1.0028920205055767e-11
IQSEC2,7.62506926410743,1.5861643309741437e-11
ATIC,-7.866765154526676,4.876023422822368e-12
MOV10,-4.154803081002547,6.965989245570158e-05
C16orf13,-4.976916900767558,2.7646644331216556e-06
ATP5G3,-7.284271143345345,8.248761829885003e-11
NDST2,6.281010000272274,9.2657502214853e-09
GPR144,-4.250409498294133,4.871256937567259e-05
GPR156,-4.763612750310081,6.589579288721897e-06
SLC16A4,8.95543766365858,2.233807314883403e-14
C2orf73,4.695188846527328,8.66835919118609e-06
GZMM,8.665335658017286,9.46370098280052e-14
JDP2,10.925471916028313,1.2010823858628008e-18
SNRPN,8.314658403307563,5.381587192684237e-13
C6orf211,7.507420443747431,2.8082090527995624e-11
ENTPD2,-5.572132993944885,2.2128255056258027e-07
ZNF623,-8.349079325996676,4.5394256895638586e-13
GDF3,3.6071013179108506,0.0004894352128639605
CBX8,-4.421696408438182,2.5355676932976264e-05
HEXIM2,-2.8462437976457093,0.005388236697428645
QTRT1,-4.987421104895442,2.6475134973815322e-06
OR2T33,2.12229888131328,0.03633345579670564
RMDN2,13.965674354265127,4.809718832268841e-25
PTCRA,13.526798908880757,3.814839610484463e-24
SAFB,-3.2602671287245433,0.0015313180995274083
HCFC1,-5.23885385497325,9.260460160387387e-07
REXO4,-6.764059387805871,9.814838029503611e-10
APMAP,-3.8248567028645843,0.0002302229536368049
RP11-155D18.14,-3.9618889643374477,0.00014118516332161383
NPW,-4.062552587770845,9.79084621253218e-05
NR2F1,11.372632377261723,1.3113676812208496e-19
AL603965.1,5.3733442816472445,5.223886460837934e-07
AC104667.3,4.976056463355747,2.7744814109541945e-06
PLRG1,-2.9473971917396726,0.004005322146176185
CACNB4,6.468001060982447,3.912938153772025e-09
ERAP2,4.042682328090392,0.00010529204232807759
NKIRAS2,-9.148096743504922,8.545417589386494e-15
RP11-1407O15.2,-2.2876967721325614,0.02430463614343127
PLCD4,3.968032444519901,0.0001380888256913392
MAP3K11,9.008270546850305,1.716589820439068e-14
OR6C70,-4.486824431013949,1.970302266267402e-05
BZRAP1,4.278850665555596,4.375414152192742e-05
PRKRA,-3.5091790371061204,0.0006806110128757187
PIGS,-5.20343950654922,1.0754287220189362e-06
TM4SF18,6.40529524407336,5.229964103065596e-09
ZNF567,-3.8024121862021136,0.0002491599198880078
CD36,12.208546760873878,2.167077278583049e-21
HMCN1,6.092464413507859,2.1882055488918973e-08
TSPAN19,4.258821086503689,4.719237932154296e-05
MMP14,-6.383922403554369,5.772193273865317e-09
FBF1,-5.138295066750973,1.4140710351016742e-06
SMPD3,3.5022167906166373,0.0006965976694146675
HIST1H4B,-4.337143511305758,3.5065788563409704e-05
KLRF1,8.553072624333495,1.6524735814062246e-13
GJA1,-2.083359469998236,0.03982131082769813
C1orf213,-2.9170718022357325,0.00438103982981087
FAM178A,3.1172848147270744,0.0023957414400396994
DOCK3,-3.0631697211968922,0.0028278704297045702
PITX1,-7.252266503073644,9.620700287221465e-11
DNMT3B,-3.293496582796744,0.001377381476648023
C2orf43,-4.788102051978042,5.9704543518309266e-06
HLA-DOB,2.0317932677277413,0.044881259963849125
LRRC61,-3.468194624594238,0.0007799456339170797
RIPK1,9.107031510815979,1.0488936625449985e-14
GPR111,-4.208548681540171,5.700592109755668e-05
CTD-3105H18.14,8.433626370473844,2.987293487871929e-13
FAM174A,10.24728489292877,3.519290057019034e-17
PKHD1,-2.387799424566495,0.018866753056153353
PSMD8,-4.491058338585569,1.938114483289169e-05
CCDC66,3.3995324433189826,0.0009775797760660056
ANAPC5,-6.464524498481189,3.976492034081478e-09
DMRT2,-5.734252711649309,1.0866414857633537e-07
PPT1,5.167692592642103,1.2500132852925185e-06
SYCE2,-4.545853013874683,1.5647678983946444e-05
KCNK9,-4.505401733495587,1.832805757270587e-05
PTPRK,-2.3652286619356397,0.019988462840395783
GSTZ1,-5.103615248928297,1.6347434109773482e-06
PRDM5,11.980678936263514,6.59506755572802e-21
MTMR4,-5.688104809446666,1.3317193547575744e-07
RP11-507M3.1,3.355587052478011,0.0011278337236890973
RTCB,-7.039435156497411,2.663655209200139e-10
MEGF8,-2.209331864121891,0.029480434502614436
IL36G,-5.08342131896045,1.7783625267870374e-06
FUS,-3.382686882787704,0.0010328037649543645
TAF5,-6.591683573515711,2.201444405864265e-09
PNPLA8,3.3931880894620607,0.0009980440279896987
AKR1B15,-3.388102461707069,0.0010147381909196807
FAM154A,2.422427078224797,0.01725436809977717
CILP,-3.68976919761273,0.0003688131952353884
C7orf63,3.9531335125780163,0.00014571288670021043
HSPH1,-3.406826335914355,0.0009545403429298792
PRPF38B,2.949902599390151,0.003975648959476936
FRMD7,-3.285530807410273,0.0014129037583075449
KCTD5,-8.042500095850357,2.0587910419291052e-12
ZNF396,5.223030366255412,9.901017906880114e-07
C1QTNF6,-5.521197658772063,2.761482760803816e-07
PAQR8,11.349690181974873,1.4687360105909726e-19
SPATA31A1,-2.282238488712166,0.024637330942018722
BLOC1S4,-3.9845829965273176,0.0001300671075908605
TPRN,4.243300164610097,5.0034058872166686e-05
CCL14,7.968496155394019,2.961326005520127e-12
VWC2L,3.073518050531617,0.002740019528175888
LSM4,-8.073409118110023,1.7684659113485582e-12
BCL2A1,2.3656635240527137,0.019966304633104472
DKFZP434H0512,8.264718300901961,6.88752496329208e-13
C7orf76,-3.682473778990161,0.0003782020971650389
ATXN7L2,-2.2601408516017147,0.02602551116295348
DKC1,-9.527244697019544,1.285844461831913e-15
OSGEP,3.540555806897176,0.0006127656335327772
OR2C1,4.452924208098722,2.247335459969515e-05
ANKRD32,-4.314140762526659,3.827471159708162e-05
PSMD7,-9.080654970189398,1.1964180556962837e-14
ZNF37A,2.9338620302521567,0.004169188459718204
ANKS1B,6.120111212441518,1.9303932196533402e-08
ZNF202,-3.962263941216001,0.00014099428650684643
SLC25A24,7.54574222524611,2.3319543519835434e-11
CYTH4,6.017899100944808,3.064948587571129e-08
FAM161A,-4.552306961885021,1.5256737631032445e-05
CERCAM,-6.712880407889966,1.2484147184025916e-09
B3GNT4,-7.908714732886998,3.970287052774526e-12
TNFRSF10D,5.372773545480392,5.236672358332688e-07
AES,10.1935343695583,4.6026234081690144e-17
FAM189A1,10.459697416609325,1.21957781632055e-17
PPM1G,-10.407239570652084,1.5842242921552842e-17
PRDM10,-2.4370286703970163,0.016612078694063823
PGF,-3.5636743518783778,0.0005669208136042433
C9orf24,5.008214765287085,2.4296988800168983e-06
WNT9B,2.0072568046715027,0.047476180376020624
BBS9,3.675400290689996,0.00038752162732749463
PARM1,5.658103554334252,1.5193652580823774e-07
METTL21A,-4.284573956980561,4.2816859592779414e-05
CUL4B,-4.878266408448813,4.141992214764293e-06
DEXI,3.458637780702882,0.0008049976326170255
ALPL,11.296469405406008,1.910640057333605e-19
PCTP,7.761871129103392,8.143356557181092e-12
HAUS7,-4.514591469184255,1.7682668204021704e-05
TRPV3,-5.163140861830682,1.2741401316297338e-06
SNRPD1,-8.807479077647024,4.667410622415578e-14
TMSB15B,-3.6372538767105462,0.0004416538301752248
RP11-863K10.7,7.821525043237646,6.0842238412535694e-12
TMCC3,2.8633469376198324,0.005127248273331113
SNURF,9.31099041844104,3.788771184855063e-15
GPR97,3.281893707115547,0.0014294064701961945
METTL7A,14.859247484726028,7.602166335134053e-27
RP11-690P14.4,8.189087143658268,1.0003480593317884e-12
AC109829.1,-3.300020763506906,0.0013489125439981678
CTSZ,6.523751405281471,3.020739578147135e-09
SLC39A9,-2.661209310363517,0.009099245649245045
RBM43,6.450905228095745,4.235434771096707e-09
TIMMDC1,-6.949579806072074,4.083726291835088e-10
CD79B,2.0484911045750924,0.04318561141772354
ELOVL1,2.0385647811087284,0.04418686713314074
WFIKKN1,3.726273054470404,0.00032506457418896007
ZXDA,3.93297677907397,0.00015667010873358163
AGRP,9.34730164624124,3.1602405361161393e-15
IQCJ-SCHIP1,-2.145279418555085,0.034401668972768244
SMU1,-2.111643081514442,0.03726060783617975
MGMT,3.7370053598487116,0.0003131707782812497
OSCAR,15.1603717882305,1.9202196017307884e-27
SULT1C2,6.043023286711624,2.7365223423035212e-08
TBL2,-4.296327688324513,4.095225644641258e-05
CCDC178,3.8512731742511237,0.0002096907382599763
HMGB2,-6.750521185124642,1.0460320421012221e-09
PPP1R7,5.861747296970562,6.172080879954588e-08
ZC3H6,5.707212364960196,1.2242776142481174e-07
CRYAA,-1.9932383931650828,0.04901545003677802
RIN1,-4.990971024335571,2.6090266207649617e-06
HAGH,10.7359121653302,3.0814254399569252e-18
FANCE,-9.021382219343579,1.6079524492442517e-14
KLK13,-3.1822078372021116,0.0019584454000796253
CRLS1,3.4699391578258503,0.0007754526172252034
FERMT1,-10.30073235334417,2.6952159728820816e-17
C17orf105,2.1392569788515514,0.03489911114279667
FAM209B,3.513106224461637,0.0006717468271695601
STX3,9.575923720628909,1.0081187569065207e-15
SEMA6C,-2.2428068612716237,0.027162025851313932
PPP3CB,6.439785101603073,4.45915798332758e-09
SCAMP3,-5.835058259780952,6.951051316964431e-08
KBTBD6,-4.214194566620649,5.5812928480440054e-05
CCDC108,4.439141555434929,2.3704175920638688e-05
TNNT1,-5.78849155378679,8.548089497013799e-08
EIF3C,-2.038466964685624,0.0441968319200471
CAPN12,-2.1637491542155285,0.03291427368629727
C1orf226,-2.6299289280951896,0.009918120905411906
HRCT1,7.997069261126683,2.573724244915714e-12
G0S2,3.4710230228261336,0.000772673438976492
GNA11,8.294689394310298,5.939746812882263e-13
PRSS57,2.501963823265976,0.01400666706214794
SH3BGRL3,2.319822672019271,0.022425465142650557
EIF5AL1,-2.8366347292942105,0.005540157408533734
SLC39A3,-2.465833848535558,0.015407193883190793
ZNF48,-2.9238111860715867,0.004294842406419763
COL16A1,-3.599746126850941,0.0005018120458425841
OR10Q1,2.331633719132247,0.021767532374680834
RETSAT,9.38249094047048,2.6507296211435703e-15
IARS,-6.276355538616674,9.465569552550831e-09
COASY,-11.500229017032973,6.98657311347843e-20
ACSM3,3.460272707184019,0.0008006588134437781
KDM1A,-7.470291022975791,3.361509206731865e-11
LRRC1,-6.507919102272011,3.2513612314964025e-09
PLA2G2C,2.8034887860672844,0.006094809105490884
C4orf45,4.720810879672961,7.824535896375378e-06
CYP2S1,-6.017057036723279,3.07660353288072e-08
C8orf49,-2.3525674301931425,0.020643237318133324
PDK4,8.782643201379274,5.2814003641770295e-14
CHRND,-2.498149344970005,0.014148944440116955
C9orf163,-3.0334367799053723,0.00309502412141774
CSRP1,14.612251412932219,2.3696436336194173e-26
PPP2R3A,-6.072206769741107,2.3983716543811322e-08
NPAS2,-7.054804755109221,2.4755106778974295e-10
PIK3C2B,6.730865631580548,1.1472917183111984e-09
TMEM212,4.444212922842006,2.3243903324957357e-05
FGD1,-7.671437184801994,1.2657109794827472e-11
GVQW1,3.4184286416554532,0.0009189411445060907
ANP32B,-6.571137885435569,2.4227996960063015e-09
DHRS4,5.360254447918999,5.524963250938861e-07
DMRT1,-2.381182708502978,0.019189650681406715
IL6ST,16.909965878147972,8.10072552049273e-31
HHATL,3.779909263131048,0.0002696295266257992
KIAA1217,-4.582481439887013,1.3550943297042156e-05
RPS14,2.8045924264076967,0.006075552256377809
AFAP1L1,7.594131017347485,1.8436233606419542e-11
PPP1R16B,9.63949005290524,7.336792602163199e-16
MRTO4,-9.36987343087452,2.8232177645043845e-15
NBR1,5.332782075869964,6.213119543273955e-07
JUP,-11.656572537930375,3.234976571058538e-20
ZNF496,-3.3192586527390437,0.001268141642814985
DENND2C,-5.546555915781172,2.4734486797434747e-07
ARHGEF10,13.709377699190487,1.6076485518858829e-24
FAM229A,2.4898057810936023,0.014464676219273494
CSF3,4.246284195607215,4.9475236291780924e-05
ZNF581,-6.423947596192501,4.798073718615436e-09
BLOC1S1,4.832382978661851,4.991385389141025e-06
HOMEZ,-4.80547090559725,5.565997584037194e-06
BTG3,3.9477808307006588,0.00014854895187151464
RRP7A,-4.110976367911624,8.193547453728361e-05
HERPUD1,5.248477910380163,8.890866693138015e-07
NOL10,-12.90371916503122,7.480678720846513e-23
HEPACAM2,-2.0799989724056567,0.04013541096662123
SCYL1,-2.325996257251124,0.02207940847108996
ECI2,4.475877610721992,2.05593796926002e-05
RP11-934B9.3,2.3182137970814964,0.02251643244061318
SIGMAR1,-5.997769925379483,3.35582997214341e-08
SERPINB2,-2.227950576512601,0.028170462826044736
DHRS7,5.597048414323201,1.9849212404927847e-07
MICU3,11.417308217002493,1.051773671209266e-19
NME3,3.9482894020316266,0.00014827723834997877
OSER1,-3.577102023917943,0.0005418024294258011
GPR26,-2.4807824695192426,0.014813217373878303
PILRA,14.54693331194426,3.204701096021751e-26
SAMD5,5.800427908226193,8.107295477562756e-08
ARHGAP11B,-9.395425454841432,2.484833942091096e-15
ZMYND8,-2.528357927767514,0.013056822426959288
HECTD3,3.0282628629722397,0.0031438332980566848
MMS22L,-10.27774004153798,3.0229531657096044e-17
YJEFN3,-2.945557071473959,0.004027245782731191
CASKIN1,-4.490390266384472,1.943159422746978e-05
EPHA1,-7.7295978919091874,9.532573597154915e-12
MARC2,22.3640306790532,2.8158809985582246e-40
MIDN,4.573064380786342,1.4062431180585513e-05
CRNN,-2.551481472493182,0.012272649156684844
PEF1,7.633359152522209,1.5234720803292877e-11
ARL4C,-5.756904570636891,9.83138344917449e-08
SLIT2,10.715672243056872,3.4078816068882595e-18
C9orf69,-5.880395042804857,5.6794347978913244e-08
TBC1D28,2.848423603474185,0.0053543094311807714
ADD2,-3.6167755174025933,0.00047359574174709066
MTCH1,5.949875777056781,4.1616900131700384e-08
MTX1,-7.275778844942896,8.592632190353732e-11
SETD6,-4.698786915066888,8.544743258744388e-06
GABRA5,-3.0087138258157844,0.0033347551321077015
PNMAL1,-2.819880258768109,0.0058144659490121904
IKBKE,-5.420551665603712,4.265702522035781e-07
PLEK2,-5.429604996520645,4.1027129103660845e-07
RAB34,-4.342638347502382,3.4338533268230364e-05
AC092964.2,-2.4776590356232115,0.014935604889255574
RBCK1,-2.435384842377023,0.016683306250672752
AHNAK2,-6.921443961731252,4.666788964554537e-10
SELP,11.232439554865493,2.622521499410416e-19
ZDHHC6,2.246090638781232,0.02694344156511904
TMEM179B,4.0167582488271325,0.00011573013807471918
CDKN2AIPNL,-4.321956600683118,3.715388338088737e-05
CLDN17,-2.897143782787864,0.004645320798909541
PANX2,-5.970314857404309,3.796813662925828e-08
FGD2,9.5957411341833,9.130365477693887e-16
ARMC9,10.546037240982619,7.930770302035605e-18
TSSC1,-8.118933757581367,1.4134669260578912e-12
ACD,-3.783714329792792,0.00026605936465017157
BBOX1,-3.9046602403615185,0.00017340043907824516
POPDC2,2.2029869382171308,0.02993884794787453
OSBPL5,8.119526122629232,1.4093499085336942e-12
ZNF195,-2.604456035900411,0.010633585190462227
NDUFAF7,-5.017861637274111,2.334676129920654e-06
SLC35E2,2.135184471910373,0.03523901620894682
ARHGAP10,4.837623718406398,4.8864007727580566e-06
FHL3,-2.3246641322336337,0.02215367834932829
MN1,-4.461604286819602,2.1730143376715242e-05
DHRS13,-8.094243811857712,1.5961479568884708e-12
UBXN2B,3.6313079904499044,0.0004507114209803851
USP16,6.169278987208259,1.543765644745536e-08
HMGXB4,-7.5774189993532755,1.9995551610310922e-11
GPT2,-9.80173422901698,3.2602665205624957e-16
C1orf101,5.301509298854899,7.098812676901974e-07
LEPREL1,3.1530739503457625,0.002144571339814308
TMEM61,3.7467598554710544,0.00030272045281511784
ONECUT2,-6.1631472616185246,1.587461150442974e-08
ZNF81,-3.466536183185871,0.0007842396613590239
KRT222,6.085950165630859,2.2537283703685617e-08
TMEM240,2.5812435200536017,0.011325798066741702
AOC1,-2.1307063662353616,0.03561608196528043
FAM160A1,-4.795369009321334,5.797873699361354e-06
SOAT1,5.035756429671221,2.1679099868437313e-06
STAT3,4.320198563974665,3.740320270713319e-05
RXFP3,-2.797035882234872,0.006208524078124012
NEK5,4.11433138372274,8.0926746914981e-05
GPC3,2.7490403891593207,0.00711706827266022
PXMP2,-3.7760811186177974,0.0002732673189177524
OTC,6.680585864441577,1.4526111740713905e-09
LCE2C,-2.6143067741238215,0.010351553602610346
OSCP1,7.848367167267774,5.335516873463211e-12
NFKBIZ,6.2488458902587,1.0736421484496814e-08
PTPRS,-4.166779444056822,6.662560184460427e-05
PDS5B,2.955745733841058,0.003907230682726402
TPD52L2,-4.56254463751926,1.4655919985343084e-05
QTRTD1,-5.2018577736231695,1.0826231545777236e-06
ALDH1A1,2.188185722224565,0.03103247212304305
PCBD1,4.005095711125759,0.00012074262774346768
KCTD16,8.83710675154664,4.027439654338371e-14
HIRA,-2.7383996459360973,0.00733424105987506
IER5L,-6.481548877720897,3.6747091819311434e-09
DECR1,7.138690145373373,1.658370473848832e-10
C6orf118,3.950695752598128,0.0001469980306948617
ZFP69,-3.183866165007472,0.001948317630908101
C1orf210,7.966933548940964,2.9841241512994636e-12
IFIT1B,3.6349071279756227,0.0004452079198806425
HIST1H3C,-4.726809605062232,7.638809881163176e-06
USH1G,-5.986332621383376,3.533045824702555e-08
RNF219,-2.5443199962275576,0.012510859759896516
WDR52,3.9710344319304607,0.0001365995359208732
ZNF143,-2.1380686229113324,0.03499800038991613
RPS2,-6.109322253676052,2.027231208401652e-08
TGM5,-3.8427665205239383,0.00021610399854526366
ACN9,-2.850216858341982,0.0053265455446355955
CLDN12,-3.339469957444162,0.001188181081992215
SUSD1,8.422529167127749,3.1560519610929804e-13
ZNF445,3.5155128274913143,0.0006663687715019028
GOPC,-2.548319234219404,0.012377326406604066
GLI4,-5.704165929292581,1.2408184580485902e-07
PLCG2,6.531115819197915,2.91904954689054e-09
ANXA7,3.0153664787871457,0.003268611485567894
MAP4K4,-5.0339724531983405,2.1839997356528275e-06
LINS,-3.545059246574592,0.0006035691045023354
DHTKD1,-4.869172934250573,4.298309313770241e-06
RP11-10A14.4,-3.317762797115635,0.0012742557560309947
SYNM,9.674427229350801,6.161026966378545e-16
CTTNBP2NL,4.688958380871442,8.88652943159022e-06
TPRKB,-7.7293947509018475,9.54202514159932e-12
LSM5,-7.279066780286917,8.457841005553159e-11
MT-ND5,10.027218933057462,1.0563497476607143e-16
CD40,4.417335482238725,2.5785565425651783e-05
GRAMD1A,5.422585737041812,4.2285390524807444e-07
C2CD4D,-4.068800232935351,9.569130816113465e-05
UBE2J2,-3.2350739895778906,0.0016585930976281368
TCAP,6.803741926162834,8.141396322393203e-10
CCDC125,6.952473601171207,4.0280159935253103e-10
CALML3,-6.269527146917599,9.766434697147528e-09
CNTROB,5.09097239613101,1.723273706008354e-06
PRKCB,8.199780257361352,9.489613583123198e-13
PDE4D,8.365302623510491,4.189389260898188e-13
AL136531.1,-2.7244916851669734,0.007627195424395849
C1orf65,-6.389312265576956,5.630432862295826e-09
CGRRF1,9.892362969330245,2.0725476731811229e-16
TOMM6,-4.44777122133073,2.2926122424061283e-05
MLF2,-7.993304593172631,2.6217507562490606e-12
MYRFL,2.19369441283579,0.030621446934866688
IDI1,5.967396384334099,3.8469184913524965e-08
IPO11,2.9967326241926195,0.0034570083643767828
IL23R,2.9388198813505637,0.004108461470611971
CEACAM7,-2.4915378841681735,0.014398616934968293
FBXO22,-11.047564910318185,6.55311442576999e-19
AK8,4.2671088422656345,4.573929127027973e-05
NLRP1,4.999132660566619,2.5225971654023593e-06
CADM1,18.872312558699495,2.1060080226713964e-34
DUOX1,11.523698565120133,6.223264019326438e-20
FLT4,11.467117499532812,8.225855949703097e-20
COX6A1P2,-3.326737553098627,0.0012379828980740345
CXCL6,-2.742355227008863,0.007252814127930078
ZFP3,6.298645312567925,8.545712108537126e-09
MAK,6.967841410949533,3.744540411835803e-10
RPN2,-7.922894766951259,3.70368914508401e-12
TMEM203,-3.4247116639309816,0.0009001881701539571
C14orf37,-4.145319246150717,7.215641712939998e-05
MRPL55,-4.404883397519462,2.7052149999535926e-05
ADRA1B,8.017251494011312,2.330800625705277e-12
ARHGEF10L,5.583601723179822,2.1048977645291186e-07
PEX13,-5.566963981316057,2.263226302952516e-07
CCDC101,6.433636043125807,4.587840856726183e-09
KCNA10,6.898565682767288,5.201106258710513e-10
PGAP3,5.396779621766264,4.724463584619483e-07
UBLCP1,3.188032777303214,0.001923086247380718
LIPN,5.315218608899278,6.696297838468173e-07
MYH10,9.650552006346336,6.942077505537759e-16
FAXC,-5.8072314926737505,7.866126937370635e-08
C14orf166,-6.788803720962527,8.73530476950261e-10
BDH2,12.794479912994197,1.2657094146796948e-22
PTPRR,2.663204870244138,0.009049145158076899
CRYZL1,8.937584915790492,2.4416535483852974e-14
ABCC6,20.842001341495187,8.575750339452551e-38
RUVBL2,-6.251772465046647,1.0593595779830818e-08
RASGEF1C,-2.2938039908632843,0.023937079855446925
WIF1,10.477697356970332,1.1149019280367546e-17
PLCL2,10.210661998903436,4.2253560587531383e-17
TNXB,12.280877288579548,1.5235512803977125e-21
TANGO2,8.295683877922437,5.910632115311443e-13
PRICKLE3,-8.689712791510333,8.383980742850931e-14
FTSJ3,-5.584473482737834,2.0969084796525063e-07
USP42,-5.6118318159278475,1.8607553805189448e-07
IFI44,2.831040800872619,0.005630395649036793
TMCC1,-5.656852321175683,1.5277308921095575e-07
MSI1,-5.224058290587809,9.858122696709484e-07
DAAM2,15.82149688590023,9.737025473191888e-29
CD300A,5.51499472901039,2.836800375713566e-07
ANKRD20A3,3.278026182676023,0.0014471524942795424
SMUG1,-7.206132523983906,1.2005611913236494e-10
C11orf80,-7.698750279860876,1.1079968901766469e-11
CXCR2,6.39600821955053,5.459101281758945e-09
GLRA3,-3.064914584700086,0.002812876894918179
HNRNPD,-6.148995405729482,1.693017803453017e-08
PSMG1,-8.19221920601283,9.850161452589107e-13
NKX6-3,-2.2688501831349166,0.025470394706632957
ATP8B3,-4.170187699674181,6.578557354524242e-05
NUP85,-8.600422083295305,1.3064071426553633e-13
VTA1,-9.005370456884835,1.741591447094278e-14
CMTM3,4.780173080173085,6.16445071721193e-06
C5AR1,10.464292302204205,1.1919563846106312e-17
PMCH,-3.8085874816009895,0.00024380675437326617
JPH4,6.850636063783409,6.524776739157769e-10
BARX2,-6.719502004341566,1.2101978205649938e-09
KIFC2,-5.223590073008345,9.877638815091323e-07
TP63,-7.824609664365605,5.993128644178519e-12
SLC16A3,-3.984556568875108,0.00013007955380002964
ORC3,-4.426341148048917,2.4905423808646546e-05
SPDYC,-2.070891593406804,0.04099741011182288
SCN11A,4.054250926201392,0.00010093082713154723
PDGFA,2.391863319255383,0.01867083382799654
TPSG1,5.664093794347254,1.4799340021514387e-07
LAD1,-8.886299829579691,3.1524264800049575e-14
SMAD2,-2.935008330959157,0.004155074788623297
TMEM105,-4.651254125558473,1.0324980911677831e-05
HIPK4,3.2256692395530764,0.001708588936013801
AC008964.1,2.5964570274760206,0.010867685070098335
RUNDC3A,-4.4901087864644955,1.9452888147761193e-05
ID4,2.8497125796889513,0.005334339616397444
CASC5,-12.690136157750848,2.0939710564394105e-22
TMEM186,-5.478957842857858,3.315891701364782e-07
KNDC1,11.420401256709813,1.0358378636197273e-19
SP6,-2.888860932902287,0.004759416943508793
CNTNAP1,2.6234490148852565,0.010095872295186787
ACACA,-2.1219376566230808,0.03636455569009494
ADA,-6.540643530894855,2.7924942735830126e-09
WDR6,5.627071890760363,1.740736880119627e-07
AKAP9,2.7000268074842966,0.008168475534037352
PYHIN1,6.366839389768531,6.245194350134961e-09
MON1B,3.991259304404929,0.0001269591098148494
LILRB3,9.135334430969793,9.107407672108562e-15
ZNF57,-2.7834543237153273,0.006454224052641285
AL354993.1,-3.7788476198900525,0.0002706337355476685
CR1L,2.200465007585933,0.03012277518905022
VTCN1,-3.6493997883496077,0.0004236848304233668
CASP12,9.901555307635888,1.97947582743139e-16
ITGBL1,2.520144206828843,0.013346018789841561
ZFP28,4.85918865817579,4.476549304853733e-06
BOLA2,-6.55399640091766,2.6242092467379754e-09
CBFA2T2,-5.3344235362771215,6.169745718254241e-07
LPXN,10.30716622742848,2.610049360013085e-17
SOX7,5.838605080565634,6.842211727988982e-08
PDK1,-9.215935055244648,6.090637880724184e-15
INO80D,2.9551295570354905,0.0039143940504351065
KDM3A,-7.099537144037158,1.9996786290016263e-10
MSMP,4.534536817532381,1.6356668823459036e-05
EDNRA,7.4225727254008405,4.234241946096877e-11
ANKRD13A,11.119007206513967,4.59883095840843e-19
SERPIND1,4.704387974454213,8.355708781561531e-06
SCN10A,2.818039240027019,0.005845353765434519
MCU,2.5698155669303557,0.011681291450921234
GPR158,-5.1678359020444145,1.2492609516211093e-06
LYSMD3,14.614953786260056,2.3402578044906302e-26
CSAG1,-3.3244271265550704,0.0012472271753027873
ERMP1,-4.113565095650327,8.11560855238139e-05
FAM21D,5.647481955827732,1.591834082715105e-07
RAC2,5.235385241367959,9.397313081542609e-07
C20orf144,-4.714260718793306,8.0323403740348e-06
FKTN,-4.9194413916270925,3.500736613831546e-06
TPSAB1,10.39728151892141,1.6648959651964635e-17
HOXA11,-4.113937985782534,8.104440726472591e-05
GSR,-3.83237700257605,0.00022419056120125152
ACAA1,14.466127517014144,4.6589162460689494e-26
MARCKSL1,-4.506501756465522,1.8249619712526515e-05
MICAL3,-7.523960117248475,2.591833800115208e-11
RNF183,-2.1259518966283424,0.03602023801905883
PPAPDC3,4.107050827689032,8.31310566463331e-05
MAF,-2.2231423629680758,0.0285037859952694
SLC35F2,-6.7986395716126635,8.339616208716678e-10
PRDM2,4.9809030576213615,2.7196249832654193e-06
ATP11A,15.408769189665762,6.22373742265875e-28
FZD8,2.122008655386626,0.0363584411835311
C4BPB,2.1431076046669566,0.034580343033358
LMBR1L,3.5066774354490104,0.0006863148950469033
CYCS,-6.6944248556189345,1.3613490214046925e-09
BRMS1L,-3.8515836349943733,0.00020946014556715858
AHDC1,-3.629195127668111,0.00045397219822396325
C9orf72,5.3170568339050766,6.644053228940628e-07
TMCC2,-2.3269014586150045,0.022029066402419334
FAM83H,-10.549160323419375,7.808313999902218e-18
RP11-867G23.8,11.587131181276165,4.553026684939559e-20
NCOA7,6.587473995972346,2.24510549309401e-09
EMC1,-8.792164107001216,5.037035853849351e-14
TMEM192,6.816178473362814,7.67757985925867e-10
RP11-770J1.5,2.584477871534943,0.011226972149391504
SIAE,9.536813381114861,1.2257913815601163e-15
MTA3,-8.347690974335258,4.570701537345956e-13
RGCC,15.635356554126018,2.2419086292255507e-28
BHLHB9,-3.228062181323711,0.0016957362052120338
AMMECR1,-7.996948214910868,2.5752547394645017e-12
ZNF286A,-6.636742145662223,1.7836003063171403e-09
ASB14,8.074324530342901,1.7605196657888043e-12
SOGA3,9.08203354061944,1.188218176875103e-14
COQ10A,4.141122781370194,7.328831182165844e-05
RGN,20.024724551078975,2.0665122718512587e-36
GPRC5C,6.4649185196991725,3.969238129273788e-09
CDC42SE1,-4.821233063299772,5.222091813631302e-06
KRT75,-2.2810499925204297,0.02471030134212341
GLUD1,2.289998112992608,0.024165553277082513
IER5,4.154881410781541,6.963962252927126e-05
C10orf35,-6.075547242795285,2.362394969505111e-08
PALM2-AKAP2,2.9380572720848663,0.004117749059342019
EXOSC7,-2.200792589093232,0.030098828717689634
KLHL9,5.513702397916176,2.85274383310025e-07
CCDC88A,5.002767752038501,2.4850066583397302e-06
COPE,-3.354094073838364,0.001133300612965812
CMPK2,4.031783480709616,0.00010956551767112199
C1QTNF2,13.48184010940724,4.7220725657157944e-24
FMO1,-2.5988555902053023,0.010797004874979563
TLX1NB,-2.617342164604135,0.010266021148930951
SERTAD3,3.1605356450177364,0.0020953926224068714
EIF3M,-4.656074042408176,1.0129229093614021e-05
SUV39H1,-9.396377003848855,2.473047450007845e-15
HBA1,6.018594913362423,3.0553507197975855e-08
ZBTB20,4.975177643354241,2.7845431729945193e-06
DAZ1,-2.0317295030937896,0.04488784294221891
GPR21,3.1439454660091224,0.002206196639885747
ARHGAP39,-3.1715661046432966,0.0020246135150524063
STAB1,3.9582837532140256,0.00014303299821214252
SCP2,9.424511868869585,2.148696957800771e-15
RP11-793H13.10,5.6173994291794,1.8159964190601988e-07
C7orf13,-3.8638671273335627,0.00020052825765649616
GP9,6.672695746386215,1.5073255171911381e-09
BAIAP3,3.538253570419225,0.0006175180429759743
KLF5,-6.281542696946816,9.243148322454448e-09
SOBP,8.500353840145456,2.146266070034562e-13
LIN37,-3.075735295285549,0.002721528827248122
ZNF19,8.330645786197406,4.972643795038814e-13
ATP2A2,-9.681149903707905,5.957405855723896e-16
FGF12,-4.696133983561481,8.635720885943544e-06
VCPIP1,2.4630561412128507,0.01551988103021806
HMBS,-6.508178340006695,3.247448438015884e-09
SMAD3,-5.593061486306566,2.019776481503769e-07
SSR4,-2.219226203198104,0.0287778123837437
SYNPO,17.63666509158589,3.5997017607333733e-32
TRIM59,-10.063937126922472,8.792905999637087e-17
FRG2,-4.161788520664886,6.787432711187053e-05
WHSC1,-7.474596630606889,3.292167082372216e-11
TEF,4.139103561733768,7.38390040729782e-05
CXCR3,3.4850622749189237,0.000737512893853834
HAS1,2.742441696518899,0.007251043360449621
RAB40A,7.423123213588649,4.222991089247057e-11
EFCAB10,4.654388791987921,1.019725969547991e-05
SLC4A1AP,-8.102174954912941,1.5350382725310722e-12
PEAR1,14.373223169471018,7.170159113203036e-26
TMPRSS11B,-3.105549838791726,0.00248387789945911
RHBDL2,-5.47086596436795,3.4339117436648906e-07
ACE,12.553275408690844,4.0591635929375043e-22
RP11-307N16.6,2.6591763158646766,0.009150544387857446
LZTS3,2.5233725069366306,0.013231674986684337
CRELD2,-3.1905674008204743,0.0019078869231297082
MORN4,2.319820382956083,0.02242559433765266
PPP1R15B,4.196963168935338,5.953122425242496e-05
PPARGC1B,6.9855844879990965,3.441765470534738e-10
STAB2,3.6256019121199263,0.00045956898503732367
ZNF74,-7.377691147016755,5.259114670374851e-11
THTPA,7.924211758011083,3.679851640775536e-12
MRPS12,-5.61540464683753,1.831910000307248e-07
SENP2,-7.617879174837258,1.6426116888098082e-11
EWSR1,-4.445391020030962,2.313822270105081e-05
CREG2,-5.737996606344593,1.0688248647823802e-07
RAD23B,-6.682016416048844,1.4429035305362701e-09
LPAR5,-5.956804690540051,4.0342863282116776e-08
CCNI2,13.546419616785546,3.4759200604088474e-24
KRT9,-4.703302412800686,8.392026359821744e-06
PCDH18,3.2150742882015675,0.0017665960531843725
AC079210.1,9.181216842743016,7.243318180494912e-15
WNT9A,6.55694335232855,2.588441686275133e-09
PRAP1,-2.2462176812625825,0.026935016065078594
NDUFB11,-3.8957859395972383,0.00017898572205214658
IGSF8,-3.643688438242757,0.0004320462785534447
RPL11,4.082716532736545,9.092442179789392e-05
FGF5,-2.062779083828274,0.04177861164102532
INSL5,2.188161917687265,0.031034258656702257
ASAP2,-4.507690788273329,1.816520015506731e-05
MCIDAS,-4.398611995079245,2.771259163366292e-05
OPHN1,8.74866507367978,6.253974475563749e-14
TFAP2C,-7.680105540242657,1.2133795441706784e-11
FAM105B,-6.222562042225876,1.210731446480343e-08
HPS1,7.333736010714362,6.500793023459634e-11
SPRR2A,-4.375370718330957,3.0298511165400555e-05
SALL4,-5.282048070870722,7.711118223087779e-07
RSPH3,4.240435933015117,5.057615633358048e-05
CTCF,-2.0854828030920074,0.039623940110288164
PCBP4,6.591018436498332,2.208286830253134e-09
C20orf26,4.933383604625014,3.3063554849203908e-06
HBP1,6.006878337101028,3.220985747981107e-08
WBP4,5.257810347077893,8.546260233852442e-07
HIST1H4C,-4.116276852069549,8.034728766333981e-05
LPCAT4,-5.260813303652954,8.438176899022511e-07
AKIRIN2,3.133420310384769,0.0022792943947454645
ZDHHC21,4.971880715946114,2.8226080486348807e-06
B4GALT3,-7.310812172377633,7.259701549474239e-11
CCDC170,5.733841444709423,1.0886163387395334e-07
FBXO17,-2.203043660531452,0.029934722421174113
SEC11C,2.2006085046900106,0.03011228339011734
RAB1B,4.008626630808359,0.00011920353049436249
GPRC5A,15.683776329147566,1.8039364480628366e-28
WDR70,-6.798822088604718,8.33244395116997e-10
AC068620.1,3.3520183800751444,0.0011409425864157892
SLC38A6,2.0853175441967533,0.039639271152639675
CFH,3.552541671502456,0.0005885769075016106
DCTPP1,-8.08456460382563,1.6740174334249798e-12
RP11-343C2.7,3.33572055919076,0.0012026478443940526
CRISP2,2.8890262131502635,0.004757115249859345
ATP13A2,-3.309201123298862,0.001309785416603772
ZNF831,5.85224451210564,6.439059955713555e-08
IL13,2.7647068112023696,0.006807979493386739
LMBR1,-3.291447424079247,0.0013864386632222601
AJUBA,-2.76388629725384,0.00682385880915854
SENP7,3.0942116206406336,0.002571886957941131
IGFBP5,-3.6388996458725282,0.0004391774138283785
DRG1,-7.257266333030094,9.392331449311502e-11
ARL11,9.71477615133275,5.035578807257843e-16
ZNF511,-2.0008683649292927,0.048172459270748376
FAM206A,-3.3331753211766855,0.0012125624094328977
SLX1A,-3.5331929861581344,0.0006280870611002946
TNNI1,-4.097989113837469,8.595518836873713e-05
NAA15,-5.612019319924099,1.8592305402043764e-07
CASZ1,5.185822142727134,1.1582668080478619e-06
VNN2,8.007715834256786,2.4425923721766825e-12
C9orf9,3.059150529154344,0.0028626895025531444
BAK1,-6.786556452935811,8.828287145352481e-10
PDLIM3,8.217760799645344,8.684142937219061e-13
IRG1,2.52263798242464,0.013257613699694602
ANKFY1,9.64536375305195,7.124489954359767e-16
SSR1,-6.487229475990766,3.5791375491797104e-09
RBBP4,-3.8544632825342355,0.00020733279753088913
PUF60,-8.904603213835973,2.877726836690263e-14
RASA4,6.541702993782502,2.778761108521883e-09
ACRBP,5.545474141332297,2.485111103911866e-07
F12,-8.17524200227352,1.0710202000656493e-12
MYEOV,-2.1942903985959905,0.030577263929332424
KRT81,-2.070730577284595,0.04101279222308021
TNFAIP2,-1.9846401649375307,0.049980451726022376
SP8,-2.971104185438235,0.0037325405339473385
CAND2,2.7478609286597626,0.00714084833069078
COL6A6,11.883649279088553,1.0607328206411284e-20
DPY30,-7.457326241033587,3.579190500957757e-11
SUPT5H,-2.6110223554473757,0.010444828111085743
CYB561D2,9.363696486164507,2.91170507987967e-15
AL358113.1,5.30789974168153,6.908323548646904e-07
HGFAC,-2.6705075393699813,0.008867929352900653
POP7,-8.62808863976344,1.1387190421470354e-13
AMY2B,7.168042735003416,1.4410053724950098e-10
POLR3GL,11.19811070563163,3.108173466153943e-19
CTD-3105H18.18,4.179507250941321,6.3540231564234e-05
NDNL2,5.063113725451615,1.9351784853455076e-06
TM2D1,3.3329235509439155,0.0012135472950200324
C12orf71,2.098948984349339,0.03839173777262763
PDE8B,10.740121429215003,3.017571850235926e-18
NFE2L1,-4.708477589679236,8.220254810969914e-06
GRHL2,-8.114804102710822,1.4425032835720065e-12
SMO,-9.658462241585374,6.672910903272317e-16
DMTF1,2.562918866209635,0.011900661999065804
SPAG9,4.071013432091826,9.4917499565799e-05
SDSL,2.5373893506390908,0.012745341983004421
SGTB,5.221645731736545,9.959087035088123e-07
NCR1,5.735864538654178,1.0789355624786366e-07
TRIM13,4.747873636699507,7.019938108819912e-06
ARFIP1,3.822814744200426,0.00023188741623870985
CCDC176,5.60164330830808,1.9454825541892699e-07
LGALSL,3.694710220328977,0.00036258042395843177
TPK1,20.93073747896597,6.099448531585662e-38
KCNMB1,4.213084618470492,5.6045551476442836e-05
TCTEX1D1,5.85538551676503,6.349580970538377e-08
NHLRC4,5.307705488063574,6.91403956200504e-07
TADA3,5.204649744903088,1.069955576151115e-06
KCNB2,-2.3814388752526385,0.0191770589810624
ARHGAP11A,-12.7193977760938,1.8180701569196948e-22
ZNF589,2.134682458049031,0.035281113937818916
INPP5D,6.630611614263076,1.8354688626349455e-09
RIMS3,4.668457180577801,9.642666037921247e-06
RNF41,9.571078039381131,1.032836278101763e-15
LRRC38,-2.8402405337215195,0.005482694921197618
AAAS,-6.963525652055318,3.8220902405135413e-10
VDAC1,-7.822237874090482,6.063050871029179e-12
NDUFS2,-6.335241443200603,7.223108819268357e-09
C7orf65,-2.163313790791856,0.03294868038438641
AC079602.1,3.451853600805208,0.0008232394770219735
FAM188A,11.191258907588624,3.215408855046122e-19
TP53,-4.086002985586404,8.983238223801258e-05
GPR143,-3.8171235485752777,0.00023658720560393307
NAPG,-2.410696829282878,0.01778627657223156
EPM2AIP1,8.21645327079942,8.740346800826998e-13
UBAP1,2.5449184373686085,0.012490795935693667
EYA3,-3.3508416019126654,0.0011452965228338934
TMEM130,4.265414698092495,4.6032777383550885e-05
VCP,-4.108954998447724,8.254903731292049e-05
NFIC,7.442719582195547,3.841249770255531e-11
LINGO1,-4.139617230116868,7.369853810777409e-05
FBXO46,-4.9259532945813325,3.4086021076569088e-06
PTPRH,-6.742845518384284,1.084476689236929e-09
CC2D2B,8.792230629027324,5.0353688054362267e-14
TMEM194B,-5.45998090761906,3.5991835394968637e-07
NAPEPLD,2.603148622976674,0.01067153408674877
NPY4R,4.838366035316328,4.871705063232722e-06
NEBL,11.008456068550856,7.95598224477633e-19
MAP3K2,-2.060337916320514,0.042016176249998476
AMN,-3.73113630386241,0.00031962277645971053
PIEZO2,8.430721998815152,3.0305719424371623e-13
RP11-542P2.1,3.8033509502484346,0.00024833898282570555
CD47,4.288721475909611,4.2149751802942274e-05
PLAU,-6.186295446664483,1.4286204746917576e-08
REEP4,-7.608110575313254,1.7225139099599157e-11
MAGED4B,-9.416605442752116,2.2352904089626175e-15
MED28,-2.3505692307515864,0.020748290865165574
SBF1,-5.507057762656035,2.9361156710148483e-07
SLC30A5,2.1661627893326685,0.03272409048674616
GYS1,-6.831056526384608,7.156971046107893e-10
MCMDC2,-4.68477516242993,9.035990872955834e-06
PTCHD1,7.599459359167355,1.7964951614362486e-11
ACCSL,2.003743222193275,0.047858056593733427
KPNA1,-9.818716510912997,2.994911363962044e-16
LIPK,-4.442022493877,2.3441635467038424e-05
VNN3,4.5209841531414385,1.7246737348661404e-05
RIN3,12.340092835157156,1.1421824809681766e-21
SLAMF8,2.3375362193685336,0.021445171433507382
DNASE2B,7.961025500524426,3.0719114367392443e-12
CIRH1A,-7.113644972820756,1.8693387548132406e-10
TMEM64,4.609093711860627,1.2201001491072384e-05
PLCB1,-5.592465332253856,2.025039633506765e-07
CTHRC1,-7.2575695280617945,9.378657227475924e-11
SIM2,-7.925675527976981,3.653536548308775e-12
TM4SF4,3.5420043780910424,0.0006097931422904269
ASGR1,7.704989432374538,1.074805600102556e-11
C14orf39,-2.6826379492225385,0.008574175645822503
KB-1980E6.3,-3.5678059334166092,0.0005590771537732583
NUDT2,-2.56709404330415,0.011767419005569787
RGS7BP,8.622356641969384,1.1715995995704604e-13
ADRA2A,4.776061025559952,6.267456908869298e-06
ANXA8L1,-2.662882500266211,0.009057221600004644
UBP1,7.01823716941282,2.946605215138792e-10
TRHDE,9.358561351017078,2.987373987199571e-15
ADCY9,15.223815476289072,1.439006229412376e-27
NOP2,-8.34991212991399,4.520767277162844e-13
PPP1R9B,3.2943554448505408,0.001373601847749243
ANGPTL7,8.368201980365825,4.129727880168059e-13
ZIC2,-4.339506268748603,3.475126998922166e-05
RGS16,5.173292605079683,1.220941463275925e-06
PPFIA2,6.270919158098751,9.704345369718142e-09
RAET1L,-5.33913871910365,6.046793360048022e-07
FAM76B,-2.8110291073331735,0.005964346305500033
SUDS3,-7.106739835524867,1.932046057708572e-10
TMEM159,-5.560827366117757,2.32452499439143e-07
UBASH3B,9.050473286865385,1.3908051198267128e-14
TMEM151B,-4.02536878339535,0.00011215788808068117
MOCOS,-3.519933401142523,0.0006565958160057577
TRIM22,11.1590126405873,3.772074625662282e-19
SNX22,11.64770323995776,3.37925100446598e-20
AL353791.1,3.947608099142678,0.00014864134508660933
ABCC11,-4.32542017451953,3.666736831804543e-05
CCDC65,5.764649022744194,9.50024244512004e-08
PRODH,6.710758842080825,1.2609102292244869e-09
C21orf88,-3.745628359558962,0.0003039154439402966
DPYS,4.597128182070228,1.2791022264976775e-05
SLC9A4,-3.4793718236170137,0.0007515785097104438
RPS6KA1,16.947835816859975,6.875989162114207e-31
ZC3H7B,2.1640291619669374,0.032892161227199616
AFP,-2.1607251917422605,0.033153903162620374
BRCC3,-3.427554719323585,0.0008918213604290035
RASGEF1B,9.882307310854847,2.1793817165886457e-16
COX7A1,8.06029106891029,1.886338647021291e-12
RYBP,9.714884637482108,5.03284849365234e-16
INA,-5.512897208439336,2.862721816799054e-07
KIDINS220,4.876940364274015,4.164437574864502e-06
DOCK2,12.303280316430792,1.3661668438046853e-21
SAE1,-7.676412008737716,1.2354093267047655e-11
GNB5,-5.878965163513228,5.715799442477709e-08
STX17,2.660021856229448,0.009129177036260382
KIAA0141,18.18366580926961,3.6104507306435506e-33
CDK6,-6.066642128692767,2.4595046839985045e-08
CASC1,5.071835098072971,1.8662453717616679e-06
OGFOD3,2.3244798130751714,0.022163972038444696
NDP,-2.4721131187197893,0.015155144595673676
KIF7,-5.748832407674585,1.0188606952016162e-07
RP11-287D1.3,3.271593591688188,0.0014771255832410253
AUH,5.225860021763416,9.783374299410777e-07
CDK4,-9.971304632284145,1.3968642817632724e-16
GNG11,12.60709891083581,3.128176933951995e-22
PADI4,5.423232375437778,4.2167912222235244e-07
ULK1,-6.347803154293012,6.817447833231158e-09
GPR116,26.055494191636377,7.522612508289574e-46
SIRT3,2.444511907908101,0.01629124299657298
RNF112,4.404373040097514,2.7105322776870328e-05
CEP192,-3.7505094060045954,0.00029879234178190034
DAP,-2.539608586487959,0.012669833019438675
PLA2G5,9.389821616698788,2.555394298386465e-15
GTF2IRD2,3.8615010642065957,0.00020221998275868477
UBE2A,-4.361325419591866,3.197250430121847e-05
ERLIN2,-3.6159210933429105,0.00047497489588349203
NXPE4,2.6703960286285335,0.0088706715667302
RARS,-5.332237170780221,6.227583924924748e-07
ZNRF1,-6.186164272666682,1.4294748454781799e-08
GRIPAP1,2.4200107968475173,0.01736276150504828
KIAA1683,6.449481655546824,4.2634443020171255e-09
SLFNL1,10.963115084098439,9.963460447197612e-19
RPTN,-2.472244391845505,0.015149914877553601
CDC123,-7.203307606417565,1.216937088932499e-10
AP005482.1,3.9211747572750575,0.00016344660719373253
C1QTNF9,4.394643252902241,2.813855210755664e-05
FAM120C,-5.12543311352456,1.4922927459058536e-06
KIAA1279,2.26414079381325,0.025769257064157874
EED,-5.8274930308474575,7.188921468602657e-08
TCF24,-4.837984003481008,4.879262804156872e-06
TMC8,4.288994319438164,4.210621901884557e-05
CHST15,-2.166414905156677,0.03270428015595943
C3orf72,-3.257069845831997,0.0015469490057780668
SLC30A6,-8.321791558462742,5.1951431598744e-13
SH2D4B,9.429356963394126,2.0972972359191493e-15
PSMD5,-2.1686801020126727,0.03252675658715263
CTSG,5.689420184587512,1.3240352228001227e-07
WWP2,15.615073656639007,2.4558297915407046e-28
TMEM119,7.774343037647881,7.662172081659564e-12
PKD2L1,5.2954202285885135,7.285093281103502e-07
SLC22A13,-2.701151128332406,0.008142854232936965
ST3GAL6,9.631512504046084,7.635303712602976e-16
GPR125,-7.0554514880798935,2.4678894577397676e-10
MALL,8.376371677771035,3.9661321778066726e-13
TLCD2,8.898621270220506,2.9647695936586347e-14
ALG2,6.242854731796973,1.1034759232103993e-08
EMILIN3,-3.9363367790702015,0.0001547904928888948
CXCR6,4.175889049809997,6.440307082002211e-05
STOX2,-3.744475311900399,0.00030513780915732955
MAMDC2,11.722306663838362,2.3415818305155826e-20
MB,-2.651882263665969,0.009336760200397984
LEPREL4,-9.431106094289197,2.0790448281922865e-15
PIAS3,-7.256614690654906,9.421787784019716e-11
B3GALNT1,3.7636689282470486,0.0002853862124173451
THBS2,-5.276467227315672,7.896039076269802e-07
PLOD3,-3.258154646238863,0.001541628978343163
AHCY,-8.80971023840861,4.615869612648462e-14
ZNF226,2.869830529946694,0.0050313806539275105
COPS5,-4.940404483183222,3.212490372498768e-06
APOBEC3F,-4.3379246806209295,3.496150070629179e-05
MAP3K8,9.673656835291643,6.184801241357693e-16
PHLDA1,-2.576786580071915,0.011463265134464447
RGS11,5.423537322143257,4.2112621878656253e-07
ZNF740,-3.609210267303404,0.00048594007768227747
PIK3AP1,7.5248483640420485,2.5806941693843668e-11
KDELR2,-5.103029312687608,1.6387464588506829e-06
TMEM79,-7.257891863762137,9.364141419276357e-11
NUDT5,-6.993872631708919,3.308773956849183e-10
C1orf162,19.058119375005695,9.882743964431191e-35
PSMD3,-11.70378384606376,2.564760099458872e-20
TMEM106B,-6.504572847681817,3.3022879480769696e-09
ORC5,-8.92336693404122,2.620905656939786e-14
IRF1,5.65700160013646,1.5267304555163932e-07
PRIMA1,-3.7846070761302055,0.00026522827203166987
FRMD4A,4.003581895139357,0.00012140829665624861
CCDC13,7.482460430026973,3.1691673372472126e-11
CLEC4D,3.8478035838170968,0.00021228427650961284
DNASE1L3,6.1414845580347945,1.7518204894641427e-08
SLC9A3,-2.6635275908736578,0.009041066471111116
DPPA4,3.166508189181804,0.0020567875217108317
NUBP2,-4.284817042900569,4.277748149231841e-05
TRAM1,10.670796448971016,4.26065648881497e-18
FAM220A,-8.780717760860364,5.3322387144619654e-14
HIST1H2BH,-6.101870489430458,2.0968951221646978e-08
C21orf91,-3.6955058359925514,0.0003615862023066806
NEUROG2,-2.4098031965421387,0.017827390220125926
EIF5A,-8.063027047444042,1.8611255842438993e-12
TPGS2,-4.145487186787911,7.211147037329297e-05
DNAH8,3.8141388800490525,0.00023908807850688438
PDE6C,2.4806398376001773,0.014818786600070822
UBE3A,-3.0851543488652475,0.002644261706359691
HS6ST2,-6.629211459599527,1.8475228364721591e-09
DNAJB2,3.5247667143118724,0.000646065306587412
MTM1,10.429986608667747,1.4143238725679766e-17
P2RY10,3.2307386796695936,0.0016814674638294313
SNRPD3,-8.269621395778112,6.722754556755188e-13
MORC2,-11.797596713340564,1.61777510519565e-20
ATXN3,-4.2513983405632905,4.853144502363076e-05
PVRL3,5.120616111688028,1.5226619936260185e-06
TNS4,-9.792997379149611,3.405817369070932e-16
ZNF415,5.093068350880235,1.7082802307648567e-06
GRSF1,-4.676068661113004,9.354923123106737e-06
ITGB1BP1,-2.7948986165977945,0.006246613070334501
APTX,-5.243522900678847,9.079316495035817e-07
WIPI1,-3.681183164536731,0.0003798865015036455
ZNF211,2.2804697501518714,0.02474599563323037
SLC43A2,12.677809692756659,2.2224368507649977e-22
OLFML3,9.959501046951026,1.4817434161768827e-16
SERPINB1,2.112373663703497,0.03719639378272911
CERS3,-8.167066825850746,1.1150627788219936e-12
RBMS1,5.169484472742191,1.240638161581944e-06
RBFA,-2.774798519085517,0.006615414298609316
PCDHB12,3.4521659802784286,0.000822391044225785
TEX29,-2.0917969806297005,0.039041989966872775
GINS2,-10.218507663097258,4.063035381828896e-17
RGR,4.336268634447669,3.518294263320973e-05
MEX3B,-5.866903303781459,6.031811318468997e-08
SH3BP5,17.224993178442034,2.0832350498591284e-31
SPATC1L,-4.777064973686422,6.2421549933517345e-06
IL18BP,7.615561523703686,1.6612290169823626e-11
ZDHHC22,-2.032846881353441,0.044772605879386466
PRELP,9.857000198180812,2.4732699611719297e-16
PARD3B,10.570514243478009,7.02026360594206e-18
E2F1,-6.645858042957114,1.7091428059614686e-09
SPATA25,-2.8912827844537787,0.0047257923744814705
RAB17,15.743626696159518,1.379483073949284e-28
RP11-77K12.1,-2.122334603949224,0.036330381482236974
CTD-3203P2.2,3.7371011286154396,0.0003130665309622554
WISP1,-4.239920402947196,5.0674326183419884e-05
ARHGAP17,11.003344872321444,8.160311885448554e-19
PGM1,9.377241217284995,2.7211785694096576e-15
MCRS1,-2.1889834282136658,0.030972655986301712
UPK3B,8.102031490537934,1.5361227053736367e-12
C9orf64,3.539257494022719,0.0006154414203995716
NEK10,4.308224570449117,3.914471677437755e-05
FOXO4,6.791877568553206,8.609690166271723e-10
TRAPPC11,2.2612459306423003,0.02595449221219397
CPT2,2.642967506806463,0.009569010514047885
PPIB,-4.293810774690491,4.134483560267491e-05
ZBTB18,2.7886856624585343,0.006358552455724607
TMED7,5.833622165515445,6.995602657423537e-08
APAF1,6.669995943024327,1.5265116701221094e-09
C10orf128,18.19376357015666,3.461618037176805e-33
ELFN1,-2.4622506417693506,0.015552696303769707
TM7SF2,2.467453918426296,0.015341808358977376
TDG,-10.393123069159206,1.6997899209975418e-17
FARP2,-2.473016651448748,0.015119181905690149
MORN2,2.126613695946326,0.03596374464146554
SPTLC3,10.439295741350346,1.3501697263675863e-17
YY1AP1,-2.63307477558728,0.009832851601405006
RP11-451M19.3,6.334136294447761,7.259917881130925e-09
EXD2,3.6074722140807323,0.0004888188114237743
AFAP1,-4.038286308193286,0.00010699616238213862
FSD2,3.117535336722066,0.0023938919590594594
GPATCH2,-7.146471202861424,1.5977678819903268e-10
IGFBPL1,-2.445776964191912,0.016237554719770356
DEFB126,-4.2439362777915335,4.991442624672956e-05
PIH1D3,4.985269262382816,2.6711116404982066e-06
RNF122,5.990716902670438,3.46405007088396e-08
NR2F2,7.294330489599016,7.859071485560732e-11
STT3B,3.719015971617022,0.00033334895321454833
FAHD2B,-3.875464838081315,0.00019242936425700676
PRR13,7.427514196914661,4.134304787225069e-11
ADRB2,14.558856079939822,3.032773387200131e-26
EFNA3,-9.880161243036495,2.2028860233267233e-16
KLHDC8A,-2.834561259424695,0.00557344981385976
MBLAC2,2.208957295774025,0.02950732537535719
HIGD2A,2.2689887337752905,0.025461648449632057
DGAT2,-2.4270190591984275,0.017050033342041734
RAB40AL,-2.197389521824205,0.030348407536184736
LENEP,-4.287377100215836,4.236488370171804e-05
STAT1,-2.305648057422262,0.02323818558904273
BCL7C,-3.144512291605037,0.0022023225875235555
AC022431.2,2.9435153013101116,0.004051701340027386
RP11-503N18.3,3.321678551222862,0.0012583088170491058
SLC41A1,7.021819382789513,2.896780332557288e-10
UGT1A7,-3.3530337160412507,0.001137198454608711
SNX31,-5.13056536703792,1.4605865134495563e-06
MROH6,-2.37494503179481,0.019498532407151555
OVOL1,-6.128949825165799,1.8544702364161853e-08
STK35,-8.284182219428708,6.256224682508643e-13
CSRNP1,10.098820883539764,7.386642787326748e-17
FJX1,-3.8627694586904098,0.0002013114006496204
RNF168,-6.467610487015162,3.920027765622606e-09
ANKRD53,2.9868446263180566,0.0035610084779179943
BORA,-9.31085457228353,3.79134300983109e-15
CBS,-4.294052486316991,4.130697749474801e-05
DIRC3,-5.191744642082854,1.1297462556648628e-06
SLC4A3,-6.799605285781339,8.301736396110445e-10
SIAH1,-2.628453826626433,0.009958333923390518
PPP1R10,2.8959259413875933,0.0046619373595424085
MARCH7,-4.996633207910394,2.54876490973974e-06
HCK,7.8152210301071525,6.274700142911629e-12
PPP1R12B,10.89434741481691,1.4018598719241358e-18
PDE11A,-2.528166165661686,0.013063509498788756
EHD1,9.090141477724563,1.1411144719553616e-14
TBCCD1,-7.658482540350414,1.3481294699160156e-11
DHRS11,-5.444946316342835,3.840337595592555e-07
MATN2,-2.454815797965145,0.015858523598802396
USP34,-3.4951006721322817,0.0007133033572000403
GTF2B,6.558530313178448,2.569380605038034e-09
EID1,9.284221320612074,4.330788145492799e-15
RPRD1A,-3.9983743824053675,0.00012372512041383037
TMED10,-8.416901291130035,3.2452350080966474e-13
PAQR7,-4.352022721093015,3.3129989166051844e-05
CD160,8.594550811463009,1.3450453468035748e-13
BICD1,-7.356088049213215,5.836772827151282e-11
ELAVL1,-8.077100421850988,1.736640205498682e-12
TOP3B,-4.747693353179839,7.025022359393246e-06
DKFZP667F0711,6.206984556657656,1.2999828233806879e-08
ALKBH7,3.029856851838942,0.003128720675492711
DTD1,-5.131063407627638,1.4575449332681197e-06
PTH1R,7.830437347994127,5.824712167264677e-12
GTF2A1,-3.975886661385594,0.00013422477072160688
LUZP2,-2.4714889643030507,0.01518003203025477
TGIF2,-5.214465889638021,1.0265575055666497e-06
TAF1D,-5.607963323538204,1.89249040715687e-07
PRKCH,10.181975822203892,4.876097834380166e-17
SENP1,-8.805084654306997,4.723362109961245e-14
DBR1,-3.3873125160022135,0.0010173547064922627
WBSCR28,-3.680622542843699,0.0003806203946517301
SRRT,-8.89234354675257,3.058943436573183e-14
SPCS3,3.9132735528532585,0.00016813883291029642
PROP1,-2.274603621672447,0.02510941160182973
MT1A,3.220232417905475,0.0017381295381471836
TBC1D10C,8.840154144597776,3.9668000167492484e-14
SIK1,4.223139133993416,5.397192058240672e-05
ATOH1,-2.2714440055421967,0.025307092112785062
KRT19,-7.201011087168728,1.2304130415033364e-10
SLC4A11,-6.75257134214015,1.0359938477134367e-09
CPB2,10.479681326984345,1.1039295117676896e-17
SULT1A1,16.682312891993817,2.178407173135133e-30
ZNF438,14.344138765323024,8.208014728800452e-26
SEC14L6,15.962827889331777,5.184265916837335e-29
TCTN3,4.238004999163745,5.1040675711309937e-05
TATDN2,2.983874592936476,0.003592806571954549
BZW1,-4.583108450685445,1.3517534530203723e-05
SETDB2,8.175327371022387,1.0705695510069317e-12
BIRC3,4.475675298632406,2.057554007574794e-05
RP11-293I14.2,-4.305941983790256,3.948545073260375e-05
FLJ20373,3.705510152578491,0.00034930339473773797
TOB1,4.302949721285386,3.9936452595517865e-05
VIP,9.79626699984458,3.3506015527883796e-16
MKL2,4.408768860177109,2.66506225951923e-05
TTC6,3.491592417291112,0.0007216776906636994
IGFBP3,-5.539478643489625,2.5507317909036143e-07
CDC25C,-7.802828808451331,6.6665921077469844e-12
RP11-664D7.4,12.502602848580546,5.188798774473744e-22
AQP5,4.126286916139506,7.742818547217392e-05
USB1,-4.684741965385575,9.037186660981973e-06
AC097381.1,2.1711789489726456,0.032331894592499535
STAP2,-9.039902680263605,1.4660954304980018e-14
HBB,5.958350474836991,4.006391697261631e-08
HDHD2,3.324397344986137,0.00124734675609446
GSTM5,16.610582551649024,2.97918428109794e-30
SLC44A3,10.798256542057754,2.2599238156720076e-18
SH3BP5L,-4.063624251352919,9.752468505203472e-05
PRG2,2.832408425967654,0.005608210367059441
ACTR2,-3.05352912516253,0.002912055751203645
AARS2,-5.348240175042248,5.816208532273989e-07
SAG,4.135988488198043,7.469636329555192e-05
MDH2,-8.947162975113885,2.3278510639287052e-14
CNTNAP5,-3.882396803863807,0.00018773867585589863
TMEM107,3.7739190645968463,0.00027534245326275153
TOR1AIP1,9.445972720257904,1.9301813469541862e-15
MURC,-2.8181123977015496,0.00584412349783858
PSMD2,-11.543963536121774,5.631790671429209e-20
LONRF3,14.669479474587996,1.8196982565677006e-26
PRR24,4.669526068499244,9.601746029216115e-06
SLC6A8,-10.028423621220083,1.0500101878259441e-16
ZNF707,-4.619261760978293,1.172041401788845e-05
MYF6,-2.3250628194741374,0.022131427266763613
RXRG,11.50595357484061,6.792144982611757e-20
MNS1,2.659860441518907,0.009133252594582482
SRPRB,-5.463075574774399,3.551419141119973e-07
MMACHC,-5.953929920190559,4.086672619450192e-08
C1orf74,-8.044798620733271,2.0356569971081403e-12
HK1,-3.698093399512797,0.00035837058286764217
FBLN5,14.911368952975513,5.986276790036722e-27
TAF1B,-4.771965613835427,6.371707202672204e-06
LRCH2,16.769798581210946,1.4883399818947363e-30
C2ORF15,-2.2971636618302242,0.023736975891951777
ENKD1,7.481180064115705,3.1888781443443054e-11
SUZ12,-6.496461151291889,3.429034770344135e-09
ABCD3,8.176538420710141,1.0641969036820605e-12
BOD1L1,2.2790237172950962,0.024835147428451793
SNAI3,9.089932936625079,1.1423023205267071e-14
SV2C,-2.4289759128059627,0.016963613993252965
CLASP1,-5.2775476600255855,7.859903751347864e-07
SLC39A2,-6.286245577492504,9.04595459883826e-09
RB1CC1,-2.329868430287919,0.021864770600342906
PLOD2,-4.821793944579838,5.210242840499829e-06
RBL2,9.437858953684842,2.0100551489422884e-15
TRMT6,-9.843298450431828,2.6486038847769346e-16
KYNU,-2.6881353311788936,0.008443980899761819
UQCC2,-7.515727670990018,2.6973781662984498e-11
PLD6,-5.662146808459293,1.4926387069983277e-07
KCNK17,9.661596598926407,6.569165706818584e-16
SCPEP1,-2.927214763759341,0.004251906200792851
RPS21,-3.3373174959834424,0.0011964661059169724
SPECC1,-2.22964544908468,0.028053783645765714
TMEM108,2.2068584198434356,0.029658403770869358
MYO15A,5.095113644451614,1.6937718948034367e-06
PODN,6.810942337037123,7.869581833271391e-10
AGPAT1,2.75576868164473,0.006982788733453574
ZNF133,-4.5900646973209085,1.3152198179931874e-05
KXD1,-2.2665311332430957,0.025617181175558567
ARHGDIB,12.751256176970553,1.559001671736508e-22
CUX1,4.166559070088565,6.668027037653506e-05
H2AFY,-1.994081708885075,0.04892166324078051
CST1,-2.188942391795176,0.030975730656546147
METAP1D,-5.879480889669576,5.702657181137822e-08
ZNF121,-6.173365516932431,1.5153052220755977e-08
MRPS9,-5.303992914058647,7.02417732197848e-07
LMLN,-4.89980783583507,3.7934391713909932e-06
BPI,3.204142291709866,0.0018283715339087938
EGFL8,4.894662185657363,3.87400862290433e-06
CHPT1,8.61836354404278,1.195063229355063e-13
NUMA1,3.4632228305999178,0.0007928853802013098
RP11-1085N6.3,-3.1879897969287483,0.0019233449576099803
SKAP2,9.327866946962523,3.4824566397890168e-15
PRSS3,-2.947890328284334,0.003999465518777651
TMOD3,6.365180772972666,6.293107846786072e-09
CD1D,6.900061979607162,5.164380137655391e-10
ITPK1,11.699126890088325,2.6241515186057776e-20
GET4,-7.325856497540093,6.752322965069784e-11
NAP1L5,6.805509606605626,8.073817947105786e-10
HUS1B,-2.1394850578106595,0.034880159245581716
KRTAP3-1,-2.381719356935344,0.019163280507166112
IBTK,4.867636782515715,4.32527632429503e-06
SNX24,5.975915941135503,3.702446344156053e-08
PAFAH1B3,-6.822324122572638,7.458136991564043e-10
WDR86,-2.314938145863159,0.022702647876692995
BBS5,2.7482294250989905,0.007133411008604551
MEN1,-8.685303166120933,8.569752701443614e-14
EXOC4,-2.805503158927335,0.006059703278203219
HRH3,-2.372861726271299,0.01960267306619166
NMNAT3,-5.138710226072425,1.4116140556333621e-06
PPM1H,-2.6218489154219844,0.010140205952915088
PARG,-5.256888423875122,8.579713073175103e-07
GSE1,6.881623149158675,5.63544286531154e-10
AL358333.1,5.2600790839220375,8.464479079764997e-07
KRT37,-3.817000583024266,0.0002366897451821081
TAAR1,-2.220785065347166,0.028668459030973686
HP,2.6970637995684608,0.008236348591512382
TANGO6,2.237865254684974,0.027493891949092856
C16orf89,19.598560441523592,1.1211521019250664e-35
C14orf142,4.453614129991954,2.241339427561775e-05
HLA-DMA,17.324928582300657,1.357644229014396e-31
SNX9,-2.563214647055046,0.011891178191240526
NIT1,-2.0337726043674773,0.044677326525662454
DENR,-12.79724613887804,1.248947342772582e-22
L3MBTL1,-2.486192070274144,0.014603370949814329
MCM6,-9.232120571177244,5.6177842407690885e-15
CHTF18,-9.708779938518168,5.188814085927565e-16
CD34,10.001771090036701,1.1995898753717107e-16
PCDHGA10,2.898452924367068,0.004627519250963016
SCML2,-5.189875338361561,1.1386732201595326e-06
AP000974.1,-3.9593160301940737,0.00014250155995441222
YPEL2,7.270134523007375,8.829014303518752e-11
LSM2,-6.859007349789862,6.271660755025506e-10
CSNK1A1,-2.4469195280718257,0.016189200688577297
ARID5B,2.4458596042473326,0.016234053021703384
CDH5,17.15025696710175,2.8718507384390137e-31
OLFML2B,-2.714442512070708,0.00784545386752932
SRRM5,-6.259333848016894,1.0233197733259733e-08
ZCCHC5,3.622972700746603,0.0004637055867069635
RASGEF1A,-4.606528366732494,1.2325235169494822e-05
PET117,-4.2306497292472285,5.247130588092299e-05
PNPT1,-6.473183415545733,3.8200598278850266e-09
KIAA1211,-2.8442427220052204,0.005419555530926448
ATL1,6.757682395509178,1.0113817997774992e-09
STEAP4,10.258928279309087,3.3205662582065273e-17
CAST,3.025138703291076,0.0031736496441713375
DCTN4,3.399505813065746,0.00097766484375674
HIST1H2AB,-4.1942198119581615,6.01447580595687e-05
SOWAHB,-2.326634278414509,0.022043914865065076
FAM136A,-10.343673406072737,2.1753660911040458e-17
ZNF77,-3.2086382940895573,0.0018027250555043848
PMAIP1,-6.255828915189933,1.0398723771504856e-08
SYT11,5.24103810756535,9.175282842200935e-07
MPI,-4.874593137265948,4.204458476817057e-06
ZNF607,-3.424518690283535,0.0009007587397665285
ABHD14B,13.45669455877573,5.321050368169697e-24
MARCH10,4.041775933465005,0.00010564126486317606
ZNF469,-3.5441638738629124,0.0006053871048706987
ANKRD40,8.297936674054458,5.845203639577843e-13
ACOT7,-6.682000988457763,1.4430078781759024e-09
ZNF556,-4.619494603792463,1.1709626551597049e-05
DAK,-8.44519142571086,2.8209864890481616e-13
ERBB2,2.199760990039024,0.030174295698562226
ACTC1,3.196055197436835,0.001875361366306104
MYO19,-14.915776654037595,5.866608174105645e-27
ZRANB3,-7.60246578059309,1.7704343309234073e-11
TRAF6,6.6303822512965045,1.8374381145574724e-09
CDCA7L,-3.7221902517001673,0.00032970094615630656
TEX10,-7.668515703346577,1.2838488972285898e-11
EBF1,9.06630365555027,1.285210702293145e-14
C11orf24,-6.5805780593471015,2.3184863825033706e-09
C3orf30,-2.7197048006339575,0.007730463348316583
KCND2,-4.530414480422207,1.6622589493331557e-05
UCHL5,-9.21827768227585,6.019813841005536e-15
QPCTL,-4.226951111565293,5.3205202113088496e-05
SLC5A4,13.591728696080757,2.804345041840788e-24
ACBD7,-2.150370937410351,0.033985928994333676
CREBRF,10.327886700701713,2.3536527516106326e-17
FHL5,15.203431509337053,1.5786770444762002e-27
ARRDC2,5.910742682341551,4.959152634337194e-08
COPB2,-7.632149764154261,1.5324622521447967e-11
XPO5,-11.97265770667213,6.85911595101766e-21
ANKRD22,-7.395974514503982,4.814834840569275e-11
USE1,-2.509150409633741,0.013742091563735995
PIH1D1,-3.444023150715024,0.0008447785332346154
MYBPC2,-2.040276088263166,0.04401284354491549
MUSK,12.124044422320546,3.2726030956249867e-21
CDC14A,8.59904813427173,1.315348549720297e-13
DPT,7.037783583488269,2.6846975057379035e-10
FAM83B,-9.850942117605866,2.5493126338017807e-16
SMPDL3B,2.9777148836988534,0.00365959181974885
MT-CO2,2.365751193368674,0.019961840119570234
CSTF1,-5.954553390161321,4.075254706140816e-08
ZNF746,-2.987198375151594,0.0035572385068996636
CPO,2.948890776130586,0.003987608165725994
SNAP29,-3.5172374403224675,0.0006625397925567219
C6orf106,2.792998554349048,0.006280653989939202
MPP5,11.84253490055978,1.2976500103354878e-20
ARL14,-3.8324477577086427,0.00022413452695201907
MESP1,-2.8281125844764716,0.0056781670150774805
HMGCLL1,14.22697814391884,1.4163641681654563e-25
HOXD3,-2.756533203940906,0.006967677893862724
PABPC3,-7.571589509952886,2.0569750052501503e-11
KLHL20,2.770179885221956,0.006702919283100145
AADACL2,-2.6264526984315335,0.010013122765983285
RPL18,-3.59811256879153,0.000504600812126397
CRYBB1,2.624991528318855,0.010053300136430113
QKI,9.91979908985545,1.806959719018023e-16
PAPL,-3.831159853233439,0.000225156570511345
DDC,3.5904319216540275,0.0005179107743949102
C10orf105,8.258074466742528,7.117231009682421e-13
RNASE1,21.355438507976228,1.209357555068644e-38
OSBP2,-4.172960048243789,6.510979090479508e-05
GAMT,-6.436881392291374,4.519474105897888e-09
TRPS1,-6.523049169348092,3.0306171996353366e-09
TRIM17,-4.394506837931285,2.8153305134422134e-05
KRTAP10-3,-2.191058166813043,0.030817551643505282
DUS4L,-8.858924497804672,3.612873046543578e-14
RNF34,-5.217946063167192,1.0115882086480274e-06
SERPINB6,15.84790924184824,8.653388705660913e-29
SLC7A6,3.0494717141854477,0.002948176181276079
HIF1AN,-4.14715720222062,7.166597670022317e-05
OMG,6.858397021063478,6.289781459719162e-10
TRIM62,-3.622019089409466,0.0004652146236504949
SHC3,12.365725689316067,1.0083614237493203e-21
PICALM,3.653096983273277,0.0004183541632747179
ADTRP,8.329091847543191,5.010994124540013e-13
TLK2,-4.315218495651641,3.8118245009075904e-05
PTGES3L,-3.645338787280029,0.0004296142260800647
DDX3X,4.986464501713534,2.65797888389601e-06
PDK2,6.070584910694112,2.416033101605817e-08
NLRP3,6.069846882082766,2.4241123220422373e-08
KRBA2,4.781358614422439,6.1350600024373454e-06
STK10,13.300674415371216,1.1180618960048312e-23
LIF,2.414309060843819,0.017620945853150858
KCNN2,4.615400670329376,1.1900706084557953e-05
THUMPD3,-3.8780279927373584,0.00019068205909719005
ATAT1,-4.335938760990706,3.522721361839545e-05
NDUFC2,-3.585904728749782,0.0005259109584951244
CPEB3,13.48733007531376,4.6005859109592164e-24
ABHD1,-3.5668004245180276,0.0005609765730460674
NUPL2,-6.407118256049191,5.186113532227858e-09
DHH,6.150251977448559,1.6833718929149966e-08
MSRB2,5.198034076166511,1.1002098296837253e-06
ALG10B,-3.6065973942687775,0.0004902738751793455
ZFP41,-4.8223760868849315,5.197972354597717e-06
CD2BP2,2.7477956698005657,0.007142166179286928
TTC17,4.499217271282242,1.8775150737262915e-05
ZNF677,3.525241252749838,0.0006450400548053194
EFCAB4A,5.1203545756407625,1.5243280244329477e-06
LY6K,-6.297885248479441,8.575573976741605e-09
ANKRD28,6.720521947255898,1.20441497420325e-09
SIGLEC12,2.716932862672395,0.007790842667798501
ITIH1,2.0483868890665997,0.04319602153994278
WNT2B,-2.542910103875799,0.012558243545492098
CALM2,5.9000992111264,5.200901970446369e-08
MALT1,-5.039827384403463,2.131625433691882e-06
TCEB3,3.317875885561322,0.0012737925581846898
PURA,7.537745845880339,2.424204005497852e-11
SPDYA,-5.471658468414133,3.4221736026126515e-07
HS3ST3A1,-4.858367850626941,4.491518093206921e-06
FBXL18,-5.2853876694374415,7.602493366051041e-07
KCNA3,12.22922504020585,1.9593338027823735e-21
KRR1,-9.258640808880742,4.920967880124414e-15
KLRC3,4.062294253369322,9.800119143435994e-05
VPS33A,-3.636720727380734,0.0004424589026965551
KPNA2,-15.728408796908806,1.4767979434339334e-28
SYF2,3.719344505154227,0.0003329696180276927
SLC22A11,-2.150825235090703,0.03394904682691283
UBR5,-6.494231738676744,3.46470408437317e-09
COL6A5,9.943447879594435,1.6055225336946898e-16
OR2W3,4.383614768876668,2.9355667416958372e-05
HECW1,-5.211986420592386,1.0373542778386288e-06
NDUFAB1,-5.604881731794171,1.918149615340167e-07
RNASEK,10.262276118303443,3.2655347031329487e-17
ALG8,-6.418575426712883,4.918718148805301e-09
ZNF34,6.665103432066865,1.5618978753160853e-09
MRPL44,-3.0845095118108885,0.002649485872671772
AAMDC,7.230428493528295,1.068449569522789e-10
TLN2,-3.1815564536273335,0.0019624369475432276
IFT74,3.0980709599910408,0.0025416101868579503
ZNF783,-2.952857346695175,0.003940914446178611
SLC25A10,-9.339609163593778,3.2840530145182273e-15
DCST1,-4.130662918685768,7.618429838692339e-05
MYH2,4.3432651900339785,3.4256499239230955e-05
IRF9,3.445141972554474,0.0008416688468762375
FBP1,15.459851372482294,4.941289647954954e-28
HSPB2-C11orf52,8.168393816334428,1.107793090822825e-12
SYCP2,-2.857857180724005,0.005209728241961523
ZNF423,5.839714722186593,6.808506131256551e-08
YWHAG,-9.09191729200238,1.1310492914482141e-14
NKAIN1,-4.297715421215199,4.073734119426812e-05
KAT8,9.37751032390875,2.71752219944038e-15
C9orf78,-3.4214249920945035,0.0009099525353544088
ZNF805,-2.1941895058679037,0.03058473963304241
CCNJL,9.611675963075978,8.431269967006034e-16
HSPB8,12.137615407859142,3.0628449752941785e-21
PTPRC,11.088097945112393,5.360101885543224e-19
CKAP5,-8.302519827186211,5.714313228104807e-13
CD244,8.031253738772305,2.1758112385366864e-12
RAB18,-3.826952243707496,0.00022852665356443657
PMPCB,-2.147798973986974,0.03419539039152293
TARBP2,-6.927145566093259,4.542326028952975e-10
TSC2,2.879600411053268,0.004890025854692589
GPR161,-6.016323410449028,3.086793166268904e-08
CALR3,-3.6597038383951026,0.00040898629595519814
RTEL1,-4.234686195044825,5.16814878075219e-05
IL18RAP,6.054876442417562,2.5938611102201917e-08
RBMS2,15.56674121273628,3.0521436585480067e-28
NRG3,6.733458382204124,1.1333986260280594e-09
DGKB,-3.3173822471288474,0.0012758156066547907
TTC9C,-2.644783309428843,0.009521284707746604
CLEC12B,6.208077132578905,1.2935167146001031e-08
HOMER3,-6.601097435967552,2.1068202907276148e-09
SERPINB5,-8.627693440904489,1.1409561873592082e-13
C9orf171,4.771241387837791,6.3903170931890905e-06
MAPK8,-2.9542425889903523,0.003924726768685277
S1PR2,6.762248994460767,9.89881609470505e-10
ACAP3,-3.232876241313137,0.0016701524857339817
ZNF280C,-6.404324349301423,5.253467153659822e-09
ERCC5,5.4061909926327,4.537334779156027e-07
CLCNKB,4.03061072097323,0.0001100351375092998
RP11-321N4.5,-5.882786578215102,5.61912133674037e-08
SIX1,-5.604215024814617,1.9237457769017796e-07
RWDD1,2.8889622735060168,0.004758005552361515
TTC18,4.049996102655106,0.0001025143252163339
SLC5A6,-5.197594136355538,1.1022510996983664e-06
EPYC,-4.53223778060097,1.6504461478726902e-05
CCDC90B,-3.1376064865790596,0.0022499554537989967
ARMCX1,8.029856152928238,2.1908083779442144e-12
CTNNB1,3.067389732238822,0.002791734466082318
CXCR1,5.333631721750277,6.190631449434141e-07
LONP1,-6.301007215446552,8.453569608535696e-09
TCF15,-3.428169852149558,0.0008900207459630354
PARVB,2.7969181499310145,0.006210616690595647
GALNT12,9.393250116828657,2.511990354322958e-15
ABCA7,5.12672832266602,1.4842283481342569e-06
CC2D1A,-2.5449531475963525,0.012489633100502287
GPAA1,-3.7448022108931074,0.0003047907841394523
EFCAB12,4.993465892972367,2.5823049610129727e-06
LYSMD1,-5.579317901591633,2.144593017329269e-07
SNED1,11.070871351142824,5.83794458632936e-19
PMM1,7.5533256536167785,2.2476940929259105e-11
FHAD1,4.287220499222058,4.239001222770918e-05
LYRM5,5.855585298917136,6.343931248696927e-08
CCDC155,5.331166566651968,6.256098891273675e-07
ADAMTS4,2.8975553499772686,0.004639717584883046
EI24,-6.034127228880231,2.8486434847091684e-08
CST7,8.926249168200538,2.5835366249560967e-14
RAN,-10.516292199790897,9.197911684628488e-18
SSFA2,3.9053172345442966,0.00017299362601408852
SEMA5A,6.05892914923632,2.5467849562472584e-08
MAGEA10,-3.7437050291197256,0.0003059570015080686
GPS1,-5.830821898236992,7.08328316109192e-08
SPI1,14.690705602713379,1.650084720777394e-26
CIAO1,-5.690945975615999,1.3151764221224314e-07
PTPLAD2,16.441733406256766,6.241017222212808e-30
FNDC4,-3.400124394897654,0.0009756906413167443
DDX1,-7.338340191622701,6.358147046549534e-11
CYSTM1,17.42880934634062,8.711163432749816e-32
RASIP1,11.557283101113816,5.274076938324976e-20
SQSTM1,3.1850886371917304,0.0019408830093274514
LIPM,-4.94821709418254,3.1110894969068307e-06
CDKN2C,-2.2010917709401627,0.030076972799578192
CLPTM1L,-4.159636275550833,6.841972789625793e-05
FKBP10,-6.612849343685476,1.9943222493844268e-09
CEP135,-2.9110594912608105,0.004459278718136814
KPNA6,-2.4207829902179467,0.01732805548576144
GPR162,6.249654409235997,1.069677448245546e-08
ZNF487,7.834099381306727,5.721299120204371e-12
HYKK,-2.3742496833300075,0.01953323692352316
TAS1R3,-2.0541907593861493,0.04261953989819716
SEPT3,-3.515380091307047,0.0006666643359848415
CPOX,-9.551350003894349,1.139881045715141e-15
SENP6,2.2633641732426035,0.025818836810486908
RPS15,-2.7305013545054835,0.007499326322180287
BTNL3,4.613931670893774,1.1970003690981174e-05
HTR6,-2.4025454501484362,0.01816444340536577
CHAC2,-6.578638450565755,2.3395500292733034e-09
TUBA1B,-5.751270204941626,1.0079401942195804e-07
CADM3,3.9006941324042277,0.00017587573519380528
ARL6IP6,-6.742476021474723,1.0863622358416562e-09
BATF2,7.506509183715605,2.820638665605121e-11
PP2D1,9.31007674213543,3.806102429678212e-15
CCL15-CCL14,8.611817801279999,1.234544390807726e-13
TFEB,8.956230588176824,2.224997156486969e-14
CGREF1,-7.565021128041935,2.123638102627406e-11
FAM27E2,-2.1121291806286067,0.03721787180858417
CNGB1,-2.193317079031617,0.030649449095045952
MGAT4A,10.785820390988771,2.404077317203924e-18
FAM124A,7.20089614809152,1.2310913794649132e-10
ELMO2,2.285003004717442,0.024468330033890626
CPD,-3.2529443369163196,0.0015673383047379804
LOXL1,-4.933539688082948,3.304240008107764e-06
SRP9,-4.28598992783482,4.258797254918481e-05
MRPS33,-6.523676868630069,3.0217864963186748e-09
NKX2-5,-5.036917457887782,2.1575007719104516e-06
UCHL1,-5.282931960458056,7.682221745794068e-07
TTC30A,-2.212719743249177,0.029238183824192958
TGFBR3,8.823769048118649,4.303917582032865e-14
SLC10A6,-3.7851038645756785,0.0002647668628225534
NSRP1,5.229945421826906,9.615929280482995e-07
ZKSCAN7,3.371089987138921,0.0010725105691695039
PHF2,4.700254355037432,8.49482014877059e-06
FAM46B,8.171211122392359,1.0925150855118529e-12
MTHFR,14.163912042432857,1.9010969647458625e-25
LRRC18,6.551272302637441,2.6577063535983e-09
MEIS3,-2.7371598538210398,0.0073599334692365445
MAFA,-2.611113136908657,0.010442239830830511
ZNF467,7.329181582299107,6.645022451196108e-11
ARHGAP19-SLIT1,-2.5719169350694377,0.011615178752654555
HYI,11.825530582509778,1.410537556940075e-20
FETUB,-3.2307745257050446,0.0016812771274306985
HHEX,6.442023450458187,4.413206156091205e-09
NLRP14,2.594133121558909,0.010936563274840954
CCL17,6.916489975696555,4.777670998060482e-10
TEX19,-6.821773048681689,7.477558045662891e-10
IL36RN,-4.053873666926589,0.00010107027745329435
SLC51B,11.29788767783893,1.8972895519697813e-19
SETD2,7.602402937187292,1.7709752179056868e-11
B3GNT7,10.401353293833308,1.6314243537607084e-17
ZNF562,-3.082429982645788,0.0026663985606117163
C19orf55,-3.3352525844210805,0.0012044650412510833
AGO4,5.902048840158857,5.155768236564699e-08
MINPP1,-2.0064202661031043,0.047566863439212945
SPATA7,7.898469725445681,4.174704097251792e-12
CHDC2,2.738621549125658,0.007329651153970373
DAPL1,-3.7651167757199357,0.00028394667402064283
PRSS35,7.1975649765562055,1.250913025057286e-10
TMCO5A,2.4871062899546015,0.014568171041585204
CTDSP1,10.307575938524252,2.6047180835699224e-17
KIAA1024,-5.3453156839402265,5.889345915082402e-07
SLAMF9,-4.436840312950808,2.3915926925794438e-05
CFLAR,7.8255706756004795,5.965026168325698e-12
MS4A15,11.630583735487916,3.676237183522902e-20
FUNDC1,-6.097930536434048,2.1346763640300954e-08
SLC41A2,5.5652804447055555,2.2798835366362572e-07
EPC2,3.194513282580708,0.0018844474978918259
BMP15,2.6926403736550313,0.008338628916221646
QARS,2.2343129253967637,0.02773464659531256
PPAPDC1B,-4.2371939436353925,5.119656899192933e-05
ST7,14.791968223092901,1.0354071327146255e-26
POTEH,-2.5749740219143833,0.011519599318841004
EYS,-2.4588805528582043,0.01569066371140325
GOLT1B,-5.395390900839073,4.752708097975887e-07
C1orf112,-10.188942341970117,4.709382783708864e-17
FOXRED2,-6.9832886061453605,3.479533044474393e-10
MRPS10,-5.480691677971753,3.291125716368888e-07
LRP11,-4.128306532465356,7.685170225840103e-05
ADM2,-6.371257816124414,6.119307215698358e-09
SLITRK4,-2.337324727121579,0.021456648629716718
EXOC3L1,12.332155677341909,1.1871310004208105e-21
BOP1,-9.671422467542246,6.254273700582079e-16
PSMD4,-8.374723641573812,3.998605107470893e-13
TFB1M,-3.5039363874029195,0.0006926165180294781
NUDT16,4.473620114176415,2.074040253421524e-05
PFKP,-8.135128388516511,1.3051084320712235e-12
FHDC1,6.054923939773484,2.593304448695817e-08
ESAM,23.087686331002327,2.033856790329423e-41
TMEM167A,-4.748193596619836,7.010923581911597e-06
KLF2,10.815393544278983,2.0753596243891486e-18
POLR2D,-8.49784375437167,2.1731403173246843e-13
MRFAP1,3.0659183417542146,0.002804285084879797
UBE2D4,8.206302934354639,9.189161145032578e-13
SNW1,-3.3112963138247506,0.0013010059014122166
RPL22L1,-4.66698671656181,9.699235960423978e-06
DPH2,-8.389592193595693,3.7149688569121026e-13
NSF,-3.240110012488922,0.0016323866241252582
TSPAN33,-3.459634683558507,0.0008023493924943021
SRP14,2.9866094891813226,0.003563516422070618
USP14,-11.144705726356667,4.049069867795724e-19
CIR1,4.498676887536699,1.881471390170179e-05
EEFSEC,-5.582224293181336,2.1175821978537732e-07
C1orf54,8.435780116409438,2.955598536329559e-13
RDH8,-3.7787305877411246,0.0002707446538655797
RAF1,11.929444273981568,8.47532699151424e-21
UTP23,-5.097449833079726,1.6773471485277176e-06
PYCR2,-4.227369461616986,5.3121698552687966e-05
MRPS22,-6.202577633951629,1.3263891532733169e-08
SIN3A,-3.8146177959213445,0.00023868510275755828
CPSF4,-4.0084971913853655,0.00011925961887638936
TMOD2,5.167349441610152,1.2518165293568755e-06
HBEGF,6.643107431986741,1.7312795452102128e-09
ENTPD4,-2.8083901331858017,0.006009712442657653
MXD3,-4.51616436167227,1.7574431032228367e-05
CCDC41,-3.0062186519720364,0.0033598808154273367
SGOL2,-9.70271937370676,5.348432813680327e-16
DNAAF1,3.4691270864731067,0.0007775410503380823
LRRC23,3.972857768317266,0.00013570248840549565
GMPPA,-3.3243074878082974,0.0012477076213178524
ECM2,9.863923228431547,2.3891442043465537e-16
SERPINA1,12.630848697864476,2.788712821971853e-22
ATOH7,-4.228460785187103,5.29044610259485e-05
RP11-618P17.4,-2.431459155635348,0.01685451004611487
GUSB,4.5063144797026755,1.8262950635062553e-05
BRSK1,-5.268355985284793,8.172558037138848e-07
SCAMP4,7.323042912109404,6.844459560727702e-11
GFPT1,-3.693753374798994,0.00036377955997914617
CDKN2B,3.178633615847425,0.001980441029776897
SPN,15.881039981956766,7.463908262762144e-29
TEX14,7.287030913245685,8.13998098056178e-11
ZNF574,-3.616392729296208,0.00047421314308601436
SSB,-6.054162899270149,2.6022379037083534e-08
NCOA4,8.883106069072536,3.202972991660459e-14
MCTP1,9.440854748331844,1.9801862615590004e-15
RTCA,-3.6083137146346345,0.0004874230254602937
C16orf87,-6.352858357217237,6.660620042354761e-09
CNPY2,-5.454737452611098,3.6815538178758284e-07
C2CD2L,9.552135551075429,1.1354138679304447e-15
MAFK,4.137943995227792,7.415704082268378e-05
MYO10,-2.2908929038303008,0.024111665520452515
MRAS,10.998231804267213,8.369978881781523e-19
KCTD3,-3.567613292028609,0.0005594405842454465
APOA5,6.817176199617764,7.641524240374675e-10
CD300E,6.247994720117759,1.0778316598198277e-08
GRHL1,-7.771812456158375,7.757462763436856e-12
TRMT10A,-3.2750702350588408,0.0014608545530882763
METTL11B,-7.472773856494466,3.3213478393311636e-11
TMEM173,12.192807570776074,2.3399016147359055e-21
HIST2H2AB,-3.916311011729979,0.00016631997778543902
HCLS1,3.631250234089931,0.00045080026048578383
TOM1L2,12.02854060521684,5.218415715356119e-21
CXorf61,-2.9558423197238093,0.0039061089194793097
HBZ,4.075922263019297,9.322255928140245e-05
S100A6,5.137019783337402,1.4216445038765114e-06
WNT10B,-3.822694323161784,0.00023198593225250055
SNX25,16.710840331422723,1.9237418349834826e-30
MFSD9,-7.118822902893604,1.8236447390903977e-10
SESTD1,4.045056454842855,0.00010438255574451997
GPR27,-3.012652062665054,0.0032954515002347772
GLRB,2.468805050958468,0.015287466858013613
MYNN,-3.2573112360090777,0.0015457637086089338
PDP1,-5.113044921487762,1.5716182911160087e-06
PSMC6,-5.882556610792219,5.62489352471087e-08
LRRC31,2.135883258452289,0.03518049004449713
OR1Q1,-2.007100705558429,0.04749309073657725
FASTKD1,-7.030444826862685,2.7802093904039324e-10
CDC37,3.7523792514882395,0.00029685160891010034
UBE2Z,-8.289612654107213,6.090616009059618e-13
RNF216,-4.296263955884515,4.096215274166872e-05
NKPD1,-6.668591872928924,1.5365849843824948e-09
THNSL1,-8.00362103325757,2.4922211429110314e-12
MLNR,-2.26273735257995,0.02585891433618894
CD37,9.910733004604902,1.8907234712292282e-16
ABRACL,-6.347444595934052,6.82870884375715e-09
SLC9A3R2,13.397349422532564,7.055369982144927e-24
CTD-2207O23.10,2.0285567944004996,0.04521643492368965
MYH1,3.2111934394866655,0.00178829977541504
ANAPC11,-6.387143167587455,5.687064767510427e-09
TCEA1,-5.437186008531411,3.970935509651409e-07
AP5B1,2.7657773232310268,0.0067873126800109575
SAC3D1,-6.684423975683297,1.4267106625584713e-09
ZNF559,3.6607977993512932,0.00040745449332837237
KRT74,-7.213924012760972,1.1565187732632012e-10
RND2,-4.38727214297378,2.8946511423626383e-05
TRANK1,8.423035105749467,3.14815521927414e-13
TLCD1,-4.875537454949625,4.188312804210886e-06
GGA2,6.8492078770052585,6.568958636317621e-10
EPAS1,13.686171256843537,1.7939157790891656e-24
ASB7,-2.0990403522169694,0.03838349154238435
XKR9,-2.9849179178179104,0.003581606655512775
ZFHX3,4.112242616063627,8.155335170752799e-05
PGLYRP2,-2.2969877154215004,0.023747418686164045
C6orf132,-4.732276596648822,7.473278887530543e-06
SLX4,-2.9636281829039968,0.0038166535231014638
CDIP1,6.485873073962051,3.6017322965725267e-09
MYADM,8.865110054431572,3.503288214175089e-14
SF3B14,-9.562226416847897,1.0795626046938283e-15
TMEM252,11.511687963039186,6.602822741096909e-20
RGS18,10.19973737580955,4.46224655701057e-17
TNIP1,5.308140951342984,6.901232262561072e-07
FTSJ2,-5.289960583253297,7.456177379016212e-07
TMEM201,-7.797750539142484,6.834134242918314e-12
RAC1,-4.095412490726674,8.67748666732148e-05
ADAD2,-5.584548590373432,2.0962215454671125e-07
NT5DC2,-5.8820215542468555,5.638346039647412e-08
CXorf28,-2.578059605167135,0.011423848141703817
B3GAT3,-3.4455885984168195,0.0008404304948187313
TRIM68,2.5390160316535857,0.012689955111484096
DESI1,-2.2239179044829305,0.02844979037054554
TNFRSF1B,10.466062412650132,1.1814835735344729e-17
AASDHPPT,-4.347068846550968,3.376275737783043e-05
LRRC8D,-7.192257640342304,1.283149575850006e-10
TNFRSF19,6.742249079299235,1.0875219321099118e-09
LCE3C,-2.364144204899005,0.020043815838207153
SLC13A5,-3.300886847551437,0.0013451750039951101
PNLDC1,-2.636563703267763,0.009739059103190614
LDLRAD1,4.630025622074992,1.1231662631176157e-05
MAFF,4.726008238362847,7.663371001251262e-06
CTDSPL2,-5.119933373759618,1.5270148953861954e-06
CEP170,2.326405593708924,0.022056630971946326
STX4,3.516096604919081,0.000665070338396873
TALDO1,-4.704325074956251,8.357808922105894e-06
DOLPP1,-8.063791193382665,1.8541438306420453e-12
RASA3,4.407023495039238,2.6830273356951935e-05
TMEM229B,5.021972855794776,2.295289985669422e-06
GYLTL1B,-8.204326578183135,9.279182955283918e-13
CORO2B,11.46071675481738,8.489727576386831e-20
C16orf54,12.808711979508159,1.1818134362797073e-22
CCDC87,-3.688584678422394,0.00037032242838705616
RRAGA,10.956140880685366,1.0314421292716025e-18
TMC3,2.6968699314115367,0.00824080730170165
SEC14L3,3.9251873949431095,0.00016111180642969336
MRPS25,2.9083542720898494,0.004494899648544496
GNG10,4.919680266488798,3.497314432544178e-06
SHQ1,4.098912294678063,8.566331639634135e-05
ABCC10,-3.8232767519084816,0.00023150981911201768
PNPLA2,14.722298107661526,1.4266061109136267e-26
IL1RAPL2,-4.188437565665533,6.14578887920874e-05
OVGP1,5.458320023523776,3.6250772911013657e-07
TEX26,2.8367265268193513,0.005538687693935268
SLCO2B1,12.768733666212954,1.4329738086222566e-22
C12orf39,2.4909112203473214,0.014422485508232885
C9orf141,2.7011409840427176,0.008143085076647086
STAT5A,9.315029323419479,3.713098249042603e-15
ZEB1,12.743867008160958,1.6155776844007592e-22
SPESP1,-2.4524498411537454,0.01595696578948102
MTMR9,5.666230206241878,1.4661153811907121e-07
LSMD1,2.6069321739716833,0.01056204670105264
ELF2,3.5520046919606734,0.0005896409971503344
C2orf66,-2.6656373499175317,0.008988413626178273
EHF,-4.07093834420315,9.4943654213131e-05
CTD-2006C1.10,-3.0981905535829006,0.0025406772757831423
PIANP,-2.2243066501198996,0.028422758360856573
REG1A,-3.5204080692692696,0.0006555545078601017
BCL2L2-PABPN1,2.2851058963879227,0.02446205977620913
GJB3,-8.944777329143806,2.3556912640082745e-14
SLC39A14,-3.421758752284503,0.0009089564405283265
TAF3,6.117520740370267,1.9532200129410908e-08
C8orf33,-6.226076713226269,1.1914454176840858e-08
DAXX,-4.813809370401278,5.381411219693904e-06
TRAPPC1,8.510493365032138,2.0410382691019697e-13
MAPK9,5.332104601274642,6.231107932205186e-07
USP12,10.116985430508569,6.745907919840913e-17
WDR45B,-6.043420918106099,2.73161361491695e-08
INTS8,-8.878538429491726,3.276672305446632e-14
DLD,-4.414010451123252,2.6118058140903753e-05
NTN5,-2.084364201655104,0.0397278124281243
PHB2,-5.941264849031074,4.3255508975525915e-08
GSKIP,-2.2126277326657715,0.029244740006285012
MRPL11,-7.241345731997208,1.0138848909711311e-10
INO80,8.39960434044861,3.5353638357881923e-13
JAK1,9.253682274646977,5.044344038764167e-15
PCDHGC5,-2.056488547018103,0.04239313935942243
RAB2A,-2.5094130290359704,0.013732508619281943
RBL1,-4.151109390104135,7.062219437270226e-05
NDUFA9,-5.18096347611884,1.1821884190149077e-06
P4HA1,-5.934643860267321,4.4558474776757376e-08
SALL3,-2.491533078532039,0.01439879983891448
GPR61,-2.305249201816953,0.023261425363135014
ALS2CR12,5.093330851702015,1.7064114151617432e-06
MRPL35,-7.482537241212376,3.167988710196783e-11
ANXA6,10.206292416323446,4.3185573019266817e-17
GSTM2,-2.2666185813341286,0.02561163261395503
FCRL1,2.468259307288141,0.015309395497896077
FAM135B,7.515442061466073,2.7011154829692453e-11
PNMT,3.0804097476885097,0.0026829248977776384
C2orf82,-6.323643185380293,7.618766019920387e-09
RGL3,9.11354702508708,1.0153420403255557e-14
KCNE2,-3.3795491064888723,0.0010434087452863862
RPN1,-6.6476687462567545,1.6947234341001458e-09
C10orf107,6.87913735269515,5.702120484869423e-10
ARMC7,4.084741456368658,9.025007392622384e-05
OPALIN,-2.405121904752919,0.018044148420374228
EIF4E2,-2.676618959582835,0.008718811146114648
TCTN1,4.515495350597854,1.7620389872727287e-05
SHCBP1,-9.605684578938565,8.687615742702078e-16
HDAC9,3.0166980991516987,0.0032555185446150226
NCF4,10.774930385294985,2.537855575823608e-18
MFSD8,2.7695341703543512,0.006715236863550177
LAS1L,-5.257790624789734,8.546974538836073e-07
HTRA3,-2.527489257208273,0.01308713904657715
RFX2,6.081332899812187,2.3013375736133573e-08
TSR3,-2.856562857701283,0.005229351080398777
C1orf27,-2.4687008224919085,0.015291652713366608
DYNLRB2,4.742933561144906,7.160556006706518e-06
UGT1A8,-2.4092694708566498,0.017851985816024145
SFT2D1,4.367618640369049,3.121169776277403e-05
KIR3DL1,6.909223885251571,4.94504070860112e-10
NF1,-4.5712993943653695,1.4160354676103347e-05
AGAP1,-2.611750857999477,0.010424074019499366
CD38,3.5469486206868064,0.0005997497584177249
RAB25,-5.1166828942267095,1.5479059427127736e-06
KIAA0355,10.04271987754343,9.776217354013067e-17
SLC34A1,-5.508353534404071,2.919672003547413e-07
DEDD,-3.465678610417865,0.000786468813367193
ENAM,10.302267004253384,2.674652139817317e-17
ZNF563,4.558843270202349,1.4870449742024883e-05
RBM3,5.1835068039019445,1.169606797644627e-06
SACM1L,15.547502976252899,3.3282647466048644e-28
SLA2,6.527629645913771,2.9667588023166387e-09
VENTX,2.365553725312141,0.019971897324077604
ZEB2,16.927891445014254,7.495786013052284e-31
HSD17B6,11.93927628292919,8.076887392685586e-21
SLC37A4,-4.339824105241301,3.4709169283845096e-05
TSPAN8,3.9327903166651312,0.00015677505375236874
QRICH1,5.77828675287459,8.943553922022261e-08
LCMT2,-2.023620797017574,0.045731740266243034
AC003102.1,2.644696766005754,0.009523554479081877
TNIK,7.8343938712241945,5.71306272966369e-12
ITFG1,2.5803765534270258,0.01135242125128715
LCE1F,-3.1221879675408575,0.0023597841326115088
CSF3R,14.977271376274361,4.427336357371032e-27
KCTD9,2.74704037752564,0.0071574348186552806
CAPSL,4.351142765252797,3.3241546041072915e-05
MSH6,-10.341247731552807,2.2018545252830972e-17
ADAM17,-3.935856722957336,0.0001550577151828458
FKBP4,-11.46190856519025,8.439959899906423e-20
RERG,6.018615106267219,3.055072626175475e-08
LUZPP1,2.2229369450753858,0.028518102836206115
PRDM6,8.24327262509589,7.656807048813712e-13
DSC3,-9.372370544621747,2.7882129886689e-15
PTGFR,6.237829816263381,1.129127615058142e-08
C18orf56,-7.086383575691249,2.1293030829101608e-10
TUSC2,12.339805286718182,1.143780660869459e-21
PLAC9,13.192944645997326,1.869759996755481e-23
ATOH8,15.342403952468002,8.403384982197277e-28
PLAT,-3.353560775655243,0.0011352594301502308
CES4A,3.67118240211665,0.00039318208581271523
C19orf71,2.3011807259204344,0.02349965250695876
CORO6,-2.5899619613604092,0.0110611808513194
ATP8B1,-5.284943770061477,7.616845081534206e-07
ZNF248,2.899127154545486,0.00461837563959466
COL12A1,-2.7747760459405253,0.006615837539775646
FBLN1,4.113550442427731,8.11604770864307e-05
SEMA5B,-2.3520798314021207,0.020668828862724618
NTMT1,-6.6156756211076635,1.9681656525909837e-09
MLLT6,5.281203276634614,7.73883590680568e-07
PCDHGA5,8.81169031456953,4.5706046793056144e-14
ADCK5,-7.355292161794301,5.859217109230426e-11
CYP20A1,5.075277574568155,1.8397006837431863e-06
HTT,4.717666724265176,7.923624909044845e-06
TMEM75,-3.7652840318744016,0.00028378082349488954
MAST3,9.452819568303244,1.8652524905381846e-15
C6orf99,-3.082938934626554,0.002662250050278457
APBB1IP,11.615748048389992,3.954702546518368e-20
OLFM2,-5.27129148860734,8.071408135310764e-07
DCAF12L2,-3.360357297847978,0.0011105317922196513
AGBL2,2.027348440687391,0.0453421223298194
CCDC153,5.127595718777355,1.478851453786438e-06
HNMT,14.008923154359936,3.926499268343891e-25
TIMD4,2.9871444648337917,0.0035578128015830925
RBMY1J,3.8196933859168176,0.00023445390625872778
ADCY10,-3.6209170453896085,0.0004669643410648245
ZNF639,-6.836589699516852,6.972406720361586e-10
PAQR6,-3.2599624232872815,0.0015328013548751894
TTC19,11.472916888899709,7.993883603027614e-20
AP001816.1,3.6350652547524356,0.00044496759195319127
EMR3,8.527728136847617,1.8738457499531441e-13
TRIM41,5.916555032344404,4.831837862399484e-08
C3,8.069499947591595,1.802803316247265e-12
KIAA1549,-3.7119015071100225,0.0003416649480529406
ERICH1,6.594956371215897,2.16808050877136e-09
GRIN3B,3.379948811435153,0.0010420521688739902
CEP250,-5.762207306337429,9.603445586934588e-08
RCE1,-8.133156325705812,1.3178479338639696e-12
ARHGEF18,5.494368767895126,3.1020156336750517e-07
TDRP,4.351591634010078,3.3184595275387386e-05
VEPH1,18.72844553685064,3.7944968514274613e-34
ODF3,2.0051537020971626,0.04770444381201688
SMIM4,4.785311511381563,6.0380436508558685e-06
SMCP,-2.356691687285013,0.020427896026377856
KIAA0196,-2.3968766441476594,0.018431634055530794
TMEM9B,11.436564096818048,9.564191635669981e-20
ITK,6.621941629461331,1.9113788381770547e-09
NUTM2A,5.772868900187994,9.160762298744007e-08
NPIPB15,1.998942515156987,0.04838405979867629
KIAA1984,5.382537609498218,5.022094943582513e-07
C21orf37,-2.6972233433834005,0.0082326809397681
SRP54,-4.353477443485047,3.2946357319874914e-05
FAM92A1,-3.429201346587109,0.0008870090362086539
KIAA1377,7.106445211630603,1.9347675182181984e-10
TFEC,9.5465253241847,1.1677055408949406e-15
RP9,-3.943641585182647,0.0001507781882972158
ABR,10.827731454316025,1.951903814595352e-18
C5orf24,9.560057088152474,1.0913329770440814e-15
C2CD3,-2.1173888571050825,0.03675816341662366
ADGB,4.5180417659105405,1.7446078004640103e-05
SMDT1,5.592200034207742,2.0273861440769657e-07
PDZD3,2.2160873404606196,0.028999108788198866
C6orf123,4.473039528070146,2.0787206723267278e-05
STK32C,3.2738383779215194,0.0014666004851772447
SLC52A3,-7.619060134736025,1.633205129801721e-11
AC010547.9,7.068025134645567,2.3242568151811758e-10
STARD8,15.67397292220579,1.8850512045157987e-28
SYTL3,7.351429447444805,5.969369875102351e-11
SLCO6A1,-4.928482346448715,3.373459619816607e-06
IGSF3,-7.36328390788098,5.637683085111041e-11
DUSP9,-4.8270680775683195,5.100094189066343e-06
ADORA2A,9.228744321185737,5.713294118668523e-15
CACTIN,-4.338657855313064,3.486389232152529e-05
SP3,-5.303498211332065,7.038982204279844e-07
VASP,8.064683705217421,1.8460222477866565e-12
MFSD5,-2.6306851764553225,0.009897561681712594
PHKA1,-9.426467850226247,2.127796895505165e-15
NABP2,-9.935515510438409,1.6704523913987993e-16
MGC4294,-7.505394477245519,2.835917637494884e-11
UROD,5.172042142262786,1.2273752812010019e-06
THSD1,8.317092887519834,5.317217789256533e-13
APOC4,4.691127888022147,8.809962760102115e-06
WDR76,-6.3597432067739526,6.452745731987492e-09
PIH1D2,4.8704207520014435,4.276524427205892e-06
FANCF,-5.4920998467946704,3.132633491920672e-07
GAS2L2,4.861065029117353,4.442512568264008e-06
THAP7,-3.207810027275173,0.0018074243573349847
UTP18,-7.66113125883189,1.3308551899176152e-11
PYCRL,-8.798591928700088,4.878471316274266e-14
NOL11,-10.172781265381328,5.105209218236214e-17
ZNF385C,-3.1015887163337847,0.002514301812828704
EMC6,-3.3621418148503524,0.0011041235377228043
AC021218.2,5.149103020604702,1.351448078918752e-06
C1QTNF4,3.1646622804922293,0.002068647721391179
KIAA2026,4.570568994947048,1.4201070937639264e-05
TMED6,9.74240182066026,4.3860131879823857e-16
PTPRO,7.17105652027178,1.420354758159336e-10
CELA2B,6.60186534859635,2.0992813929868814e-09
LSM1,-4.082654297354221,9.094522400890563e-05
AP000679.2,-7.30330720097261,7.526781308683242e-11
INTS6,-3.0654672430400645,0.002808143317551938
MSANTD3,-7.137871120230225,1.6648805552141798e-10
HOXC6,-5.278663074290208,7.822768110141715e-07
CCDC84,5.35328352090736,5.692164248716743e-07
ZNF829,-2.838891882812658,0.005504122923024906
IQGAP1,4.9866802311959635,2.655615255898054e-06
FAM155A,2.6367761117551614,0.0097333751769408
AC006372.1,2.5075417703623257,0.013800921547666843
TXNRD3,-4.426736337133844,2.4867473309155067e-05
SEC24B,2.9682747528688953,0.0037641713899776337
NOD1,15.131690244355434,2.188072863041314e-27
NDOR1,-2.3169701754951273,0.022586970970060204
FAM25A,-3.0748654759498164,0.002728768840177679
TIPIN,-7.290236252960105,8.015423338214874e-11
MTERFD3,7.096464876638739,2.0292363277597845e-10
APITD1,-3.912675707098717,0.00016849905827592327
RNF145,13.818015833141807,9.630641995336096e-25
DYNC1LI2,7.1942050345971245,1.2712265673512994e-10
DNAH17-AS1,-3.931265099993746,0.00015763600360834993
KERA,2.075748829400881,0.04053571859367432
L2HGDH,-10.037869806708013,1.0016022013279542e-16
CD2,4.511123594642419,1.79235896337017e-05
PKMYT1,-11.214850925294538,2.861014177123185e-19
IL7R,9.768811359142331,3.843540402398796e-16
SEMA3G,9.49872110274982,1.482878950166357e-15
TENM4,-7.73906154053319,9.102425403648908e-12
KRAS,-3.8950620267146916,0.00017944883516817083
ZNF891,-3.483442617447629,0.0007414908732032598
ADAMTS6,2.1551899503507626,0.03359646418316406
TADA2A,-4.780911229055788,6.146135156154977e-06
NHSL1,4.204903920292789,5.778905399613621e-05
ATF7,7.653118800355631,1.3837960763254554e-11
KCNRG,5.176791943002921,1.2031114026261793e-06
ZNF256,-4.167323989203077,6.649070023938893e-05
DOCK10,6.6532127092142,1.6513186373582744e-09
CYP3A7,6.4124254209465,5.060512175987885e-09
NLGN4Y,-2.648669177602896,0.009419873539952403
CNDP2,5.483313111714717,3.2540251888178604e-07
HPSE2,4.510366710320694,1.7976592689138174e-05
STAMBP,-8.518198441807241,1.9645288760625884e-13
ZNF358,4.416555869324431,2.5863155524359744e-05
COL1A2,-4.1495229350960265,7.103941481812512e-05
ANAPC1,-9.408340695319158,2.3295387271800544e-15
ARL8A,5.990321739377839,3.4702139934144347e-08
SH3BP4,-3.5898900659821362,0.000518862206646071
SIT1,2.1302975450900283,0.035650678998460666
ANK3,5.100926435080008,1.6531919900200904e-06
MAEA,-3.160133374471923,0.0020980169070497446
BEST1,10.861706741726895,1.648654106685491e-18
LMNB2,-12.629774186331078,2.8032404213491274e-22
DNAJC9,-11.589054265429317,4.5101147983812527e-20
SEPT12,-3.173013367419309,0.002015493949710839
TRIM38,6.361357748738829,6.404932669657751e-09
AATF,-8.082170595226133,1.6938537194122841e-12
C17orf97,4.287254773085061,4.238451134447239e-05
TSPAN32,11.170834748605603,3.557576441999874e-19
KCNMB3,-6.2395152596783525,1.1204587038785469e-08
ANKRD20A2,2.1958311336108944,0.03046330010269754
SLC2A6,3.115346719982291,0.0024100943830020036
CLEC12A,12.857058029674864,9.363427688567687e-23
MYO1G,9.694845882048138,5.56315452180539e-16
BSDC1,3.3132610834870615,0.0012928230193315095
TMEM185A,-5.059327399390097,1.9658726753522355e-06
SLC19A2,5.279353278230915,7.799875041098172e-07
C22orf15,4.347848795165331,3.3662365740565435e-05
TNR,4.455727839549884,2.223065486205671e-05
OR52B1P,-2.0504918274693065,0.042986175487438966
SLURP1,-2.816091494516509,0.005878195628540665
TMEM38B,-4.355836701754748,3.265062962154139e-05
PON1,2.4870307865098797,0.014571075246654935
GPNMB,-4.444616505478324,2.320764774299542e-05
TRIM2,-5.100317313388595,1.6573994543702446e-06
SPIRE1,5.456747893630334,3.6497554393187135e-07
KCTD14,8.27674382221151,6.490374079451251e-13
AL590708.2,-3.0991025035915025,0.0025335738978561934
PRELID2,-6.002843187292269,3.2800522553890716e-08
MINA,-6.521928933163826,3.046440516350861e-09
KLF6,9.937681866275291,1.652463449353329e-16
TMC6,1.9984645986407799,0.04843669291835075
FAM114A1,-2.6461229954377625,0.009486211230162231
ZNF845,-2.4000419618615636,0.01828201406017831
ANKLE1,-4.4327252629005045,2.4299140539642677e-05
GK5,-4.837103856312175,4.8967181784906275e-06
FIG4,13.192516029952696,1.8735937729718787e-23
ZFPL1,-6.374601539991977,6.02570844983556e-09
TBK1,2.084454643404535,0.0397194053797949
CSGALNACT2,7.076248772714869,2.234831013872689e-10
GBP7,3.050151928619758,0.0029420918661633502
ZNHIT3,-5.860091235967535,6.217811178532896e-08
HMX2,-2.259195175203059,0.026086421335160714
ETV4,-5.732837814094878,1.0934504620417092e-07
PKD2,7.019253897198732,2.932377881881308e-10
ZNF175,4.66942208503972,9.605719399691299e-06
FAIM,-2.9464328710069343,0.004016797538832781
TUFT1,-5.599432031485995,1.9643653599988458e-07
FAM46A,3.966088818415198,0.00013906132908398064
ACKR3,-4.470652666387667,2.0980699398592673e-05
NRN1,2.9551727471640232,0.0039138915488794
FBXL7,2.7360370829534166,0.0073832715368290875
PCDH1,9.042784944864854,1.4451716286326625e-14
MICAL2,7.19786763901855,1.2490990763314368e-10
DNAH14,-7.175128175304744,1.3929210464539872e-10
TMX3,3.0484807524815243,0.0029570609024786713
DNAJB14,5.705005973485751,1.236235585512181e-07
DTHD1,4.479922076621822,2.023887636336295e-05
ENO1,-7.392195034002984,4.903509993042174e-11
AP000322.53,4.933759373693123,3.3012647322002966e-06
IL25,-2.427951204833441,0.01700881875645523
C6orf223,2.7789105804601832,0.0065383858049140025
RAD9A,-5.896237564650638,5.291449228129999e-08
ZBTB40,5.105469894553232,1.6221354871793332e-06
CYS1,9.46835211447154,1.7259356366124433e-15
RIMS2,-6.600661898899058,2.1111080194564683e-09
GABRA3,-8.61268710085624,1.2292271529297135e-13
TMEFF1,-2.0211220982366096,0.04599450766023613
ERVMER34-1,-4.225270905041257,5.354184864524617e-05
SRF,3.6507677803989846,0.0004217049787210221
AVPR2,10.402593560295136,1.6213633729594145e-17
FKBPL,-6.770850869201424,9.506041520821998e-10
RPGRIP1L,-4.421372583227476,2.5387359418105205e-05
GUCY2D,4.288116868126161,4.224637282392141e-05
TCHP,-2.7693537541331974,0.006718682152486203
ARL6,5.577865026335654,2.1582218658971559e-07
EME1,-11.888030272130871,1.0381982538586543e-20
RTN4,5.231846211704629,9.538980985974297e-07
ARPC1A,-5.796787632673806,8.23930313760436e-08
SYNC,5.747893708137988,1.0230966780978105e-07
PEX11G,3.3822981825549734,0.001034111967276128
TYRO3,-6.38638057813214,5.707108177182653e-09
CTD-2267D19.3,-2.367498702472216,0.019873033541163716
BLOC1S3,-4.178431144181153,6.379568527576666e-05
TTLL3,7.550219642833661,2.281833160407437e-11
HIST1H2AM,-5.687979632637198,1.3324528880943317e-07
MAP3K6,2.4352460006023833,0.016689334757246446
C11orf1,-2.283652584902341,0.02455075630141934
ZNF654,5.436529714326617,3.9821776897470355e-07
GMCL1,-6.3718048437070545,6.103896990885803e-09
TXN,-6.215360545443382,1.2512150752372502e-08
SEMA3E,10.435884683119655,1.3733317015504357e-17
XKR3,4.416765995163965,2.5842220822959877e-05
AKR1CL1,-2.149565201385225,0.03405142823948287
CHRNB4,-7.688181847615767,1.1665603477805851e-11
ERCC2,-2.0974219840993906,0.03852978070968827
BNC1,-6.584323231616438,2.2783439532078435e-09
BTBD10,-6.518787769163048,3.0912461938315778e-09
FPR1,7.834424516651787,5.712206306179836e-12
DPH3,7.972365703494241,2.9056134026279416e-12
AGPAT5,-6.578460811723914,2.3414885722483427e-09
PCDH19,-5.091012781410851,1.7229835992811194e-06
CYB561D1,3.669462570036607,0.0003955125588372676
CD93,14.066389844176129,2.9996373003728736e-25
CASD1,4.637721583778817,1.0894385993973581e-05
CLEC4F,4.873715950361304,4.219510600317213e-06
MYD88,10.794999830366018,2.296815116862121e-18
DHX37,-8.140597359586376,1.2704170006887957e-12
FAM213A,-7.5460332987183225,2.3286630235468892e-11
ACBD3,-3.359447670652828,0.0011138117102654334
B3GALT6,-2.69314533892583,0.008326894842776834
GP1BB,-3.4662907353965777,0.0007848770628985099
LRRC3DN,3.4354475631373913,0.0008689755435555003
RHOBTB1,7.9419099369432695,3.3739426596856104e-12
RIOK3,-3.1188545919143555,0.0023841744196400664
MEF2C,14.197797017531808,1.6229210398705555e-25
GOLGA8G,-2.442501063665434,0.016376908078687896
RUFY1,9.966684433751364,1.4294926064496922e-16
STON1-GTF2A1L,2.2433484405048123,0.027125869028961965
IL11RA,3.8668699474453145,0.00019840068537950952
TNFSF15,6.367985006925821,6.21231068039981e-09
REP15,5.032510566390234,2.1972712813626597e-06
CENPE,-13.057251124176341,3.579542552211435e-23
SEMA4F,-4.47144099069685,2.0916601583824914e-05
AMER1,-7.243489541850038,1.0034994686083261e-10
CDK5R1,-10.531725369473198,8.517010177606181e-18
MC5R,-2.123567766724864,0.03622439257097893
ZNF697,-2.9712954077307945,0.0037304116919025304
DNAJA1,3.996026174386809,0.0001247836258706049
ATG9B,-3.7274436455823707,0.00032374673755595834
ARSD,2.3006819242666308,0.023529006980771573
PARP15,4.653658172853802,1.0226890977445443e-05
LRRC16B,-4.410397096244455,2.648407537588077e-05
C6orf25,7.349090432890728,6.03706824054532e-11
COL5A2,-5.672988441432612,1.4232310923916727e-07
GSTCD,-5.264900349168455,8.29321926833813e-07
UTY,2.0904698205239276,0.039163692994990854
H1F0,-6.922022214258379,4.6540136101676625e-10
RPGR,8.694235944807922,8.197599203601502e-14
PRR3,-3.251795111553096,0.00157306264464087
MCCC2,-3.3078637379606937,0.0013154184794103429
H2BFWT,-5.907503170526573,5.031538067643669e-08
TMEM222,6.568980240963509,2.4472854519517313e-09
ZNF813,-2.177292212599037,0.03185945355404678
CYTL1,3.81820925131725,0.00023568368488233727
PARVA,7.2686291364347975,8.893142114883202e-11
ZNF385A,-7.884775409001861,4.464387770838752e-12
ANKDD1B,8.55581715354257,1.6301247681591698e-13
AAK1,-3.2092864753683967,0.001799055452165593
DBNDD1,-3.5527415703165786,0.0005881812476974686
RPL34,4.564912933127097,1.4520229641937087e-05
PHF14,-5.513331175339776,2.857339815096248e-07
ZNF408,-3.902500045358193,0.00017474448833226208
ZNF106,12.43779900896737,7.105351183425078e-22
MAGEC1,-2.0957568200916192,0.038680801837703956
RANGAP1,-12.112442024121547,3.46333103745484e-21
NR2F6,-3.0981402107571356,0.002541069945184971
PLXDC2,5.8158782822356265,7.569777738144092e-08
NF2,-3.6897875387019416,0.00036878987224050265
HDLBP,-5.443304778501182,3.867607300512294e-07
MRC1L1,12.402159916778398,8.447659919967783e-22
ZNF146,-9.363460344908622,2.915142357256527e-15
IGSF6,9.729179657544837,4.685729125299378e-16
SLC19A3,13.396675956242602,7.078009881231452e-24
EHD2,12.944169653401264,6.158866216768824e-23
FAIM3,2.903307911720053,0.0045620479291773285
WRAP73,-5.132292562153812,1.4500648064170383e-06
SP140,4.938394497686951,3.2390943460300083e-06
C1QBP,-7.066879730413795,2.336990480402941e-10
GLB1,8.69412464141535,8.202135597312854e-14
PAX9,-6.3938301081423266,5.514260595965126e-09
AC024940.1,-2.8042251044205675,0.006081955280982826
RPUSD1,-8.628983115459175,1.1336717304154204e-13
NRM,-7.607876371953052,1.7244762561797022e-11
ATG4A,8.67306147617064,9.107283432627072e-14
CFHR4,-3.9238249311761346,0.0001619009764491385
FAM78A,8.012032963665867,2.3913340251730552e-12
C10orf95,6.31664872816003,7.867633057219562e-09
PPP6R1,-3.118980854027639,0.0023832463069251497
RDH10,-3.6482438398299837,0.00042536466413757107
FHOD1,10.699674950471373,3.690249910045582e-18
PLG,2.3456142822277615,0.02101083694032816
BTN2A1,10.8724374412998,1.5630562952693872e-18
CYP17A1,9.827743187327325,2.8627737481366205e-16
EXO1,-12.809551364094604,1.1770435141796274e-22
PGPEP1L,2.177960260936728,0.03180819193050977
VASN,7.112045910333472,1.8836782280319937e-10
ELAVL4,-2.1018662733045406,0.03812919725442433
PHACTR3,5.678356258737745,1.3900494611569812e-07
MFAP3,5.07513339828586,1.840804990009277e-06
SIGLEC11,11.3225586272003,1.679461351250611e-19
ITPRIPL2,2.194811708666544,0.030538662546314873
CDNF,3.3378882442584974,0.0011942639793461587
RNASE4,19.349491431639752,3.043283563879257e-35
C1orf234,-2.633170600128786,0.009830264683715218
SEMA3A,-2.3624730229518422,0.020129382494992146
MRRF,-6.465268234051878,3.962810863058641e-09
ATP6V0D1,10.85596453093584,1.696372533925262e-18
FAM46C,5.8395280946141215,6.814163539845094e-08
TRIM14,2.097796567809439,0.03849587823574559
IAPP,-2.728807242919023,0.007535173329348544
IQCD,4.378089210129457,2.9984423195942007e-05
PITPNM2,8.463515163993506,2.5761832773242617e-13
CCDC61,3.58258658028574,0.0005318486953380644
MYL9,16.277778837109743,1.2841225561138582e-29
COL9A3,-3.3039676070713826,0.0013319586199779733
SPATS2,-12.828029984640837,1.0767970821956842e-22
LACTB,6.487969579761714,3.5668681286732923e-09
CAPN1,-8.610757735682762,1.2410595380626384e-13
MEIS2,2.8060317590787425,0.006050521691834604
ZNF100,3.534322706815749,0.0006257129324859653
HSD11B2,-2.505553699789592,0.013873939734882884
S100A2,-5.826046346126459,7.235312034474434e-08
GATA4,-2.907318250379045,0.004508610625393139
VPS11,10.160239250070118,5.435205311700498e-17
PRKAB1,11.157838227633825,3.794078451432975e-19
UBXN10,6.593531183035444,2.182547404651709e-09
DIP2C,2.431858217009574,0.01683703529996805
AC010336.1,-6.778400815909975,9.174037239074786e-10
RGSL1,-2.998613829260706,0.0034375428234966216
BEX2,-2.367995568368297,0.01984784736397851
GAL,-3.9902187927775583,0.00012743877632788252
FBXO15,3.334142998858257,0.0012087839794102722
KLF13,8.248150437664828,7.47463767762714e-13
MESDC1,5.039542549329333,2.1341447951279397e-06
NFAT5,6.8842391444405395,5.566106777606201e-10
TMED7-TICAM2,-3.246939179502031,0.0015974666774045316
ASIC1,-7.789332353000272,7.121141145704281e-12
TPD52,-7.546062687569007,2.328330964247885e-11
AR,11.471372480205138,8.055010450008952e-20
RP11-212D19.4,-3.149329877834277,0.002169650714800306
PARP3,13.148767298467943,2.3094987909053757e-23
AHSA1,-5.690507336608252,1.3177171981918243e-07
C21orf33,2.85965239631552,0.005182623328967922
IGFL3,-2.5400699233463335,0.012654186711699093
S100A7A,-3.26125946833491,0.001526496853596181
MMP1,-4.082299159393488,9.106401642422641e-05
FGFR4,16.900601429099346,8.436059215371413e-31
AC016722.2,3.3048557698685976,0.001328171071315488
TMEM128,5.927730780463798,4.596013951032732e-08
PPP1R3G,-5.483853259019577,3.246431698931063e-07
SLC2A5,-5.846959123340998,6.59243379358656e-08
LRRC16A,2.8377300341772824,0.005522644427108953
CCDC15,-6.642229704267415,1.7384029476841464e-09
PRKCA,2.876408993927723,0.004935794425148317
KATNAL2,-2.117023497127261,0.03678993729312513
PLXNA1,-5.421220368215694,4.2534498437885263e-07
POLR2A,-2.460241397633194,0.015634821301111622
CA4,16.08319540222561,3.0367821395312376e-29
FAM188B,7.980824047626261,2.787438668840646e-12
DNALI1,2.293628349294683,0.02394758190854885
ABTB1,11.779245400318331,1.7702858479496085e-20
SLC24A1,5.287455951024838,7.535971638347756e-07
GEMIN7,-6.492772727423982,3.4882456576130615e-09
KIAA0040,11.306711811642378,1.8163017840594305e-19
TP53INP1,6.285360767784666,9.082735260394818e-09
PNKP,-4.784537201151676,6.0569294852429965e-06
IDUA,4.727828628666505,7.607688123681522e-06
DUSP19,2.5483845293101166,0.012375156897824282
KIAA1731,-4.752689407741173,6.8854413207092615e-06
RNF224,4.275045632898181,4.438817882414035e-05
FAM172A,2.8430621839693417,0.00543811030120231
ALX1,-4.8229349686862095,5.18621858908907e-06
CYP1A2,3.3085471532810145,0.0013125371064691591
IL27,5.825766858110336,7.244308188471318e-08
BAIAP2L2,-5.924650505842541,4.659857138359711e-08
PGD,-4.364877801535785,3.154087456665711e-05
RXFP1,2.3696919518361956,0.019762070620572995
CD300LB,7.784212507975367,7.301525550619717e-12
EP400NL,-3.861224726571031,0.00020241844839572146
NADSYN1,-2.122945086305527,0.036277877736934465
ETAA1,-3.8424814725815097,0.00021632210427751023
GPR20,8.402657733936293,3.4823318944516736e-13
CCDC114,3.8863997539118245,0.00018507988725854836
H1FNT,4.928551424306385,3.372504712927968e-06
ZNF24,3.7463998788246387,0.00030310014458665005
TRAF7,-11.628826647142441,3.7081630103600314e-20
CITED1,4.118001131875836,7.983703984942326e-05
HINT3,9.958493008406432,1.4892270414521738e-16
TEAD1,2.8760982730753293,0.004940271467187924
SCAMP2,9.56662637724862,1.0560775478521635e-15
ACTA2,4.038497681823914,0.0001069136220802807
POTEF,-3.1672100806971435,0.002052294422421169
NUDT6,3.5031696941405515,0.0006943888803963137
NCK2,-3.8639824123206443,0.00020044617522742137
LRRC63,4.471088257068943,2.0945258549524008e-05
BTBD9,14.55635804977563,3.068010113348834e-26
C16orf86,10.63174762921062,5.1749343612225236e-18
GPA33,9.46692355292889,1.738302328732332e-15
DCAF8,2.5395374166835816,0.012672248301279656
PYROXD2,8.16285084889044,1.138476038202302e-12
SPDYE3,-3.3351524944189648,0.0012048540357497493
PCDHB11,-3.4804652785727614,0.0007488562355714338
GP5,7.665680075880993,1.3017008556689275e-11
GSK3B,-10.171877655120959,5.128298984162417e-17
ASIC5,-3.935772836945502,0.00015510445538986952
RAD23A,-5.273592256800737,7.992986207552895e-07
TUBB6,2.875549722764364,0.004948184394536225
BBS10,2.235294741721441,0.027667921335411613
SPC25,-12.377743481424968,9.511558581981195e-22
CBX3,-8.319546518119395,5.253118418696004e-13
KCTD1,-7.8869194578847654,4.4177470906901e-12
C10orf91,-4.707890756687154,8.239559798450901e-06
PDX1,-3.530864592571618,0.0006330070881645062
LRRC27,9.919518981758648,1.8094912608647554e-16
DUSP16,4.351592466813558,3.318448969994257e-05
DDRGK1,2.4574315715914548,0.01575031857537343
C3AR1,7.821349166081928,6.089459162164457e-12
HNRNPM,-5.662762877043856,1.4886071260239807e-07
GP1BA,3.066799289875444,0.0027967645323104277
CSE1L,-12.359639809297942,1.0386354640691718e-21
TXNDC5,-2.6529835896712304,0.00930842527837522
RAD54B,-12.274136292158675,1.5743792051152303e-21
ULK2,5.429789188876229,4.099460979939794e-07
LST3,-3.309918458411912,0.0013067733238076142
RAB19,3.014359055861217,0.0032785491509600374
OSBPL6,2.445958120743819,0.016229879473333216
KLRC4,5.222956223598891,9.904118917373645e-07
EDN1,8.20699607668224,9.15779542817486e-13
ZNF582,8.386516718637774,3.7719435696536494e-13
TSPAN14,5.39648808774132,4.730379289657863e-07
TEX12,3.690363488278152,0.0003680581919468561
ARRB2,15.11474290957191,2.3636966849139313e-27
FLJ00388,3.870082483122042,0.00019614837134320545
ITSN1,2.2248463917222208,0.02838526387191178
FZD4,12.664036322681362,2.37536908829914e-22
MIEF2,8.10349763270515,1.5250761268234548e-12
KRT15,-5.3278509512143435,6.345221363218047e-07
TMEM249,-4.020175723858449,0.00011429948261171556
DCAF16,-3.7448489336084267,0.00030474121552687204
ZNF660,7.963991352506723,3.0275254120206197e-12
INSRR,-2.7523872443149076,0.007049982115417241
RAB3GAP2,-4.5473171611325265,1.5558148392510013e-05
C19orf57,-4.900588147485678,3.7813644902282708e-06
ZNF292,-3.279323287962511,0.0014411779128923464
RBM12B,-4.381969168065336,2.954157846426256e-05
KRT86,-2.1749832697904345,0.032037180787392344
HLA-A,6.011152018853534,3.159569634169225e-08
OR11H6,-3.53818290747434,0.0006176644588220156
SNX5,-2.155298472600072,0.03358773840006792
FUT1,2.7565830854370827,0.006966693019448477
NUPR1,8.036496952673586,2.1204529451990445e-12
RHOD,-5.255476700151081,8.631187014044266e-07
OR1G1,-2.8657158696254013,0.00509202812718457
DPY19L3,3.0358729014255577,0.0030722862429143965
SGPP1,6.9839548340191735,3.468531404556521e-10
CHAF1B,-11.693589800552017,2.6965656111621318e-20
P2RY14,15.868494163150984,7.893648537021462e-29
VPS25,-7.474714569163823,3.290287802396692e-11
ECT2,-10.6252079830941,5.346222776785505e-18
CCDC28A,10.04714153294903,9.562604931020132e-17
KCTD12,15.567475122002525,3.042079043790583e-28
BRAT1,-6.116407310189213,1.9631129223516884e-08
ARFGEF2,-2.089748187119731,0.039230005295324395
HRG,-5.061531598453455,1.947946867736752e-06
UBAP1L,4.694676258511637,8.68611035342916e-06
MRGPRX4,-2.0269304170548934,0.045385672783911986
IGSF9,-5.757454036091312,9.807519967147874e-08
SLC35B4,-4.716735862839442,7.953194211401008e-06
LAMP2,-2.5326533156579867,0.012907838267856978
JUND,8.322913013034652,5.166422283466767e-13
MAP7D2,-6.27312053928303,9.606948969080285e-09
GPR42,2.0787627032925555,0.04025149865912173
FBXL20,-3.221242441927284,0.001732605828157837
PPP2R5D,-5.9390984968195415,4.367765056282814e-08
SPRR1B,-4.538000876595744,1.6136398869683982e-05
IFNL3,-3.9794056075871964,0.00013252729666752823
DMRTA2,-4.843812447915516,4.7651885505208345e-06
C17orf104,-2.305104883251248,0.023269839294209484
FNBP1,6.74362653033326,1.0805018289571327e-09
PFKL,-4.864831001827353,4.374956980746943e-06
CDK2AP1,-7.835178673895389,5.691170667869764e-12
C11orf70,4.323174260507583,3.698213837579095e-05
FAM110B,3.2641337877826095,0.001512612061416846
LCMT1,-3.7348785244229896,0.0003154944261188653
RPL26,2.1230836395925468,0.036265970787462916
LRRC42,-8.73830131454244,6.584770138027448e-14
MCM7,-12.31413801536604,1.295868153046614e-21
AL118506.1,3.187906022224453,0.0019238493129507647
P2RY1,-4.143866914985261,7.254623537157945e-05
KIF9,8.565581069188617,1.5530325291475864e-13
SIPA1,5.284127755323626,7.643296812617969e-07
HPCAL4,4.918867745070694,3.5089681369392463e-06
SPG20OS,2.4140325264401654,0.017633554232059007
GADD45B,7.45103033031332,3.689894548091133e-11
MARCH11,-2.3277003935451317,0.021984718513351053
FAM21A,6.330717810503977,7.374953122868136e-09
FOLR3,4.106092311933897,8.34255195877635e-05
ANKRD37,4.946297850875218,3.1357069287708195e-06
LHFPL1,-6.227040002159582,1.1862126872535535e-08
HN1L,-10.101696217461411,7.281302627343346e-17
MARS2,-6.042876959735032,2.7383309231479745e-08
AL121963.1,-3.032147195418291,0.00310712360389129
KIAA1549L,-5.334659473349248,6.163535737968716e-07
MTERF,-4.207127158334322,5.7310135562512156e-05
MTCP1,-3.0839621678926417,0.0026539277092258082
ALPK1,3.6078383990954284,0.00048821096067733937
MPZL1,-4.2150121408621155,5.5642175403362564e-05
MOCS3,-5.7201715367151795,1.1563020511212105e-07
WFDC3,-2.243678298020721,0.027103867810242016
PATE2,-3.9405507599238967,0.00015246360046874093
SLC17A9,-2.6805691316379194,0.0086236415746031
ZFYVE1,3.9790901786047432,0.00013267861187057017
BMP1,-2.8234414431933943,0.005755141568467665
TESC,4.375653459974841,3.026569655034863e-05
EXOG,8.488622994731761,2.274774307262603e-13
ENO2,-5.14065702089153,1.4001480927209656e-06
BCAS4,-5.627105476170986,1.7404809676258583e-07
HIST1H2BK,-4.5571313312361,1.4970698172887116e-05
SRPK2,-7.066266775763123,2.343833192822296e-10
LRRC8B,-4.337920430117924,3.496206734803098e-05
KMT2D,2.4510090719809563,0.016017179895465767
TAF1C,2.32551845041525,0.022106022274475733
TMEM60,-2.0262292139803386,0.045458805767009045
UBB,11.025276313198797,7.31907306921309e-19
MAGEA6,-4.441125457524121,2.3523079928130624e-05
HSP90AA1,-4.893322105998323,3.895263097987795e-06
DCTN2,-2.0401392390984645,0.04402673815397982
ZNF350,3.995950300013249,0.00012481797200627212
EIF1B,11.411905596117753,1.0802008209959936e-19
SPDYE1,2.7687487750991204,0.006730246813486464
C1orf177,-3.62808439109026,0.0004556953469161595
MYL12A,13.457061443637706,5.311784232451892e-24
GTSF1,-3.066805287326189,0.0027967133969168715
CMKLR1,8.928105216707998,2.559754404938108e-14
RTN2,4.918370973610266,3.516111763314197e-06
XYLT2,-6.307837668082534,8.1925822966314e-09
ESRP1,-10.125970348216317,6.449845488340585e-17
IRX4,-3.8573851331452502,0.00020519533902212299
CCDC85A,15.065637302768309,2.9568739766372963e-27
ABLIM3,16.350621966372156,9.315486568241768e-30
CXorf65,3.9202970010017535,0.00016396163102429405
TMEM81,-4.587626330330438,1.3279157146603211e-05
MIOS,-2.6995006247435476,0.008180491462735388
SLX1B,2.4798037279271514,0.014851471151770395
TRIM9,-5.444709518652626,3.8442596903135403e-07
PSMD14,-10.79027367526219,2.3514277682622775e-18
FADD,-3.1818638077021424,0.0019605525997545958
RP11-1084J3.4,-2.9950593019380496,0.00347440840891994
PHKB,4.062646090163629,9.787492011094108e-05
IL2RG,4.523780960306144,1.7059303135210856e-05
ZNF138,-6.358822351089722,6.480173593076269e-09
N4BP2L1,14.039044022446955,3.409518822711883e-25
COX20,-4.973812613631429,2.800242157662239e-06
NUDT9,9.0198963945188,1.6199100568716308e-14
ERBB2IP,4.00326690440536,0.0001215472480620982
LRP4,-4.121857664439547,7.87070490233202e-05
RPL14,3.5635590540990956,0.000567141187501985
SCNN1B,13.428067562215933,6.096480853560466e-24
TAF4B,-7.934207142296733,3.503843009634755e-12
CCL18,2.6633298671267194,0.009046015326661825
POU1F1,7.674742483159386,1.2454971338109621e-11
CEACAM6,7.259532089468724,9.290621468433096e-11
SYBU,7.403417438669728,4.644836396830689e-11
EFCAB1,3.7716272849087593,0.0002775584642623154
NAE1,-7.958839953634503,3.105033571103922e-12
GPR89B,-6.244634748344146,1.0945277127916155e-08
POLR2C,5.246025192185601,8.983666025917814e-07
CAB39,5.5914811561052495,2.0337578995478484e-07
PLXND1,10.71164885562535,3.476793219628818e-18
MKNK1,5.447905861128269,3.791647904091196e-07
DPM1,-5.737476998765916,1.0712803372251277e-07
LYRM9,6.3564703671585345,6.550751403803854e-09
KIF27,3.8523133447849003,0.00020891911002134293
CSMD2,-3.40406894170901,0.0009631895156568111
ANGPT4,8.898036222547168,2.973422379353247e-14
BRD9,-5.2377407560280105,9.304163456583766e-07
SAR1A,6.742002061005376,1.0887856118737467e-09
MOGAT1,6.67837576046364,1.4677359822654558e-09
GDNF,-4.1280834657945364,7.691517186510717e-05
PROKR1,-2.952098238014666,0.00394981133498838
KCNG3,-3.9432209586891984,0.00015100650260996731
CGB2,-3.5934037059788193,0.0005127219731428722
DCAF11,2.5768097171722255,0.01146254764249349
MTMR10,8.919682618173846,2.6694605986319494e-14
MYH11,6.8784164177854175,5.721604196602299e-10
CORO7-PAM16,4.731139592086009,7.507416060626121e-06
DUS3L,-5.399042070755676,4.6788003485849563e-07
DNAH9,4.814831659507218,5.359194689391024e-06
COPB1,-2.0920713618292637,0.03901686942975199
ZBTB5,-2.843639582153386,0.005429027947073207
FAM102A,-5.504733094387638,2.9658441234071815e-07
HOOK2,-3.8595713263428495,0.00020360980666671871
GPX5,2.362776390663502,0.02011382567734878
PGM2,-7.581393807785196,1.9613198911507164e-11
NAPRT1,-3.7405762322869665,0.0003093060068927936
CCNDBP1,10.575167186891566,6.859410260991329e-18
CR769776.1,-2.3277279277626275,0.02198319152976472
RAI1,-2.047159448599533,0.04331879308557079
ABHD3,-3.2842645401020394,0.0014186288835901719
ENTHD2,-3.296825840663722,0.001362784349570667
ADSL,-6.0264662499583395,2.9488155106377768e-08
MCHR1,-2.8214038362313447,0.005789017084955006
RNF220,-2.794340599998346,0.006256592788887834
GSTP1,-5.319716803251896,6.569158954761999e-07
KRT71,-2.4383924431170008,0.016553191933559894
MFSD3,-6.830762707541183,7.166905791067422e-10
BTK,13.273059152220247,1.2754408765550557e-23
MRPL40,-4.301939895280523,4.008977333864471e-05
LRP12,-6.572651080269934,2.4057720503370334e-09
FAM104A,-7.633511744869948,1.522341492936955e-11
HAT1,-9.03497436451247,1.5025757121982758e-14
LIG3,-8.148581570377646,1.2214130831803753e-12
TMEM184A,-6.276621800994208,9.454024929256074e-09
MTX2,-10.3223951380791,2.4190421114832144e-17
ERCC6L,-14.32533620737753,8.958097016937212e-26
CLK2,-5.032939255069745,2.1933713619848903e-06
GUCY1A2,10.336882978977195,2.250333711868113e-17
YEATS2,-8.285006572325512,6.230799026330079e-13
EFCAB3,-2.3703368812354957,0.01972954642888016
ARRDC3,8.51127720489429,2.0331211083626812e-13
TMEM37,3.0662562791110273,0.0028013979385254463
LPPR3,3.622447257947386,0.0004645364962204385
HIST1H4I,-3.6155474260754867,0.00047557923925990237
HOXD4,-2.6314218847311275,0.009877570747390506
SURF2,-5.211064081932041,1.0413988206502224e-06
TGS1,-6.077456673310874,2.3420699000379023e-08
GLTP,-5.010541465380337,2.4064414372793144e-06
HIST1H1A,-2.140724120558328,0.03477735691699838
ESYT3,18.48048568634112,1.0531289398488548e-33
MYO1D,2.371940804316603,0.019648865289474748
SSBP4,2.1534904544095,0.03373336999828671
NTM,5.7319945934594765,1.0975282460932972e-07
NUDT15,-6.898691666095074,5.198004090289658e-10
HIST1H2BE,-4.982935734995829,2.69693384332991e-06
DCLRE1A,-4.512434335483993,1.783215847356041e-05
ARFGAP1,-3.7165629708261108,0.0003361942694696759
FBXO36,3.8795439684147777,0.00018965575263550283
UBA5,-4.517234093657384,1.7501184833630197e-05
IL10,4.244852761355471,4.9742548758608364e-05
TSPAN15,9.358620471578611,2.9864917302166502e-15
SBNO1,-9.135495676976593,9.100081895906471e-15
DRP2,-4.139305320515586,7.378380119250669e-05
RNF128,7.418483913050412,4.318745864709042e-11
PNPO,-3.227683527450078,0.001697763961894137
RBBP7,-5.446684924697579,3.8116607226296854e-07
TOMM40,-10.996483048677657,8.442920709335823e-19
GLRX5,-6.9858229666142115,3.4378658319193016e-10
EBAG9,4.817689868743455,5.297551690909496e-06
CCDC149,5.048839727261194,2.053391867404682e-06
RP11-1212A22.4,4.5574102410514765,1.495432116610114e-05
VGLL4,-3.64115314280071,0.00043580787863402434
APOBEC2,2.7741412607703055,0.006627802789512997
LCE3D,-2.76694664815378,0.006764803656765582
FOXO6,-3.99932414241948,0.0001232994409630651
JAM3,10.39442619740516,1.688777179174242e-17
GTF2E1,-7.826212358058689,5.9463347230337126e-12
YIPF2,-4.919643335968872,3.4978432955610334e-06
KIAA0754,3.1212829736216645,0.0023663829275844825
C17orf70,-3.934147909934792,0.00015601250450882499
CENPV,-2.460510737933669,0.015623789962216413
TERT,-3.455010049573419,0.0008147042549091262
IL5RA,6.9314690730975865,4.4501437529448705e-10
ICA1L,2.5184207443999287,0.013407424828943814
LILRA4,3.015403715656702,0.003268244699117159
ALKBH2,-7.073738336204372,2.26176215800583e-10
AUP1,-7.19617941991999,1.2592505121425986e-10
IHH,12.984481119692708,5.074841203455969e-23
DCAF8L2,-2.126021151860968,0.03601432256663155
ARFGEF1,-4.551681500739226,1.5294206703823674e-05
STARD9,14.718545833530493,1.451469545174915e-26
HSF2BP,-8.015655824772415,2.3491462068376827e-12
NTNG2,3.6919466487604518,0.0003660540542872468
FAM171A2,-5.738044041997386,1.0686009771337827e-07
SLC16A8,-4.7971573384577395,5.7561522088247e-06
C7orf41,11.923026439477734,8.745987937931084e-21
TRDMT1,3.879261928440519,0.0001898462920503282
N4BP3,3.85609185219433,0.0002061388241809265
CAP2,3.4170696347743834,0.0009230454408972722
RPP40,-8.893051807450025,3.0481709328380613e-14
PPIA,-5.2727728733094885,8.020829184878537e-07
ADAMTSL4,6.847641251451352,6.617764013660768e-10
KLRB1,10.379746079180284,1.8170817342739018e-17
LCE1E,-2.221176443446982,0.028641061191710306
EXO5,-2.896359051500692,0.00465602163639258
ZBTB44,-2.968812639793792,0.0037581392560973865
PKD1,3.073143853376086,0.0027431516119608037
DSCC1,-12.09460802857896,3.778481680591866e-21
TBC1D26,4.200581836607973,5.8731130145193956e-05
MRPS15,-3.7995012331146802,0.00025172197251250564
SECISBP2L,11.623196087482585,3.812354313390207e-20
S100A7,-2.710994682955284,0.007921636489099259
ABHD11,-4.447311214424567,2.2966966767742907e-05
GGCT,-10.405662644773464,1.5967333725251822e-17
CCNO,-2.4630410930937003,0.015520493508641861
FCGR3A,10.151378917037821,5.681121127027471e-17
LPA,-2.1467473871458496,0.03428135402231179
FAM47E,10.670603722238607,4.264745810909113e-18
GALNT10,8.299968272474496,5.786818553927609e-13
ALDH4A1,-5.540237147126004,2.5423370193495364e-07
OGFOD2,-2.240971208103104,0.02728489176555789
HRC,11.853544762289987,1.2294383500671405e-20
RAB4A,-5.147612344321588,1.359921511374086e-06
IFT46,2.449188900313636,0.01609354030378268
PDF,-7.118792521419558,1.8239095909370622e-10
SMC4,-9.663952477678908,6.492250713399074e-16
C1orf116,15.409866030730758,6.1929566867846715e-28
HYPK,-2.2543596615542665,0.026399831897153628
IL1F10,-3.3093885181397718,0.0013089979178756556
SERPINB12,-2.1302561358756473,0.03565418493120951
SOWAHC,-5.67286993449706,1.4239723590579113e-07
RP11-817J15.3,-3.1964125762800544,0.0018732612596749926
FAR2,9.997427568576892,1.2259117350213186e-16
ABCA9,12.738484436858299,1.6580838656749443e-22
TCEAL8,2.8757110355505966,0.004945856224239302
PLSCR4,12.911553932904864,7.204110234848719e-23
LIPC,2.9880650571043192,0.003548017681117268
RP11-20I23.1,3.657843895020089,0.0004116031970635628
DNAH10,4.720798441328616,7.824925514810437e-06
SLC26A4,2.147902044663135,0.0341869747900842
ALG6,-5.830978541936009,7.078350009958132e-08
NECAB2,-3.7103997863882867,0.0003434452964703438
APOBR,10.858576109068714,1.6745008102628331e-18
FAM133B,-2.8144997337760094,0.0059051603602318994
CEP85L,7.924615843206546,3.672568363373778e-12
HOXD13,-5.481920913420266,3.2736773085077294e-07
CCDC163P,-3.1018245510517475,0.0025124808078889472
S100A10,5.044699901903024,2.0889745042233813e-06
PSMA1,-4.807618848375959,5.517869155749779e-06
CISH,15.390373207016575,6.763543181527439e-28
ANGPTL1,11.640435517247733,3.5022720016627245e-20
MFSD1,2.1182495479196737,0.036683406419715466
TXNL4B,-4.3350047343860085,3.5352857072771034e-05
PRSS8,4.424062783727897,2.5125311146061777e-05
SLC10A5,5.277802493306266,7.85140438887664e-07
TICRR,-13.039404605504503,3.89927296787272e-23
STRIP2,-5.023884899115998,2.2771936823677615e-06
VEGFB,5.981575515618791,3.609439583842328e-08
ENTPD3,-3.533335957308417,0.0006277861350474518
BTBD19,5.3884915565950235,4.895499796730585e-07
NCAPG2,-11.959313569537962,7.322102715290101e-21
MEGF10,-4.182855009611775,6.2751788091177e-05
C11orf65,-2.8110657048624765,0.005963719372377899
SLC29A4,-5.88581346794172,5.5436872440359625e-08
LYSMD4,-2.068741358807261,0.04120323516624886
ERCC3,-4.428461387678438,2.470246752114093e-05
EXOSC5,-8.388124606195253,3.742048851004727e-13
SCG5,-5.093812277630145,1.702989193818435e-06
ATF5,-2.533859423374854,0.01286628029554227
PA2G4,-12.140051418509373,3.0266471267994635e-21
TRMT61B,-8.093870155351183,1.599085996426483e-12
MAN1A1,12.00484945211493,5.8594850163243306e-21
HOXC4,-4.067290542618739,9.622261216670595e-05
FBXO18,-2.278504439755324,0.02486723113227824
DMPK,4.508890701422226,1.8080390977457817e-05
NDUFV3,2.944874001301026,0.0040354121559725105
NBL1,6.313663506810623,7.97627638082693e-09
ZNF808,3.9568243756831114,0.0001437875511198192
CASS4,10.749712065814933,2.876991057168893e-18
ORC1,-11.068895915980423,5.895400684712537e-19
RP11-12J10.3,2.8958432453360636,0.0046630676657622985
CALR,-4.63231756877988,1.1130173613761268e-05
PLA2R1,-5.733627248538287,1.0896462782365016e-07
NAA40,-7.701044786419674,1.0956736456722377e-11
PPP1R42,4.398172567840729,2.7759446662514663e-05
COX8A,-5.208674658009803,1.0519484668576517e-06
ADAM21,-3.4402790265728536,0.0008552639263787976
GCH1,2.1523282992210406,0.03382726805817039
EHBP1,-4.068336384007716,9.585425008827811e-05
C14orf132,13.456861085411562,5.316842518541746e-24
CLEC16A,7.5957485512159275,1.8291881480986746e-11
TDRD3,7.052419290774007,2.5038237189649946e-10
HSD11B1,9.809595840339403,3.1346220762456017e-16
TMEM106A,7.322902512231793,6.849089791328955e-11
RGS2,7.371278037538637,5.424405050220907e-11
SYPL1,-3.6334793786960176,0.00044738345122516653
SYNJ1,11.29404633835199,1.9336671985733034e-19
DES,10.018576465837358,1.1029669759182217e-16
DBF4B,-6.390066216779659,5.610879040801974e-09
FTL,6.180576290164441,1.4663425251585306e-08
HIST1H1B,-4.146194492126309,7.192246575838772e-05
FIZ1,-2.39302599010893,0.018615115271387518
PPAT,-11.110505906368067,4.796697021050177e-19
TIMM21,-7.1591817419001105,1.5034622022613277e-10
ZNF385B,11.833201958127331,1.3584380655089703e-20
FOXK1,-6.248993516341372,1.0729171604436398e-08
SPERT,-7.94510281254315,3.3215133275182362e-12
COA6,-6.306700655427136,8.235468363883201e-09
KLF16,-3.4933158879903754,0.0007175521810732807
TJP3,7.216864552107872,1.1403169266334039e-10
FAM20A,5.453852724121148,3.695633087558282e-07
GAD1,-3.8751027623769767,0.00019267741963502376
SBSN,-3.8568875174252586,0.00020555787535464108
ATAD2B,-5.91394409944139,4.88862533031179e-08
NEK6,3.6858271087835877,0.00037385867439994173
FOXL1,-2.022175348296853,0.04588358909444422
APBA1,-2.0390752143113495,0.044134899346420134
TEX37,-2.136988824804852,0.03508806651341905
CCDC53,3.5564010021491668,0.0005809824063326115
ZSCAN20,-2.537071919925736,0.012756175480079112
GPR75-ASB3,-2.0446609058288407,0.043569628422101936
ARHGAP33,-2.507392105101616,0.013806406461689043
ZNF91,2.366632520945816,0.019917008109878398
WNT11,-2.393817246841391,0.018577280475446482
C1QTNF7,14.482154062441452,4.325429691416017e-26
BNIP3,-6.056035955152528,2.580305381875283e-08
CCDC73,-2.2771307157526803,0.024952282841031938
MYB,-2.245120988546268,0.027007825236812964
NSFL1C,-7.141656245718172,1.6350047819902633e-10
COL5A3,-3.1417929724571985,0.00222096600753067
GPX8,-5.271438800926308,8.0663645163316e-07
CKAP2,-10.064913118909095,8.750134859573206e-17
RP13-996F3.5,2.0267540182539014,0.04540406106554338
AL358813.2,3.006829747929526,0.00335371112252272
C5orf28,-6.866981674709067,6.039599772380697e-10
RP11-834C11.12,-2.6822127623409906,0.008584320890668427
COMT,2.65808860500962,0.009178098197829086
NRCAM,-6.033603359858907,2.8553853097354604e-08
RAPGEF4,6.929761269867197,4.486332559024264e-10
GALNT15,3.409591440626703,0.0009459403678312449
B3GALT2,3.182739960662417,0.00195519027184291
KIAA1586,-3.838428265290084,0.00021944623001232105
ABAT,3.290482380551502,0.0013907233979840131
PSMB6,-2.6366384100081928,0.009737059652397581
CDSN,-3.1030159678312,0.0025032999576253528
NEK8,6.341200295481871,7.027790022938881e-09
EPB41L4A,13.165206676757194,2.1348721550034433e-23
MED19,-4.353689824857084,3.291963034485237e-05
DDR2,7.552952241597813,2.251771381045347e-11
ARMCX4,6.691478314339336,1.380292284856853e-09
AP001055.1,2.893158098575977,0.00469990596411158
GCLC,-6.060884962541381,2.5243683787779015e-08
CCNE1,-5.2935872590793505,7.342098872663244e-07
APBB1,17.15204598616612,2.849841932759146e-31
CARTPT,2.303990609921518,0.023334893023068615
ROCK1,8.275224527530765,6.53926241171669e-13
TIMM44,-6.322232277741322,7.668333257387035e-09
FANCG,-8.627547481653679,1.141783542810287e-13
MOGS,-8.183168305865006,1.0299736099931928e-12
ATP6AP1L,3.7811956529017743,0.00026841748107438174
XRCC6,-6.734218873204529,1.1293552544840541e-09
HMGN1,-5.531272918648321,2.6433046343805545e-07
CCR2,7.455594522183697,3.609306975794164e-11
PODXL,9.99868041671168,1.2182606881618387e-16
PPID,-3.563480333426385,0.0005672916964341219
PPIE,-2.382080146504774,0.019145569882414597
PM20D1,4.893494445015985,3.892523352106095e-06
LPPR1,2.4294503477616387,0.016942720680378425
SERBP1,-10.56942092661959,7.058604740207015e-18
CDK1,-12.979151634479658,5.2063592568563124e-23
KRT17,-7.3016964089183665,7.585363681923459e-11
PGM3,-5.433505005701519,4.0343945498424805e-07
ALG3,-9.200795897155535,6.568841006001471e-15
ZNF324B,-2.707173055082928,0.008006864083254218
NR5A2,6.563494494563949,2.5106469693757203e-09
LRRC34,2.6417365473016416,0.00960148761052835
SDHC,-7.222183252110488,1.1115818087564619e-10
CCNT1,-2.8928454774133163,0.004704212243507872
SPDYE4,2.5929470128545744,0.010971869934083717
CCL16,6.142372712815855,1.7447634824418608e-08
SAMD12,-2.1531175882463054,0.03376347158853048
CCDC59,-3.686598382243904,0.00037286639536678024
DHX33,-8.330191058064012,4.983835857756842e-13
RAB20,11.70567537585373,2.541023696127099e-20
XPO7,-2.826776570941141,0.005700086014378769
NOS3,3.1825469149289205,0.0019563705960692675
WFDC5,-3.9473290596133985,0.00014879071793727234
PGC,9.201536660875842,6.544592777793714e-15
GALNT6,-5.02652154458467,2.2524674199686712e-06
MAG,3.9024079784011203,0.0001748019917955336
CSNK1E,-6.032889010526414,2.864603813391095e-08
DNAJB13,3.7450774147257464,0.00030449892789942743
SYNCRIP,-7.219633243611916,1.1252678479707292e-10
MIXL1,-3.3851902937208482,0.0010244155161349086
ACAP2,-5.42654900367022,4.157036874775572e-07
KIAA0825,8.529106193172893,1.8610824592485642e-13
TMEM39B,-3.8665557092680714,0.00019862231807890663
RRAGD,2.277604558417449,0.024922916854368943
MED17,-3.246946283056207,0.0015974307206590766
PURG,2.5859227131106763,0.011183076657004081
GRN,7.600328469539578,1.788922443523162e-11
MTF2,-2.9112348183089516,0.0044569790873374305
YPEL3,9.777376509536065,3.682439366363026e-16
P2RY6,-3.897141482848352,0.00017812159899514648
C16orf59,-10.270063319287095,3.1410349480811744e-17
BRI3,7.860272741994106,5.033493515533821e-12
LPHN2,10.09443125766205,7.550409202129732e-17
AGRN,-3.1076948133593536,0.002467546218617868
OCLM,-2.2033581469045482,0.029911858202441265
TMEM88B,-2.630678609951913,0.00989774003138796
AMY1A,3.8889205891097878,0.00018342401243230108
TMTC4,-4.326306053555079,3.6543921854560676e-05
PEX10,-5.191919056928321,1.1289168233069508e-06
STAT5B,13.686717017087757,1.7892954358532162e-24
RFXANK,-3.5213597593050276,0.000653471422990785
C15orf41,-8.246563628386463,7.533420601275893e-13
YKT6,-7.359637353519338,5.73771591510947e-11
RP11-597K23.2,-5.080703549744694,1.798607421008548e-06
PABPC1L,-4.580140557625348,1.3676379550974228e-05
MPPED2,-3.6836470321824315,0.00037667701532208053
GUCA2A,6.919958564526432,4.699765363586577e-10
EPN3,-11.93390972309399,8.291978022368645e-21
ZER1,7.351833633885167,5.957748071898783e-11
FAT1,-5.1291662682326855,1.4691641265160086e-06
SIX5,-2.5726998576505875,0.011590632963393887
GEMIN6,-6.050459631865907,2.6461431237712388e-08
RTTN,-3.7938800798262897,0.0002567405433156467
SEC61A2,-7.037315715294318,2.690688397012454e-10
PDHX,-5.698486232466034,1.2722448986423502e-07
FAM127B,-4.13746097685027,7.428990696507132e-05
CPM,17.607667616881,4.0706912533415665e-32
KIAA1045,-3.30140102346556,0.001342960695877097
TMEM237,-8.85984450695816,3.596359914113087e-14
MERTK,-2.980435137704662,0.003629958007164142
RASSF2,10.866007117709653,1.6138003604086236e-18
SLC14A2,3.705804380703915,0.00034894822386839975
PHF8,-3.1615834284465993,0.0020885715605922935
SLC25A26,6.644912808085437,1.7167182389324162e-09
TMPRSS11E,-4.334098238859511,3.547521014669363e-05
ERBB3,4.288288831197226,4.221887010141284e-05
ELF5,4.379899405213835,2.9777022595541896e-05
S100A16,-7.169118785588956,1.4335982567142564e-10
PLA2G15,7.710396705009592,1.046840640752727e-11
RBM7,5.603181532739313,1.9324523139827555e-07
C9orf156,7.479316751254525,3.217780986968985e-11
CLDN1,-5.715288137913066,1.181470467228495e-07
FASTK,-6.806222619533827,8.046716931914165e-10
C17orf72,6.327188970015384,7.495589202622404e-09
COL11A1,-5.302039842938304,7.082804376840033e-07
C12orf73,-6.792872199586587,8.569428189029479e-10
PRKCI,-4.160803956672617,6.812330534178289e-05
P2RY8,4.389325124369512,2.871925865856405e-05
RGL1,12.656859526560513,2.459200022825078e-22
LINC00935,6.810917927119127,7.870487952260788e-10
CCR9,6.399828785692688,5.3636608904816785e-09
ADCYAP1R1,4.074167368474897,9.382513603256832e-05
FLG2,-2.352594924925057,0.020641795097354077
SUGP2,-2.2086370453109567,0.02953033366325443
MRPS28,-4.0833625085863385,9.070877330867188e-05
PTS,-7.1647218199448135,1.4641054712308055e-10
FAM181A,3.334512144465912,0.0012073455116041703
LAPTM5,13.21203903462855,1.7067305922660822e-23
SDC1,-8.138561711435386,1.2832211473420604e-12
MT2A,2.886690376649702,0.0047897392361218516
MACROD2,9.991892451635454,1.2602938311681302e-16
UHMK1,-3.2319824143832117,0.0016748751936781468
STAC3,10.58691880045884,6.469397008120484e-18
ARHGAP18,17.16918042085564,2.6474649362119136e-31
PCDHA2,3.4847074317085704,0.0007383826854553543
AL591684.1,2.066258040579178,0.04144204902611881
RP11-1035H13.3,-3.33987461440053,0.0011866295417646562
HIAT1,2.430567318621077,0.016893621688535494
FAM183B,3.211626148128133,0.0017858675756769848
TMEM27,3.6516767338125766,0.0004203943327610618
SELRC1,-7.223619226497559,1.1039476754347197e-10
ARAP3,13.666525956825529,1.9684630095442566e-24
SLC7A5,-6.909068247493062,4.948688541262156e-10
ZBTB7C,-2.6192816420788767,0.010211704729410276
C9orf40,-7.355427490732465,5.855394752539283e-11
AP000322.54,10.9014790003972,1.3530714449254604e-18
LAMC1,-2.216987674145676,0.028935481760292148
GCN1L1,-6.256775897213644,1.0353742376023019e-08
MAGEL2,-2.4556949817009515,0.015822081141292153
CEBPD,6.478200042195587,3.732227636448658e-09
ORAI1,8.184744229640328,1.0220013297985043e-12
ZNF525,-5.822479571561433,7.350948237874965e-08
ANGPTL5,8.07895895126115,1.7208328212707463e-12
NUDT1,-12.411464320059439,8.074426186540861e-22
MLX,5.074234543554563,1.8477042888663629e-06
ACTG1,-3.8208403450080675,0.00023350770715934588
PTPRQ,2.009847698467369,0.04719625627992238
ASF1B,-10.08190594097614,8.037950032352824e-17
ARC,7.466802829204197,3.418749055133818e-11
S100A4,11.591233901837889,4.4619683913924125e-20
CORO2A,-4.393027217280953,2.8313803764152056e-05
HOXC12,-2.9078873372088094,0.00450107442972991
KEAP1,-6.547173526553939,2.7089052968783275e-09
MICAL1,6.330281315576999,7.389770527742446e-09
SAA1,-2.028355470120285,0.04523735502435188
POC1A,-10.510347818409493,9.474486869553018e-18
XPNPEP2,4.125453241129827,7.766735967454847e-05
LAMB2,16.58954832058784,3.266026019970908e-30
XRCC2,-13.189761144685404,1.89842417938836e-23
PTCHD4,8.172674065412101,1.0846646391631583e-12
SPRR3,-3.5297391454459452,0.0006353982495105555
MTHFS,4.926723330547857,3.39786449264675e-06
C11orf82,-8.438473355381952,2.916435578387764e-13
MSX2,-4.702246235272225,8.427507867332969e-06
TOB2,6.70143510468502,1.317308002692371e-09
NOVA2,16.355861807597005,9.103098491896089e-30
DNAJC27,6.6897118801527204,1.3917734540723205e-09
RGS19,6.056138870385079,2.579105589311008e-08
GALNT14,-5.331696879946278,6.241958350494613e-07
SCN2A,-2.9592037745527917,0.0038672530107390062
HSPD1,-7.868146583208654,4.843155279599158e-12
PRKACB,6.546079480786937,2.7227353908083006e-09
TMEM189-UBE2V1,-3.0167072634304493,0.0032554286066522166
SLCO1C1,5.074691527295584,1.8441934932415595e-06
RNF148,9.606923303372803,8.633984696768646e-16
RPRD1B,-5.112695319422442,1.5739155834328628e-06
G6PD,-4.8193618932181215,5.261811227730195e-06
TRA2B,-7.4682379695782535,3.3950826910153143e-11
MIER1,8.410915699679371,3.3428445560357977e-13
PDZD2,7.863610190185209,4.951923604140296e-12
SLC9B2,-2.7419048361330516,0.0072620438384003155
CYP2C19,-3.3825502907166927,0.0010332632994044706
FLVCR2,16.982201846425404,5.926546387711443e-31
CALM1,3.843366568832495,0.0002156455537671486
CDK15,8.556048022007733,1.6282585974614503e-13
CIB4,7.846807490805723,5.37639597922966e-12
RHCG,-4.767257355870165,6.493639640591566e-06
HIC1,6.900026210756958,5.165255068205952e-10
ODF1,2.3677774702231367,0.01985889929237765
TCEAL7,7.220282044438202,1.1217699212909289e-10
VEGFA,2.5885002895022295,0.011105151897505766
PEX11A,2.0591405797765665,0.04213311987571248
AL163636.6,16.170059987747763,2.066732593500322e-29
LSM12,-9.845299752012327,2.622239145772377e-16
PCDHGC3,7.5940928938089955,1.843964945220269e-11
C16orf62,4.273380759421765,4.466837273117169e-05
PRPF31,-4.839832604655212,4.842797477581336e-06
STAG1,-2.470451156909928,0.0152214942971307
LY6D,-3.4693697983228033,0.0007769163047797435
CASP14,-2.3708722406618166,0.01970258397866952
SNRPF,-8.874041729068693,3.3508800538194605e-14
SNUPN,-4.039164239181076,0.00010665373418318216
DHX40,-3.630197852276949,0.0004524219183339406
SYS1,10.408537398763784,1.574002820404497e-17
GPR87,-8.776746765314703,5.438634052244608e-14
CNN1,7.550918399268773,2.2741082849912355e-11
S100A13,5.291890176403298,7.395267170472044e-07
HMCN2,5.621576364666289,1.7831126544075986e-07
ACBD6,-6.660153069976081,1.5985282752935709e-09
RPS27L,9.85610824880124,2.484321862696328e-16
CAT,22.391850069732747,2.5425979863545714e-40
ATG3,-2.262335332841596,0.02588464732843424
ACTR6,-3.8574659787824843,0.0002051364968032359
ETV1,10.950261935376274,1.0619872260916317e-18
MRAP,4.152818041456301,7.017547012503973e-05
CHRM1,6.641280956567791,1.7461353345117394e-09
KIAA0556,4.175689769890256,6.445091916987949e-05
SLC4A4,14.727327050672912,1.3939535131202038e-26
UBXN2A,-7.702013994688036,1.0905092887731254e-11
PAICS,-10.557163008896291,7.503101639029159e-18
PTK2B,6.043540927078763,2.7301338184258067e-08
ACTG2,5.396581968792294,4.728473497385731e-07
C15orf52,10.68241348147895,4.0212815557602596e-18
JMJD4,-6.639926935158649,1.7572296945001663e-09
MOB1B,7.3921217888518695,4.9052444117016934e-11
FAF2,-2.0882602970300375,0.039367036033851305
COQ3,-9.390528885252811,2.546379523486486e-15
NUTM2D,8.630811110535088,1.1234260842902126e-13
WDR44,3.5352282319467427,0.0006238160777003267
AP3D1,-3.6177345017681373,0.0004720523307745092
CA6,-2.384858984709739,0.019009646984955934
PLEKHG1,3.08454907695916,0.0026491650588501546
C15orf27,3.0796849219325413,0.002688877394805743
NUDT21,-7.751838786716927,8.552134561376989e-12
KDELC1,-5.655249630390214,1.5385124215037683e-07
SFTPB,16.963081015879663,6.43723368906125e-31
RAB5A,8.029783754789735,2.1915880613068235e-12
DNAJC5B,7.324458617270182,6.797944470867331e-11
SORBS3,13.463945532201258,5.140893253726453e-24
ZFP36,7.823002889154494,6.040409423945045e-12
ZNF606,-2.9676929908012406,0.003770705618044268
LAP3,8.135206361704233,1.3046072545014305e-12
KRI1,-8.993495565617012,1.847813899267842e-14
CYP4B1,15.344079734055404,8.339855878832212e-28
XCL2,4.886382918956584,4.007150703360006e-06
AL021546.6,-2.5274459384003696,0.013088652527089925
RNF217,-4.110656983669096,8.203212790007365e-05
SIRPB2,9.875670335033226,2.2528954138005525e-16
MSR1,13.835594946539631,8.865439142423521e-25
ABHD14A,16.737394941680307,1.7136760757850673e-30
ZNF526,-4.415465816350285,2.597201987904128e-05
HEATR6,-5.506218577373382,2.946813541786792e-07
NCL,-7.227342421667455,1.0843953319128324e-10
NTRK3,5.512361588706541,2.869378207602927e-07
SIGLEC7,9.752492035674692,4.1702558243680716e-16
ITGA8,14.591883159984917,2.603405086460992e-26
ZNF823,1.9910673552543006,0.04925760065130737
SARS2,-5.835653999158972,6.932651926426339e-08
TSPAN31,10.806349678768491,2.170796842267873e-18
SCCPDH,2.8317396180508623,0.005619049582794313
CACNA1B,-6.081378828638513,2.3008591510337215e-08
DNAJC22,-2.8062693581716003,0.006046398831217867
FOXQ1,-3.6446750946086466,0.00043059071892018484
SIGLEC8,4.420131281127134,2.5509160718290367e-05
PABPC1,-9.511686066071839,1.389832937143905e-15
MAPKBP1,-4.5801879686930755,1.367382790737741e-05
RUFY3,9.606088005435357,8.670112766147108e-16
PSRC1,-8.846781081871267,3.83805841441267e-14
CIITA,9.129530252434558,9.37506357736896e-15
PTGS1,2.9047058014015263,0.004543355430461726
CD86,9.146806466079088,8.600624427230408e-15
EPHA6,-3.0767541019842795,0.0027130713659550107
VSNL1,-8.515301126413991,1.9929570853448786e-13
SH3KBP1,9.713752457074646,5.061415568264029e-16
PBK,-10.641353321035472,4.933255390819778e-18
ZFP62,-2.383751988248817,0.01906369114080959
SH3RF1,9.738333847485805,4.476123738847266e-16
CEP19,-4.796644850288844,5.768078577294289e-06
CD63,11.076300104749187,5.682921775893078e-19
CLEC18B,-2.6887442146185476,0.008429671660185418
SNTB1,9.480829436765484,1.6215931526993799e-15
LSM14A,-4.903029845186004,3.7438223635378748e-06
HAUS6,-5.972907424502305,3.75284323329818e-08
CHD1L,-4.358252876373726,3.235042177201371e-05
SDR42E2,2.649166734666343,0.009406959470929644
RPL7A,-2.028262601515258,0.04524700802116396
CCT5,-12.575302351236687,3.6485313993586897e-22
SRPX2,-6.265412970884679,9.952243868126946e-09
FCRL6,9.60009687939737,8.933707294277548e-16
UBE2V1,-2.4940168533270928,0.014304543516876343
APPL1,5.591380338195627,2.0346530656256252e-07
CXorf40B,-5.6175437164102755,1.814850628498101e-07
TBPL2,-2.413275118410018,0.017668128802839987
GMIP,5.714434347808587,1.1859257196863175e-07
MAP3K12,5.661616836205807,1.4961154452863558e-07
ARMC5,3.318435225763507,0.0012715038818361473
PARD6G,-11.522245723173054,6.267987598091617e-20
ELP2,-3.6958076171554173,0.0003612097663181165
B9D2,4.981945650715139,2.707963194374945e-06
ERN1,8.437198470029877,2.9349090566516686e-13
HIST1H4D,-4.096293442250531,8.649377742712718e-05
TMEM5,-5.742186198088374,1.0492274017565848e-07
CEP97,-6.776959002948343,9.236540802427117e-10
GNB1L,-7.109970618415666,1.9024510081485568e-10
TAS2R38,-5.26139063599386,8.417551076200687e-07
GNAI3,-4.688550731763891,8.900988130165205e-06
NRXN1,-2.1445659282777565,0.03446027893016771
C16orf98,-5.352946322463586,5.700376462937669e-07
NLRP10,-4.346648991742215,3.38169187618438e-05
CST3,14.313647243703752,9.45876411237752e-26
FCGR2B,3.620689037198436,0.0004673271275105497
CDT1,-9.784241559287269,3.5582047895227147e-16
EDAR,-2.6847825555179843,0.008523169594165228
QSER1,-8.205622022422759,9.22007760802179e-13
ENO4,5.692810906833593,1.3044275834161508e-07
ZNF671,9.94476369719085,1.594998844208109e-16
ISYNA1,-4.012162159140785,0.00011768125216217497
KLHL28,2.625294829010726,0.01004494839661834
TMEM110,13.129390274013407,2.5338510689092408e-23
TIAM1,-2.761637229163491,0.006867558180496977
PRRX2,-5.738685236454085,1.0655791728489803e-07
SETD3,9.16275438784494,7.942570948703228e-15
CLSPN,-8.35041322855868,4.509577347398039e-13
FAM26E,4.608928799137402,1.2208951206998693e-05
MTIF2,-9.642795555038752,7.216550105262835e-16
FCN2,2.4637586722650826,0.015491311111271932
C10orf54,17.614592611144747,3.9528552850500263e-32
LTBP1,-3.5263561933430654,0.0006426372407247895
LRP2,2.4289380021976847,0.016965284502418878
ZNF131,-9.123435341841624,9.664586292099513e-15
C18orf25,-3.409152305582595,0.00094730127223079
C1orf194,4.938854334178351,3.232989134721027e-06
GREB1,-4.079601089300952,9.197138330159091e-05
MARCH8,10.812292603685206,2.1075997636697535e-18
COPS2,-5.2279250318381605,9.698384321881411e-07
MTA2,-9.996500476374834,1.2316043509537598e-16
HEXA,5.191369220834674,1.1315335970992266e-06
PCSK7,7.550876762701356,2.274567855631137e-11
ZNF770,-6.837834258688207,6.931546956584284e-10
LRRC58,-7.617747601375576,1.6436630234124005e-11
HGF,8.541866293086,1.746942490863881e-13
ANPEP,9.40220727973356,2.402040029830296e-15
KCNT2,12.467397133445553,6.154768932038993e-22
RHD,2.732623641117131,0.007454638342162437
SLC5A1,2.503438141861402,0.013952020465483658
C9orf3,-3.8468994703207122,0.00021296511291538195
RAB11FIP2,12.89536781318118,7.787236266659442e-23
POLM,-2.314271675076176,0.022740701580221342
B3GALT4,6.078413141596673,2.3319535710257402e-08
IL1R1,11.044071240005005,6.667639611865326e-19
ARHGEF9,3.346248175095097,0.0011624413037880478
KIF26A,1.98628740218783,0.049794335471677005
ATP8A1,14.147780885410409,2.0499016607092203e-25
DUOXA2,-2.8065748493071436,0.00604110167189718
SPOCK3,-2.3872415280033743,0.01889379111705661
WRB,4.80329643462653,5.615135884651873e-06
FAM101A,-4.652533324693716,1.0272674034478498e-05
MMAA,2.8939080104004193,0.004689590879571098
ARHGEF2,10.646406425183047,4.810691276431363e-18
RABEPK,-4.82312765202781,5.182172284734478e-06
GATM,-3.005682841351106,0.0033652990514640886
CRTAP,7.845489830154146,5.41117455943084e-12
ZNHIT6,-5.049563046395838,2.0472357425793073e-06
SPINT1,-6.298039355016953,8.569511032449008e-09
KLK1,-2.9934774601277043,0.0034909315691095217
DHRS12,12.895966037329606,7.764863392032308e-23
ZNF543,-4.818152230290434,5.287644917540957e-06
ZSWIM8,4.727660625380258,7.6128105854625155e-06
PTCD1,-4.479657529387927,2.025969191248517e-05
BIN1,4.4992374024279,1.8773678429259465e-05
FCGRT,16.987245951169236,5.798761046205769e-31
ATG4B,-3.380888956543844,0.001038867897915874
NCAPH,-16.038951286258477,3.6957227989106586e-29
RBP3,-3.108085457853975,0.00246458263945917
CTSS,13.332241597503534,9.618996865445751e-24
PSMF1,-5.634082904594214,1.688107629999828e-07
MMRN2,13.207812810874893,1.7415380069899845e-23
CARD6,9.967926689315199,1.4206454484740177e-16
ARHGAP30,12.791100123273411,1.2864963729111702e-22
CAPS2,5.821025671151904,7.398603829019827e-08
MYL7,-2.075804035448952,0.04053049695872764
RDH13,-3.016537696848307,0.003257093100336649
SLC22A17,2.7519240234728324,0.007059232659535124
COG2,-3.139054635766405,0.002239888112451518
GRIP1,-6.706165716433241,1.2883881882238064e-09
FGF7,7.600145351732862,1.7905153400340255e-11
CD3E,4.2676424775865085,4.5647220307707744e-05
MROH7,2.597638586537209,0.010832815192083838
ACSF2,9.528771454027671,1.2760689780904701e-15
APBA3,-2.6452562756856377,0.00950888888881997
GLIS3,4.788098212097145,5.97054685006116e-06
STRA13,-4.507468754880148,1.8180935476477886e-05
SSH2,2.081735300912711,0.039972853810324845
OR1L1,-2.027564945880786,0.045319580491093706
RP11-625H11.1,-2.640267503692689,0.009640376790607523
PACRG,4.568293201420687,1.4328663636521595e-05
COA5,-2.1663514925526384,0.03270926190252547
LRRC71,4.614521468892419,1.1942134103157212e-05
NXT1,-5.2988274337790635,7.180276701374298e-07
WNT4,-2.8545762943856285,0.005259600676697539
RP11-1055B8.7,3.046370333051104,0.002976065135432044
DARS2,-9.838539511633346,2.712367007959088e-16
JAG1,-8.131934348928862,1.3258039521881705e-12
MICALL1,-8.57069153635128,1.5141428634586414e-13
TTN,8.98166882640932,1.9600333441718394e-14
SP110,7.730076746453227,9.510330745375558e-12
PCGF1,-6.7402575516524745,1.0977515230532943e-09
NFS1,-6.275478638315066,9.503688690072725e-09
FOXN3,4.6846628280691585,9.04003787896069e-06
ST6GALNAC3,14.171794102143034,1.8323862284828552e-25
USP30,2.8419978306629083,0.005454888864496679
DTWD2,4.003935903695496,0.00012125231483808683
MYOC,4.448125368758365,2.2894725239164856e-05
CMAS,-9.412047219354804,2.2867894078719017e-15
SLC25A25,6.591394464304296,2.204415962286347e-09
KIF24,-4.744555815986061,7.1140800425993025e-06
C1orf198,13.372254629031815,7.950228974859327e-24
FOLH1,-4.7154758085107416,7.993391148947353e-06
CPT1A,3.0106475016330223,0.0033154031854245453
ZPLD1,-3.9988859631672016,0.0001234956570688962
ZSWIM5,4.284480744114477,4.283196863803573e-05
WDR12,-4.388308535102955,2.8831572963910755e-05
COLCA2,-3.167772092977064,0.0020487033412013847
CEP76,-8.039562294252214,2.0887406598568237e-12
DEPDC1B,-13.478139181200719,4.8057839086352384e-24
ZNF792,6.5261423027848595,2.9873473062591334e-09
PLEKHM1,2.5731045345475514,0.01157796406811109
XPOT,-10.823310009008194,1.9952761715455744e-18
LSM11,-2.339182788998907,0.021356001366702328
IQUB,5.022402379507031,2.29121264218057e-06
ZNF20,4.168114905660002,6.629523170624897e-05
FAM83E,5.005745035733725,2.454625692097828e-06
SLC7A8,-3.634052636943252,0.0004465087420515943
RNF138,-3.4147641189051168,0.0009300477295164435
ARPC1B,3.351023151926888,0.0011446237941306638
TSSK6,-4.367661911198114,3.1206527571794565e-05
IFNA21,3.309919818757318,0.0013067676178828787
WDR88,-3.5564622985115864,0.000580862536205623
P4HTM,12.049424537838242,4.7119145639902e-21
MDFI,-7.668779533369593,1.2822003587993146e-11
CHIC1,6.030139570979977,2.9003589862456783e-08
SIX4,-7.62304898431732,1.6018272937334595e-11
SEPW1,9.735108889264282,4.548874311618913e-16
THYN1,2.0440391618660274,0.04363224015551233
C21orf49,6.176947006614675,1.4907879310079305e-08
ADAMTS12,-3.768376616565705,0.0002807307832072853
QSOX1,14.875173233204087,7.066622737251755e-27
NDUFB4,-8.00525998630691,2.472237775861979e-12
VAV1,6.235991847840583,1.1386564465026992e-08
PTPRZ1,-7.131617058574459,1.7154342703887612e-10
LRCH1,9.510898878572538,1.3953121390455657e-15
GDF2,3.390222591876995,0.0010077469703090938
KRT82,-4.231539883447337,5.229613696941133e-05
PIGZ,-3.3174849543414573,0.0012753944399758873
COCH,-4.30611906481129,3.945891497425999e-05
UNC45B,6.809492441643521,7.923582845246097e-10
ARL9,-4.969097313259512,2.8551381915324213e-06
AC138969.4,2.7086217578822884,0.007974458374986669
RIC3,5.385575308595824,4.957110873921653e-07
APCDD1L,-3.4581172586023827,0.0008063836530444709
PARVG,10.673097747469683,4.212129392403266e-18
NUP188,-4.719809647094711,7.85595880491927e-06
TPR,-4.02102002690339,0.00011394865008775654
PCDH7,-3.75284442017453,0.0002963706705142799
MTG1,-6.259296257017487,1.0234959162024393e-08
SYCP3,3.2806073121489123,0.0014352863259719986
TMEM88,14.604341024288416,2.4578122755963356e-26
KIAA2013,-2.9924834763402917,0.0035013513592130076
TRUB1,-5.72245023939941,1.1447388499095339e-07
SYTL4,4.963947893367915,2.9162858546818476e-06
TRNT1,3.5953266759584315,0.0005093906834123885
IL15,7.533498082351688,2.474673452580278e-11
VIPR2,2.4957773040998372,0.014238071535928622
RBM15,-2.2214342551756974,0.028623025977311853
MRPL12,-9.278517406604303,4.455938482912785e-15
JAG2,-5.138700039149939,1.4116742935694437e-06
AP002884.3,-2.2205500860894394,0.02868491941008502
CEP72,-8.87317617702113,3.3653553519475917e-14
KLHL7,-6.614614902067053,1.9779423705265186e-09
SLC46A3,13.631358430093965,2.324668245073309e-24
FAM198B,3.6674835962724286,0.00039821039691412025
ETFA,-5.379991831463345,5.077197305540444e-07
CHMP1A,-2.3495031833978968,0.020804530693247284
SAMD3,6.509990478268465,3.220226664829777e-09
TPRXL,-8.552521452912918,1.6569984990940237e-13
C9orf131,3.2316884289027774,0.0016764312470098621
SLC16A5,15.29694669925027,1.0325509741780354e-27
CEBPA,2.4163619987491636,0.017527594291603124
PLXNA3,-3.0598098661345525,0.0028569504180522036
ANGPTL6,3.8441679090557024,0.00021503476497168738
INTS4,-4.3526943828643,3.3045081939581164e-05
APOA1,7.434014604461951,4.006398867632125e-11
IFITM2,11.459330752920412,8.547974564519906e-20
DCAF13,-9.122515176006507,9.709065475715775e-15
RP4-576H24.4,7.545087169262728,2.339378347827366e-11
SH3BGRL2,14.657369711029212,1.9242114118354004e-26
MYLK,5.433646940912443,4.0319293324414936e-07
FLJ45079,2.473536759427204,0.01509851502977011
FGL2,9.647301371597905,7.055811667425541e-16
PTMA,-4.838382040067532,4.871388689561079e-06
TRPT1,-5.780426129468657,8.859184721814349e-08
ADCK2,-3.5193776206344203,0.0006578170499555192
TRMT112,-6.766241255099507,9.714565148951875e-10
NT5C,-2.1213768113987728,0.036412887699145524
C5orf42,-2.9073450196388255,0.0045082558705170864
ADPRM,4.935954877596189,3.2716732159742805e-06
WDR81,4.87654133855068,4.171214835172486e-06
SPOCK2,10.451494338954012,1.2704926252702019e-17
UBA6,-6.761688763559797,9.92494712956283e-10
KLHL3,6.645405884297065,1.7127624245631371e-09
CCDC160,2.8575854212387837,0.005213842694064357
AP001631.10,-2.693800828896761,0.008311685339653542
IPO4,-8.575065507826112,1.4816300590086442e-13
ARIH2OS,2.926273565769885,0.004263739726000611
OR51Q1,-2.7334885605575816,0.007436495795027372
SRSF9,-11.089181269839026,5.331396892935971e-19
SECTM1,9.578157817136914,9.969228120843032e-16
NIPA1,-4.607413600943854,1.2282227491843817e-05
CAMKV,-3.357469947343591,0.0011209743566012466
AAGAB,-8.434489946006812,2.9745444527377276e-13
PSAP,7.115661635516779,1.8514087367115974e-10
DDX23,-3.293779993555732,0.0013761331842585675
ZNF414,2.181871503084856,0.03150950748444985
HRH4,3.5813526163287026,0.0005340729755003024
MED20,-7.621398116406977,1.6147403173084523e-11
PALB2,-11.092607133606709,5.241631497177797e-19
ARHGAP19,-2.187129650044886,0.03111181674476508
ZNF493,9.454096868325635,1.853383660820609e-15
HES4,-2.924021959143027,0.004292171948637994
SLC22A15,6.02163453870491,3.013768778261074e-08
FOXE3,-2.2210396619464663,0.028650633772696114
GLIPR1,4.097435814088611,8.613057605159436e-05
RNF149,5.144884263995702,1.3755632302527892e-06
TTC32,-2.602181533015665,0.010699683414709798
SH3RF3,3.9333747467386995,0.00015644634852104912
HS3ST1,-2.274440490171921,0.025119584553166645
OSTF1,2.257947145531086,0.02616699730656812
NCAM2,2.571299914340027,0.011634556255545143
SOHLH1,-3.848025901370948,0.0002121171799693997
NETO2,-4.930410876351769,3.346898983385664e-06
REXO1L1,-2.4286175201915885,0.016979412215931123
CXCR4,2.003139742256521,0.047923909306684206
MLPH,14.332056763106552,8.682392651058232e-26
YARS2,-7.366836184110008,5.5419019022929624e-11
TIA1,-4.590962587281796,1.3105744360343729e-05
ANKRD36C,-2.6090565950996893,0.010501016449758985
SLC31A1,3.54028527778303,0.0006133222784311672
ZMYM6NB,12.455751307027471,6.512525724265133e-22
SALL1,-2.2881815125353224,0.02427528214970881
MPP1,10.553087347444082,7.65701909299981e-18
RHOA,20.4322083984113,4.186905587171991e-37
CD5,5.037904713177854,2.14868786791575e-06
ZNF512B,-4.268447664141926,4.550863481449977e-05
GPN1,-9.540460421141068,1.2036477511261646e-15
LRTM2,-2.0187965778951154,0.046240222271952625
DCAKD,-6.3376718924618,7.142804972691281e-09
NPHP1,5.363862394400541,5.440322538970978e-07
CSNK1G1,-8.883695036734636,3.1935911591246066e-14
SVIP,4.744230799493972,7.123367913852191e-06
CHODL,-5.300519947411644,7.128759320229273e-07
HTR3C,5.746809578859761,1.0280104640726505e-07
FAM72D,-8.961974941707531,2.1621993149785944e-14
FAM114A2,10.12938488111627,6.340774453246357e-17
IL22RA2,-4.335319677282384,3.5310443362298886e-05
TWIST1,-4.741322187986119,7.207011994310018e-06
BBS7,-2.4207994727094437,0.017327315358510918
DKFZP547L112,-2.638570491481999,0.009685478295828194
IDH2,-5.265445143615745,8.27408156826776e-07
GAPT,6.704839927634531,1.2964292172942487e-09
PLA1A,7.095110032059513,2.0424082897240152e-10
METTL14,5.178759542021374,1.1931979219185482e-06
PEBP1,9.637275781885604,7.418458323804977e-16
CPEB2,6.085708380868453,2.2561971856915576e-08
RPH3AL,15.390511223022052,6.759322780566786e-28
OTUB1,-6.875705047539091,5.795472777637298e-10
GLYATL2,-2.9559406395452683,0.003904967323049115
MT-ND6,9.366220875744682,2.875212110846384e-15
STK24,-7.47862345433949,3.228601382926672e-11
MLLT1,3.5851409272685046,0.0005272721774451282
NUDT22,-4.574093166160568,1.4005655788091935e-05
AC005609.1,3.2202375001297936,0.0017381017029147565
PLEKHA2,2.358943411725956,0.020311167484736898
TRAFD1,2.44663602815007,0.016201186585250583
C9orf57,2.597784877977931,0.010828504907545076
EIF3D,-6.355644743823994,6.57570604745309e-09
C5orf15,2.9545207123371986,0.003921484072193872
FAM132A,-3.628387716813129,0.0004552241664644039
PTGES2,-8.4278246319271,3.074368717300148e-13
CENPH,-11.942995991216492,7.931095749865755e-21
PGLYRP3,-4.856208471330536,4.531130830148762e-06
TMCO6,-2.323682645999396,0.022208540152037066
DSG4,-3.796282068026958,0.0002545844998727671
PIK3IP1,6.282809242764281,9.189627997530342e-09
FAM25G,-2.4234722117075327,0.01720767082882423
CCDC124,-3.4920434713164035,0.0007205958366518603
LARS,-3.845538340374978,0.00021399402993008465
LAMC2,-3.9059499486673803,0.00017260270878439936
SCRG1,4.781998840927007,6.1192447284980616e-06
ITGB8,-7.364155819990293,5.614022321980072e-11
RFT1,-6.076603026934462,2.3511352159653956e-08
TWF1,-8.413684697984635,3.297330829985221e-13
SMARCAD1,-2.658382677714654,0.009170641363526225
GREM2,9.002949135556639,1.7627438758714813e-14
CBLN4,4.572370249105034,1.4100863934258792e-05
HIST1H3J,-5.530821750723857,2.648488928405864e-07
OR13A1,-2.9398351282297988,0.004096127034621652
ERAP1,2.348781722424094,0.020842668214120872
SATB2,-3.3660399445182403,0.0010902457879396394
PCDHB4,2.6282354926642926,0.009964298478653074
ZNF384,-6.300569093428597,8.470587225926285e-09
VARS2,-4.23593085395353,5.144026058967833e-05
TXLNB,4.206248583591056,5.7498935730430055e-05
DNAAF3,3.1284233713768628,0.0023147813676241986
KIR3DX1,5.759720057611179,9.709705779154666e-08
HOXA5,8.899538494583087,2.951254515506941e-14
DDO,16.83847793513976,1.1043945743042372e-30
DIO2,-6.005156558348101,3.246059918973162e-08
TBPL1,-4.706678080027309,8.279592594216436e-06
BTN3A3,13.239852806274797,1.4944495206669212e-23
ACER1,-2.2693445479923393,0.025439199128286707
FCHSD2,8.608348444268177,1.2559948237273268e-13
CENPBD1,-2.091559216043127,0.039063769406468975
FAM122B,-4.265105383046367,4.608655713008866e-05
PHYH,6.264233959998382,1.000613173520229e-08
RASL11A,3.482809068770418,0.0007430524060136945
SDCCAG3,-7.796896179561776,6.862729959056183e-12
TMC2,6.895850544045918,5.268410304829956e-10
UBALD2,-5.923933703882548,4.674838622093066e-08
PRDM16,14.44853492748812,5.054843434702804e-26
PLEKHO1,2.93585646655013,0.004144660578321678
TECPR2,3.0838724286808294,0.0026546566250279647
CCDC120,-3.9221920534291543,0.0001628516416142334
SERPINE3,4.344929502287934,3.403960883482519e-05
THOC2,-2.2256969358340473,0.028326266523617707
PRR7,-6.188662294382546,1.4132907989738739e-08
PADI1,-3.3207010616166373,0.0012622720366360825
TWIST2,2.957402250118453,0.003888032733617508
NBPF4,-2.2637267328167345,0.02579568045830848
HIST1H2AI,-4.803595275328772,5.608357833788964e-06
EIF2AK2,-5.808684178970147,7.815554278731025e-08
TEX13B,-3.8342708950323345,0.00022269529480660715
PEAK1,13.854176462693722,8.122908347751986e-25
CSTB,-3.7551199716723995,0.0002940286340740493
DKFZP761J1410,2.3298034148060514,0.021868359194093398
RNF10,3.410526041563817,0.0009430501052199477
NEIL3,-7.868033908029623,4.845827868193904e-12
C9orf135,5.1824987122372725,1.174578015180842e-06
HECTD2,5.488805917545098,3.177611062378836e-07
CYP2A7,4.259227975827339,4.712001399579142e-05
WFDC10A,4.677644653759547,9.296394021892774e-06
OGT,2.149447282504169,0.03406102319087092
AK9,4.40681521027666,2.685179006936625e-05
CNGA1,-4.1972815798816745,5.946040466812743e-05
NPBWR2,-2.353597346360144,0.02058927451467016
CSGALNACT1,7.214128027905205,1.1553873502867552e-10
ZNF501,2.04343923975077,0.04369272748377394
C11orf68,2.7128435063814065,0.007880701969983578
UBR1,9.21370529574049,6.15882264058669e-15
ATP5G1,-7.579366560875698,1.9807291189216587e-11
SFRP5,6.103564973395671,2.0808496315891752e-08
FFAR3,2.522414661335356,0.013265509016720838
TESPA1,7.566701891931217,2.1063782166691875e-11
DGKG,-3.0440796154384766,0.002996820954578394
AC074212.3,-3.852497667487154,0.0002087826568759581
LYPD6,-5.436784447456255,3.97781046822951e-07
H2AFZ,-9.985452787613989,1.3015107210720654e-16
SERPINI1,-3.2892014978995854,0.0013964295890159088
SLC10A3,-2.80436052663706,0.006079593931810824
AP000769.1,-6.253050785043413,1.0531799625747463e-08
FAM8A1,13.615961164912374,2.500377457603128e-24
ATP5D,-2.842751278470638,0.005443006546798281
OSTM1,6.985446530641537,3.444023371367824e-10
AP1G2,-2.3348088086153185,0.021593598829385576
WDR18,-7.5467276783005115,2.3208299184628833e-11
ARHGEF15,14.622890903030978,2.256050517762504e-26
BCO2,3.814329127709276,0.0002389279202699543
PIDD,-4.601516664488631,1.2571485488006427e-05
HDAC1,-10.83522112214534,1.8805780201195517e-18
FOXC1,-2.3839997417133123,0.019051583852503187
ANKRD13D,-2.6181386937696227,0.010243682275718367
TPCN1,10.418694950297494,1.4962513282300653e-17
TUBA4A,-3.9355300938388242,0.00015523978458789899
TMPRSS15,-2.617977442477289,0.010248201061469314
CD163,5.3007559168452785,7.121605568651981e-07
TDRD5,-6.483849042651338,3.6357106384705505e-09
DSP,-11.489562467375983,7.363864254294168e-20
TRIM32,-5.3886220782598935,4.892759886945732e-07
METTL1,-7.441040706617848,3.872565954962604e-11
EMC7,2.239998170030469,0.027350217451611616
OR5B21,2.0819292469208186,0.039954731612248516
WDR4,-7.73882909470303,9.112755806185325e-12
NHLRC3,7.914844549831514,3.8527747689160146e-12
SNRNP48,-3.7448034882532655,0.0003047894288729208
TBX21,9.856001757738813,2.485644661190352e-16
EFEMP2,8.727569822483977,6.945709225112514e-14
ACTR3,-6.389120617822647,5.635413988550101e-09
TCEANC,2.9537067639921095,0.0039309810323911515
KCTD2,8.271408246417254,6.663688186610299e-13
MAB21L3,-5.400466638624821,4.650270168518967e-07
B4GALT6,-5.659033975549955,1.5131737143357383e-07
GLYATL1,-3.58685434296167,0.0005242232273127981
GPR37,-3.6423236483298167,0.00043406736670320703
TMEM87B,-4.0001805985907835,0.00012291678220893558
PES1,-8.41035720010895,3.352100162464864e-13
ANKK1,-2.78409042178294,0.006442521173382075
B4GALT7,-3.291682579774328,0.0013853964606597186
MZT1,-6.231258319597374,1.1635638716658767e-08
RPAP1,-7.535893192167822,2.4460891596424896e-11
FUNDC2,3.7725959564540736,0.00027661975554002353
BHLHE41,3.7142827425002434,0.0003388598588667616
MYOM1,2.645040176724032,0.00951455074218098
NPM3,-10.106287960181637,7.116188966966366e-17
KLHL17,-4.323941258249406,3.6874350140926804e-05
MASP1,2.2591018600564334,0.026092438457169055
TMEM100,9.973757969372812,1.3798425305472016e-16
FASLG,4.050008639537331,0.00010250962464253792
CACNG2,-2.4531621537754043,0.015927270806171148
SPATA31A3,-2.4316058707182497,0.01684808357030688
SLX4IP,-6.651778102899636,1.6624438464842287e-09
ZC3H10,2.1028541166502412,0.03804064859104068
CDC42EP1,2.5118002863512885,0.013645672377223805
TEK,14.071236003701875,2.9323448818664964e-25
SPG11,5.520246474064765,2.7729037002673965e-07
FGD5,16.915086421043732,7.923071608567428e-31
C6orf136,-5.507790478047311,2.9268062086596485e-07
HLA-DOA,14.727866643685557,1.3904949262106645e-26
KRTAP9-8,-2.280621680656313,0.024736645070196135
PLEKHG3,-6.738795084633523,1.1053241519666525e-09
DAZAP1,-8.816028347258865,4.472978687867625e-14
ARID5A,4.690149560020348,8.844410543517673e-06
AP003068.23,-3.178422804099694,0.0019817455206187383
SLC35F3,-4.251711375907468,4.847424213604989e-05
KLHL2,10.013986969165122,1.1285537545246894e-16
CNR1,7.089172363580659,2.101142120162389e-10
ING3,6.151045770710105,1.6773063851222774e-08
SOWAHA,-2.606236838377441,0.01058209173291182
SOX21,-5.956531196808997,4.039241556442868e-08
THOC1,-4.836380953944476,4.911100420303648e-06
PCDH12,9.647106673082268,7.062682673254813e-16
SRGAP2,7.920788391399881,3.742134301683016e-12
ASAH1,21.299611764765633,1.4942059029530595e-38
ADAMTS18,-3.5494735293545627,0.0005946813309195064
NCAPD2,-11.015161132918832,7.695689390235194e-19
FKBP1A,2.138787467851516,0.03493815259824707
GLS,6.811590195740597,7.845570424147603e-10
SPRY2,6.2041810802730195,1.3167206245151684e-08
UCP3,2.298398188301127,0.023663817808674617
MEX3C,-5.900167698425144,5.199309928077673e-08
TMEM232,5.846022276971091,6.619991985006854e-08
HAS3,-4.9616789690329055,2.9436316773553965e-06
PIPOX,-2.9045367647148725,0.004545612029241397
CLEC4A,8.486500429544702,2.298832918801262e-13
SSX1,-2.911643469715144,0.0044516233539375555
AQP3,4.007453433746573,0.00011971282157970792
FAM161B,5.737344979908516,1.0719050917243497e-07
ICAM5,5.606800925748307,1.9021294315103528e-07
MAP3K13,-7.623874996799953,1.5954048355051104e-11
GRB2,3.408990237250618,0.00094780399621057
RNLS,2.107752748917729,0.037604162012255374
ADAM8,-2.6920269454983665,0.008352903586837148
CDC20,-10.877933663978515,1.520952749811253e-18
MIEN1,-3.919040877912471,0.00016470135895002618
SLC23A3,-3.3518452469984186,0.0011415821817600765
FXN,-4.974475741739709,2.79260489026503e-06
ARL1,-3.430131592806602,0.0008843011742644366
COPS6,-6.380473550039731,5.864745774455784e-09
TIGD5,-7.548372032744331,2.302384662216988e-11
CCDC140,-2.0341848587938687,0.04463495146616732
TIMM17A,-5.500865605474094,3.015957597808109e-07
GOLGA8S,8.029005846649422,2.1999831024460476e-12
NRTN,-4.354434048745092,3.2826138965962524e-05
FADS3,9.55401287590468,1.1248088302571894e-15
IL1RAP,-5.952624032083452,4.1106901361918574e-08
DOCK8,14.73538125476849,1.343216459238794e-26
NARFL,-2.2550267343572266,0.026356400530347556
GLTPD2,3.5861424737406007,0.0005254879370889832
BTF3L4,-4.685132759956091,9.023119609089323e-06
AGER,15.64256855314186,2.1704495290466405e-28
CCL24,2.3026765463682755,0.023411816885912966
C2orf83,-2.2330956552452355,0.027817569134785794
NGEF,-5.104462756292972,1.628970216717844e-06
PAFAH1B1,-4.472778216199121,2.0808305787439215e-05
KIF1C,18.51388268441185,9.174378731006347e-34
NRIP1,-2.3063775813649423,0.02319573199898694
CCDC69,23.770827914942412,1.7924050386573375e-42
GJB4,-7.293531008265291,7.889362592617604e-11
CNTNAP2,-6.089241060144821,2.2203892142303653e-08
TMCO1,-5.6295719340760275,1.721787752589687e-07
KDM2B,-2.6849968683747463,0.008518087671956788
ANXA5,14.91859934576565,5.791239166862704e-27
MAPRE1,-4.202486717876738,5.831412120555649e-05
IFNA13,2.522136216842016,0.013275359083685491
ZNF189,4.029394230817581,0.00011052430558039488
GFOD1,2.5543645705272606,0.012177906788366503
KCNJ8,11.769615455772778,1.8560048469851488e-20
STMN3,-3.1656222358655928,0.002062471958721994
EDNRB,15.372589937517988,7.330126764762404e-28
TRMT61A,-2.539518572347362,0.012672887888735043
AC114546.1,-7.517861296685232,2.669620873886294e-11
MYOZ1,10.788360336706726,2.3739054285623674e-18
ZNF524,4.156476573554902,6.922806180268948e-05
FXYD1,20.525545248580702,2.9126597852123004e-37
ZC3H11A,-3.9196320440876096,0.0001643528263598133
ZNF835,5.34987461049275,5.775721583285899e-07
ADIRF,11.146131781180621,4.020568892302931e-19
FPR2,7.609906193905895,1.707542311302789e-11
PCDHB14,-4.354514650134349,3.281602898759779e-05
SLFN5,3.2388297320560624,0.0016390120282395101
CHERP,-6.243084250659525,1.1023180829951171e-08
CPN1,-2.9346464728900963,0.004159525355782817
NES,9.51311438138122,1.3799460360167587e-15
AKNA,9.970917749163544,1.3995676670537585e-16
EFNA2,-3.5378058563983887,0.0006184462750513517
SLC6A14,3.901957186028827,0.00017508380998020555
GPM6B,4.957743069068542,2.9916619629947084e-06
TEX30,-5.237485731147108,9.314204775928812e-07
PARL,-7.6721469985728845,1.2613427307656214e-11
ZMYM2,-4.642976497331601,1.066975096493625e-05
NUFIP1,-4.55345326672257,1.518829724095234e-05
HIC2,-2.4125224957161575,0.017702544672294998
C16orf3,2.2127883638103953,0.029233295125964558
ADAM33,7.6356976202360105,1.506237147568772e-11
CXCL17,11.202337898967453,3.043810811539201e-19
PSPH,-3.4003686832042717,0.0009749120285984335
SKP1,5.629196779730541,1.7246182773494053e-07
WDR5B,-2.654689133711735,0.009264698738765833
CAB39L,9.736320796439152,4.521397705135093e-16
OAZ2,4.900811616946786,3.7779133791466644e-06
ARL13A,-2.424647841148236,0.017155277456330824
RP11-474G23.1,-3.07064468853409,0.002764155278288229
HDAC7,10.574361768812485,6.8869871753330065e-18
HIST1H2AJ,-6.334221018863144,7.257089433362382e-09
TSR1,-8.408135858211851,3.3891663663017487e-13
SLC6A2,-2.70886346689418,0.007969063262514158
SPRYD3,7.71029299942102,1.0473701123670566e-11
PEBP4,14.876220435164008,7.032767493244263e-27
ONECUT3,-3.204044659228942,0.0018289322151605642
SLC28A2,2.856833314995492,0.005225245164960685
GIT1,-5.562946289519072,2.303177200450317e-07
MVP,10.759545680748182,2.7396581601468652e-18
TTC27,-7.806424864807758,6.550428116183743e-12
DGAT1,-2.345274555612231,0.021028945117986204
CLPSL1,-3.047631369995607,0.0029646959948948434
RBM23,5.121991457600062,1.5139300013315726e-06
TPSD1,5.33511226521695,6.151635158611735e-07
SHOX2,-6.175817619530336,1.4984766883083205e-08
GCDH,-2.926490528758936,0.004261009200225699
GTF3C3,-7.931603725640217,3.548862999722035e-12
PPAPDC2,-2.227422731538906,0.02820688757730743
DNMT1,-6.21321578185492,1.263527959433887e-08
DDX11,-8.938129199906012,2.4350402657502657e-14
LRIF1,-6.252333920541958,1.0566410139958328e-08
UBE4A,3.5791706350179293,0.0005380276570809552
HHLA1,-4.840707223064387,4.825637314987516e-06
OR9A4,-3.28979430617115,0.0013937859741594831
SYDE2,7.747869050856344,8.719463579608026e-12
TMEM140,10.36638342151548,1.942339052848061e-17
TSTA3,-5.869637013483663,5.958717336136692e-08
GRIA1,9.289681838862363,4.214269783924053e-15
SNRPC,-7.7700049485117075,7.826246313702258e-12
CTC-273B12.7,-2.527297115181196,0.013093853337736319
MELK,-9.546727143321892,1.1665281332799679e-15
ARMC10,-6.799928835587024,8.289083398041705e-10
TNFRSF1A,2.49999947757902,0.014079774863283113
EXOC6B,-6.651239863274266,1.6666369320194017e-09
DBX1,-3.881784262458454,0.0001881487320291418
U82695.9,-2.5029591336437016,0.013969754229570688
TMOD1,11.923504676611845,8.72552342292634e-21
FGR,16.05232992986112,3.482564395182472e-29
ULBP2,-5.033273586144052,2.1903345286844262e-06
RNF130,13.081288648141275,3.190101033763545e-23
FAM13C,13.064213698989942,3.462066867765635e-23
MINOS1-NBL1,-3.8868335628734365,0.0001847939161123857
PVRL1,-10.654273685493953,4.625912000148898e-18
RPL39L,-8.315062666306353,5.370844694305274e-13
SIGLEC14,7.962567171683711,3.048759028443536e-12
SSX4,-2.0777587388162546,0.040345985192058884
MARVELD3,-8.257977211045258,7.12064962685873e-13
MAP6D1,-5.15522922165677,1.3171629833413072e-06
PDIA4,-9.167104802289876,7.77195934054038e-15
PCDHGA11,12.376119015092517,9.586938086257606e-22
IL1R2,-2.5103817449776886,0.013697212110227687
WTIP,5.854432367822674,6.37660365578463e-08
EDIL3,6.5407804621414245,2.7907155500238583e-09
RASL11B,-3.8432151049037593,0.0002157611866408407
CCDC82,5.698408516733573,1.2726802848977655e-07
IL17RE,9.54032826367391,1.2044431412449404e-15
WBSCR16,-5.826027210581395,7.235927618533146e-08
NR2E1,-3.153821144275736,0.002139598732775163
DDX21,-2.5210257189647143,0.013314708649397532
GABRQ,-3.2728076463282125,0.001471424519516869
C8orf82,-4.801627146628198,5.653143933174786e-06
ZNF439,5.6833676722120705,1.3597572359922184e-07
KREMEN1,-7.821972360323691,6.070928755934776e-12
GLE1,-3.4506641785943897,0.0008264775383478556
NEDD1,-2.586042253110235,0.011179451873075008
hsa-mir-1199,5.863226264530465,6.131520550543081e-08
C2CD4B,2.942180629939937,0.004067761428608549
COMMD5,-2.7549426125261074,0.006999149634370297
ARL15,3.5475179282455334,0.0005986033953284057
FSTL4,-5.004434526777438,2.4679535988135107e-06
PTRH2,-6.102792897230732,2.0881455516987608e-08
KANSL2,-4.461101517182691,2.17725359294287e-05
EIF2B2,-5.453909994594522,3.694720109994739e-07
SMEK2,-4.133885055533884,7.528068656368607e-05
STK17A,2.3603692662757334,0.020237557592031597
IFIT1,3.4943966258030366,0.0007149765545395441
ARHGEF19,-8.170154526374972,1.0982201633087811e-12
ZNF335,-2.6085404125914815,0.01051581594673761
BMP8B,-3.89679677796425,0.0001783409608798683
SHISA5,2.656020187157371,0.009230702732278589
RNF24,-3.7752172127312162,0.00027409470229756077
SENP3,-6.0274139344570115,2.936238369634059e-08
KRBA1,-5.913572594590533,4.8967587012619146e-08
ST18,-2.3592223746250087,0.020296747362705918
SCN2B,7.346956186819468,6.099504744214267e-11
SNAPC1,-5.308163224664597,6.900577811782306e-07
ACOT2,12.732649029397626,1.7054359251024372e-22
TMEM11,-2.3881798533682237,0.0188483355521759
TCEB3C,-2.0110378720467197,0.047068141295018476
DUSP23,-2.0189786599033104,0.04622094306479388
DUSP6,8.274284316201548,6.569700422194544e-13
RP11-187E13.1,-4.282090637594706,4.3221143964973235e-05
DYNC1LI1,8.48368572456713,2.3311284019293175e-13
THSD4,3.2612302595867924,0.001526638560246092
TMPRSS2,13.559803895004967,3.2622482149284152e-24
ZNF251,-5.141716933827645,1.3939438417203605e-06
SLN,3.4690339193548887,0.0007777809902529634
KRT78,-4.036808296448694,0.0001075750263895262
PTGIS,5.665671493595057,1.4697169341660582e-07
PID1,19.507066791270965,1.6165527770921024e-35
TACC3,-11.427194865637405,1.0016808909507087e-19
ARHGAP8,-3.4904372427842834,0.00072445536917078
KDM5D,2.636496013029415,0.00974087108518719
BNIP3L,2.77318101576549,0.006645940274138417
FAM101B,6.930778973331371,4.464732198185574e-10
ZFYVE21,5.149660665793981,1.3482915301740986e-06
CDKL3,5.316109400165827,6.67093046433363e-07
NPC2,13.814693379474992,9.782558181920448e-25
TTC39A,8.299422294974958,5.802451787039219e-13
GNRHR,-3.548712553898973,0.0005962046134488511
VPS18,3.8572853293909253,0.00020526800180754442
ZNRF2,-4.17973517632193,6.348625134661782e-05
RFTN2,4.918970299713676,3.5074951505801204e-06
TXK,8.670238817170686,9.23592245259192e-14
NR2C1,3.684110202798443,0.00037607655994453316
RNASE3,3.0133053877702443,0.0032889728918846436
ACAD8,5.731974271352916,1.0976267071920592e-07
CAV1,14.659595499097952,1.904558898071097e-26
DOK4,13.769489891750128,1.2105568818188373e-24
FAM187A,4.16430439007922,6.724207424344762e-05
SLC26A10,-2.9241866141741903,0.0042900868619692376
NUDT13,5.644362814833177,1.6137524196603716e-07
ZNF207,-7.654887301214534,1.3719338381249394e-11
SYNGR4,-4.838877125534048,4.8616119558310524e-06
SERPINB10,-2.1239886983648435,0.03618827529851382
FICD,9.436334570492885,2.0254260931570803e-15
MTERFD1,-8.829311610623783,4.186797012999872e-14
ETV2,-3.621182517494056,0.000466542281466119
FAM129B,6.6149421799557695,1.9749207163661744e-09
PDCD5,-7.58657186955567,1.9125978953836538e-11
DNTTIP1,-3.6918178931537993,0.00036621665945033694
SYCP1,-2.120344600260592,0.0365019859453747
KLLN,-2.58458660820926,0.011223663240606453
EGLN2,8.729699520856466,6.872543225696897e-14
SUN1,-4.838715807168314,4.864795503879784e-06
PPP1R3A,3.0065772628163,0.0033562589694412955
SIRT1,8.229510267885484,8.194976468431141e-13
SLC12A2,3.60076084326094,0.0005000871017982384
TROAP,-11.566683250547008,5.035425285358765e-20
NUP37,-10.087296454164884,7.824380098369813e-17
IL12A,3.4234700628962935,0.0009038651941407379
CTSW,12.393599106736206,8.80634792385115e-22
PALD1,9.45852065079838,1.8128577134192163e-15
KLHL4,2.158207030562336,0.03335460656821345
SLC27A1,7.609284572075024,1.7127106066013882e-11
MS4A2,11.512875124023948,6.564294474257372e-20
ARSK,2.768067597697706,0.006743289807923155
AP1S1,-7.45860238126091,3.5571568994386915e-11
TXNDC11,12.884203390374456,8.216857302751919e-23
RCHY1,6.119542812308848,1.9353792391455286e-08
EIF3B,-10.22360450687901,3.960945304908123e-17
ZNF136,6.887764227430888,5.474010329949703e-10
CALU,-6.06863565317429,2.4374294043405047e-08
NBPF10,3.5944179037367388,0.000510962449391608
EDC3,-6.524682976075389,3.007685230320157e-09
COX10,-4.096456421800483,8.644187062419726e-05
FZD7,-4.941639050064208,3.1962553670821145e-06
CD52,12.584326865316552,3.4925853650393823e-22
LTBP3,5.130689458548853,1.4598280960369076e-06
TBX2,10.468081527075462,1.1696499889836277e-17
NAT14,-2.5650539162015193,0.011832357099595278
SLC35B1,-5.025898332005853,2.2582881332988198e-06
CHGB,-2.623977596471458,0.010081265536496463
DTL,-9.23920240927752,5.422597941662753e-15
AP1S2,10.00723543347129,1.167277504347983e-16
B3GALT1,2.016837420729825,0.04644809705842214
SIGLEC9,11.69999621211804,2.612961036126454e-20
MYL6,9.844084797792188,2.638213227857008e-16
FAM73A,4.646707990195886,1.0512971542757926e-05
KCNS3,3.169928360804903,0.0020349797082902105
DHX35,-5.776048858715894,9.032653323825859e-08
PHF17,10.958434395397099,1.0197659098683371e-18
POLR1C,-5.717752245920301,1.1687042343221762e-07
CMTM8,11.797747080753505,1.6165815193938017e-20
DFNB31,-2.525439209641217,0.013158936489418684
FOXS1,3.1338323841823366,0.0022763906516429905
ARL3,2.0807369401059788,0.040066252111389054
GSS,-8.075883319030957,1.7470703074724523e-12
SMARCA4,-6.041169495611678,2.759522162240769e-08
HSCB,-4.133384930065355,7.542026333883677e-05
CYP7A1,4.7130688910350385,8.070722843475035e-06
HSD17B10,-6.5389412441141,2.81470059580082e-09
CHST2,-3.9988654334239437,0.00012350485758654402
TTC9B,-2.176885118699627,0.03189072650556108
ITGA2,-5.653562766162286,1.5499408790605827e-07
RGS13,8.43624654548299,2.948778756060596e-13
ESR1,5.80663225440513,7.887081936210019e-08
MYOZ2,4.0134093622983515,0.0001171487031992996
SHANK3,10.421623426070441,1.4745578933669258e-17
CLEC2B,3.8211322773609235,0.000233267455170682
MCPH1,2.5497170286330104,0.01233095762477519
SNRPB2,-4.569757769909522,1.4246425702407289e-05
C1QTNF5,9.16328908935912,7.921401393099158e-15
HDC,7.087181170978727,2.121211035940469e-10
CCDC30,5.457894680796775,3.631737831906527e-07
EIF5,-4.888786359196455,3.968048116464951e-06
TBC1D14,-2.888830295603065,0.004759843711119612
AMDHD1,-1.9981089797565235,0.04847588903050925
OR10S1,-2.2285938945149977,0.028126125334035204
LRRC49,3.137703822247427,0.0022492774717967467
ZFPM2,5.947922861006338,4.1983086383920834e-08
BPHL,-5.726499130860009,1.1244724575442378e-07
LY6G5C,11.549436498737293,5.481952537234418e-20
SNAPC2,3.448825150123644,0.000831507697779769
TRIM49,-2.219998754264069,0.028723572840485972
TMEM86A,3.1510845881170164,0.002157863129406004
TRIM63,4.648709397473684,1.0429804538789437e-05
CD300C,13.697291817300288,1.7020940754224926e-24
ECSIT,-2.522007660210083,0.01327990903223899
FNTB,-5.488469778526674,3.182236368863581e-07
SH2D1A,4.404716467861625,2.7069530863663102e-05
RHOV,-7.732752314499218,9.386996731368748e-12
AC012313.1,-4.8969873720124735,3.837397242960814e-06
C5orf30,-3.7990998831825125,0.00025207717908101225
MLC1,6.0483197676829255,2.671844737530057e-08
WDR49,4.349035719829509,3.351014203570278e-05
ECT2L,4.1662047117353325,6.676826700992316e-05
USP21,-6.269524448631005,9.766555431448518e-09
CANT1,-6.525785794959705,2.992303199263214e-09
AGAP3,3.8376716596136857,0.0002200341488511073
CD3D,3.682851893411023,0.00037770995711930314
ACADVL,4.329294372621464,3.613045022873519e-05
AC016586.1,5.86253881798479,6.150340894176208e-08
FAM69C,-4.123707337408411,7.817054422065307e-05
SHFM1,-7.736707284047355,9.207594290925398e-12
RUNX2,-6.708956401035485,1.2716233470560735e-09
MRPL17,-5.647422442078972,1.5922495407785553e-07
ALDH1A2,6.244934342682999,1.093028694835728e-08
METRNL,3.8397468310444633,0.00021842521810389536
ID3,6.813931309466433,7.759405467314954e-10
COQ10B,3.804833963136492,0.00024704735347855087
HCCS,-4.341226795902606,3.452395520237699e-05
OTUD6B,-6.1155570674501725,1.970700630014802e-08
ITLN2,10.379356410727052,1.8206172641531057e-17
FIBIN,6.400190080040976,5.354721249010207e-09
ZNF148,-5.105273661671698,1.6234649812032889e-06
POLR2F,-6.581791858034288,2.305400343318833e-09
KLK12,-2.833703871867379,0.005587269834220699
C12orf43,2.1994585639325184,0.030196451054950967
RECQL4,-11.529509450570636,6.047561539799635e-20
PRR5,-6.946158160953109,4.1505842821885835e-10
TLX3,-5.612327895419043,1.8567237781414235e-07
ERBB4,10.537661342328482,8.268770541680871e-18
MEMO1,-11.69038151229936,2.739437371398243e-20
AAMP,-5.737517236449379,1.0710899910737281e-07
LRRC57,-2.78928837809849,0.0063476135375572715
TAGAP,8.470775699839638,2.4851485353829783e-13
ZMAT4,-2.3362059409962646,0.02151745296014928
PRPSAP1,-3.407267388334892,0.0009531636792708135
TMEM65,-6.96034925613443,3.880181561663678e-10
CHRM5,-2.110384008395806,0.03737149812119491
IVL,-4.584605400534182,1.3438095371737472e-05
TUBB3,-4.985052438964691,2.6735007643771818e-06
JMJD1C,9.540010242030483,1.206359309615022e-15
VPS37B,3.200272622735213,0.0018507173843586551
PRDX2,-6.089832122908151,2.2144530112939806e-08
TP53INP2,4.389957939167798,2.8649557686515986e-05
SLC16A9,-5.574602259261456,2.1891389866008176e-07
ANKRD36,-2.0081335953062003,0.047381292331357724
RSAD2,2.9222389706697336,0.0043148104097547385
TCERG1L,-2.0806119985062246,0.040077953826761194
SYT5,-3.1584027998553093,0.002109341565219448
CLDN8,-2.6775837008402923,0.008695480561989264
DIDO1,2.0694722988724386,0.041133168531476236
AC106876.2,4.214146948638319,5.582288916786445e-05
TTC12,3.703136030597451,0.0003521818495791819
FXR2,5.827109402583699,7.201194632355976e-08
CDK14,3.078963136103432,0.0026948171011040873
TICAM2,4.99925208378664,2.52135345238892e-06
ZNF441,9.722928963047357,4.834464600614435e-16
LTV1,-4.486656316627807,1.9715909460272896e-05
RANBP10,4.644729891744454,1.059580150676489e-05
CACNB1,6.702839997339269,1.3086530167917993e-09
HSPA4,-5.872646115012958,5.8792670239466316e-08
HOXD9,-3.6360884373261686,0.0004434154835665341
NR1H3,5.760876963424172,9.660137526164172e-08
XDH,-4.024638569291596,0.00011245668622395297
MBIP,16.127416610863545,2.496199679422733e-29
MPRIP,9.864231969510595,2.3854599178629405e-16
TMEM42,5.6684166120049975,1.4521045672548489e-07
FAM193A,2.5170318541487386,0.013457094587494065
SPRR1A,-3.418850167760148,0.0009176715986267947
LRRC56,2.9835749950170585,0.0035960286772766656
WBSCR22,-5.737200594291916,1.0725887794145736e-07
TADA2B,9.12656334962133,9.514900131265234e-15
BRK1,8.41784058196476,3.2301776402208083e-13
STXBP1,12.014188527955167,5.597840585478348e-21
ERG,14.1438428112676,2.087973800807296e-25
ERP27,5.547635944664522,2.461858621387349e-07
TMEM171,-4.257322334691943,4.7459856432367164e-05
FREM3,6.760617455586587,9.975106762472837e-10
C1QA,11.61147595296192,4.0387450886824105e-20
PPIH,-6.399982359477586,5.359859157193079e-09
SLC39A6,-9.539508130829793,1.209390874384631e-15
FAM47E-STBD1,7.503507607050762,2.8619680511819322e-11
CHRNA10,5.135385287153991,1.4314091305669277e-06
DPEP2,17.557123091778244,5.045002609793975e-32
CACNA2D1,-3.9602440278704245,0.00014202541886614055
ASNSD1,3.441471816055245,0.0008519103000554016
DNAI2,4.33328901828574,3.5584778448180486e-05
CCDC86,-9.609490474273613,8.523889575715027e-16
FAM175B,3.3005748305507834,0.0013465203777284732
CDC6,-12.4646413666219,6.237601793299252e-22
SH2D2A,-4.216554374630019,5.532144154559645e-05
HPRT1,-9.421730730135092,2.1787677309170056e-15
TRIM50,5.746904451494334,1.0275795323013274e-07
PRKG1,11.266634822126337,2.214376716586255e-19
NIP7,-5.797847921942589,8.200637211074001e-08
HRH1,3.4325412561444084,0.0008773229991799294
RP11-162A12.2,7.31962097428686,6.958201271856124e-11
NEK2,-12.406835672973425,8.257982024860272e-22
SUSD2,19.92280413681541,3.0903851185798256e-36
SEC14L4,8.9221337039382,2.637059217386019e-14
RGMB,4.194290242903818,6.01289308905093e-05
REM1,7.467193678774958,3.4122875117498976e-11
RP11-169F17.1,-2.9218263250223977,0.004320065377559034
TMX1,-5.087212082847483,1.7504956564457847e-06
APOO,-5.128582850012786,1.4727554635304754e-06
RANBP3L,7.746027243373251,8.798199700812003e-12
TTBK2,3.5409345917962463,0.0006119870418154961
CCNY,3.0815349998042283,0.002673708192781655
FUT7,3.4854135848246495,0.0007366527149553326
HLA-B,8.95009835117782,2.294045879321272e-14
CLIC6,3.949785037716066,0.0001474809178474155
MRPL38,-4.598413296403948,1.2726351929464664e-05
RP11-723O4.6,4.534790947352631,1.634041100855424e-05
PDCD2,-4.916993708867738,3.5359910853853465e-06
WFDC6,3.631301734055301,0.00045072104362156096
OXLD1,-5.648686721750101,1.583446605967979e-07
CD69,7.709071975796435,1.0536241400304986e-11
E2F3,-2.3403043511948485,0.021295450967086488
PDZD11,-7.202047464941651,1.2243133540858686e-10
CD59,10.181407987287596,4.889944228484624e-17
NCSTN,-3.0303994871121613,0.0031235913066706322
IFIT2,5.824551197957739,7.283565951166207e-08
MKRN1,-2.3229346903203743,0.022250428885400138
MRVI1,6.7390806035606605,1.1038416897611999e-09
ZNF229,-3.0785336683448166,0.002698357043052931
NEDD9,15.874036783580012,7.700805325512384e-29
PPM1L,-3.626466468650204,0.0004582164121008035
INMT-FAM188B,7.8516299435933865,5.2509968785264284e-12
RP11-152F13.10,-2.3338746838112647,0.021644642835027907
HOXA4,4.194687305297,6.003977832594848e-05
CELF1,-4.928990319379945,3.3664437334329573e-06
CMTM7,8.728213235064816,6.923523173670988e-14
NAB1,-5.256717328840199,8.585935482875455e-07
AIMP1,-2.5104414192441014,0.013695040458112477
ROM1,9.498930978248724,1.4813242375367816e-15
ZNF468,-2.2949597686677463,0.023868074073175528
TRIM48,-2.1918945967972627,0.03075521316065727
GHRH,-3.2984494046739052,0.001355718503774512
ZNF222,2.6295391401110484,0.009928732686050537
ACSS3,11.93387414401404,8.293423036538165e-21
RBM14,-5.919202368668523,4.774921444583423e-08
DTX4,10.636939858498348,5.042861238618958e-18
ARIH2,11.493432027190027,7.224686754365562e-20
ZNF208,6.3248138639648,7.577878547115188e-09
MXD4,12.442187250232356,6.955618210656718e-22
C15orf43,3.220646190343504,0.001735864677296153
AC131971.1,-3.0944381515930965,0.0025701005974459565
B3GNT5,-4.238415807156084,5.096188852059421e-05
VAX2,-5.65535812188751,1.537780232678245e-07
ZNF429,10.468095813651155,1.1695666827930623e-17
WBSCR17,3.232615268986181,0.0016715300963580414
PAK6,-8.890313742612223,3.0900273137834007e-14
MEIS1,4.64779995401509,1.0467516420863678e-05
HIGD1B,11.84893422265195,1.2575539330070467e-20
HSF5,5.294594301716155,7.310725931478426e-07
LAMC3,7.1690054171022295,1.4343768582063017e-10
PDHA1,-6.829080584711853,7.224045972304615e-10
AL162407.1,10.164376428359276,5.324056450353336e-17
USP10,-4.461238327172756,2.1760992470409107e-05
AC132192.1,-3.2428289781730224,0.001618398994259916
ZNF474,4.857379610911593,4.5096048808793895e-06
MFN1,-8.533367798691463,1.8221582420403682e-13
TCF25,4.710722955549894,8.146793678884067e-06
AP002884.2,2.914959914564982,0.004408376975315525
GPS2,5.582295400209625,2.1169255580576523e-07
KIAA1875,-2.3212872242063924,0.022342940196796734
CTD-2616J11.4,-3.3207952910026455,0.001261889475745439
KRTAP1-5,-2.576166968974594,0.01148249461633236
KRT80,-5.431480244980884,4.0697230013640764e-07
TMEM161B,7.162551467612307,1.4794004045176278e-10
SFPQ,-4.291665003817479,4.1682385761865944e-05
HERC2,-3.438767565368838,0.0008595313807266929
TREH,8.637502333554757,1.0867042624298374e-13
TMEM41B,5.6834228769721475,1.3594271790334179e-07
SEC14L1,8.4969108389395,2.1832138753158505e-13
FAM170B,4.15760888592005,6.89373378703568e-05
AKT1,3.050087244547864,0.0029426699449438304
H2BFM,-5.488520111492579,3.181543362414007e-07
VCX3A,-3.319667001499184,0.0012664773549962976
GIMAP8,13.724422207742244,1.497405371120023e-24
GAPDH,-11.261419339622053,2.2722429582690973e-19
CLN3,7.4866993468746035,3.1047702237557525e-11
PSME3,-9.154088377271055,8.293656706822132e-15
TCOF1,-8.471982858501649,2.470326871733807e-13
IRF2,3.899209111906354,0.00017681120624039875
UBA1,-4.013458769515403,0.00011712765416993284
GAS8,5.981198594565324,3.615561577985793e-08
SLC35C2,-2.8238826866733855,0.005747829778010994
NT5C3B,-4.5793893297556565,1.3716871904662971e-05
ZNF532,-6.152507071747247,1.6661966250493305e-08
SLC10A2,5.048547374032409,2.0558851868951926e-06
POLR2K,-2.790984229292096,0.006316927073817368
NOP14,-6.22770345917708,1.1826218784907977e-08
PCDHGB4,5.300892355022999,7.117472453895992e-07
R3HDM1,-9.288961294114767,4.229463782986211e-15
MKS1,-3.9199219591761136,0.00016418215930745714
KCTD19,5.760562220306635,9.673598188682833e-08
ALOX15B,4.6983758099976685,8.558780246638986e-06
ZFAND2B,4.810052637754819,5.463824537525343e-06
TNFSF13B,6.223688338743664,1.2045178379439369e-08
LAG3,-2.1335244545004546,0.03537838768819709
SPATA2L,6.259154876808805,1.0241586595712824e-08
NACA,-3.6761852151784846,0.00038647681798592603
CDC42,5.523582430352213,2.733051020168225e-07
IGFBP2,-5.128050291657273,1.4760412035389514e-06
PRDX4,-5.852051073010443,6.444610884309927e-08
SH3GL2,3.923482402314505,0.00016209995707815625
TNFRSF11A,-2.046587079191919,0.04337614511466959
SYT16,-3.317930413239418,0.0012735692752016766
PIAS1,8.161698066295514,1.1449627796536848e-12
ZFR,-6.315982798638994,7.891741433366407e-09
ZNF286B,-5.883157007929265,5.609835791714331e-08
TRIM52,6.707003418256679,1.2833329130331488e-09
DENND2A,13.720851711424118,1.522861461426289e-24
ALDH3A2,3.1212063016433524,0.00236694277145792
DCAF15,-4.850450136344107,4.638432972734077e-06
NETO1,-4.691117438800573,8.81032999771356e-06
ANAPC16,7.76575926547701,7.990208033721168e-12
TBRG4,-12.38979501444968,8.97060388197432e-22
CARD18,-3.4256187377879956,0.0008975107575979988
FLG,-3.092764528490869,0.002583325556234461
SLC35F5,-5.117026391933463,1.5456851462308626e-06
GOLT1A,13.056736700395582,3.588379362513981e-23
MS4A18,2.92377339560999,0.0042953213666097655
TESK2,-2.984329621321837,0.0035879179479660663
GCNT4,7.043188471510374,2.616441128689057e-10
RAB10,-9.646745944251421,7.075430655489426e-16
FOXG1,-2.5616325832892004,0.011941984143853732
APH1B,13.649746174909266,2.131009092535702e-24
CCAR1,-6.147946681555355,1.701109896823613e-08
RNF182,3.1560769852772044,0.0021246510602584705
GABRG3,-3.3472851994742983,0.0011585497353618134
MTUS1,6.726905473497942,1.168837915494081e-09
ISCA2,-4.014567335804203,0.00011665632101287209
CNNM3,3.254815009323598,0.001558062037275129
NDUFA8,-4.747546783336937,7.0291584713947896e-06
FAM65B,6.919574727652663,4.708324158592919e-10
ATP2B1,-2.4363686581437967,0.01664064457975391
TICAM1,2.3466906477046834,0.020953555350971764
MAPK3,13.116166702722936,2.6994046537539957e-23
PVR,3.728320710392626,0.00032276267761193107
DYNLT3,-2.066007908900083,0.04146616934483221
NR3C2,19.009808874206797,1.2026288174617482e-34
ERCC6,-2.580378110644056,0.011352373381067263
TAS2R4,2.5920319984909357,0.01099917721139621
STK40,6.733837957861107,1.1313787141011473e-09
RTDR1,2.4258086598832893,0.017103683606812466
C17orf66,2.1515082214251517,0.03389366394675304
CBFB,-4.715311604143171,7.998643924365728e-06
PPP1R14B,-10.677005620737148,4.130989671564765e-18
HIST1H3A,-3.112404785929293,0.0024320342405173686
DCP1A,12.669503701859778,2.313436291674148e-22
MLF1,-3.3228313672643504,0.0012536497295697537
PIK3CA,-5.437623370505933,3.9634608607070794e-07
TOM1,7.808417388352852,6.486932464757303e-12
RWDD4,-3.4728066977763525,0.0007681202798804729
FABP5,-2.928392803396709,0.004237137520253941
ZNF670,-3.2200696532890727,0.0017390212165446866
PPP1R32,5.805702803466859,7.919692887973205e-08
DPAGT1,-2.764556018938382,0.006810895228423429
PRSS48,3.5352319777104673,0.0006238082425295843
NDUFA6,-3.5348705353310734,0.00062456471511559
INPP5K,16.969959915938883,6.248596107473539e-31
MYO5C,13.783981991864325,1.13059896315771e-24
RGAG4,11.588037956524541,4.53274202830949e-20
LMO3,10.590764295327263,6.346658409887597e-18
CMPK1,5.711194308268453,1.2029835475929468e-07
MAP2K6,-3.3115912581444378,0.0012997744277293414
ELF1,6.651368815163548,1.6656313972347824e-09
TAT,2.656687903937582,0.009213691401899586
F2RL2,-3.6111048055438806,0.00048282044619658707
HIST1H4H,-4.755566795242835,6.806278244606045e-06
IAH1,-3.508823157851173,0.0006814197118868194
RP13-512J5.1,-2.0731250679374353,0.0407845543180602
CDK5RAP2,-3.3325224396464592,0.0012151179291954148
RPP30,-4.548786074433489,1.5468824658183176e-05
C11orf49,2.265889850491808,0.02565790268989877
TMPRSS11A,-3.610289547260304,0.00048416055540854633
LIMK1,-5.823880616678894,7.305310717236271e-08
DDX49,-7.520771303401776,2.6322202238270652e-11
KCTD13,-4.5575599235250985,1.4945539273437802e-05
PSMB8,4.927835258919818,3.382417510887974e-06
CCDC121,3.3855340466481936,0.0010232687049393217
ATRAID,-2.985495863315407,0.0035754163948825204
CGB1,-2.3613107401501097,0.020189083533471226
FPGS,4.410009805990409,2.6523598776682378e-05
INTS7,-8.71547440711767,7.376233948575913e-14
RFWD2,-5.503525367165526,2.9814051080470776e-07
LMAN1,-5.535007070784365,2.6007763903491104e-07
KLC4,7.400449549542286,4.711897301583885e-11
RRAGB,3.2186963458058337,0.0017465616694922797
TRIM35,3.281217611440439,0.0014324939527105814
CHMP6,3.9356006726637043,0.00015520042528815957
MTFP1,-6.105948491971629,2.058484117657477e-08
ITM2A,14.947179911903648,5.080844383188292e-27
DNAI1,4.063856924654239,9.744155235382409e-05
CTB-186H2.3,3.357451882057452,0.0011210399818013326
NAIP,6.312604391548847,8.01517630365423e-09
ULK4,5.921908726613498,4.717418110541395e-08
SRPK1,-10.290860307767533,2.8313354395506973e-17
CD7,2.2692154628115135,0.025447341465256186
BCL9,-6.157216798010889,1.6308816018248e-08
SOX4,-5.880154787544774,5.68552901505811e-08
DSC2,-7.23775627844158,1.0315128596701446e-10
HES1,-4.159797286499054,6.837878082354857e-05
USPL1,3.2535264540255837,0.0015644461906195292
FAM131A,-3.826789886642279,0.0002286576517146326
FLT1,7.792450425284517,7.013462935122171e-12
ACAA2,12.15408847097581,2.8262722944996867e-21
IL17D,4.450373444874856,2.269638717301923e-05
VANGL1,-8.705414571319123,7.754511407242256e-14
PRF1,9.867543784610154,2.3462948547827204e-16
ACSBG1,3.9666081865660248,0.0001388008212067845
BTBD18,3.0973989860478257,0.002546857956667985
HHIP,11.637941289076018,3.545519219033043e-20
NIPBL,-4.524992959434961,1.6978691758235145e-05
UNC93A,-3.99140035060062,0.00012689422190152375
C3orf18,10.00682097355558,1.1696975141938197e-16
ASAH2,-4.177726755865951,6.396343201320472e-05
DDX55,-7.1723884842605425,1.4113218669067838e-10
RP11-343C2.12,-2.6186569581207926,0.01022917101492679
RASD1,4.163997661400964,6.731885303948345e-05
MRPL36,-8.034625992160345,2.1400439252518035e-12
RPIA,-4.647715723158049,1.0471015902008394e-05
BEND2,6.845234005530163,6.693458043308113e-10
ATP12A,-2.0970550871382914,0.03856301245228169
EPG5,2.100392278575584,0.038261654584307456
PCDHGA6,5.391064911066026,4.841756086581959e-07
TMX2-CTNND1,3.3841218446041603,0.0010279877376047166
LCOR,-5.383314017883745,5.005406699656966e-07
NOP58,-5.068025589106975,1.896055730461289e-06
ACVR1B,-3.4298419203453525,0.0008851435491075638
RCCD1,-11.485717965581262,7.504803272891138e-20
IER2,5.6663447379537315,1.4653781619717085e-07
MTFMT,-3.6922666061084133,0.0003656502775881687
RP11-432B6.3,-2.1560918966043103,0.03352400254214659
SERPINF2,4.173972799668565,6.486459188567713e-05
SLC47A1,6.345309972041369,6.8961306728674e-09
LY6G6F,3.9533450364578475,0.0001456018829032689
ZNF282,-7.179907743808945,1.3613876057234417e-10
RP11-17M16.1,-3.943632583594371,0.00015078307086530091
OR52K2,3.455479947464619,0.0008134407748768519
ZBTB47,15.172912881056982,1.813709480150283e-27
RBPMS,17.046860695557406,4.482911796393813e-31
NSUN2,-10.519977200940032,9.030533872265541e-18
ZBTB1,4.657561167751593,1.0069562112774345e-05
FAM86C1,-4.841080874434613,4.818324249117836e-06
RP11-57H12.6,4.15684341846832,6.913374476360024e-05
OPRL1,2.1311025405608666,0.03558258293467701
FAP,-4.78171027604889,6.126368129010272e-06
PLEKHB1,8.834720978068939,4.075558723384871e-14
SEC23A,-3.086855813274079,0.0026305230971108585
F10,17.15072874306795,2.86603031235263e-31
PPM1K,12.198944454475004,2.270928163194066e-21
COPS7A,-3.648352082759692,0.00042520709710337274
RTBDN,-3.818548071086631,0.0002354023930480981
ZNF701,2.1632220363916113,0.03295593570649518
C14orf180,8.590049237341734,1.3754397825515136e-13
UGT2B28,-2.605512360598447,0.010603013408835042
PPAP2A,5.027863319308562,2.23998503946574e-06
SPC24,-11.237010596394835,2.563872783442427e-19
CCDC141,6.873066731995869,5.868257558384208e-10
OXCT1,-6.1032830877230575,2.083510462089539e-08
ZACN,-6.569328265432378,2.443319456424378e-09
UBE2L3,-2.8687893346511633,0.005046664227839081
ABI3BP,14.645628369554824,2.031307330086525e-26
MC1R,-2.914697260511018,0.004411787830977708
OAZ3,5.029414008090352,2.225643142198027e-06
LSP1,4.4572310691018755,2.210157097803718e-05
HLA-DRB5,4.5021367347246475,1.8562795277866696e-05
PIAS4,-5.831388417915138,7.065457840132077e-08
TOMM5,-5.745855802499374,1.0323525973301473e-07
TNFRSF10B,3.06020452128126,0.0028535203149536014
CEACAM3,7.313162786073254,7.178000937585732e-11
DDX43,2.650382425753502,0.00937547369342407
KRT13,-3.874017364518399,0.000193422847009705
ALS2CL,8.530135033529696,1.8516100888414544e-13
KIF2C,-11.189066338128667,3.2505014019253283e-19
C2orf27A,-5.634592210013492,1.6843458860151079e-07
METTL9,-6.164925128648187,1.5746678190716104e-08
NFIX,9.716884755097542,4.982775163412572e-16
CHRNB2,-5.15944039359182,1.294089377527998e-06
HIST2H2BE,-3.071624950769299,0.0027558991711864747
UPF3B,-6.933666222945174,4.404010655470143e-10
IDH3A,-3.4130616631063098,0.0009352504496681589
TRIM3,8.508256813382854,2.0637979071657502e-13
C11orf54,9.728535209610522,4.700849772169047e-16
TSTD1,2.351422139821855,0.020703392187608183
SNRPE,-9.633455317842008,7.561505609425158e-16
TJP1,11.089565230191461,5.3212600727752e-19
ASPHD1,-3.493821483007302,0.0007163461537632839
ENPP4,18.169105737582033,3.836477413440948e-33
SERINC4,7.534331731511413,2.4646868590204578e-11
HLTF,-5.5466100984609445,2.4728659591963047e-07
LRAT,-2.9172907136126676,0.004378215092738141
PPP2R5A,8.85795760714975,3.6303092098191283e-14
NUP210L,3.7784793507757706,0.00027098291219042976
CTC-398G3.6,2.4374705813412514,0.01659297686198454
SAMSN1,8.073873393699348,1.764431309476299e-12
B4GALT4,-6.202789454141937,1.3251079083818709e-08
C12orf76,6.185305884817791,1.4350782009947299e-08
C1orf189,4.267328096853289,4.5701440482323815e-05
TOMM20L,3.909547254316201,0.00017039612435395347
BCL7B,7.242678622600496,1.0074153953472257e-10
SLC6A11,-4.6470126924502315,1.0500268505310435e-05
LCN1,-2.220289234349486,0.02870320184334492
TMEM43,9.100222030650828,1.0851428667577199e-14
GPR37L1,-2.364512566626571,0.020024998655651733
AGBL3,5.527189828602926,2.690587484290904e-07
TRMT2B,-2.872027969633992,0.004999264081705961
ITGA10,10.24171728442599,3.618480150582325e-17
RPS6KA2,21.03081927273207,4.157847305372798e-38
CLN8,5.410295641823694,4.458012286553516e-07
ST8SIA6,10.391780324275645,1.711212688100991e-17
COX14,4.999383139478887,2.5199892826208543e-06
ANKRD34B,-2.0766316692152955,0.04045228503282096
INHA,-3.513213488942041,0.0006715062525563948
CPEB4,11.863918253632148,1.168463675478239e-20
IQSEC1,15.397980854773046,6.534816615878996e-28
ZNF862,3.9434508929596026,0.00015088165433118234
CLNS1A,-10.5569946670376,7.509397289450713e-18
IFI35,4.898971287645286,3.8064257413764996e-06
XBP1,5.234686327902956,9.425126763910438e-07
ZNF621,5.490134958474422,3.1593877668478523e-07
RPP14,3.726399609438133,0.00032492185484418615
ASB8,4.702205405582392,8.428882428955358e-06
MAN2C1,2.91287645945048,0.004435499811236315
C19orf66,6.0169014999092525,3.0787610762000844e-08
NAALADL1,11.08692736760802,5.391292983708347e-19
OLR1,8.357854903628587,4.346611025908083e-13
TRMT2A,-5.4643017538911,3.5326660598879413e-07
MRPL3,-9.550003742572574,1.147577737342652e-15
DOCK4,16.565243049629842,3.632290884049333e-30
TMEM180,7.124830813028284,1.772013046661288e-10
RP1-241P17.4,-3.290189910054335,0.0013920243952731603
RUSC1,-12.064501691737131,4.377187190525443e-21
ANKRD44,13.571923654093325,3.0801704101847243e-24
CAMK2B,-2.3748438819325632,0.01950357734780437
CDK19,-2.4584349534445584,0.015708987609390133
VSIG4,13.355958025636648,8.591585085108067e-24
PLAC8,7.40762614676988,4.5513605192986303e-11
TAF11,-3.746283100321176,0.0003032234160267994
LRP10,7.946962669226226,3.2913476689524894e-12
DMBT1,4.465118681592753,2.143603608652087e-05
ASCL2,-3.5923883010043647,0.0005144893345700603
CMC1,4.2396774152785826,5.072066068022238e-05
CLRN3,4.327448945972117,3.638525249373161e-05
IFT57,15.175371061629196,1.793539549724271e-27
TMEM190,3.365692638018058,0.001091475557598224
LRR1,-9.200627856199564,6.574354150208397e-15
RASAL3,6.360883361060616,6.418944785984476e-09
SRR,4.212302642390965,5.620999761438308e-05
ACTB,3.150710065410822,0.0021603740387855504
ROBO4,15.285302172564172,1.0885418842555074e-27
ASPHD2,-6.337139987873997,7.160303818654551e-09
INTS9,2.1864845962315225,0.03116036772485431
TECTA,8.558581887619656,1.6079161674319603e-13
UBE2C,-11.661316876972416,3.160355001402568e-20
URM1,2.0714029187591785,0.04094859533707883
ZNF507,-5.810422857040937,7.755445427607951e-08
GOLGA8A,-2.204704000429416,0.029814182230952016
TMPRSS11D,-5.2687570591462185,8.158665312738145e-07
CASP6,-2.713128303955087,0.007874413437273577
MRPL21,-5.2365754308072905,9.350133284974197e-07
RFC3,-7.831241493389869,5.8018455472869035e-12
FAM192A,-3.351437248111721,0.0011430907591108666
CNTN5,-3.0492050161926025,0.0029505648949706576
RNF213,4.137319655297829,7.432882415036096e-05
WSCD2,-2.413042795476153,0.01767874608879661
TEX2,4.719997950808033,7.850039702612357e-06
BRIP1,-11.540317321058073,5.733889429560485e-20
DCAF4,-5.1337832391971645,1.4410434295470015e-06
NVL,-5.82316193669329,7.328686028157741e-08
ADNP,-5.71641554021649,1.1756126292141534e-07
PFKFB1,-2.8771285837585485,0.0049254404687872405
POM121C,-5.110218491570653,1.5902853377055726e-06
COL4A6,-5.108568470402566,1.601282679894588e-06
NDFIP2,-4.036524027410949,0.0001076867039452594
RPA3,-5.3564821904594915,5.614836699415267e-07
MTIF3,5.3151842991133,6.697276775175815e-07
SLC11A2,5.515175439917272,2.8345779226048895e-07
FAM133A,-2.394093452803171,0.018564089484168825
FAM122A,6.490714910229935,3.521718048604828e-09
RFPL1,-3.845052586427659,0.00021436237133635596
GBP4,8.337122012083332,4.815938596118774e-13
NDUFAF5,-5.469122322533957,3.4598766872785557e-07
RBM28,-13.097791609743972,2.947651447834104e-23
MAMSTR,-2.8579205747636234,0.005208768881590449
ATF7IP,-5.181185291474915,1.1810858766880826e-06
PANK3,-4.0696083015534805,9.540808195830704e-05
WWC3,17.00419801922017,5.389281548228979e-31
PDE4B,4.475978759576007,2.0551304676493504e-05
SPTSSA,3.214911436326363,0.001767501841545746
CERKL,8.333116238122864,4.912275650476593e-13
CCDC177,-3.2091049537902583,0.0018000824122735935
GRAMD1C,3.5765728856450725,0.0005427720091989891
ANKRD61,-3.858589256524313,0.00020432060003977462
AGMAT,-7.398386888789683,4.759069545737244e-11
FNDC3B,-4.395915568191312,2.8001312426102216e-05
LMBRD1,15.65493765401552,2.053185847203584e-28
ACSM1,6.467061411732626,3.930015924445602e-09
SDK1,-6.9256816330651905,4.5739655421618087e-10
FCAR,4.574267799598937,1.399604038528599e-05
NLRC5,2.6480418519079247,0.00943617863028934
TVP23A,7.671268810155193,1.2667493749642714e-11
ZNF852,6.89058714462933,5.401348349096396e-10
PCYT1B,-3.6752869292699226,0.00038767274347111284
ZBTB49,3.2938910792772904,0.0013756441924374395
FAM53C,2.6378733167638653,0.00970406239105224
OR13H1,-2.959189864021977,0.0038674130688953964
KDM4A,-3.1404305947955296,0.00223036146750633
GEM,3.3845900057670564,0.0010264210629984194
TBX4,13.276325576932734,1.255721525913456e-23
RASL10A,4.323189586597345,3.697998158912085e-05
NDFIP1,12.784362541718579,1.328963628033178e-22
DAB2,11.690511779640978,2.737683388633806e-20
PI16,6.212548827665877,1.2673811828479682e-08
PPP1R16A,-3.561683673828953,0.0005707370795641691
TRIM67,-3.5600446681901494,0.0005738973827043801
NNAT,3.776071599124901,0.0002732764230013167
CYLD,7.291496292770797,7.966978552256434e-11
VEZF1,6.4384421839558525,4.486953710347351e-09
MAN1A2,-2.424552135131467,0.017159537393690995
RNFT1,4.084434622933534,9.03519475592885e-05
OR6C2,-4.493686465935737,1.918390832610511e-05
DDN,-4.760302544712599,6.677908244148058e-06
SPATA17,2.593814397370573,0.010946040587708308
ZNF442,14.405415610542248,6.174421548273381e-26
EIF3A,-2.24990234256047,0.026691650920087035
UBE2QL1,-3.9320980960596423,0.00015716523810876701
VSTM1,5.036474135034644,2.1614696256525065e-06
CHMP2B,7.906202767102549,4.019466979463474e-12
CT45A5,-2.42436230958356,0.017167989440679224
VAMP8,8.14642138074908,1.2344826047750375e-12
RBM12B-AS1,-6.3548797379543815,6.598912273069435e-09
CD302,23.056811405589286,2.2725212546761507e-41
KIAA1429,-5.406143166833755,4.5382671117885976e-07
SH3RF2,-4.942306129434967,3.1875163045980496e-06
SPEF2,2.451030507376464,0.016016282561099777
TSHB,3.5404235709340632,0.0006130376646412212
GNB3,-4.27021235182477,4.520631921890305e-05
ATG4D,-8.348325247989257,4.556386495145212e-13
BSG,-2.170852638997878,0.032357282709901736
ZNF683,4.38730270396977,2.8943115814830257e-05
ZNF160,2.4677265898849186,0.015330827839544143
C2orf74,4.6028244452956875,1.2506771869017453e-05
SMAD1,-3.7343064571097506,0.0003161222222023345
EFNA4,-10.423206539492538,1.4629620114048987e-17
ESPL1,-13.658062739292246,2.0488263885498947e-24
OSGIN2,4.177375004290341,6.404735858617552e-05
NSDHL,-5.392906057568649,4.803659244723188e-07
KLK11,2.167177442870723,0.03264442620809924
TRIM31,-2.0492623948296016,0.0431086338722934
AMT,6.669633584587399,1.5291050909835194e-09
RP11-389E17.1,-2.8552387837745807,0.005249495094937248
ARHGAP6,17.241813373769308,1.9382150554060804e-31
UNG,-12.039491212283856,4.946364346932443e-21
EVI2A,9.567949727182507,1.0491145073024209e-15
PSMD1,-9.115698774615586,1.0044987537975312e-14
THSD7B,-2.5950823613177723,0.010908381329138624
PRDX1,-4.159557449996181,6.843978279562774e-05
CCDC113,2.9026886279847877,0.004570351539540445
QRSL1,-2.513543004539237,0.013582592494318327
DDB2,-2.570909029122624,0.011646847047523428
CENPJ,-5.983353993762127,3.58069074821727e-08
CLASP2,14.364769731791236,7.457414780864587e-26
RAB27A,15.736132300881323,1.4265739794398998e-28
HIST1H2BC,-3.042126662373902,0.0030146221411082733
SERINC3,5.274787427549941,7.952543213930174e-07
FAM198A,5.128213499566824,1.4750334955345876e-06
PTGDR,6.02754293352308,2.934530456201725e-08
PRR14L,-6.783151794245336,8.971027183920749e-10
MYT1,-2.1927703955815443,0.030690058396918848
CEP120,9.366316699709952,2.873835904830882e-15
NPY1R,4.190655526259649,6.095097117116603e-05
NEDD4L,5.159100372856331,1.295937657177716e-06
KCNJ15,10.824893947236635,1.9796285610241732e-18
GYPE,12.950375628012887,5.977948779953936e-23
SLC22A5,5.652415255290385,1.5577628187957907e-07
MOCS2,8.733241893380875,6.752543940538976e-14
C4orf47,3.378979574893022,0.0010453445704066233
C5orf51,-7.5550592010852125,2.2288613527026536e-11
TUBB2B,-2.6252025100465732,0.010047489843016235
RP11-986E7.7,5.54350616276496,2.5064659828725664e-07
TIE1,14.728206918697435,1.3883183306599278e-26
EXOSC8,-2.141776377136814,0.034690259882151284
GLOD5,17.56141351067998,4.953878198412801e-32
KIAA1211L,5.987795434283563,3.509876345770938e-08
NUAK1,-2.5173110639265057,0.01344709619545803
PILRB,-2.329214343776816,0.021900897274424697
SPIN2A,-2.424724423822019,0.017151869389942977
MAN1B1,-5.292739101804413,7.368624090012232e-07
SLAMF6,2.9963581973741973,0.003460894834357901
CASP5,9.084934828801842,1.1711438960342447e-14
GNG12,2.1052925706999472,0.03782282932621561
CD40LG,7.524168476480347,2.5892164557800602e-11
GNPDA2,3.438661769920204,0.0008598308327061725
LPIN2,12.025036291919614,5.308608133455446e-21
HILPDA,-4.026060307991181,0.00011187562244843453
TRIM39,8.053550423357668,1.949916607729095e-12
EIF3H,-3.897868088676659,0.00017766004797512447
GRB7,-3.869496595073907,0.0001965573114746342
ZNF540,13.516188802589609,4.011752878717892e-24
BRCA1,-11.373611254879965,1.3050428360831783e-19
RIBC1,4.929068936556235,3.3653591796117075e-06
TBL1XR1,-8.719440841588506,7.232196510626144e-14
C11orf58,2.1854777333539595,0.03123628277008835
ZBTB42,4.0215092142127,0.00011374585055699563
CCT2,-10.306162481263339,2.623156599288322e-17
FAM83F,-10.21090645147482,4.2202018707296396e-17
FAM154B,4.222136695468525,5.4175303321675735e-05
SLC25A34,4.482768762520562,2.0016192807698666e-05
GMPR2,6.663823957912742,1.5712850459435137e-09
EHD4,8.31386236369249,5.402803015522265e-13
PPP1R17,5.0415200722287095,2.1167133490233913e-06
ACP1,-7.114115569554745,1.8651393677907624e-10
C15orf65,5.251318350662061,8.784568364452198e-07
CDKL2,15.58491197354018,2.812532484407616e-28
NPLOC4,-8.707062916459007,7.691229057313869e-14
GTF3C5,-3.4747511430269076,0.0007631855427488917
STX6,-9.187052579848146,7.035350770083917e-15
IGFL4,-5.911232150804618,4.9483051588541e-08
PALM3,6.752341821142467,1.0371128960577298e-09
DNAJC5,-2.5673948297030997,0.011757872044622744
RAB43,6.5112581555166456,3.2013179152378858e-09
CCL26,-4.238498817361332,5.094598254971088e-05
ASCC2,-4.979717663243828,2.7329434998362566e-06
SBK1,-3.454908988030135,0.0008149762346346688
ATAD5,-11.820733159632852,1.4441329478145178e-20
GEMIN2,-7.958718839138498,3.1068794295529308e-12
FER1L6,-2.6662858754942014,0.008972284455996146
SPAG5,-10.794144337217986,2.3066056206600523e-18
NPPA,3.3160039081591064,0.0012814803243345627
TET1,-4.68253269171829,9.117112696576576e-06
TMCO4,4.936257913001869,3.2676091710320866e-06
TXNL1,-5.153933568336184,1.324342511596281e-06
PCSK5,3.310677140236539,0.001303594678954983
AURKA,-11.98889871833767,6.335059874141005e-21
AC007382.1,4.912962146291829,3.594813209164526e-06
SIX6,-2.5840448973461396,0.01124015648607871
SMYD3,-4.619830633033088,1.1694075480318512e-05
PTGER2,8.601996572722374,1.2962351677133484e-13
TMEM183A,-8.25365811618064,7.274130291006198e-13
ZGLP1,4.203824501243401,5.802296232976061e-05
MPV17L,-2.9181845993983866,0.004366698167226506
GRPEL1,-3.8621213062813786,0.00020177520056931372
LIN9,-7.84047740459569,5.545530664765078e-12
PPIG,-3.2621593250869587,0.001522137208140117
YDJC,-4.181848893569809,6.298774866546203e-05
UBXN6,2.0501743291440486,0.04301777147263809
RPAP2,-8.298302647492005,5.83464294168857e-13
C19orf69,8.614214700714216,1.2199385709548653e-13
C3orf65,-2.9216610835187753,0.004322171349736756
CPSF3,-9.18501124966588,7.10741022826615e-15
MISP,6.31148800124276,8.056382572772539e-09
TIGD4,2.7360107123533672,0.007383820488922773
UFSP2,4.960925059547075,2.952773200068693e-06
CNTN6,16.16035303084674,2.1574469626389874e-29
GTPBP8,-5.647283735486707,1.5932182473823673e-07
TRAF4,-5.753227961009352,9.992534548702283e-08
ZNF275,-2.543612153008381,0.012534628888149267
RANBP1,-11.742393563139839,2.1215152389385526e-20
FUBP1,-2.4785216579851754,0.014901714115411684
TDRD7,6.093293144243249,2.180005621936827e-08
ZC3HAV1,3.833504467676067,0.00022329925619994797
ZBED1,-4.77606012875286,6.267479555046924e-06
CSTF3,-6.3478734808987545,6.8152412824655504e-09
IL10RA,10.110981888120326,6.951273207886716e-17
SOCS5,2.113513100756843,0.03709643463033289
LGI3,11.724675141093888,2.314486124058182e-20
C12orf29,-5.8980115909829305,5.249661174619635e-08
MAPK1IP1L,2.510145624143647,0.01370580799381362
SOWAHD,5.065207180659214,1.9184088802870698e-06
GPD1,11.371264758016562,1.3202558152645513e-19
PIK3CG,9.033762771600705,1.5116820791926855e-14
BAI3,9.657173464860637,6.716042410340998e-16
RPL24,-2.685029959785723,0.008517303232668886
SFTA3,19.926146189414496,3.049811277413806e-36
PTPMT1,2.288548290947328,0.02425309221600997
SAMD10,-4.949340283671965,3.096770161665747e-06
TECPR1,2.9174881866249223,0.004375668425065611
PGBD5,-3.974332816872514,0.00013498091756046035
ARMC1,-5.826367705014722,7.224981717100192e-08
DNTT,-2.112584058888087,0.03717791898226417
TYROBP,13.220277741385228,1.6408723559196095e-23
TIFA,2.0133071373855875,0.04682469157339353
WASF1,-7.88162553710796,4.533798681449706e-12
CEP104,-2.7434557438849465,0.007230306549340946
FOXN1,-5.0501510303027475,2.042244711936062e-06
GIPC2,10.99904624320146,8.336223951052906e-19
C10orf85,-4.238563221638024,5.093364503812315e-05
ARHGEF35,-4.715565823337006,7.990513062474499e-06
MTX3,-2.5378041008947965,0.012731199555024145
MUC21,5.72301833897922,1.1418737826554043e-07
KLF4,5.92949259746395,4.559885505735686e-08
RUNX1,-2.255295915857457,0.02633889258535773
SERPINB3,-4.474922771493328,2.063575864822604e-05
RNASE10,-3.380876010017302,0.0010389116856492876
PGAM4,-6.262225591986446,1.009858983688932e-08
TSPO,2.2309670570248543,0.027963094607340297
CYP2A6,3.751360275598924,0.000297907723852157
EIF2B4,-5.389791699443977,4.868274120436487e-07
HSD17B1,-6.36407196188945,6.325340993115613e-09
MARCH5,-5.884859047706521,5.567364483738542e-08
PIGB,3.980591021381529,0.00013196011356211452
DONSON,-8.847978929533275,3.815236809294977e-14
PHYHIP,2.11817074466752,0.03669024555824893
KRT76,-2.652447003443967,0.009322220826541642
CKMT1B,-8.497400637607505,2.1779192709909934e-13
FBXW9,-3.4506838829710134,0.0008264237979296042
MUC20,-2.9498675051663237,0.003976063200172165
GNGT2,13.843695759305108,8.533684431328187e-25
DPH5,-3.3641681159644024,0.0010968891259307964
LRRC8E,-3.506627811211767,0.0006864284978705545
GPALPP1,2.2642870614330444,0.0257599286459693
ATP11C,-2.5270263079605932,0.013103321790047244
RBMX,-4.367768197290769,3.1193831543849685e-05
FOXD2,-2.2233297280599036,0.028490732847444553
SURF1,4.158937968260503,6.859758882379108e-05
CXCL16,15.349705781853343,8.130084425022572e-28
MARK1,-11.004187291714729,8.126276165863552e-19
NUCKS1,-6.242776534055964,1.103870676664229e-08
KRT32,-3.781219502826554,0.00026839505853960507
AMBP,5.745686909068288,1.033123372185351e-07
TAL1,16.255523063365953,1.4166281644775874e-29
NKG2-E,4.9735068284542665,2.803770745856725e-06
ZNF593,-2.9174804252609663,0.004375768492061044
ZYG11A,-6.1790528907219775,1.4765550251498942e-08
NDUFB5,-5.717969135056615,1.1675870690220804e-07
NCBP1,-5.069701897407914,1.8828814143738343e-06
C11orf84,-9.111639749160247,1.0250510407792348e-14
SCAP,3.383144368746666,0.001031266050703678
IPCEF1,2.407870985735293,0.017916575213352413
MYO18B,-3.125933465080502,0.0023326551935525155
HSPA1L,5.752181245325216,1.0038886348277604e-07
USH1C,-2.3528021619771224,0.020630927463367036
SNTB2,2.692552551842133,0.008340671198151973
IL5,2.3802253653433962,0.01923677319934834
ZNF771,-6.341921677132621,7.004501317482485e-09
C22orf39,4.32286870165183,3.7025163911752015e-05
DERL1,-4.249790676602653,4.882624854090865e-05
CNTD2,-3.5353915074357745,0.0006234746337990039
EIF3K,-2.278783073660266,0.024850011132398247
SH3GL1,-9.657167884425517,6.716229775671591e-16
SERPINE2,-6.536902981630668,2.84151944102342e-09
TRIM69,2.820102650810583,0.005810744882546524
JAGN1,3.974040790033993,0.00013512348056757585
LPAR3,-6.770232002318113,9.53377739570127e-10
HNRNPK,-6.597912086019335,2.138379001742565e-09
CX3CL1,4.456400784652717,2.217277855683254e-05
C14orf23,-2.2483778305330584,0.0267921073291474
SERPINB4,-4.37936707243319,2.9837869775487353e-05
NPIPB9,-3.6509594712823197,0.0004214282522138871
POLB,-7.073261755325403,2.266910983254569e-10
ALOX12B,-3.6352853709571353,0.0004446332544716022
EGLN1,-4.317735788328423,3.775517911310905e-05
RP11-6L6.2,2.665566406089073,0.008990179630559907
RTP1,-2.4339753624191234,0.01674459611185926
KRT34,-3.6777161103541203,0.00038444673554881005
CCNYL1,4.179305382435018,6.358807748812219e-05
CDC42BPG,2.5268871041942105,0.013108191276024993
MTMR6,11.15556159471959,3.8371006436307094e-19
ARMC12,-2.0979912914083383,0.03847826454502542
APOBEC4,4.1439709845291794,7.25182350758722e-05
AC104809.3,3.4185371210719526,0.0009186142700507734
GCC2,5.64222354378125,1.6289561544518507e-07
TMEM158,-6.93797990577381,4.314811095691215e-10
BST2,3.045690850615632,0.0029822078813979726
POLK,11.833291033975353,1.3578445935112215e-20
ZBTB11,-3.965449496424585,0.00013938264620167115
HEBP2,-8.53461971523112,1.8108786433592804e-13
S100PBP,-2.713909115523489,0.007857195964270695
GP6,5.439601066089979,3.929833150973982e-07
RP11-706O15.1,-5.429159303482715,4.110592113098933e-07
CMTR2,4.604039626180981,1.2446929743114036e-05
GALR2,-2.8140043326749384,0.005913575616870628
SPA17,4.560698315392652,1.476255484377327e-05
PDCD6IP,6.119939577216527,1.931897472180306e-08
FAM185A,-2.3584976878457127,0.02033422663212212
MMP19,6.252173213751156,1.057418451417366e-08
C11orf88,4.711153428179466,8.132782963058641e-06
GGTLC1,14.329367493613882,8.791678457473734e-26
TNFRSF8,2.2176529154950226,0.028888547243559878
XXYLT1,-9.247944504677935,5.190970505947138e-15
NUMBL,-3.8290354625766616,0.00022685213678017685
AP4S1,2.3771251571044747,0.01939007766018248
EPB41,3.1331179644111375,0.0022814271141306745
DEGS2,2.7090702698849767,0.00796444991125126
BAZ1B,-3.638758967554567,0.0004393885794026179
PPP1R14C,-2.5082980312580108,0.013773236057644906
PCBP2,-4.588622025029558,1.3227171367161232e-05
MYADML2,-5.965901818480443,3.87282888598334e-08
PPHLN1,-3.8918771355397577,0.00018149994553416648
SCRN1,-4.428388586986451,2.4709409684213468e-05
ENAH,-7.142124202560788,1.6313483550699936e-10
ABHD17C,-4.884530290938316,4.037547519990352e-06
MT-ND2,6.19733606688839,1.3584860914845621e-08
ALDH3B2,-4.712886877002965,8.07660019789941e-06
RP11-613M10.8,-4.12188074153286,7.870033370354998e-05
OR1J4,-3.4939972774785395,0.0007159272684274938
PTOV1,-4.41542951899238,2.5975652522784203e-05
PTGS2,3.192912656230788,0.0018939230185485508
TAPBPL,4.780805737326277,6.1487494627997085e-06
HIST1H2BG,-6.799765439112739,8.295470923434682e-10
INHBE,-4.552450395965204,1.5248157556079213e-05
TNIP3,2.6352674571242374,0.009773811030105986
RUFY4,-2.0323484816258626,0.04482397532752171
S100A8,-3.1444590483818358,0.0022026862165519787
BRCA2,-6.027098455214139,2.940419356954174e-08
AQP9,7.78911725490246,7.128629592591955e-12
GNS,12.557620350263822,3.974645399032133e-22
KDM6B,4.3795659119607615,2.9815127817264454e-05
LPCAT2,-2.3536662833067052,0.020585667003675992
CACNB3,-2.5540388602010204,0.012188576985452268
TXN2,-2.26936168839656,0.02543811813104671
CYGB,8.912057587634887,2.7728202710108237e-14
SELPLG,14.612025678403734,2.372115018282816e-26
C19orf73,-6.052491963412798,2.6219586274108252e-08
DLK2,-6.015415660886417,3.099447280781815e-08
ZNF669,-3.2309609352763125,0.0016802876484438532
ZNF781,8.539328746079807,1.7690708706639324e-13
TM6SF1,18.32705258427279,1.9882788381887938e-33
PPAN,-7.098198205713912,2.012507445192691e-10
TXNRD2,5.888125043948016,5.486751428938341e-08
TMEM179,-2.952124474423252,0.003949503530901681
PBX2,4.390360621463393,2.8605289535089743e-05
HIRIP3,6.431796850751062,4.627037882400524e-09
EMX1,-4.68423846847016,9.055341912816658e-06
TFG,-11.007574589476846,7.990851492020474e-19
FAM207A,-3.017393387679341,0.003248701527305883
KIF3C,-8.074868217703084,1.755817019252645e-12
OR6N1,2.792230287925813,0.0062944660800533835
F8A1,-3.131318812981551,0.00229415658584031
ZBTB46,9.765398137266569,3.9096865936926224e-16
FAM167A,10.54763174603023,7.868011199226648e-18
IL4I1,-3.456427568489616,0.000810898386641267
NWD1,3.5336851916397194,0.000627051638211659
UBE2E3,-8.248416201633525,7.464837295070204e-13
TSG101,2.706656103656446,0.008018456605518077
ERVV-1,-2.0592317706941663,0.04212420344958793
REN,9.816128133571903,3.033914854655826e-16
PHGDH,-7.849139856430655,5.315379389065754e-12
PCDHGB7,10.806825409152768,2.165668756311308e-18
AAED1,12.390616424280422,8.934878023356708e-22
YBX1,-3.866985961303945,0.0001983189202554639
LACC1,5.008049601629679,2.4313581397422922e-06
NOL3,-2.4612378028596855,0.015594046358617681
OSBPL3,-4.598628314830368,1.2715562611145593e-05
NR1I3,-3.059301315981308,0.002861376063056616
ETFB,-3.173823854382094,0.0020104036007476535
PRTFDC1,-8.10411044746969,1.5204823770088321e-12
NEK3,5.396093681790223,4.7383939796860213e-07
G6PC3,2.3133330502671146,0.022794389982461367
SLA,10.291737544259874,2.818966139653149e-17
PPP2CB,13.339117428684942,9.309035823102166e-24
GBP1,5.126555000904176,1.4853050360113338e-06
SRPK3,-2.8124040441308997,0.0059408343570942134
ALDH3B1,15.756105874897008,1.304514650751839e-28
CCDC40,4.524855734131068,1.6987800228694e-05
ANO2,6.137398931891685,1.7846477345062333e-08
LTBR,-6.052471584532617,2.6222000494982524e-08
FAM124B,8.136074206843471,1.2990420465205722e-12
FANCM,-6.800672134111832,8.260087636559093e-10
PTK7,-5.257667848378102,8.551422587320142e-07
ZNF689,3.474208746117006,0.0007645590583884956
XPO6,-5.545322236153689,2.4867530792775624e-07
RAG2,-2.3564144577897443,0.020442308495065835
SLC2A4RG,-5.731125976882061,1.101744464728633e-07
SUMO4,-3.136284303928645,0.002259183836622772
LGI4,12.697846462727595,2.017432756813753e-22
C3orf36,4.985390358610103,2.6697782163937352e-06
NAA30,-4.475878388483738,2.0559317589850503e-05
C14orf182,-3.0052570886579417,0.0033696101155481378
ASTE1,-3.8339985144513515,0.00022290975806804207
MKI67IP,-8.465997905898933,2.5446858963896736e-13
LRRFIP1,17.003097662401668,5.414954446291113e-31
ANKRD9,-3.5507034114012086,0.0005922271879974079
SLC25A1,-6.679380318926689,1.460842086984168e-09
DHRS7B,10.090714525074276,7.691909163564695e-17
ELMOD1,2.4610170718948114,0.015603070921502036
SH2B1,3.799251260323934,0.0002519431498107899
PIWIL1,-2.211069553541381,0.029355962721211055
CECR1,9.782995227935311,3.5804435911262713e-16
SCAF11,-3.195044065956145,0.0018813150961028535
UNC13B,15.185262600869835,1.7146321398981347e-27
PIGT,-3.3943719107844545,0.0009941952100942144
CTB-60B18.6,-2.5979598262392196,0.010823352319903874
USP19,5.5602109356570235,2.3307717852910877e-07
CNEP1R1,4.840619533133176,4.82735513618199e-06
AKAP12,5.203506225205715,1.0751262844715593e-06
SAMHD1,13.9106673838995,6.2276492027086325e-25
CTIF,9.909917182275107,1.898448937640984e-16
TBX6,-5.070188916089055,1.8790706407817366e-06
SLC4A1,2.551383871660825,0.01227586801860331
RP11-89N17.1,5.722077227635037,1.1466238801110139e-07
ALG5,6.490591650765213,3.5237330275924394e-09
HIST1H2BB,-3.834134757309587,0.0002228024604540429
CRELD1,11.003815780009733,8.141268538385017e-19
IMMT,-9.016058938257755,1.6512054733906346e-14
MYBL2,-11.327165305603435,1.6416564788623632e-19
TROVE2,-4.880603030533991,4.102727329801044e-06
CA9,-4.363285155675819,3.1733688243579155e-05
TMEM168,-2.652795244833864,0.009313265486792122
ACVR2B,-3.320035530963603,0.0012649771145839938
COL13A1,9.98325424508196,1.3158890772135825e-16
GLDC,-2.19705364540045,0.030373138107183763
RAB6B,-3.2209998290375053,0.0017339311537592776
FEM1B,-3.8185791045122524,0.00023537664475755253
PPAP2C,-8.516413350063722,1.9819958578229652e-13
SSRP1,-10.529875513428445,8.59588535699281e-18
SLC39A11,-7.905606587400712,4.031227867018601e-12
RP11-159D12.5,-2.4585282304118636,0.015705150301634184
ZCCHC7,-2.5488101171269912,0.012361024602048252
TRMT10C,-5.362598462274157,5.469828353132973e-07
RCN2,-7.829333405676382,5.856249875396299e-12
TMEM255B,11.796935011511172,1.6230380738139073e-20
STOML2,-6.774990839091231,9.322542985803123e-10
GNAQ,16.060742519374486,3.3549094560213537e-29
OCRL,-4.242218987254621,5.0238027190447006e-05
PLA2G1B,12.478277280417082,5.83837898657959e-22
RNF38,5.525498400625386,2.710416519036862e-07
TEX35,-3.7804554959766046,0.0002691142272765947
CTC-490E21.12,2.9095656617615817,0.004478916455539087
KMT2A,2.3448989086588274,0.021048984001608068
VMA21,-5.392613300866478,4.809697256704613e-07
SCRT2,-2.5863496727940265,0.011170134921994888
NCALD,5.06687621741266,1.9051406972461454e-06
HOXC5,-3.706896688279292,0.0003476326669008041
ZNF76,4.128788683574909,7.671468657118296e-05
C6,5.918287005238554,4.794526287854979e-08
PCDHGA2,8.854953045030104,3.685028945770494e-14
B2M,12.881557144130527,8.322130670153514e-23
LRRC32,7.585584462194523,1.9217949744469648e-11
CNOT3,-5.645284332521078,1.607246225777797e-07
PTGR1,-4.239752322482751,5.0706372534004694e-05
C4BPA,11.70276428261877,2.5776465082240528e-20
SETMAR,3.297448380691777,0.0013600709519505146
CYP39A1,6.8720717984116115,5.89593983686745e-10
DRAP1,-4.25521786392274,4.783789843599371e-05
EEF1A2,-2.4333030565577336,0.0167739013144714
TMEM59,10.873592228810445,1.554114254544722e-18
ITGB3BP,-2.6726247047939284,0.008816010793115609
ERI2,-5.429503149372803,4.104512114376571e-07
PPIL1,-7.579994761630274,1.9746942893510066e-11
C2orf16,-4.340398254856358,3.463324189617762e-05
GCSAML,9.43780214013439,2.0106259248358057e-15
LCE1B,-3.0621622194526767,0.0028365615555281058
CRHBP,4.6356141142388205,1.098575732740639e-05
PTPLAD1,-4.4971114352190025,1.8929781085826573e-05
AF131215.5,3.584108960213808,0.000529116606328901
PROB1,-3.661480668662777,0.00040650107552398423
AIF1,12.732485171260782,1.7067849934579173e-22
PHF19,-9.108584399575909,1.0407979144765967e-14
DHRS4-AS1,2.0929614241294323,0.038935477107429506
RAP2B,-7.024610143167402,2.858543253265185e-10
CRH,3.1524453584708465,0.002148762975165038
CHADL,4.686500698403176,8.97404636531418e-06
RFX8,-4.4910350147711355,1.9382903992590415e-05
PSME4,-11.58522416092369,4.5959845133284907e-20
ZFAND5,5.203727675882129,1.0741230378340882e-06
CXXC11,4.340823686453675,3.457708477665526e-05
AC008060.7,-2.128461168390992,0.03580644407264691
PSEN2,10.683971405271047,3.990221244739245e-18
SULT1C4,8.718558306743542,7.264000288189105e-14
CEPT1,6.510342756155402,3.2149610201398277e-09
AC005606.1,-2.0087781693966646,0.04731163854195948
MBOAT2,-6.185351649945047,1.4347789111040424e-08
DLEU1,-7.9669733032801116,2.9835419828355273e-12
KLHL8,2.853177409997268,0.00528099783221189
GDI1,-2.465144184637213,0.015435103999455971
KIF11,-13.423681274554218,6.2249414386664456e-24
DCTN3,2.49862495248173,0.014131134232579076
HIST1H2BJ,-4.761543948458071,6.644648911960157e-06
C14orf178,2.6854115333220543,0.008508262683623653
GPC5,8.051406792378868,1.9705790862960618e-12
UTP15,-4.164802065335664,6.71176776026792e-05
SKI,9.384536635176158,2.623773430892834e-15
NAA60,6.561361874614748,2.535714608771917e-09
HECW2,9.602934089194832,8.80789307903394e-16
CYTH3,5.415207647869167,4.364871189100553e-07
EML5,7.924362068992968,3.677140741233471e-12
FAM96B,3.122587716537219,0.002356874798960073
KRTAP3-3,-2.41544880431018,0.017569064741932337
MPC1,12.763577851872505,1.4690489195841645e-22
PAX6,-5.57614584843634,2.1744585705425557e-07
PLS3,2.1178545974621277,0.03671769427764953
C19orf48,-10.471199062633735,1.1516114768555975e-17
FAM111A,3.228901788966043,0.0016912480267379873
KLK8,-4.66019776326328,9.96461234375131e-06
BARX1,-4.540270636840633,1.5993630578693754e-05
ZDHHC1,4.412025774756177,2.631848837623626e-05
WDR59,-3.6824296197096236,0.0003782596129539853
C1orf141,3.6297256246141956,0.0004531513882365727
GPR174,2.480747359618147,0.014814588106288499
GLYR1,5.986692344727641,3.527334246441415e-08
TEX264,10.553640045195365,7.635962530019213e-18
KIAA0930,-6.235710290449967,1.1401231526601027e-08
OGDHL,-5.07413354367685,1.8484811036067254e-06
CCDC173,5.299571363891218,7.157587973786702e-07
GAB2,6.814313755807451,7.745418795587904e-10
TBC1D30,3.127863053045632,0.0023187924800078625
TNS3,12.862346589636115,9.128095372831455e-23
ZC4H2,7.7297297850807425,9.526441986620809e-12
NUBP1,11.785995996244877,1.712575451731334e-20
NBPF3,-2.034576292603806,0.04459474839490811
ZNF605,-3.117784488252748,0.0023920539117474053
MAP3K9,-2.1550402848886874,0.03360850133550909
SPIDR,-4.419016711333213,2.5619007217903253e-05
USP4,9.948650583273531,1.5643134851973647e-16
H6PD,4.006480631222388,0.00012013669932821477
MRPL48,-4.638109662414076,1.0877640980468904e-05
IGF1,3.0067202446695167,0.003354815908759056
TBC1D24,7.955658705026909,3.1538818481623017e-12
TLN1,7.656687459047728,1.3599630748296763e-11
C8orf12,3.508045754513859,0.000683189436291357
DYNAP,-3.1545109996368668,0.002135017247938583
NKIRAS1,12.268729684852351,1.6163731486382844e-21
SNX1,13.064347029230936,3.459855460988798e-23
SLFN12,4.628249845421978,1.1310911355514114e-05
SRSF5,9.258438213367263,4.925949199023557e-15
TTPAL,-5.262585038544244,8.3750360981973e-07
CENPQ,-5.830176082814146,7.103657431256694e-08
LRIT2,-2.8540449000928225,0.005267719432417445
RPRM,-3.861981231438269,0.00020187556808794283
CCDC147,4.909607247576894,3.6444876295284337e-06
DRC1,3.4081214217658613,0.000950503278191352
SLC16A13,-3.447180303005844,0.0008360311414256834
ALOX12,-5.337923531728931,6.078249117045801e-07
MDP1,3.071006308165106,0.0027611069263507593
TMEM236,8.99144423058089,1.866807795486705e-14
LHFPL5,-4.861532039181378,4.43408036106415e-06
FOXE1,-5.788126244231861,8.561944937727285e-08
CLDND1,-5.8110738901715155,7.733055326393925e-08
LPIN3,-4.512765875289301,1.7809103387034877e-05
C2orf69,-2.807136303712557,0.0060313772252685366
MYO6,2.65275875807656,0.009314203410854089
KCNAB2,11.358051458834915,1.4093019456294601e-19
DNAJB4,6.57629136626124,2.3652918866554356e-09
TMC5,11.219827307621365,2.7914128853408607e-19
NFKBIA,7.746119126626115,8.794255045822764e-12
EMILIN2,3.631978326719868,0.0004496815379499448
EFTUD2,-8.270869629812404,6.681438122334727e-13
CYB561,2.5332145533634267,0.012888485133800661
SPRED1,11.252837422436198,2.3707786266424117e-19
LSM7,-7.577482983005227,1.998933849333106e-11
TGFBI,-3.296398160324441,0.0013646513701964082
ALPK3,10.980211641148609,9.152905830665057e-19
NTS,-3.6031509479641093,0.0004960462515856912
GDAP1,-6.702581722995159,1.3102399103736266e-09
PLGLB2,-1.9915729676834306,0.049201115406180565
MFSD12,-2.017889304764214,0.046336388669446005
GPR124,5.89015049501215,5.437336205623325e-08
VWA3B,4.693537973046565,8.725655915811486e-06
ADPRHL1,-2.593948651988629,0.010942047603052502
TEAD2,-2.8455292602063817,0.005399400827399281
RLN3,4.80677802428234,5.536660927948547e-06
PGP,-2.893976054945905,0.004688655953019281
TANK,4.487658435152666,1.963921244347003e-05
DDHD1,3.5282280671037967,0.0006386221533824291
GRID1,9.57049596888947,1.0358458538700173e-15
IPP,-2.285004577814425,0.024468234158116144
NUCB1,10.174876909534287,5.0520593517004684e-17
MTRF1L,3.0478271425223755,0.0029629345793812873
MSRA,24.847765718242087,4.2989459982306606e-44
UBE2O,-10.002341684394542,1.1961743442076737e-16
ATP5J2-PTCD1,-5.3298893997811865,6.29028267262385e-07
AIP,5.975102504636597,3.716006454137674e-08
ISL2,-6.544999417285688,2.7364571905933627e-09
PRKD3,2.9657210675846355,0.003792931783629037
SLC4A9,-2.8809845853538287,0.004870296670244274
PRR22,-2.671506406137277,0.00884340001160079
UMPS,-8.947884687278659,2.3194936611953238e-14
UQCRFS1,-3.0082649678509976,0.0033392621484710527
TP53BP2,5.646997339489556,1.5952202260332364e-07
CD48,6.163902058486699,1.5820172474266374e-08
WBP2,14.636886913787533,2.1149160217548647e-26
CCDC151,4.083271203432777,9.07392242524248e-05
ITPRIP,7.001540330055445,3.1902793047348714e-10
SYP,12.856131826048792,9.405264899683736e-23
TMIE,6.264675858796665,9.985900664496757e-09
TRIM26,2.7598787962523894,0.006901902168195059
HMGCS2,3.007975424195381,0.0033421724656470557
DHX36,-7.820848705607792,6.104380858103505e-12
RBP4,8.058124509643534,1.906545326410094e-12
SH3GL3,9.276669700498257,4.49724905527644e-15
ETV3L,-2.299417942396978,0.023603537020873984
COX7C,4.031353349840678,0.00010973753588511586
CHST7,-3.0387331117068563,0.0030457875033826553
ATP2B4,6.028262090757748,2.9250269214631796e-08
RP1,5.109934512087364,1.5921727872776543e-06
GPX7,-4.693441330823897,8.729021428923554e-06
GGN,-2.117600423285303,0.03673977521619133
AL354898.1,2.1172820550894706,0.03676744909929542
C10orf55,-5.492001440271172,3.133968114960956e-07
TG,-3.358137054745262,0.0011185535001862772
FARP1,5.492480442595384,3.1274769625826876e-07
LECT2,-2.854482302311475,0.0052610358717623176
LRRC43,3.609181342636551,0.00048598785392306
SOD3,16.536104240786294,4.126334843740112e-30
LYZL4,2.245118904784236,0.027007963741317472
NTNG1,6.0541004399504255,2.6029724255282512e-08
ABCB9,-6.143571632121694,1.7352816643680756e-08
SLIT3,12.020721513071711,5.4218117344065424e-21
C9,-3.958337417383788,0.00014300532411816704
WDR72,-9.549156023693216,1.1524508533256536e-15
LRRIQ1,4.49276844180536,1.9252582897127733e-05
THAP8,-3.1952760320888394,0.0018799476804348446
HEPHL1,-3.501592937910298,0.0006980473219037399
TFPI,13.799121983826883,1.0527280730828907e-24
NCBP2L,5.863699045842672,6.118610019453428e-08
AP003733.1,-3.7899851739609534,0.0002602736312284974
MKRN2,7.313945693028097,7.150992458693302e-11
RP11-458D21.5,2.406496988138409,0.017980235996059014
MREG,-4.701672425297887,8.446845569438582e-06
TSPYL4,3.1451771105645894,0.00219778685193714
ZPBP,3.572576271002884,0.0005501484958064734
GIPR,2.5475703423720404,0.012402233718639983
AKAP14,3.99587891239533,0.00012485029537764365
CCDC136,-3.0721818917392274,0.0027512186162548112
HOXB3,-2.153087143084499,0.03376593046457517
TLR5,2.4805253598552377,0.014823257869495485
GOLPH3,-3.261648767793917,0.0015246093359721474
LGALS4,9.085521287936585,1.1677224266396e-14
MRPL9,-6.922675777802967,4.6396161117765544e-10
ZBTB39,-6.068620259912213,2.4375991114033524e-08
GABARAPL2,10.776215292199947,2.5216908611989176e-18
RAB3IP,-3.086501970386585,0.00263337476176861
VPS35,-3.4387695442280113,0.0008595257805394742
UBTF,-3.9140175634920844,0.00016769156462558858
NUTM1,-2.3370352384203095,0.021472367317045576
MMP11,-5.986287598363156,3.533761327408881e-08
MOB2,6.969370326936058,3.7174430441909204e-10
AMOTL1,3.0732112514975505,0.0027425872349523734
NFATC2,6.235045938415636,1.1435913270049674e-08
C10orf88,-3.5357255778652865,0.0006227765712580866
DLST,2.808135740842989,0.006014102295341355
EHBP1L1,2.0994532270106507,0.038346247385395396
SERINC1,16.96393703550685,6.413450489856834e-31
FRYL,6.904230726432125,5.063408922255808e-10
OR2A1,4.416226955171944,2.589595790995711e-05
RND3,-3.6052381930637725,0.0004925427349911786
SHROOM4,19.078530299477883,9.096950569807321e-35
MTHFD2,-7.9503868750668,3.2365206013372667e-12
HIST1H3D,-7.054659246596484,2.4772285896665726e-10
EPHX2,5.91573158379773,4.849677331043851e-08
PDXP,-4.614332846375154,1.1951040193818552e-05
SREBF1,-3.7401523034452206,0.0003097624440187634
DERA,-3.737264795587409,0.00031288845065437123
CAV3,8.16252153478923,1.1403253547141035e-12
DENND6B,4.949011460641549,3.10095560803108e-06
NMT1,-7.0641289417940705,2.3678547004479566e-10
ALAD,12.029773326407527,5.187055441123254e-21
GOLGA5,-4.1361147055174765,7.466143958227718e-05
FHL1,19.2371175727216,4.787279950985597e-35
RP11-126K1.2,-4.738075333795315,7.301509497289549e-06
PRIM2,-10.459421149406952,1.2212588342208866e-17
SELL,3.2083975519570305,0.0018040897671530948
PGM2L1,-5.285870402221173,7.58691614268629e-07
PTPRCAP,3.066397800821253,0.0028001896757599673
ARHGEF26,11.411120302010714,1.0843964764550048e-19
HNRNPH2,3.626627787451876,0.0004579644514931271
HSPA4L,-8.077655086304253,1.731907532589654e-12
DCBLD2,-2.4996228016501676,0.01409383276111981
LRIG3,-6.2286081248960885,1.1777428549339293e-08
LFNG,3.41848477361849,0.0009187719918024715
CAPN11,6.028356771163021,2.9237779970029883e-08
REST,-2.1000658219408876,0.038291044569195465
ZFYVE27,6.201556950178212,1.3325801499069166e-08
PIGV,2.647553710052505,0.009448883811417142
TMA16,-7.074409854162539,2.2545269686819966e-10
HNRNPA3,-9.712263583345623,5.09922967373575e-16
PRKAG2,4.843545678271053,4.770352654951471e-06
KIF13A,3.700782022817219,0.0003550581457548013
CDH3,-5.9196360229589216,4.765661189903241e-08
ZFAT,-1.988986116435229,0.0494906914484635
DTWD1,2.4398039707688173,0.016492439247453382
ANLN,-10.046313744511796,9.602237357419039e-17
ARHGEF12,7.940915377182998,3.390441668028689e-12
GOLGA8F,-2.2275580291988755,0.02819754722954861
SEC14L2,-5.393222493262553,4.797141207349794e-07
LRRFIP2,6.525751970136268,2.9927738273636353e-09
PPP2R3C,9.669033222934958,6.329425238409422e-16
GABRG2,-4.1557740977457005,6.940901570794643e-05
POLE2,-11.968782840763883,6.990446002958498e-21
RNASE13,5.4084408656095935,4.4936862914145546e-07
LEPROT,14.624323450341464,2.2411800042444242e-26
PRKAG1,-3.900288627042414,0.00017613070843315782
DNASE1L2,-3.4569381857596966,0.0008095315484997542
RTKN,-9.782296379588669,3.5929742016934725e-16
COX4I2,13.911321307994305,6.20853838542117e-25
AKAP5,11.94002772770402,8.047219813242984e-21
LPHN1,-2.44185892245135,0.016404348811326734
NAT16,-2.071309697146412,0.04095749120979728
NUDT7,4.664267122392034,9.804710127515256e-06
BDP1,7.797462255477591,6.8437699259325944e-12
COX6B1,-5.093969792404103,1.7018709529326356e-06
TMEM52,-3.760965629791483,0.0002880925977718396
WDR5,-8.264716450025583,6.887587916250993e-13
TACO1,-7.509043797505005,2.786201125797889e-11
C19orf45,-2.3561699300716414,0.020455028353469438
PDE8A,7.1870876002234905,1.3153442988681002e-10
RNASEH1,-10.709502651762351,3.5141220527110005e-18
RAB1A,-4.589130600668812,1.320069445223696e-05
DAZAP2,9.763941600957393,3.9382588398324934e-16
FCHO2,14.464182119579696,4.7011183955324994e-26
CTSE,7.436111726052738,3.965979130399705e-11
NBPF15,3.3203895035693325,0.0012635377019749546
CD70,-2.0238704313421074,0.04570555899278595
PIGQ,7.174861866561908,1.3946991860913743e-10
UNC80,-2.6990614760871576,0.00819053217155955
ATP6AP1,3.170507685604616,0.0020313072002454556
ZNF625-ZNF20,6.0733154934409335,2.386371323990534e-08
TRIM21,11.187477702255409,3.276167501652731e-19
AQP1,20.496458710741415,3.2610350218396418e-37
ZNF280B,-5.700288639013215,1.2621882275313372e-07
BMS1,-5.727116326565706,1.1214142542587676e-07
FAM127A,2.0141468014044337,0.04673488440189414
ADCY7,7.822463366272585,6.056368426078601e-12
RPS27A,-2.942878040791277,0.004059362186487295
GTPBP4,-8.554279271265274,1.6426104163529893e-13
RGPD5,5.297767901499968,7.212712290908711e-07
FAT4,11.809796149172236,1.5237547961670463e-20
FIS1,5.891420733057455,5.4065696848894294e-08
RSPO2,12.721317188345276,1.8013039480849802e-22
CTC-349C3.1,-2.22432537380512,0.028421456948658674
CASP10,13.713657075787447,1.575485061204701e-24
CNRIP1,17.96811719972682,8.895044433984777e-33
NPR1,17.57462403290021,4.683575336456604e-32
RFX7,-3.9580209465071845,0.00014316859904804294
SERGEF,6.717212181044095,1.2232808758427777e-09
MRPL52,-5.1414253952517175,1.395647695756309e-06
GALM,9.84469921165845,2.6301228545585835e-16
FPGT-TNNI3K,3.0349224756544206,0.0030811387116356807
FCN1,9.889658424290294,2.100755469511872e-16
ARPC4-TTLL3,6.425199796739831,4.770375431341093e-09
CDYL,-8.634702649344545,1.101921126331386e-13
RS1,16.718485180584995,1.860738934618327e-30
UGT2B4,8.348950692820065,4.5423144637070245e-13
CELF2,20.950009686251477,5.665054051018225e-38
TAF1A,-8.033619056956569,2.1506621020645992e-12
DDX28,-2.699270107314422,0.008185760625081143
APEX2,-8.77607060183569,5.456960473310507e-14
ARL16,-3.5836296439949438,0.0005299753599787656
BPIFC,-3.4826471531685677,0.0007434519830979914
R3HCC1,6.519512477023507,3.0808514843803487e-09
RAD54L2,4.836764701005754,4.903460613173139e-06
IDNK,12.639588694455341,2.673319995793461e-22
C1orf147,-2.9387063748061055,0.004109842608984088
GRAP,8.953732314553994,2.252873561960952e-14
FBXO2,-3.033908286772578,0.0030906111246587487
GLRX2,-3.4958149069139344,0.0007116097212854542
MED30,-5.12528198773688,1.4932364863561091e-06
PPP1R3F,2.7796860648226422,0.006523951295226704
OR1J1,-3.982054533680165,0.00013126307193523157
PTGDS,6.242245069681227,1.1065572786290726e-08
SIGLEC1,6.635096380896544,1.797380533949569e-09
OLIG2,-2.632578260852005,0.009846265577999993
GPR171,4.805999970475838,5.554105226915975e-06
POM121L2,-2.4950754603383136,0.014264538866482462
TRIM15,-3.3053311764327615,0.0013261478595470633
UBE2L6,4.948367206716893,3.1091720137479134e-06
OLA1,-9.919550426857477,1.8092068917849747e-16
HIST1H2AK,-2.3731535167185727,0.019588057348602018
TIMM13,-5.902349769913472,5.148836157099045e-08
HNRNPL,-8.753447628541084,6.106965356590071e-14
STXBP5L,-2.9897885442026753,0.0035297466832116087
LOH12CR1,-5.092029005069268,1.7156992445952598e-06
CCDC96,4.521438164557379,1.7216175900659397e-05
ATP6V0D2,3.5659651510348174,0.0005625590535134426
PLOD1,-6.46616980054414,3.946288702821156e-09
MUTYH,-3.5179016624177812,0.0006610706368356529
LRRC6,5.462174019919381,3.565269635669633e-07
PRTG,4.297675316763533,4.0743536811010885e-05
DCP1B,2.4937706227495573,0.01431386293759834
C19orf40,-7.321710878616222,6.888513927143627e-11
KCNA4,6.590018260332247,2.2186154869623057e-09
CCDC169-SOHLH2,-3.344968607700028,0.001167259949998295
ARHGEF37,4.012542443908366,0.00011751862751360265
HSPA1B,-2.79688527261521,0.006211201177914885
SFTPC,18.530821970840375,8.55491066499679e-34
KCNS2,3.800930957990663,0.00025046049253095177
TMEM109,5.787908186516098,8.570225936872184e-08
GON4L,-2.9482318599070294,0.003995414021637771
C12orf66,-6.765020117082289,9.770559828023694e-10
HOXA7,-2.2827299361244546,0.02460721285683148
MCOLN1,10.612724906198762,5.6891087303108484e-18
NEUROD1,3.9433733997470526,0.00015092372008755877
KIAA0247,6.415780660765965,4.982660883399792e-09
STAU2,-2.5238348926449454,0.013215369851332127
ID2,11.293619354918807,1.9377536932998296e-19
CXorf24,-2.1879167441122256,0.031052664181935953
WDR36,-2.544697861503698,0.01249818777263085
UQCRC1,-5.251966341256755,8.76049308596007e-07
HIST1H1C,-2.7780916947789027,0.006553659819242727
PDAP1,-3.6148916220345377,0.0004766416519197348
APBB2,6.6808507278949625,1.4508089642820485e-09
SLC45A2,-3.1396811480944287,0.002235545682022605
CDC42SE2,9.662522791341628,6.538819175535218e-16
DYNC1I1,-4.51265436484826,1.7816854539003215e-05
FAM149A,12.016843329878338,5.525626523796057e-21
ADAM23,-4.468929755507922,2.1121449006229854e-05
AVEN,-8.49545429718159,2.1990346797872813e-13
BLOC1S5-TXNDC5,-2.2136076976202586,0.02917497890846685
OSBPL9,6.225490450504878,1.1946412232916209e-08
ORMDL1,2.480169841425513,0.014837151397184114
SPATA31A7,-2.0582366828543823,0.0422215884408328
ABHD13,5.21774970984878,1.0124270771951434e-06
PRPS2,-7.871952962042822,4.753726672982974e-12
BOK,10.474483211421935,1.1329101401007576e-17
CRADD,2.647208593152972,0.009457875736207851
FAHD2A,-3.075054382586819,0.002727194943177685
ZNF330,9.488030335843924,1.5642695762055096e-15
EPB41L4A-AS2,10.409211388723048,1.5687206691832858e-17
OR9K2,-3.238343558259495,0.0016415345350367127
C7,10.2459031442097,3.543649830026801e-17
TCEB2,-2.2761418104575357,0.02501366739533732
TTF2,-10.197222644130527,4.5186320589989186e-17
NCOA6,-7.400918177192513,4.701244865825838e-11
OBFC1,13.360395703380675,8.411957111868242e-24
C1orf170,-6.744746212155143,1.074828492285448e-09
STK32A,5.918050502987162,4.7996044493603066e-08
KAT6B,4.974241764183688,2.795297297651553e-06
AADAT,2.229897042753179,0.028036499420782672
SSBP2,2.254030295418359,0.026421299209133418
PCCB,-6.47509052352324,3.7864317178577486e-09
EPCAM,-2.8270627983325674,0.00569538357910846
ABCB1,5.45167178564103,3.7305654841038884e-07
RNF39,-2.9865726816387816,0.0035639091544923374
DHX9,-8.211329167782823,8.964119536008684e-13
REV3L,13.042068883879134,3.8497786296951714e-23
ZNF583,8.58137657877081,1.4359414944933283e-13
NFKBIL1,-2.0322809941739277,0.04483093505469892
SPOCD1,3.1698610239944864,0.0020354069769035763
IDO1,3.0000230283792004,0.0034230277216652904
PHF21B,-2.7875578956411116,0.006379067008379798
PTCD2,-3.27344642334511,0.001468433166383002
C1orf56,-2.2850993024697765,0.02446246156969656
MAPK15,2.5165458323581755,0.013474514747832792
ENPP7,5.9403220346348915,4.343873268680983e-08
SENP5,-8.619031595452087,1.191105334596545e-13
PITX3,-3.4599413110440467,0.0008015364985406663
AHCYL2,19.04088351957004,1.0599355442632938e-34
MS4A3,4.490015885914651,1.945992101319738e-05
ZNF347,4.04077045920585,0.0001060299597553972
RBMXL2,4.527264503746816,1.6828600350238288e-05
REPIN1,-2.4343958404402253,0.016726291061953943
LCK,2.0374364262640525,0.04430193234426354
PPFIA3,-3.2458576462362694,0.0016029500121819442
FRAT1,8.259818900219257,7.056189697206689e-13
TIMM23B,-3.146171693322066,0.002191017526396023
CXCL10,-2.393749217389875,0.01858053069073788
SPAG8,4.49004552996413,1.9457676597873733e-05
DDX24,7.515473950475116,2.7006979473258056e-11
RP11-763F8.1,-1.9988448748158936,0.048394808998682065
GPR83,-2.221658312157947,0.028607360141778993
CITED4,-3.4058717012761575,0.0009575264646320155
ASAH2B,-4.537109513600273,1.619280233463052e-05
ATP6V1G2,2.56801463520326,0.01173822140927623
MTERFD2,7.221548334626278,1.1149739263327595e-10
CLPX,-5.116634300872526,1.5482203619218725e-06
MLYCD,8.31594620147828,5.347440799673928e-13
TOPBP1,-8.362953709517594,4.2383531800300755e-13
INTS2,-5.547321616498356,2.4652262493696074e-07
F3,2.616834108937305,0.01028029269251698
KIAA0232,7.810446945999404,6.422886030781979e-12
DPP7,3.0850284184521453,0.002645281183540331
ARHGAP42,5.102513260464421,1.6422799878817453e-06
IGIP,12.673721074676054,2.2667730677836955e-22
SIDT1,4.337834790771688,3.4973485960593156e-05
CD8A,4.054277857246779,0.00010092087937964425
SKOR1,3.5696555867265514,0.0005555990071545243
PRKCQ,12.317549576310412,1.2745384662128373e-21
VPS53,3.167127814214096,0.0020528205709789142
GNPDA1,-3.6541338109564787,0.00041687070591886607
CCDC36,6.292010634706675,8.809879755594219e-09
WDPCP,-3.674430707935605,0.00038881593431978445
ASAP3,3.429187000500915,0.0008870508573968436
ARMC4,4.611808863279062,1.2070834758150735e-05
LAPTM4B,-6.178083074979025,1.4830929359347313e-08
SLC17A5,11.027013905224138,7.256262429940966e-19
PLK4,-13.881424003812146,7.14556378875222e-25
CDK7,-3.101470035081183,0.0025152186773019494
NEURL,-3.8271223540700308,0.00022838947636723557
TXNIP,11.861083298274249,1.1848195451037884e-20
PCOLCE2,9.337568263905366,3.3177076901296387e-15
MEFV,8.08281208005337,1.6885156627980258e-12
NR2C2,2.328840144981375,0.02192158882328803
ACADS,10.095365874995295,7.515239107332963e-17
GORAB,-3.200388363102354,0.001850045348581466
GIMAP7,14.192141071507242,1.6663323528405657e-25
PCDHB6,-3.408071427754336,0.0009506588219991875
LOR,-2.636402011085715,0.009743387904222127
MND1,-9.096296572142695,1.1066051452605464e-14
PDE4A,12.589431609953225,3.407355770653954e-22
HLA-E,16.826776147573273,1.1619400501996308e-30
AMPD1,3.719831359685343,0.00033240823447777516
AFF1,7.543887246871885,2.353038480844619e-11
COX6A1,-4.888185528572774,3.977788335866925e-06
CFC1,3.7864002689819722,0.00026356637851268806
METAP2,-4.067371238250966,9.619414162879595e-05
ARHGAP25,10.805145669615108,2.183829758714618e-18
ITGB4,-10.922076264825732,1.2215064294685821e-18
NYAP2,6.514242435509961,3.1572363417142445e-09
ASL,9.33702478885187,3.326727615308574e-15
AQP8,5.320883670394562,6.536565779665078e-07
WFDC1,13.720153280588114,1.527891602244976e-24
CENPM,-9.129920891273139,9.356805490060878e-15
IRAK1BP1,5.857856132337086,6.28005986234654e-08
ZNF799,7.389302100214404,4.972478753919635e-11
SLC6A20,8.104948512542745,1.514222415383048e-12
ACCS,5.599104055451632,1.967181323713542e-07
STK31,-6.1499595410867185,1.6856118943832733e-08
HOXD8,-4.091909325499918,8.7901332354862e-05
LRFN3,-5.559414719589707,2.338864862795574e-07
PPIL6,7.2325096277179455,1.0578279011775737e-10
POU6F1,13.682441347838996,1.8258153918800894e-24
KNCN,3.8755037013355396,0.00019240275744445074
CTD-2162K18.4,-3.397489997894614,0.0009841244043927336
RUSC2,7.119509238204157,1.817671733000385e-10
APOD,2.629187515411208,0.009938314299993362
ZDHHC7,8.609034400691362,1.251724395281309e-13
DNAJC15,4.638263685572597,1.0871002029030227e-05
HIST1H3F,-5.026756596583685,2.2502758694511034e-06
KRTAP4-1,-5.806864391438977,7.878957741243316e-08
MRPL42,-9.659659301921309,6.633097013857033e-16
BCL11B,-5.0869385558288105,1.7524920806972862e-06
RP4-583P15.15,-2.3374279631472934,0.021451045570586733
FGF2,8.769042193503244,5.6511428229312675e-14
ST20-MTHFS,-3.7448159261704705,0.00030477623266490783
LILRA1,10.227648302625822,3.881777723669156e-17
TMEM54,-8.239437249145423,7.80314555362593e-13
ITGAL,12.871712510687065,8.725805773572246e-23
LMOD1,10.688392732329472,3.903375890675757e-18
TSN,-6.0934567920370055,2.178389982390124e-08
AC005477.1,-2.3077032362355188,0.023118762417637478
SCAF1,-3.0826335351636773,0.0026647386676738618
UBE2N,-5.272550852295787,8.028389862328172e-07
RP11-455G16.1,3.2709009551613337,0.0014803873776202162
CCZ1,-6.091877911641429,2.1940270855905138e-08
TSPAN7,8.101097734416467,1.5431995385859046e-12
NAV1,-4.8304691736438246,5.0302674831012465e-06
MECR,-3.7922678026901484,0.0002581974737800218
HEBP1,5.6373242503842205,1.6643069703192904e-07
UBE3C,-5.613438650046979,1.8477278124562278e-07
ATP13A4,17.723476573017482,2.4927072888607694e-32
ACVR1C,-5.896788837959404,5.278428792387313e-08
AC007401.2,4.194437423483163,6.00958695478992e-05
HPCAL1,18.447725533103412,1.2058769955620438e-33
KBTBD13,5.980461921810833,3.627556228952826e-08
AK1,18.774820494247304,3.137690402528118e-34
SESN3,-5.684677184210899,1.3519491199911796e-07
AVPI1,2.9322088055501245,0.004189621344092959
DAO,5.833644348995806,6.994912338397362e-08
AC120194.1,4.5151462104319044,1.7644420788438367e-05
ITIH2,6.022709434516475,2.999198049830931e-08
ANXA11,11.508154020059331,6.718861395524217e-20
CNOT8,12.036761993015382,5.012806404000093e-21
TDRD10,17.437581116906703,8.391330567906698e-32
HSPA12B,12.888329610827727,8.055369532070046e-23
RABL3,-4.147123811575372,7.167485804530784e-05
CAPN8,13.42460379812782,6.197699654547773e-24
TMEM194A,-8.326360482196533,5.079118352276202e-13
OSBPL11,6.007649328715627,3.209819754977222e-08
CHSY3,2.23103640990637,0.027958342690743865
KDM5C,-3.8674517144113127,0.0001979909867004198
EVI5,11.510298742306277,6.648196756961785e-20
CHKA,9.040162571961412,1.464196403525166e-14
MYRF,13.279861946351684,1.2347176691036807e-23
AL953854.2,5.392398169955943,4.814138997849166e-07
PRKAR2B,10.424977660035545,1.4500972126798333e-17
PGRMC2,2.178281134835924,0.03178359572023391
LNPEP,5.029900454216279,2.221162608627786e-06
DNAJC28,3.9870030471212106,0.00012893219161607598
ZNF141,2.482651047641717,0.014740429385537882
MLTK,2.9002447211275624,0.004603256275181642
LURAP1L,7.5659061057026635,2.1145327575691947e-11
C1orf131,-11.567586982872278,5.0130598831913384e-20
CCDC166,-3.808949020211479,0.00024349676661668113
ATP6V1D,2.9013805408596514,0.004587936611066206
ELK1,-6.892447139992884,5.353994967232919e-10
SUCO,-3.093998607418818,0.0025735677729050773
KRT3,-2.9830818359366065,0.003601338299590562
NFRKB,-2.99155029672826,0.003511159892038298
SYMPK,-3.485233612188485,0.0007370932579540882
C20orf194,10.196413979564147,4.536915105985957e-17
CHST14,-4.318843624957107,3.759645545362597e-05
DENND6A,5.71842453289748,1.1652447914988633e-07
AGBL5,-5.54215950720845,2.521182369022447e-07
COL10A1,-5.321107241763322,6.530339022742315e-07
FOXK2,-8.941902442056243,2.389682807598729e-14
FRRS1L,-3.33118103621008,0.001220384330156964
AL139147.1,-3.3810810023819062,0.0010382185642015694
FERMT2,18.089108003748784,5.358353940365494e-33
NOBOX,-2.4117612379472395,0.017737416076267932
ROPN1,-2.455273408484968,0.015839546148895697
PSMC2,-8.304012822625916,5.672308593383286e-13
MFAP1,-3.1614529386366454,0.00208941991956842
C19orf35,6.441560679492295,4.422668020090843e-09
CEP70,-2.70353374185434,0.008088799865443563
IL1RN,-2.121897292310584,0.036368032314299824
MEF2D,6.929242010844699,4.497393486385146e-10
DPYSL4,-3.7009336345705957,0.0003548722255972126
LDB1,-2.6762596786741697,0.008727514232557533
DAW1,6.305944907711108,8.264096304680687e-09
ZNF576,-4.787078350895052,5.995163467058134e-06
MCCC1,-2.234300446138169,0.027735495604711016
MAPRE3,2.5978555368349645,0.01082642359182235
NBPF6,-2.244169453924374,0.027071137103537365
TGFA,-5.020121821854574,2.3129423753824777e-06
TRMT1,-7.02841420908644,2.807227130562737e-10
JAK2,9.873430516029853,2.2782602241562997e-16
PCDH20,10.642730831904776,4.899536758463018e-18
S100A9,-3.4405017723191356,0.000854636715911501
SYT12,-5.806083220861204,7.906329474021449e-08
TBC1D22B,-2.413032794301649,0.01767920327541488
ALDH16A1,-4.193260796590821,6.0360665927033634e-05
ANKAR,4.464828807002629,2.146014836942651e-05
KANK3,16.775377252295463,1.4526704817074745e-30
SNX2,10.142617935460365,5.935227423112628e-17
POLR2J3,-3.6262544446215865,0.0004585477679208708
CASK,-9.242689041613225,5.32900467345703e-15
AC117834.1,4.660721691418694,9.943884059230049e-06
CDC27,-5.651742279521666,1.5623681314068413e-07
EIF1AD,-5.1671623992488085,1.2528004984526197e-06
POMT2,-7.70525204191773,1.0734304521224373e-11
ARHGEF17,10.756558977035269,2.7806601793371372e-18
SPATA6L,13.65325408966628,2.0959480575125194e-24
OTUD5,4.244976151609596,4.9719451677084836e-05
LY9,2.5796431176030348,0.011374987947846634
SIRT4,3.9357048455176082,0.00015514234921737487
MRPS18A,-5.435663646574633,3.9970609742699084e-07
NGRN,-3.2379136932120014,0.0016437679054179654
TSNAXIP1,4.115193294611725,8.066953300853134e-05
BIRC2,2.690880632277595,0.008379638167184065
CIB2,-6.637925594855575,1.7737557520934283e-09
DLEU7,4.61605673320166,1.1869883126019342e-05
LRRIQ4,-2.18803723858817,0.031043617303711593
NIPAL1,-5.537404872260102,2.5738223342118485e-07
YES1,-5.132298482201605,1.450028870282752e-06
XPR1,-8.280243163473049,6.379152061542864e-13
C4orf22,4.435306945797098,2.4058034258804363e-05
GOLGA7B,5.879975218402519,5.690088092995304e-08
GALNT18,8.065663228028606,1.8371496529320147e-12
BCAM,7.919790640779545,3.760483399842572e-12
LRRN4CL,5.569526530533723,2.2381008330854859e-07
PNRC2,11.810213328318332,1.5206384189456632e-20
HM13,-4.953642813124961,3.0425094678567224e-06
FRMD6,-9.27050098310498,4.6379589151753176e-15
ENTPD7,-7.482214419531329,3.172945170751542e-11
GNG2,9.219698847694053,5.977249658719729e-15
GLS2,-2.710153761422179,0.007940319099183956
RSAD1,2.163150707256481,0.032961576895060074
ISY1,-8.313868313955744,5.402644122043964e-13
ZNF274,6.0232947298838555,2.99129328672092e-08
POTEG,-2.2017306512790684,0.030030347487742706
HACL1,6.287457310402916,8.995822428229968e-09
GPR64,4.570317826503828,1.4215098546819736e-05
RSL1D1,-5.702716173452429,1.248766899191945e-07
MYO18A,4.923910011867103,3.437254629496197e-06
SDHA,-6.462075767078675,4.021867552157932e-09
HDAC4,-2.1441588513528784,0.03449375722686558
FUK,4.499772091196134,1.8734614361628462e-05
CCDC58,-10.023155494731785,1.0780170364519021e-16
AGL,-2.1223273114052703,0.03633100906526803
C22orf31,-2.177974596447949,0.03180709270529933
APOA1BP,-6.4178925747135995,4.934266210042273e-09
SCRN2,5.675855706559336,1.405411243589009e-07
TERF2IP,14.498673161258955,4.006786314056259e-26
RNF43,-4.885125059964649,4.027764535858483e-06
GK,7.4526842217309115,3.660488245259885e-11
TRIM56,3.8756855183101537,0.00019227832734707042
DEK,-6.202417391446598,1.3273592298916408e-08
NKAIN4,-2.168684797148784,0.03252638950119161
PRPF40B,-8.254843360092503,7.231687057205086e-13
METTL8,-9.813550628895616,3.073259369521843e-16
RP11-176H8.1,3.7794426076637984,0.0002700704987354879
DCAF12,-4.696194328267629,8.633641063509158e-06
MSANTD3-TMEFF1,-3.815898575636247,0.00023761058839303202
LIPI,-3.712463913122232,0.0003410004527005671
KLHL32,4.977667349969043,2.756129975624395e-06
UBQLN1,-4.014711848474394,0.0001165950119935614
HELLS,-11.952500626586573,7.570447903529163e-21
HUWE1,-4.64876517755574,1.0427495798894834e-05
CLCN1,-4.360577757770304,3.206407144074622e-05
NKG7,8.163735837723689,1.1335210266335955e-12
RP11-552F3.12,-2.5934221477754624,0.010957714360801214
UBL3,15.83227818109354,9.279101872142557e-29
FSCN2,5.240788526408552,9.184976647033736e-07
MYL6B,-5.984530691833323,3.561793644018543e-08
PC,-6.3663466778293305,6.25938989659367e-09
SNX21,6.093517301639545,2.1777928903030204e-08
LRRC4C,4.2114075871819745,5.6398793328355866e-05
HIST1H4L,-3.484130073814262,0.0007397999726782761
VANGL2,-7.160694814190341,1.4926103431576516e-10
PPP5C,-3.291707603120755,0.0013852856011756802
CD1A,-2.1245661994418175,0.036138774585746276
AGAP2-AS1,-7.431380654177508,4.0577454682072177e-11
IGSF11,-7.5840203560547685,1.9364536735206632e-11
GNPTG,10.832470004306687,1.9064689212828505e-18
GPR65,13.97652540362805,4.570915941199511e-25
GFRA1,5.319164574094207,6.58463930894603e-07
CACNA1S,4.527610053805689,1.680588104904575e-05
AIF1L,5.256050858157455,8.610215878021872e-07
MRPL39,-2.758690514419124,0.006925199146532361
SNAI1,4.722352272602307,7.77639880239043e-06
EFEMP1,16.26962441404751,1.3311588236189204e-29
AGTPBP1,13.389830005800661,7.312333769513878e-24
CCBE1,7.5451797304644215,2.3383278938869376e-11
EFCAB5,4.589504871007842,1.3181242389147414e-05
MCL1,8.525279595819722,1.8967393428533796e-13
COPA,-4.411875932065387,2.6333680965532074e-05
RAB38,-6.72299059590437,1.1905312348163335e-09
ENPP5,8.147638481030205,1.2271019028292388e-12
FARSA,-9.125751965791954,9.553503839007043e-15
EMC9,-7.519858138042518,2.6439002199073946e-11
PRKCDBP,2.4943848954560703,0.014290623862128567
SLC11A1,9.375874179475899,2.7398286616687067e-15
GBP6,-6.523382267535026,3.025927880844504e-09
DMP1,-3.2763202638295246,0.0014550453975872865
USP46,-4.699533248529873,8.519317118514317e-06
AC004381.6,-5.542690551503103,2.51536897325206e-07
BNIP1,2.7139533393902675,0.007856221820599788
GPATCH4,-5.249625013360724,8.84778794062242e-07
CUL1,-3.8753284012894396,0.00019252280029449117
NINJ1,3.0399708379919312,0.003034386190006408
GJB2,-3.9028538964560973,0.00017452364698481606
CD1B,4.684321812535375,9.052334224467767e-06
CSTF2,-8.060099346317317,1.8881181386064356e-12
SDCBP,14.89601923773416,6.422515069089738e-27
CAPN7,6.117955027769573,1.94937467148828e-08
PROC,-5.027409316233217,2.2442010124969236e-06
SARS,4.5911901941285755,1.3093994015292406e-05
MIPOL1,-3.254259833538288,0.001560809666203191
LDLRAD4,6.534509944409432,2.8733287970790616e-09
SLC16A2,5.0085591281747535,2.4262429054027047e-06
NUP214,5.484648980881108,3.235276920649658e-07
CFP,16.866531844444793,9.778440969596648e-31
SOD2,2.502521616489789,0.013985969568633357
ARID4B,2.510391664134516,0.013696851113166039
CHID1,-4.867823787228071,4.321984696123099e-06
IBSP,-2.395186247035229,0.01851198158348869
RHCE,-3.774071570339564,0.00027519558847307165
PDIA6,-10.595242688478107,6.206655821063508e-18
HIST1H2BD,-5.935461753265024,4.439545136253321e-08
USP54,9.83270253703597,2.7926747034960236e-16
PCDHB8,-2.5440768877932114,0.012519018683646396
JTB,-2.6478190173899567,0.009441976566691055
C3orf17,-9.098222222486426,1.0960242778173104e-14
KRTAP1-1,-2.108033178834082,0.037579306119059026
CCDC134,-7.044509727820553,2.6000188497025976e-10
PREP,-7.1746992636334905,1.3957859904312635e-10
NXPH1,-4.897778027558543,3.825024802296322e-06
MAGEB6,-4.317309123226126,3.781648101801315e-05
RBP2,6.771664542391254,9.469696481531995e-10
PLSCR2,-2.887658441763204,0.004776193673030846
IVD,8.54255721021509,1.7409653811075485e-13
PPIL4,3.1806060023800744,0.0019682747268425843
BRDT,-1.989763397636602,0.04940352924154443
SUMF1,5.7550850066231805,9.910815792527528e-08
INSIG2,6.801952106298686,8.210391619424313e-10
EVI5L,3.083354459179391,0.002658867516692846
TMEM87A,7.307864904004504,7.36344551771556e-11
PRCC,-8.086221691511298,1.6604227555356198e-12
CSDC2,8.520129538136176,1.9458060400882162e-13
ZNF462,-3.6550742464106913,0.000415529478059114
GUCD1,7.784291115738341,7.2987219509995e-12
TAF4,-5.651542201344369,1.5637398834261768e-07
PABPC4L,-2.066508221188894,0.04141793605725657
FANCA,-6.124941164321107,1.8885324702458304e-08
USP33,5.657589230988022,1.5227985207711902e-07
CSNK2B,-4.982448811102154,2.70235260285207e-06
RORB,3.3668944087434087,0.001087225770791948
DYSF,7.309233545020663,7.315087551818182e-11
OR5K2,6.254353451175819,1.0469192410814812e-08
ICAM1,6.871834599265473,5.902558555456174e-10
KIAA0907,-6.060569953739508,2.527965678445765e-08
ZC2HC1A,5.014490575606457,2.3674622964125938e-06
PCDHGA1,-3.6833664897903047,0.0003770411533928169
GBA2,4.504277725380349,1.8408542458753823e-05
MYL4,9.853392009095927,2.518283261738152e-16
RABEP1,6.305528987888829,8.279893343419204e-09
TET3,-9.977307256749613,1.3555834833371155e-16
NUP43,-7.862443324194432,4.980292122807041e-12
ZBTB22,10.448450466098812,1.289922115629369e-17
SLC3A2,-5.517526927346207,2.8058135667571004e-07
PGK2,-4.019350437192858,0.00011464341275933484
HEXDC,3.798529664556336,0.00025258266023290145
TMEM189,-7.1878982939594,1.3102435027798172e-10
KRT83,-2.6385898756215385,0.009684962047026808
LRRC52,6.3250445691258985,7.56984645417895e-09
C17orf75,-6.51391324358194,3.1620693317330262e-09
APEH,5.537516115241611,2.572578505999171e-07
DOK7,9.759330049924452,4.030106223297606e-16
TRIM37,-5.372921590958977,5.233352835119194e-07
TTC21B,2.2052619814711663,0.02977376820491305
GJB7,-4.809950001130408,5.466093255279237e-06
GPRC5D,-2.544845634019862,0.012493235253350953
DCHS2,-2.688641360560613,0.008432087264773132
GOSR1,-3.807074412989995,0.0002451081611214064
GPRIN2,13.451220727828408,5.461243595965711e-24
NOA1,-3.5364077722718372,0.0006213533728462591
THOC5,-6.738046364946043,1.1092209948926415e-09
NAT1,6.415564278606228,4.987645695581817e-09
CAGE1,-5.197374035015156,1.1032737326207497e-06
POU3F1,-3.0126471619926307,0.0032955001416434095
EFNB2,2.472065978938266,0.01515702296545135
C20orf141,-2.446614325975027,0.016202104442660178
SIKE1,-8.201742947392377,9.398191815414695e-13
LUZP4,-2.2551004319855283,0.026351606117767504
TBC1D20,2.8752420789449404,0.004952627298714498
PHLDA2,-3.1321677287857623,0.0022881420739511104
FOXP4,2.565649444063829,0.011813367932156068
C8orf34,14.214308907483925,1.5025818682542921e-25
FBXO5,-7.639823362484384,1.476300965855762e-11
PSAT1,-8.322760701835389,5.170313726310975e-13
EBNA1BP2,-6.0993324600889585,2.1211566922903107e-08
NIF3L1,-6.931458056423914,4.4503762698666564e-10
DEAF1,-3.3149295867347863,0.001285911923683153
SCNM1,-4.387476803940009,2.8923779032136127e-05
FOXB2,-2.4334488899721736,0.01676754068837242
LCE6A,-2.6110741723155493,0.010443350683661132
GSG2,-12.110773354573334,3.491664529794515e-21
CCDC43,-5.256160753373672,8.606207635688287e-07
EGR2,5.132608474819759,1.4481483535530851e-06
RAD51B,-3.190396698170555,0.0019089070440123598
MEGF9,8.534245192900451,1.81424572065559e-13
PMS2,-6.851259039095328,6.505596886286542e-10
LARP1,-4.920618527836778,3.4839041527072666e-06
CYTH2,2.8492787507016355,0.005341053192762588
ATG13,-2.960147367794524,0.003856410036384957
ITM2C,-2.4654548727570242,0.015422525125809267
DVL2,-5.185505403938946,1.1598117562115382e-06
N6AMT2,8.613297466464218,1.2255073892312844e-13
TTK,-12.643655959224548,2.621267314003173e-22
KBTBD2,3.824594616454836,0.00023043594969018817
NEXN,13.864471801806127,7.738748355547578e-25
ACACB,10.048493523239031,9.498226725067404e-17
COIL,-8.62185259984562,1.1745358470718914e-13
TMEM133,9.937933695687358,1.650384927669503e-16
SDHAF1,-2.248407428753348,0.026790153828845097
LRTOMT,4.124541255573655,7.792981268077294e-05
MAFG,-2.841312355061877,0.005465719869156168
COL3A1,-4.7873714483541985,5.988078829072151e-06
NUMB,15.115113656966876,2.359706916725006e-27
CRY1,5.4898235357090135,3.16364866496522e-07
APLNR,4.908186375970355,3.66572662619242e-06
ZNF672,4.421251444667201,2.5399221222712073e-05
SPINK5,-3.0235440152391595,0.003188969698814898
G2E3,-8.702875385042313,7.853012291784143e-14
METTL2B,-5.458932091212871,3.6155137784783887e-07
SORD,-7.575691630300448,2.0164014565862765e-11
RARRES3,12.85894890927538,9.278594821738894e-23
STARD3,3.125471244103331,0.0023359873422865323
WEE1,-2.656884800722719,0.009208680515414605
PEX2,3.474556106515011,0.0007636791670869411
DIRAS3,3.296986977509268,0.0013620815340396116
RPL26L1,-4.808716418482733,5.4934325517866495e-06
CCNB2,-13.918934004442251,5.990348887756264e-25
PSMB10,6.343878223998852,6.9417200254865624e-09
RPL35,-3.2125130275480407,0.001780892185186712
MZT2A,-10.231379680129063,3.810132288877215e-17
CACNG1,5.744065352376417,1.0405524646007883e-07
SKIV2L,-5.127958559260835,1.4766078893654737e-06
CBLL1,-2.2429989103593924,0.02714919947242391
AQP12A,-2.336168783117019,0.021519475045419244
EXOC2,2.8181288839456697,0.0058438462870319795
ITGA9,12.043272102822364,4.855777240720508e-21
KIAA1191,7.9959126306108965,2.5883856325749112e-12
BARHL2,-2.3023484564294017,0.023431057746706008
SH3PXD2B,-4.077801581748181,9.258137407589714e-05
PRNP,-3.752211089022458,0.0002970256548279657
GRIK4,6.153156270208531,1.6612842994227346e-08
ARRB1,21.639422485198427,4.146724372308473e-39
SH3D21,-2.813622277362992,0.005920072989624689
COX5B,-5.726763523459747,1.1231613910428067e-07
EMB,4.983099992459944,2.695108284010988e-06
NPM1,-4.6608449985675335,9.939011712840424e-06
HSPE1-MOB4,-3.810734967603297,0.00024197097206550013
FUBP3,-4.320740061373499,3.7326237883693234e-05
SMPD4,-10.642611089300217,4.9024586269303175e-18
MPZL3,2.1088551856741446,0.0375065293468622
FAM45A,-2.9009823931773187,0.0045933013869566665
FAM83C,-5.1683515093378904,1.2465578154030054e-06
DUS2,-3.899951801878935,0.0001763427652816991
MID1,-2.3561325644978663,0.020456972655469
C1GALT1C1,2.603964116504633,0.010647849294601929
ALDH1L1,-2.100577460586567,0.03824499181901792
EYA1,-2.5583212798990833,0.012048955409683332
STEAP2,-3.5367333287276703,0.0006206752782784772
UTP20,-6.367094211547153,6.237865143604842e-09
SGCB,4.246659486731603,4.940538180144911e-05
RASSF7,6.662192165971925,1.5833380968351131e-09
ELMOD2,-2.093667837711466,0.038870982936922205
CYP27B1,-5.551760249355695,2.418087670973285e-07
SVOPL,-2.782983440002438,0.006462899835893069
UBAP2,-4.714922268583193,8.011111870336035e-06
CTPS2,-3.1135038753004878,0.002423816012369711
LPO,-3.363197188248858,0.001100350014121914
FMNL3,7.12290592785299,1.788395585318035e-10
ADAM29,5.885687308741908,5.546811308402421e-08
THBD,5.613784950759295,1.8449318904600242e-07
FAF1,-5.59697152313837,1.9855878378892099e-07
CKS1B,-4.634177756811994,1.1048457135221585e-05
KPNA5,8.19711593453385,9.61513628140989e-13
SMPX,-2.634335663061927,0.009798861395397603
OSGEPL1,-3.890722063767743,0.00018224934112109767
RP11-467N20.5,-2.132387144734141,0.035474149223473146
CXorf21,8.819043344623603,4.406355600407631e-14
SLITRK6,-2.9396955574558348,0.004097820682374767
CACFD1,7.76926165363834,7.854707617356793e-12
ZNF254,5.017114820619191,2.3419011156213193e-06
GPR112,6.804619370158211,8.107781956851116e-10
NUP205,-12.91788166354278,6.988253849031889e-23
FAM149B1,4.509308174822091,1.8050974092044905e-05
GPR98,4.495720921812782,1.9032559978236653e-05
CCNB1,-12.158484510273007,2.7663000673565054e-21
P2RX5-TAX1BP3,5.307456928198525,6.921360312175999e-07
ZNF812,-3.0916040667350355,0.0025925325772688354
ZNF473,-2.376928003883411,0.01939986338910715
C5orf60,-3.332269287604687,0.0012161101793511377
OR2S2,3.3019209860830143,0.0013407249395229377
ROPN1L,5.283386955432083,7.667388177038403e-07
UFD1L,-7.86518967518482,4.913779535100513e-12
NUP133,-6.419273388169511,4.902876063884006e-09
HMG20B,-3.833510647734394,0.00022329437994271056
DNAJC2,-9.527306369551129,1.2854481393834409e-15
COLEC10,7.617053654886257,1.6492190621495688e-11
PSMB9,3.1889116813132743,0.0019178030017633655
LBH,7.963089935315245,3.0409477978203854e-12
MMP15,4.0471380943521,0.00010359131323270696
ASTL,-2.9498342061218144,0.003976456287949216
E2F8,-9.064718757123218,1.2954114698686843e-14
SNX20,9.806785482040791,3.178971161437427e-16
MFSD4,12.228399027877078,1.9672356624702567e-21
NCAN,-3.7493301023085426,0.0003000225513908428
SMCO1,-4.37475087823853,3.0370569128842594e-05
LTBP2,6.803727086882738,8.14196599133086e-10
ABRA,4.3869697938091425,2.8980125929720245e-05
POPDC3,-5.089114925480214,1.7366684295214718e-06
TMPRSS6,6.828890899734505,7.230517632579902e-10
IGFBP4,5.829471303085837,7.125957672560798e-08
SELO,-3.9190946585389153,0.00016466962245158644
TOMM22,-7.314233617992569,7.141085104452766e-11
SERPINH1,-4.407546480510959,2.6776320049589955e-05
C15orf37,4.90480166106336,3.7168073162992826e-06
ITPA,-6.151820939020717,1.6714039882241373e-08
SLC41A3,-3.0927330089051566,0.0025835752288272773
DMBX1,-3.0672971670688036,0.0027925224876510844
FMO5,7.652102324750389,1.3906601811487975e-11
SLC5A2,5.778680587577241,8.927963439082627e-08
GALNT7,-7.63304347233115,1.5258136683243913e-11
RTP3,-2.245926514003485,0.02695432979560913
TMEM110-MUSTN1,8.315566031940346,5.35749859934082e-13
CTD-2049J23.3,2.404300951118816,0.018082401718513205
HDX,4.226922725339117,5.321087263647515e-05
DHRS1,4.011521038110199,0.0001179559085098784
WFDC11,2.147790201266806,0.03419610675698014
IKBKAP,-4.461786534623278,2.171479630446859e-05
FGF8,-2.5046755778132535,0.013906301668034218
CLEC1A,4.803148215913748,5.618500608163287e-06
TMEM63B,11.129160979904373,4.37319532039107e-19
ARRDC4,7.441833501374185,3.857746425928255e-11
RNASEH2A,-11.787458459737998,1.700323818827606e-20
KANK1,4.784617773937353,6.05496160051769e-06
ADAP1,6.123559055842574,1.9004188340982364e-08
CPA2,-2.3864924829216534,0.01893014716082343
NARG2,-4.52606001282839,1.690802602720975e-05
DYDC2,4.341399529162484,3.4501213164906185e-05
MMP3,-3.4036648176628455,0.0009644633139918764
APOLD1,4.882433822573686,4.072215725642194e-06
TRIM7,-5.311395767450764,6.806237867055639e-07
ETFDH,3.9770084236031122,0.00013368140810337986
PLD1,-6.917263455399807,4.760188303187757e-10
CA7,-2.031395969593209,0.0449222899840721
NDUFS8,-5.1635464054368105,1.2719721893508822e-06
FAM175A,5.359714760233079,5.53773438184939e-07
ZFYVE16,10.541647737349198,8.106141479835793e-18
EXPH5,6.935592970247311,4.363945280824999e-10
SQLE,-6.616844345679241,1.9574487717088073e-09
SLC24A5,5.679741311311023,1.3816116689710594e-07
IPPK,-6.753954707133725,1.029274402453026e-09
RP11-644F5.10,2.218397285148862,0.028836108918698197
TARBP1,-6.899349907621829,5.181825566430562e-10
TMBIM4,14.913888423719731,5.917575992154863e-27
TMEM241,-3.690967465403251,0.0003672923859743919
HNF1B,14.985329727777222,4.2671537971838276e-27
C1orf21,3.4493246483463142,0.0008301386122343977
IL12B,3.2692714250544666,0.0014880878258328313
UNC45A,-5.031276927203278,2.2085318515526828e-06
KRT23,-3.3816202152618384,0.0010363974480979818
RGPD8,3.934743446575829,0.00015567911587345974
ARL6IP5,16.737096097460174,1.7159066946117627e-30
LDHB,-4.751505281522757,6.918278200789886e-06
MMRN1,10.368650280802619,1.920497113112512e-17
CACNA1H,3.7812925729090354,0.0002683263727120752
FBXO25,4.8212299265576455,5.222158152896379e-06
PTGER4,8.98992013804957,1.8810459017796377e-14
SERPING1,15.207520060821764,1.5496091689505545e-27
LIPA,7.576984968668359,2.0037748748216505e-11
HUS1,-4.479477827278884,2.0273843337222112e-05
PAM16,-3.2839406230483768,0.0014200968810358483
NCF2,12.364420418529429,1.014778944129261e-21
YPEL5,6.580694278441154,2.3172302445219773e-09
ERCC6L2,3.402166791015929,0.0009691989231250281
AK4,-10.724756248566152,3.2572831250947857e-18
ZNF551,-5.207357742734073,1.0578073937459956e-06
SEL1L,2.7585870559665677,0.006927230901830266
RRM1,-10.591949198025786,6.309311385243069e-18
BICD2,-5.531287233220912,2.6431403110187967e-07
DLAT,-2.5355053805363106,0.01280976070170185
CCL4,3.9466848896153817,0.0001491360971776299
PSORS1C2,-3.9448061548807347,0.00015014778470020954
ATP6V1G2-DDX39B,-3.665788819551809,0.0004005346694962233
SLC25A23,9.877090508361155,2.236959215978527e-16
AXIN2,9.829005743560113,2.844762594249315e-16
RGS9BP,5.535376352178342,2.5966072833285963e-07
PAPOLA,-6.614692654537368,1.9772240925355077e-09
SLC44A4,8.400000157506865,3.528444054885884e-13
STMN1,-5.620428292243243,1.7920923951491516e-07
GAREML,-8.992774323436187,1.8544699920205765e-14
C19orf81,-3.328786367696926,0.001229839139017837
TLX2,-3.3630137402727747,0.0011010050679931694
RGS9,6.522930273532497,3.0322927403607656e-09
RTKN2,11.425272180278492,1.0112315475677609e-19
KL,12.346456269502509,1.1073828867442156e-21
HERC6,2.6105628637408476,0.01045793762212525
CLEC4G,2.0640070341526973,0.04165954948412617
HIST1H4A,-2.77142113602212,0.006679299231513682
FUT5,2.7553600877859066,0.006990876868812842
BMP6,6.261302304084817,1.0141377047760298e-08
CHAT,-2.548100702407355,0.012384589880035829
PIGM,-3.0644309879506193,0.002817025020365915
NIT2,-8.621914414188286,1.1741753592547015e-13
NDC1,-8.556737648043011,1.6226968450115125e-13
C1orf186,3.726424175490638,0.00032489415796612027
C11orf87,-3.2758961766492396,0.0014570137958902555
ATG7,9.879875208451205,2.2060378422387719e-16
TEAD3,-5.654629205696361,1.5427061310746843e-07
PRKAG3,-2.2438149301948465,0.02709475914057509
CCL2,3.020360195672879,0.0032197613239007667
FEZ1,4.183627265125338,6.257125046255404e-05
NDUFA10,-4.453276938479484,2.244267986743976e-05
SLC23A2,2.055193148067242,0.04252064740670158
TNNI2,7.783362397793825,7.33191382335961e-12
RPS18,-2.56544123855568,0.011820003708976288
SSTR5,-2.549995411519684,0.012321741557238752
BBS1,7.45307014456173,3.65366007404421e-11
SCN7A,14.336314847485706,8.512140265331529e-26
PAGR1,-4.9895701623910576,2.624148673644616e-06
C6orf165,4.799065446874996,5.711957995527568e-06
MGA,-2.349221014641035,0.020819439201532976
C1orf35,-7.535446766309384,2.4513920128696038e-11
NGFRAP1,-3.015904745078154,0.0032633132159472712
SPTLC1,-2.553279796201542,0.012213476401273328
ALOXE3,-3.703904591916053,0.0003512475668509442
MT-CO3,2.72652377551553,0.0075837378028266395
DHX34,-7.913712660563742,3.874210129186676e-12
ASB4,2.223429603926349,0.02848377694038723
RCSD1,12.332617839118923,1.1844657307047137e-21
NPEPPS,-5.443359666526215,3.866692426934282e-07
FAM19A1,4.716526141723214,7.959870879745933e-06
XPA,2.8767196446649175,0.004931322118088915
PYGB,-2.314314240532278,0.022738269525098526
HOOK1,-4.23834016117496,5.0976387559492367e-05
ELTD1,7.878655957449649,4.600219595761371e-12
SYNDIG1,-5.147600444124036,1.3599893637689208e-06
IMPG1,4.862262941868832,4.42091461747438e-06
PCDHGA12,7.911360524151444,3.919134416361988e-12
TRIM16L,-5.392664517005362,4.808640404449587e-07
PHYHIPL,-2.6225302547451372,0.01012130674040194
B4GALNT3,-3.452018358867531,0.0008227918860795904
FAM228B,7.150377828347629,1.568174717338897e-10
KNTC1,-8.82706675958738,4.2338450418414974e-14
USP45,-3.849415904250734,0.00021107527678591135
CLVS2,-2.354893176387067,0.020521556508424296
ZMIZ1,6.031057345603831,2.8883751542500888e-08
FAM214B,3.407028658054702,0.0009539085997690513
CCIN,7.303866184722073,7.506556950107076e-11
SLC7A7,14.981205494846945,4.348392755365704e-27
HCFC2,9.483655247286125,1.5988518229270142e-15
HAS2,2.2998723667365684,0.02357671821092599
FAM110D,10.813134019424838,2.0988023719345437e-18
ANKIB1,-3.4626096747926978,0.0007944951385521796
CBX2,-6.822462639870592,7.453263197614644e-10
LGI2,-2.6347878759580916,0.009786696851103135
CHPF2,-4.4790025665064315,2.031131588398416e-05
TMEM205,5.1475413708276045,1.360326236069186e-06
OR56A4,-2.3087164277786596,0.023060086859252395
AC018445.1,-2.1132568112738426,0.037118897818561696
CHAF1A,-10.607204971442796,5.84767308714039e-18
ZNF70,-2.2644427633209236,0.025750001802825384
GCLM,-4.134642435306052,7.506978638865494e-05
ZDHHC11,3.3940342717030703,0.0009952915115198923
AL359736.1,2.1893631017464994,0.03094422140613301
CALCOCO2,11.489020891766243,7.383556576178184e-20
FAM129A,4.677696952478336,9.294457857186648e-06
FTSJ1,-8.759872136138673,5.914897246248182e-14
IGF1R,-6.631251448848163,1.8299864326659533e-09
MAP2,3.4244964008857655,0.0009008246652598294
SNX12,-3.650060398477333,0.0004227276525491021
MAP7D1,5.097383474654177,1.6778115346194815e-06
KCTD10,11.291085128947092,1.962186626397558e-19
SLC15A1,-3.6324038980477282,0.0004490288614767194
ORMDL3,9.316850259298576,3.679476912798837e-15
BCL2L10,-8.856937250200925,3.6488006275665415e-14
ATP1B2,10.924957340442605,1.2041552945090098e-18
FKSG62,-3.8192506656411775,0.00023482011037627694
BRSK2,-2.240325156320153,0.027328249697341607
CA2,4.813365363009095,5.3910883091742175e-06
CALD1,3.6023348259799377,0.0004974225470140141
CASP7,4.15196916274638,7.039706783988936e-05
BDNF,5.913447393960693,4.8995027223519516e-08
MAST1,-5.876960056113365,5.767179327765586e-08
AQP2,3.7858009150073566,0.0002641207413367935
LL22NC03-63E9.3,-5.129834448265343,1.4650615234859282e-06
FLYWCH1,-3.261114424328039,0.0015272006577630142
TRPC4,2.7715252027871426,0.006677322376504228
SLMAP,4.1398700650038975,7.362949302005558e-05
ATP1A2,8.895419962076074,3.0124259914620213e-14
SLAMF1,3.575422559198358,0.0005448855037696384
ATPAF1,-2.847221837813731,0.005372989833423531
VAMP2,20.58533054066144,2.30980624472662e-37
CLLU1OS,-3.604784597500006,0.0004933021134346433
WDR3,-8.192691013626275,9.827269499835972e-13
TMEM47,13.289403642262588,1.1797899473802391e-23
CTNND1,-2.4988191081025133,0.014123869408207925
KCNIP1,8.142999760569628,1.2554695863208006e-12
STK4,5.956273226368008,4.043921020078116e-08
EPS8L1,-2.164949717132826,0.03281955516304958
FAM167B,9.311688019626075,3.775591706615124e-15
CD53,12.54165299681857,4.29422022708113e-22
ASPA,15.624832006712367,2.3504600863457043e-28
SPRED2,3.3644206441104383,0.0010959906613622773
ABCC5,-6.629245326423305,1.8472303540892957e-09
NOP56,-9.19239074961637,6.8503426925880754e-15
ARHGEF39,-8.152692936129442,1.1969181341256567e-12
PSMC5,-6.657595050360568,1.6177881534291034e-09
OR56B1,2.81517987333166,0.005893624846305831
NCAPG,-12.689705807230322,2.0983279533733717e-22
WIPF1,7.18370881428852,1.3368162414164755e-10
CATSPER1,8.753443989471812,6.107075895373691e-14
HDGF,-9.548566826956531,1.1558500339047454e-15
SLC25A13,-3.374415882079916,0.0010609787443206754
LANCL2,-3.5921189839495673,0.0005149590603682505
SDPR,17.011726571451597,5.216886537633379e-31
FRMD8,-6.704545985119618,1.2982187193668234e-09
NBEAL2,5.775491433298329,9.054981991668614e-08
RAD18,-5.23248728698241,9.513164762480773e-07
ELMO1,11.340566681262217,1.536459467318753e-19
TRABD,-6.056551598926316,2.574299491683059e-08
SNX19,4.4660797236853815,2.1356282054107636e-05
CACHD1,5.872498724907988,5.883134229530403e-08
SLC9C2,2.664734650210142,0.009010908003939036
ZFP92,3.882023296672813,0.00018798861276554882
ZNF300,-3.6739475182890278,0.00038946247986845176
SAMD14,5.597030554435124,1.985076054720203e-07
GART,-10.715790945892874,3.4058694077009637e-18
MAGEA11,-4.497352337809521,1.8912029558076867e-05
ABCC8,3.2354202950196926,0.0016567784825185917
PPARG,10.984573000045682,8.956932094412025e-19
ISY1-RAB43,3.27848096760395,0.0014450550810690887
AC006116.20,-5.110629760554381,1.5875557378347017e-06
MFSD2A,12.831513832340208,1.058880751532723e-22
EPHB1,-3.5520286788535236,0.0005895934254627878
CYP4A22,3.7936776509655914,0.0002569230371084466
CPT1B,-5.484312106948726,3.2399947747668367e-07
CTSO,18.863981126129456,2.178898283703068e-34
TCTA,18.889692669004425,1.961760861864301e-34
URI1,-3.6625400918337485,0.00040502610199566886
OLAH,3.485159697029231,0.0007372742618983419
LRFN5,6.178145077377389,1.4826741005398258e-08
FAM90A26,-3.1049441889846516,0.002488507418574011
HHLA3,-2.664036128365749,0.009028349486758704
C7orf57,4.225733966938982,5.344886548355563e-05
TMEM139,14.834782217467888,8.50551034929421e-27
CFD,12.99430690688337,4.841049778311985e-23
EXOSC3,-5.335346521891008,6.145487095459118e-07
CBR1,-4.730272360646914,7.533555335912167e-06
ECM1,-3.003320368812642,0.0033892853628163756
TM4SF19,-3.5619332377865693,0.0005702573202925617
C16orf70,-5.277892867981318,7.848392314237892e-07
BLVRA,7.087567894146128,2.1172984984967177e-10
LAMA3,-2.4492125496017314,0.01609254608177951
DCP2,2.6492122386152874,0.009405779218826802
BMP2K,3.623572326015465,0.00046275908871916844
PGK1,-8.307496733564205,5.575483358676779e-13
HNRNPUL1,-4.204886149729145,5.779289749721261e-05
GCFC2,-6.758601363619435,1.007018341503389e-09
WWTR1,2.942773312235129,0.004060622460365328
CAMK1,12.227867059588199,1.9723415415970755e-21
PWWP2A,6.060062648738574,2.533769557076055e-08
CD151,12.839232556518878,1.0202449161194922e-22
PMPCA,-3.9325922862888634,0.00015688658301802127
TCFL5,-6.387970324901957,5.665402882345922e-09
EFS,-9.342625235553019,3.234941182355244e-15
MAB21L2,6.094070736580796,2.1723392243264658e-08
AUTS2,-2.23738684212218,0.0275262087336031
RNF44,-2.0095519212578306,0.04722814106739432
DHX8,-4.568770428036876,1.4301816222720454e-05
DMXL2,5.58613723258028,2.0817434389449935e-07
MGME1,-10.307150272116614,2.6102571958848303e-17
MRC2,4.015198323293637,0.00011638885330863379
ZYG11B,6.530857143732188,2.9225633936793266e-09
SORCS2,5.175210028485046,1.2111399588307539e-06
PBOV1,4.425965157160118,2.494158260043744e-05
ARID3C,-3.766765688221249,0.0002823156375457657
SIRPB1,10.145102613505006,5.862027005545275e-17
ZMYND11,9.792369907766465,3.416517438005709e-16
KDELC2,-4.1679511262822375,6.633566305982549e-05
MSGN1,-4.032597222274707,0.00010924079186001524
FBXO4,-4.50075571470494,1.8662956577301218e-05
EAPP,4.323492881833606,3.6937324848662187e-05
CABLES1,14.259156903161283,1.2190718207576392e-25
RP11-724O16.1,5.024098512705972,2.2751806199089616e-06
SRCRB4D,-2.7489683970301457,0.007118517693193341
MAPK12,-6.0011256801482045,3.305515536261055e-08
DBI,2.2114889455417335,0.029325990266857383
PLEKHG4B,-7.417238213689868,4.3448221653547495e-11
AL049840.1,3.25690039210809,0.0015477815812957334
MASP2,8.657221171025464,9.853038523648178e-14
RAB24,4.211328587759639,5.6415486083721296e-05
MAGIX,5.7741222630512254,9.110057057752005e-08
PRSS22,-4.264922079562439,4.611845613608648e-05
IL23A,-4.377046892897233,3.0104476870195345e-05
DAPP1,-2.18375315732245,0.03136668605655797
TBCE,-8.657600148917044,9.834504297694721e-14
GOLGA8T,1.9932274448136456,0.049016668631236895
ITPKA,-7.6091834080779615,1.7135531752183565e-11
PTPN22,9.751835911737663,4.1839571622995493e-16
GPR78,-2.428026154580779,0.017005508730785903
TMEM255A,2.7187246789457284,0.007751763874291494
USP24,2.3897900026153627,0.018770560891024798
NUDT12,5.969830021422906,3.805092681079433e-08
C12orf52,-5.996182696368766,3.3798900086320325e-08
RBM41,-2.705269759136033,0.008049620442870187
VWA9,-6.10908485934308,2.029414936871082e-08
TMEM147,-4.592756166684625,1.3013425870463893e-05
FAN1,-5.156568752928006,1.3097802754229471e-06
RRM2B,12.027726426535356,5.239232580739002e-21
HR,-5.454928743990579,3.678516588212989e-07
GNAT3,-2.1488215416310785,0.03411197842652883
HLA-DQA2,6.243489116651632,1.1002786003958692e-08
PRKCE,10.886967663437394,1.454202846215454e-18
BAIAP2L1,-6.3342025736438226,7.257705117636733e-09
C8orf46,6.371083656252389,6.124221502241593e-09
MRPL24,-7.519847490866568,2.6440367076576937e-11
SEPT14,-2.2674143654556302,0.025561188780392045
CKAP4,-8.605651482585426,1.2729261212836455e-13
ERI3,-5.870492742558623,5.9360163975572314e-08
FAM180B,4.567294071310896,1.4385029965597551e-05
POLDIP2,-8.682095169364251,8.707476566782934e-14
RARRES2,8.694074573129406,8.20417704759113e-14
NREP,-2.235251276955223,0.02767087226985808
WNT7A,6.384818872124369,5.748373003235848e-09
BBS2,5.576698414860555,2.1692268558116973e-07
PRRG1,9.606577589097762,8.648919140480436e-16
IREB2,-2.453118202456737,0.01592910162545323
HOXA2,3.8641226956253814,0.00020034633732450452
PDCD10,-7.022418572630105,2.8885281363323615e-10
TFR2,-7.4941167417890515,2.995198139697516e-11
MAN2B2,7.314530967806231,7.130867746899927e-11
EIF4H,-2.8850770668055734,0.004812391776502882
MRPS11,-6.596406400746043,2.1534587684663052e-09
GATA6,18.438577387653382,1.2523885811919443e-33
AARSD1,-5.031548745287284,2.2060458933546142e-06
PLVAP,2.6112895702375583,0.010437211177933147
CALML4,3.3334378316120286,0.0012115363081443922
LAMP3,11.096538722412674,5.140480210359526e-19
CCDC85C,-3.249376818858324,0.0015851721529225198
ZBTB21,5.742639404989103,1.0471287357015641e-07
PPP1R36,5.823600329866817,7.314418408561391e-08
STARD5,-6.243544128600612,1.1000017691712046e-08
GPR85,4.194015656666352,6.0190658257419836e-05
ARGLU1,4.614673356739896,1.1934967168546539e-05
FLT3LG,7.199544954953142,1.2390936110192905e-10
VSIG10,5.305118292003857,6.990611692325065e-07
SLC35A1,16.145461987676196,2.304460880368423e-29
BCS1L,-3.2861264297230024,0.0014102182799319728
B4GALNT2,-2.8605541338175398,0.005169057389923047
RALGPS2,-4.3092368705444,3.8994513795417785e-05
PIGC,-4.6304106698247764,1.1214549988002845e-05
MTHFD1L,-7.500519981199729,2.903702700250855e-11
DSEL,6.030577327725548,2.8946368865589915e-08
GOLGA8N,5.26604021222436,8.253227159990473e-07
CFI,10.60036565210108,6.050291792570543e-18
ANKRD62,-3.345284648233301,0.0011660680521434737
AC007405.2,3.983638702445252,0.00013051253440564
VGLL3,2.507821530456626,0.013790674172960817
CEP112,15.153818524757025,1.9783563831462984e-27
COPZ2,-3.494722636698885,0.0007142013154444302
ZC3H18,-2.538224991383612,0.0127168621712261
ZNF25,15.250342686963815,1.2756774612741165e-27
RNF19A,3.1653724919678337,0.0020640770026490265
ZNF737,4.721496945103496,7.803074734119216e-06
GRINA,2.993061565289569,0.003495287844511107
GPCPD1,8.067734861437762,1.8185242435471681e-12
DEF6,-2.0068357485015103,0.04752180554928052
TNFAIP8L3,9.716536620276665,4.991454834247665e-16
FGF22,2.926815217478919,0.004256925930625972
RACGAP1,-14.412444389611434,5.976215367207738e-26
GPAM,3.428750500974355,0.0008883242125191395
PAXIP1,-8.371092941541466,4.07108240278192e-13
PPA1,4.30361941159703,3.983508599584187e-05
ZNF714,-3.8417637077130586,0.0002168722351673821
URB1,-6.169030629419729,1.5455122075958508e-08
POU2F1,-3.024471852931125,0.0031800477239900264
CCND3,17.50008799355002,6.429700389016307e-32
SHROOM2,-4.581906003589258,1.3581674396506129e-05
AF165138.7,-2.1521624361812606,0.03384068769631951
KIAA0101,-10.135657218378888,6.145203242325812e-17
SRRD,-7.13123661850995,1.718558153945712e-10
SOCS7,-4.0033866429038,0.0001214944100676317
RPUSD2,-6.4949630143555614,3.452963872494111e-09
DOK2,15.146675337412773,2.0437457161487415e-27
DCAF17,-7.809815938450675,6.4427309670682206e-12
SSH1,3.4306126918951785,0.0008829037929392579
TCEAL3,7.285322945221927,8.207134222177442e-11
ENTHD1,-4.016763352717855,0.00011572798870696317
DMTN,5.4285477770271084,4.1214271324425066e-07
MYO15B,6.332558399908586,7.312793752945682e-09
APBB3,2.1879489666459078,0.031050244648175452
DMAP1,2.1105980351219413,0.03735262806029027
PPP1R37,-5.022220802298053,2.292935439553115e-06
SIPA1L3,-3.9389899896298957,0.0001533215078336394
MT-ATP6,4.279728001709715,4.3609192064461824e-05
C2orf62,5.713329242327997,1.1917168976964949e-07
HTR1B,3.087103033036502,0.00262853242274631
SOSTDC1,5.802454788812622,8.034697895069327e-08
ZNF185,-2.5787437193410256,0.011402716242493746
CTNNA1,10.701982083474158,3.648124065347812e-18
XIRP2,2.0008388308665577,0.048175698322326474
HAPLN3,-4.683364049405337,9.086956102654751e-06
TBC1D9,9.892026922981303,2.0760318418315734e-16
EVI2B,13.44040826014428,5.749169545405172e-24
C9orf142,-3.37107190492231,0.0010725735858866567
NFAM1,9.153948915151036,8.299431659297765e-15
NRN1L,9.543571141801154,1.1850767566631629e-15
NLRP2,-3.118240116090046,0.0023886960340839063
CLIC4,6.998751802229239,3.2328777635076877e-10
STOML3,4.30237654571302,4.002340773142136e-05
CLDN5,11.25766671884863,2.314814239889535e-19
TRIM55,3.7695269410811933,0.00027960426131498205
PHYHD1,17.307613372737066,1.4620605907544834e-31
SOHLH2,-2.777560946309991,0.006563576836715678
SLC44A2,12.83562290720379,1.0381334548434251e-22
NAA20,-6.342062773242361,6.9999551608066486e-09
LRGUK,4.5126616288502985,1.781634951489171e-05
TMBIM6,4.1209850768575205,7.896137162060768e-05
KREMEN2,-3.595675670368821,0.0005087882974617581
KHDRBS2,17.21279296597555,2.195215921083565e-31
ATMIN,-4.422198791879227,2.5306600178783494e-05
NCBP2,-9.444258063158228,1.946792140717696e-15
NOC4L,-5.055074172146274,2.000918188228476e-06
DPP6,5.841428757945794,6.756762571386808e-08
CASP2,-8.786257034574012,5.187284700039602e-14
TBL3,-4.184534809078382,6.235972316214473e-05
SASS6,-10.570444324895368,7.02270930027449e-18
KIAA1324L,13.086741195925836,3.107857313758748e-23
SLC9A1,2.265300954447756,0.025695347705862556
ANK2,10.02075663440125,1.0910165517675575e-16
TSNAX-DISC1,-4.505741852082752,1.8303770438534656e-05
YME1L1,-4.831400723645104,5.011304873358454e-06
FUCA1,7.299189700065897,7.677430726887946e-11
AVPR1A,2.2585685472273402,0.02612685077099357
SYNGR1,-4.760284800009658,6.678384825178221e-06
POLR2G,-7.186934880740777,1.3163073957566085e-10
DNAJC18,2.5492810120757325,0.012345404729371024
DIRAS2,-2.7102246294676275,0.007938743091343969
DCN,6.9075627877333385,4.98411134064297e-10
AC017081.1,-2.012175600517082,0.04694594951177732
CMC2,-5.800789648314883,8.094291787585053e-08
CNTN4,8.133392676831523,1.3163146006614598e-12
MRPS14,-3.307941280941166,0.0013150912497358533
PLEKHG6,-6.730077145605541,1.1515500939524268e-09
COA1,-4.014815308531375,0.0001165511383588457
ATP2C1,-4.429651226792842,2.4589272899793974e-05
A4GNT,6.108539437084952,2.034440919229015e-08
XAF1,3.683730496545098,0.0003765687447833027
TMEM144,7.966193036569552,2.9949890153978534e-12
RP5-1052I5.2,-3.867513089899793,0.00019794781123415255
INVS,-2.7670242840983446,0.006763311610881633
TMEM150A,12.08168662511205,4.0246589609506745e-21
ACVR1,-2.9504566726593913,0.00396911413111289
SV2A,-3.989513456282402,0.00012776491574669857
PLN,5.5739380000507,2.1954863521361962e-07
CHRNA7,-3.6424001602711327,0.00043395382510431674
AGAP2,6.440033206592668,4.454041350271821e-09
FCRLB,-1.9991425292871228,0.04836204665200912
CDH1,-7.934070662558198,3.5061889272098782e-12
CYP46A1,2.067599630423788,0.04131288464298478
IL1RL1,4.67368032296149,9.44430282019308e-06
FHOD3,-3.2093144764506882,0.0017988970844493054
UGT1A5,-3.1903825349374877,0.0019089917064911651
SMIM1,4.394297638484827,2.817594417189772e-05
CDK5RAP1,-4.248520044397805,4.906046789489655e-05
EHMT2,-6.309151860299166,8.14328789011156e-09
C4orf51,-3.134017681156071,0.002275086049014561
JKAMP,5.302083940709446,7.081475389225399e-07
POLR3D,-5.267158591640065,8.214172085098893e-07
AC005003.1,-5.406312590825657,4.534965146590639e-07
UACA,6.394450420109449,5.498495771123702e-09
ACSL1,7.971356960259688,2.920035655532371e-12
SPARCL1,12.447580260090787,6.775932454480846e-22
TGOLN2,11.891313441030258,1.0216259854040147e-20
HMGB1,-4.438846272224962,2.373124505735102e-05
GLYCTK,8.929964961268626,2.5361440117600864e-14
ST7-OT4,-2.18838093214583,0.031017824973545088
AC022532.1,2.1581267929097936,0.033361019013653195
POMK,-5.513645866552897,2.8534432608433257e-07
ZNF3,-5.46452581751166,3.5292497501372374e-07
GFM2,-2.111618566103468,0.03726276426301801
YWHAQ,-8.469026149532183,2.5067872518904103e-13
TTC7A,9.00698003473102,1.7276707441683943e-14
GAST,-3.730474506924946,0.0003203581806657554
SCARA5,6.395685782041358,5.467232317033314e-09
ZSCAN21,-3.7802025696526824,0.0002693527136117205
ALDH6A1,6.5965083501735435,2.152434412172633e-09
PSMB1,-5.29124667274937,7.415525950018223e-07
ACOT11,-6.143384353270801,1.736759430287061e-08
TRAF3IP2,-3.0414266693948657,0.003021026389524392
PXN,4.134229847899287,7.518460515022964e-05
DSCR3,7.609690859095908,1.709330893291596e-11
PGAP2,-5.408389690566651,4.494674523657973e-07
SCYL2,-4.411606589568486,2.6361010962908682e-05
AQP7,12.548077580842993,4.162646268291406e-22
DPF2,-3.24674782666706,0.0015984355511915924
ZNF682,3.803080228429469,0.00024857546089949127
FAM58A,-5.412986424171226,4.4067514115792697e-07
CTD-2600O9.1,10.914975736713409,1.2653462409098748e-18
FN3K,4.288863364823013,4.212710770789673e-05
ZC3H12B,11.484289527356466,7.557856230710436e-20
GAPVD1,4.562004214349328,1.4687054848870348e-05
HELB,-3.0752674408587346,0.0027254208345585955
PCSK6,-3.0816489536601055,0.0026727764606228996
ATP11B,-8.475901514176499,2.422817751526328e-13
DHX30,2.952772071205805,0.003941912968017765
DMRTC1,2.8415559015891643,0.005461869404550291
HSPBP1,-5.328696750848083,6.322369275278924e-07
SLC16A10,2.5394637627636096,0.012674748321991515
ENPEP,3.963367188812996,0.00014043412348419603
FAM162B,11.022558757694512,7.418401878200956e-19
EIF4EBP1,-7.006442264320459,3.1167400193829764e-10
ZNF398,-4.768113599441505,6.471297686586846e-06
CORO1A,4.832981112579487,4.979293359388969e-06
ZNF784,2.442128341396745,0.016392830694580807
TPRG1L,3.781996023318348,0.0002676659849692832
CEND1,-3.0993012121254098,0.002532028562744723
ANKRD55,3.2255208476288457,0.001709388951854797
ITGAV,-5.248518200263894,8.889350162949791e-07
PLD4,4.514787430724619,1.7669148208115112e-05
ZNF880,4.76448064400512,6.5666089638252595e-06
TRIM44,2.8760016464851597,0.004941664477770708
RCBTB1,3.819027650545619,0.00023500478768671273
SLC30A10,-2.612184392365758,0.010411740877501142
ANXA3,14.694497596357659,1.6215018005354343e-26
FECH,-4.11474273269103,8.080389296152679e-05
SH2D4A,4.161083826118376,6.805244236771695e-05
ACTL6A,-9.241383821112619,5.3638508135753926e-15
SYNJ2,-7.455760069342507,3.606417083312496e-11
FAM221B,4.730586916581583,7.524064091863291e-06
AL441883.1,-2.432111189108552,0.016825966111938314
ENOPH1,-6.59376877356148,2.1801290421105222e-09
LAIR1,8.297177156371339,5.867181448688242e-13
DIS3L2,2.2042806558617505,0.029844876608739572
RPL7L1,-6.797319796904769,8.391660780793638e-10
BPIFB1,3.000424895545158,0.0034188987824038714
UFSP1,-4.3962750832371285,2.7962650158852026e-05
LETMD1,3.7888811899493677,0.00026128344855516134
P4HB,-7.6704109114770995,1.272053349473953e-11
NINJ2,19.003862698007488,1.2320648189915688e-34
ING5,2.447603458197216,0.016160317844731164
BMP4,2.505353944744826,0.013881295484438297
SMCO4,3.2943981067265264,0.0013734143573327488
PF4,5.0923418887429985,1.7134625306993e-06
ZC3H8,-9.919290280941949,1.8115608284375525e-16
LIX1L,6.61737364819295,1.952614220008982e-09
CHD6,-4.051963536865975,0.0001017791777301173
TRAPPC10,4.129256015990419,7.65821058132691e-05
ZNF786,-7.457744500713237,3.5719540134457556e-11
ZMYND10,5.092074240549923,1.7153756933086465e-06
CRCT1,-2.4213180591178514,0.017304043205340274
LRCH4,7.508224386252165,2.797288443333742e-11
MBLAC1,-2.32723834337421,0.02201035672105628
FAM90A1,-4.437153363920183,2.3887014240322246e-05
COL1A1,-4.719002853343483,7.881368478731758e-06
LMCD1,11.528612897329857,6.074342268170668e-20
EDARADD,-2.6055424604734942,0.01060214343291878
RPL36AL,7.259808259695,9.278299138443433e-11
GRPEL2,-2.621672269408209,0.010145111022666126
HRSP12,-3.830688577782854,0.0002255316697631982
ANKRD39,-6.593990490761437,2.1778746394972244e-09
DNAJB6,-5.6061528388476365,1.9075245030532296e-07
TMC1,-4.782383621432921,6.109758703408954e-06
GADD45GIP1,-3.658912708591004,0.00041009746478691013
CATSPERB,-2.8702539095431905,0.005025178078406449
TCEA3,5.729786239150696,1.1082786963638766e-07
FAM69A,-6.668176545157794,1.5395772810121662e-09
TLR8,12.574707621187084,3.659050720998448e-22
ADCY4,13.530154744410241,3.754603146185749e-24
HPS4,-6.190262719461846,1.4030171546791848e-08
GALNT16,4.0044286304386,0.00012103553083610147
AARS,-5.386191845151494,4.944022453201866e-07
CALML5,-3.1375824335497184,0.0022501230220945217
CLEC4M,3.191490244150527,0.0019023807978119807
CNBP,-3.948832417699966,0.00014798764675561025
RP11-89K11.1,2.4408006976486414,0.01644965960699887
PXK,10.524550350787946,8.827050500449695e-18
KDM1B,-4.091494967391632,8.803549582599262e-05
HECTD4,3.61357920125435,0.00047877454727677577
GPR119,2.0515603024020987,0.0428799919864295
SF3B3,-7.823149462082566,6.036081050388374e-12
EML6,-6.49509455507011,3.4508562373243313e-09
KLF10,7.066591810334218,2.340202202831603e-10
MRPL27,-4.835173530462823,4.935213911967873e-06
IDH1,-2.6547401080530464,0.009263394733430855
ZNF580,2.4041301320499167,0.018090370290931933
DALRD3,4.699258691451353,8.528662201197931e-06
FMOD,3.7314095062972386,0.0003193196556277202
SLC1A5,-7.805145936265239,6.591509024097738e-12
RTN3,3.239074383798662,0.001637744025881143
PGAM1,-8.691276473990152,8.319074196148486e-14
SNX14,11.687042579071319,2.7847811602944474e-20
VAMP5,14.812989738624152,9.400754304999002e-27
METTL2A,-8.533031908087683,1.825196472285186e-13
HSPB2,14.07395735377096,2.8952244830072764e-25
EVA1A,9.071767623338937,1.2506543720919967e-14
NRIP2,2.7267153687951455,0.007579652100156309
TRAF3IP1,3.3485902700960515,0.0011536696602946308
KCNK10,-2.8898515754424605,0.004745636550169753
AC011897.1,-7.003597068096113,3.159216827866913e-10
EEF1G,-4.352143898466496,3.3114655151001634e-05
MADD,3.1636305388122015,0.002075304513594003
DAP3,-10.667439036888535,4.332459991964354e-18
ZNF648,-2.80889832742343,0.006000951701339556
NUP62,-8.596209387999233,1.3340163714709948e-13
THY1,-2.8416838775768136,0.005459847103873093
AC007040.11,-3.4747060935718546,0.0007632995331798725
WDR45,2.5709735509104417,0.011644817452287366
ZBTB16,7.428049781995566,4.1236147371270896e-11
SFT2D2,-2.8699681532778305,0.005029363680682154
CCBL1,-3.2464250387152225,0.0016000711630303535
AL354808.2,2.00126229775324,0.04812927373925932
CBWD2,-5.2024134069636325,1.0800905428204597e-06
CUL7,-4.729552412483066,7.555322432337485e-06
TRIB3,-4.832223994849263,4.994604246570973e-06
ACP5,11.7123197253162,2.4593781103001737e-20
RPS6KA4,-3.5443174625997136,0.0006050748849826438
CYC1,-9.372649011882396,2.7843363871953266e-15
DNM1,-5.562149219209042,2.3111848909433736e-07
AP3B2,-4.727669641646181,7.612535592287034e-06
CFTR,13.078469553451704,3.233476790602908e-23
PPM1F,7.190868449713326,1.2917226894652307e-10
AKNAD1,3.6848255880349297,0.0003751509177102061
KIAA0408,15.210310673273987,1.5300788338362915e-27
RP11-438J1.1,3.2068143913731677,0.0018130883820209347
TUBD1,-5.484722088859182,3.2342539470416866e-07
RNF125,12.779273594918036,1.36197032293375e-22
ZNF800,5.765845126251958,9.450085656942245e-08
TMEM132C,6.82446078095702,7.383307546829481e-10
C5,12.071292347396595,4.234325190481405e-21
PSMD12,-11.050505028495303,6.458264202177885e-19
KLHDC10,2.304956638579185,0.023278484914689933
RIMS1,2.216812360957467,0.028947861655102342
TMEM134,-5.334857602959064,6.1583255934403e-07
KIAA0947,-6.1847367415306165,1.4388053706999702e-08
DOCK1,2.5363854362655496,0.012779632575212942
MED8,-3.455580865419767,0.0008131696635802228
MKRN3,-4.71557048203939,7.990364134962195e-06
SMIM10,12.405572199540805,8.308810790233413e-22
MEDAG,2.8173525389882648,0.005856913342464656
SCUBE3,-3.925213352928635,0.0001610968067073336
ATG2B,4.635307205905775,1.0999125435500685e-05
KRCC1,3.261825394293921,0.0015237536827214717
ARHGAP15,11.470697724585644,8.081863834049774e-20
TAOK3,14.881226250926032,6.873173227288487e-27
CEP95,-3.798136804508208,0.0002529314798558693
RP5-1021I20.4,2.1267816208756383,0.03594942222156043
DNASE1,-2.570832305593754,0.011649260875053384
SFN,-6.1860731210071895,1.4300688369155418e-08
FAM27E1,-2.8739482026011607,0.004971353219076198
PLEKHH1,-3.746581741641034,0.00030290826499009183
GOLGA4,5.951823089977616,4.1254895129306605e-08
CDR2,2.8699443353088627,0.0050297126977798
LDHA,-6.950791890940009,4.06029935744398e-10
INSC,7.615838375507911,1.6589941264346806e-11
KLHDC7B,-2.928662158015761,0.00423376735533489
KRT5,-8.640654452927345,1.0698225345844703e-13
PER3,4.356645994728508,3.254977755957083e-05
NOC3L,-5.728768476561733,1.1132680072157926e-07
TTC1,4.733862102373046,7.4259274740431435e-06
ADORA1,3.3607524164177147,0.0011091099070898516
SYNDIG1L,8.572010198098623,1.5042667162486548e-13
RASSF6,-4.114113789417003,8.09918063461097e-05
TTLL10,4.508808634952011,1.808617916769517e-05
CYR61,7.146741405782029,1.5957033512186572e-10
LMO4,-4.193898418766718,6.0217032052645365e-05
CFHR3,-4.002984851131634,0.00012167179897740341
HIST1H2AE,-4.827370423471338,5.093848866770934e-06
IL1RL2,-7.9472088464846316,3.2873753216528268e-12
TOX3,2.2517683614245945,0.026569140886176033
PRSS21,-2.712647876696023,0.007885024258207526
TMEM132D,2.7130739401468587,0.00787561347622579
PCDHA13,3.0871366647940377,0.0026282617196260964
HERC1,9.729574229967415,4.676495310573478e-16
PPIL2,-2.4051685784097283,0.01804197577012612
MAK16,-2.022901978051607,0.04580720058867161
NARS,-5.999358409042734,3.3319197782632253e-08
PLEKHO2,12.651054143079193,2.5291806402477724e-22
MUC1,13.375880476203712,7.814204827440884e-24
COL5A1,-4.039662668757198,0.00010645979418452425
MMP23B,10.085051118694151,7.912640511315353e-17
CARD9,9.504962466170767,1.437333812430086e-15
GTF3C4,-3.663192390589894,0.0004041204704409276
TMEM221,-2.508196316854841,0.01377695675699491
CBFA2T3,6.305477073674669,8.281867186534656e-09
GORASP1,17.31540175417283,1.414129017473249e-31
NOL6,-3.2059927598666693,0.0018177749897400188
TMEM14C,2.5071392996254285,0.013815675684502954
SNRPA,-8.555534849675901,1.6324096035149885e-13
KIAA0430,4.385137892641441,2.9184599609328718e-05
NDUFS5,-2.556370645058531,0.012112373321674367
MAGED1,-5.162021836606211,1.280140912913169e-06
TMEM40,-3.9831661564236436,0.0001307359835314213
KBTBD8,6.7868652376255625,8.815453120730128e-10
AMER3,-2.2505759292773537,0.026647370810040642
TEX15,-2.8009102320256423,0.006140018700483942
SAT1,3.4759474501850067,0.0007601643438242599
ZBTB26,-2.6578666585514137,0.009183729756891756
TP73,-4.785652380071772,6.0297478317316285e-06
GPC1,-8.205468696505772,9.227053573596522e-13
PPP1R12A,3.6658271402082447,0.00040048197339391804
HIPK1,10.07932225181931,8.142373233878641e-17
NFKB1,3.0062583619946905,0.0033594795800404643
GAS2L1,-2.4123474082684093,0.01771055960475764
MASTL,-7.657610636397589,1.3538644290888575e-11
MTMR1,-7.067441925929632,2.3307318323117396e-10
ST8SIA2,-3.445437371875894,0.0008408496058688237
CCDC103,3.7538216687784365,0.0002953627044553187
CXorf23,6.042818279060287,2.7390565387354103e-08
MYO7B,11.934336967193508,8.274645583872479e-21
SUN2,4.766136032086622,6.5230116553895205e-06
RAPGEF5,11.176576975571434,3.4578459028112267e-19
ZNF749,-4.775878953702678,6.27205621885817e-06
ICK,-4.568160559940067,1.4336134330955103e-05
HSFX2,2.1180635888966473,0.03669954711088251
SLPI,5.09505703005803,1.6941718676229243e-06
STXBP2,8.723292215042141,7.095023157681873e-14
AKR1E2,-4.013712697357806,0.00011701953003236873
COMMD9,5.951900341192935,4.1240598244746196e-08
C1orf87,5.242707145086456,9.11071348977297e-07
APH1A,-3.368824920358727,0.0010804314719195362
STX11,19.77877473626704,5.469232149096384e-36
SHE,23.1707907768378,1.50951682669751e-41
CNDP1,-2.3509098087797264,0.02073035189537947
CDH23,5.283913222750581,7.650265946932272e-07
RGS17,-3.7805610905303157,0.00026901472076507754
MAML3,5.795069678957096,8.302333072768145e-08
EPHA4,-4.175542617847216,6.448627321526952e-05
TMF1,9.114296319633583,1.011552927363617e-14
ARSB,6.052799099284423,2.6183227374043615e-08
U2AF2,-7.4031202187309155,4.651509296610709e-11
SLC25A33,-3.5250811881180115,0.0006453857064861974
PARP8,8.39293094979766,3.654087381996887e-13
C1orf145,-3.2421163962033064,0.0016220539789958063
PCGF5,7.46226338438913,3.49469155368149e-11
AHSP,3.8074908630775974,0.00024474930952243
TMEM72,2.2865330018818666,0.024375237102138476
GSC,-3.586253061484301,0.0005252912772285242
DCAF7,-3.368078275039735,0.0010830544951337853
SPTSSB,-4.429375083577277,2.4615498891239003e-05
CORO1C,2.48211895111048,0.01476112383962545
IGDCC4,-2.4781779206887635,0.014915210639384275
POMGNT1,-2.284160113381698,0.02451974941757083
HPGDS,15.331475315891577,8.829803236811869e-28
PLA2G2A,2.1817557260301044,0.03151831366755776
ST3GAL1,4.192745550135728,6.0476973390513465e-05
TGM7,-2.2441664069150793,0.027071340049886344
CDHR3,5.028717928297501,2.232069887099947e-06
IARS2,-9.861344232895014,2.4201432262285165e-16
GPR182,4.837499114620446,4.888871785260528e-06
FLJ30594,5.901596530281754,5.166204715118663e-08
TMEM44,-4.432473081596802,2.4322816765678374e-05
GLI2,-3.7913067614448637,0.0002590696568550193
MUL1,7.1203649468506995,1.8102518795818096e-10
ATRN,-5.525079421318608,2.7153504175775236e-07
ECHDC2,5.239710811021608,9.226950490224336e-07
DOCK9,8.043119143991735,2.052534856475023e-12
TTC28,9.583675131430875,9.698030310995287e-16
SEMA6B,3.890637502052811,0.00018230431953026937
NMRAL1,-2.8375313303207537,0.00552581775924639
CYP27A1,16.73470928689058,1.7338274358364696e-30
C1QL3,5.614929445796822,1.8357211020324362e-07
C1QC,8.356884549933321,4.3675235600695055e-13
PARP2,-7.002313788007292,3.1785625809633917e-10
FSTL3,6.014191979423086,3.11658639674826e-08
PIR,-5.133905028869484,1.440308800510339e-06
GSTO2,-4.115646419273803,8.053462507778998e-05
GJA9,-2.1439842045618747,0.03450812894959116
POLR2M,2.8375421078873613,0.005525645596952571
CLDN23,5.635028770125877,1.681127990541057e-07
UGT1A4,-5.961966739472021,3.9418734367398865e-08
LGR5,-2.5290607022854648,0.013032341747353697
SEC31B,4.1840336584107884,6.247644455794502e-05
EN1,-5.039422025589735,2.135211699467703e-06
CCDC64,-5.27713670395654,7.873629177396526e-07
PSMB3,-7.72557064169769,9.721698514933965e-12
ZNF14,3.314404145238569,0.0012880846075402396
GANAB,-8.095279397048232,1.5880332718367189e-12
DMRT3,-3.657669146565083,0.00041184987877260914
E2F4,-3.0188409279732067,0.0032345513346143874
FES,13.534575421689409,3.676709253122135e-24
ERGIC3,-3.771203937058502,0.00027796966819997206
DZIP3,3.6565024435641846,0.00041350043812647474
DSTYK,3.072489529717695,0.002748636376070209
LYL1,9.949779031013703,1.5555159898576024e-16
INSL3,-2.0024258882726147,0.04800190602146752
COL19A1,-2.0464737195077327,0.043387511601060164
TPD52L1,-6.804818592452903,8.100169028611453e-10
RP11-201K10.3,3.168282330284503,0.0020454481557349706
HIPK3,9.11073105047614,1.0297093328642811e-14
PARPBP,-9.701488438732392,5.381447365804612e-16
KIAA0020,-4.002214227676521,0.00012201271903422826
SPAST,-8.734010817034301,6.72677374276607e-14
TNFAIP3,3.697111512153011,0.0003595875851894653
MUC22,2.9799129540912457,0.003635629313032061
SQRDL,5.696598067128263,1.2828644645970092e-07
ZNF555,2.331353133296402,0.021782962428208128
BANF1,-7.363584001815195,5.629528391932793e-11
ANO10,9.188970316397054,6.968319152033385e-15
SLC35A5,3.467617504495331,0.0007814373901152187
TCHH,-2.0727635974555723,0.040818938738524775
SMC6,-9.654353465657008,6.811394162575362e-16
EMR1,6.424880684294508,4.777419067398053e-09
LILRB5,6.327912574959168,7.470694506446093e-09
BAAT,3.0805199520609325,0.0026820209363336064
TLE1,-2.6595658167112073,0.009140695825414208
ACHE,2.830718767518896,0.005635631275044502
ANGPT1,12.22184596898814,2.0310681809801977e-21
KIAA1199,-3.4916086475922077,0.0007216387356964216
SOX15,-7.5400100290407535,2.3977215269959478e-11
ST6GALNAC2,-3.928042384209116,0.0001594700334850064
RAD51,-14.182880068134676,1.739949249271762e-25
PNMA3,-3.354356443215932,0.001132338088491141
ASB10,-2.090370359297543,0.03917282693466706
MYCT1,17.430275590401735,8.656859729099536e-32
CCDC71,7.374563350799639,5.3390955977594384e-11
TNPO2,-5.458949333321456,3.61524473010153e-07
ERRFI1,2.7607887631382813,0.006884110077205227
SHC2,7.436569507563965,3.957209886474845e-11
PLIN4,2.755717928267211,0.006983792934691652
TTI1,-6.746667570831816,1.0651617449157145e-09
PRR12,-2.871457625316829,0.005007581786464226
MLLT11,-6.275113506375235,9.51960572299902e-09
NPFF,4.735541348027702,7.3760941144931435e-06
PIGP,2.2183657531809855,0.028838328550356337
HIST2H3D,-2.133008609268896,0.03542179409067823
ULBP1,-2.326200110995741,0.022068062448038446
CD300LD,2.306631154277147,0.023180991711842014
PGAP1,-5.434944119806259,4.00946739400828e-07
PRCP,2.5821513582455125,0.011297980117937546
SFXN4,-7.756160545833055,8.373596319722769e-12
RSPH10B,4.456832252761799,2.2135746990129265e-05
AL645728.1,3.7853374386460072,0.00026455018708127436
TOMM34,-4.344300579043789,3.412141296684902e-05
PTP4A2,2.4641007349100934,0.015477417424974233
GSTA3,4.927070179348165,3.393038691202813e-06
BCORL1,-3.4403465392492905,0.0008550737775196184
FOXH1,-2.428707089297549,0.016975462712459442
CTD-2207O23.3,6.657621634822173,1.617586817743614e-09
LEMD2,-4.637497551802961,1.0904064011548662e-05
DEFA1,3.639921623253386,0.00043764625665334986
AC013449.1,-2.4070451175955174,0.017954815692298627
CHTOP,-4.840824193201422,4.82334682793678e-06
ZNF572,-4.066152736805739,9.66249067383847e-05
SRD5A3,-3.9148496495959377,0.00016719269510710608
F13A1,5.199941352365493,1.0914029161193764e-06
TUBB,-10.075581406470112,8.295974863930793e-17
PRKAB2,-6.449315669603268,4.2667220502772115e-09
SEH1L,-6.5284089048178835,2.9560279862698267e-09
RPS6KB1,-5.3117527634841135,6.795896823229978e-07
DOK3,8.119807892687765,1.4073957615242633e-12
THOC6,-4.7628653695302,6.6094225490298775e-06
PGPEP1,11.148990784458586,3.964033452529686e-19
THOC3,-7.255137659616153,9.488894169481336e-11
OAZ1,4.526694087462819,1.686616923254722e-05
PPP1R27,-4.733077260242353,7.449330407333926e-06
YIPF6,-3.9262326506988194,0.00016050886300650574
SETD8,-8.28529126048608,6.22204227941144e-13
ADAMTS14,-4.213737544084046,5.59085986148588e-05
SNPH,5.7131747009883895,1.1925289644554085e-07
MSS51,3.44266949648463,0.000848555383175985
KIR2DL3,7.600997291472045,1.783116483747104e-11
ADAMTS9,5.2633850956465125,8.346675403193554e-07
AC010642.1,-3.179107847261078,0.0019775094376743296
TRAK2,16.760415221040162,1.5503366757423534e-30
MED16,2.8719309016284957,0.005000678791765439
C12orf75,-4.726827353431367,7.638266776497019e-06
CCDC152,5.114482082509266,1.5622087987085242e-06
ASB9,3.1631489468229335,0.002078418567364573
DNAJC1,7.324382621483092,6.800433435506388e-11
MDK,-4.610988389099239,1.2110026484400093e-05
PFKFB4,-4.179848699802,6.345938170156863e-05
XXbac-BPG181M17.5,8.06028552143063,1.88639011301898e-12
LINGO3,3.064812396026821,0.002813752961769596
PLEKHA4,2.5653870564965033,0.01182173111102401
PAIP1,-8.427195609352761,3.0839601008794224e-13
MOB3A,3.725402511893805,0.00032604792314160086
TUBA1A,7.089282362575566,2.1000389617082156e-10
STAC,13.855049920561395,8.089585019696481e-25
SPATA13,12.678572661950716,2.2142602750325054e-22
GDAP2,-3.5899431199805747,0.0005187689773262545
ACAN,-2.1719379054509518,0.032272911999158944
C1orf168,7.498965605450658,2.925654574015244e-11
AL591479.1,-3.693395603985592,0.0003642288910306622
KLHL5,-4.804993845329744,5.576742192296977e-06
DUSP27,6.152530565212909,1.6660186062848026e-08
POLD3,-2.7763055180683085,0.006587089032574169
SFXN5,-3.150959465371563,0.0021587016864396385
FBP2,2.9422323174390077,0.004067138383041705
TAS2R40,2.012330720002808,0.04692931072295158
NDUFAF1,3.282349150096932,0.0014273301402011824
URB2,-6.691040336814759,1.383130210023139e-09
WDFY2,-4.312282518150176,3.8545948455982655e-05
RCOR2,-4.560152782933469,1.4794205709342472e-05
CYFIP2,11.756170901719564,1.9826890520224665e-20
CCR6,3.063183336778673,0.0028277531453286993
NKX2-1,17.588657845298783,4.412671494621413e-32
SLC25A20,15.567988769671683,3.0350549018705097e-28
ZNF680,-3.0091618118333123,0.0033302624799686265
PAQR9,-2.1264335682187374,0.03597911333684821
SMC3,-4.880153852616834,4.110247147754327e-06
RP11-321F6.1,6.159709826921848,1.6124878263174336e-08
CACNG6,3.533976022608236,0.0006264405926913682
SEPT9,-3.4305221333670795,0.0008831666667607577
FOXF2,6.434630939773371,4.566774422984793e-09
FBXO28,-4.363929191826484,3.165558147134948e-05
TULP3,-4.596686247391721,1.2813335049506633e-05
ANKEF1,-5.919155222992302,4.775929259942417e-08
FAM160A2,4.302932383803999,3.9939080152967764e-05
BACE1,6.6756207263528955,1.4868083231250029e-09
KIF26B,-5.395960766282543,4.7410979386693784e-07
PDLIM4,-6.811238486713619,7.858596704787442e-10
PKLR,-2.3593254561880417,0.020291421175966474
CHMP3,6.1196548112703875,1.934395778526267e-08
CCDC117,-4.506524566489132,1.824799666960347e-05
PCDHA11,3.235946263917757,0.0016540259912364444
AL031666.2,2.959882772517632,0.0038594477086262772
NHLRC1,-5.130437049412283,1.4613711643304596e-06
C1orf159,-5.193656312217701,1.1206876835563317e-06
PPP3CC,13.120090860078498,2.649172857778425e-23
KIF15,-11.231272644818887,2.637707827689004e-19
FAM103A1,-8.600107969599197,1.3084459766663151e-13
MFI2,-5.548351966713752,2.454204186809171e-07
SH3BGR,4.182753374383093,6.27755855866895e-05
CD274,3.9457080978900763,0.00014966127780176875
ITGAM,10.122680439180286,6.556711452771944e-17
FBN3,2.5622622965474635,0.011921738344823261
GNA15,-4.824782433358928,5.147548385552082e-06
MSH2,-7.0270045024838454,2.8261364246498003e-10
ZBTB43,2.70829528587621,0.007981750728168289
ARF4,3.7274465972613875,0.0003237434210188296
TCEAL2,7.802987289244464,6.661429780780377e-12
SELK,6.6386953239667035,1.7673816045475717e-09
THRB,5.448154833035866,3.787579567936343e-07
C15orf38,8.69948562985445,7.986456785420784e-14
PIK3C3,-2.7544716378370127,0.0070084932694883945
GRASP,11.318783270296175,1.7110939180564683e-19
RP1-139D8.6,-3.5217875179517644,0.0006525371705000929
LDLR,6.941624685016077,4.2408401653475737e-10
POLR2J2,3.377289740660063,0.0010511081546136546
SNRPB,-11.097599827546745,5.113517137381888e-19
RGS14,-3.071519079464067,0.0027567897529609388
ACTR10,3.737734609496111,0.00031237779729382956
SPTBN1,17.83478304107988,1.5582966143273827e-32
RSC1A1,-2.531677381704124,0.012941553524099612
TPI1,-9.532641035751345,1.2516243734048359e-15
VWA5A,10.052778246947955,9.297050806671281e-17
BCLAF1,-2.074023358300548,0.04069921350250499
RAB44,10.86247264663893,1.6423918472899208e-18
TRIM58,3.679300689649859,0.00038235612267885366
UBD,-2.8116131264300095,0.005954348972770956
INPP5A,9.384447617634157,2.6249406970611092e-15
ESCO1,-6.225214853769123,1.1961464623718178e-08
RELA,3.248063031386044,0.00159178736532315
MSX1,2.4798529807760628,0.014849544011296565
TIMM10,-6.962798506787166,3.835312060582391e-10
BMP3,6.546617250326136,2.715928617515301e-09
WNK1,3.2271492778283433,0.001700628812189827
TBC1D7,-8.956437453735651,2.2227043908909817e-14
TMEM217,3.9237768233096686,0.00016192890900613047
SCGB2B2,4.648497352401936,1.043858561654231e-05
DNAJC17,3.77923386019433,0.0002702679794448227
SEPT10,3.889109388688177,0.00018330056543679554
CACNB2,4.74067978751476,7.225613907388004e-06
CCNA1,-2.5192127354430265,0.013379175200232097
CHN1,5.4141357237965755,4.3850329654383793e-07
ARID4A,10.213509352961337,4.1657094287001673e-17
SDR16C5,8.418239126734944,3.2238098015597806e-13
B3GNT8,10.642229981264615,4.91176975980389e-18
MAPK13,-6.14159818061456,1.750916111977429e-08
CLC,3.375441678816088,0.0010574455806844098
PDGFRL,-2.1310659314176057,0.03558567732311237
SYS1-DBNDD2,3.11244713657271,0.002431717092742634
KIF20A,-9.887319721266989,2.1254570702018712e-16
TCEAL6,2.8360686595764983,0.00554922830642506
CAMSAP1,-4.333468029162219,3.556051234528779e-05
CPNE1,-4.883310286563037,4.057687009875563e-06
KCNK1,-5.322573125004957,6.489655765117989e-07
TREM2,5.639461319499918,1.648795320815129e-07
CTGF,7.641345714008106,1.4654048725360644e-11
PITPNA,9.361127704263884,2.9493149406998534e-15
IL6,3.781082086664782,0.00026852427496262376
KCNE1,7.181380836786577,1.351812328430423e-10
CARNS1,2.691445942977638,0.008366444164236844
CLK4,7.884916378989415,4.461306181660298e-12
FAM83A,-4.3053146839183025,3.957959061862958e-05
PDPK1,5.867938704242587,6.004023587923532e-08
ECHDC1,11.143363459931491,4.076081260107265e-19
SLC24A4,11.557301167237144,5.27360756187194e-20
SMG1,-2.3203175416072623,0.02239755006257207
VCL,2.49499385546056,0.014267619137902636
ZBED4,-7.937164835509063,3.4533859006170737e-12
MICA,4.3071321775816775,3.9307429116301556e-05
RASGRP3,6.956212833116987,3.9571435156802685e-10
SLC25A35,7.798016471522246,6.825257601827814e-12
OR2H2,-2.20993369553345,0.02943727286434947
NADK,2.458826937271279,0.015692867475821538
SPRR2F,-2.9136158933287812,0.004425856184941311
PEPD,5.521934107209628,2.752671862625908e-07
LALBA,-2.97098511623837,0.0037338666754696288
TMEM114,-2.657759198070218,0.00918645753064599
RASGRF1,13.346013474966075,9.008241284250634e-24
MAPK8IP2,-4.51277379641581,1.78085529092753e-05
SCN4B,9.167985182301367,7.737881097784304e-15
KNOP1,-11.19606879236784,3.139750296006392e-19
ITIH6,-5.550708852069553,2.429173045308858e-07
PGLYRP4,-5.209094558684828,1.050087013392404e-06
LMO1,-3.5797921691744583,0.000536898359414185
PAK7,-4.460708986220666,2.1805688917393864e-05
PTPN23,5.042371966793329,2.109246932504178e-06
NTAN1,5.361282668842134,5.500711233628671e-07
HSH2D,3.151528597673139,0.0021548898791427153
MTMR14,15.857652860476922,8.285012455451092e-29
PJA2,13.65454359834666,2.0832058519434827e-24
SHMT2,-12.80369237931292,1.2107459489953963e-22
STARD3NL,9.73672099126235,4.512360909778627e-16
ANAPC7,-6.467919394737907,3.914419493030018e-09
HOXB1,-3.024506685494217,0.0031797132285690506
CATSPERG,7.586342209753837,1.9147331206801302e-11
ADCY3,-4.077572668378382,9.265924788629813e-05
CCL15,8.225063071809965,8.376811959806628e-13
TRPV2,18.07180681770039,5.760472080194305e-33
CCNK,-4.799992024261727,5.690616391198042e-06
EFHB,5.031788577430141,2.203854733470683e-06
TRIM11,-8.274726992358238,6.55535186396659e-13
COLEC12,20.29503166275051,7.1505519214714245e-37
SLC48A1,3.210802883220217,0.0017904976959497141
CLCA2,-6.2408085250149306,1.1138514689727231e-08
GNLY,5.795309083492348,8.293521230469062e-08
SLU7,6.444744849981573,4.357967335542303e-09
CDK16,-9.193605752899737,6.8089171890969364e-15
RFWD3,-8.916424936713605,2.7131404036904816e-14
TIMP4,2.356445285690005,0.020440705384696542
SH3TC1,2.3666609084292674,0.019915565559560963
SETX,8.918524926351209,2.684902227396468e-14
RP11-133K1.2,-3.6936991745324463,0.0003638475972701103
MRPL2,-6.592599789681605,2.1920533855361526e-09
PALM,6.762993771774232,9.864182613744415e-10
MTMR8,2.8660417671071596,0.0050872002513243746
UBALD1,2.8956112440019512,0.004666240051437454
TP53TG3C,-3.484858782296588,0.0007380115766892449
SLC22A8,4.625830339641238,1.1419760882192883e-05
C14orf159,11.022232814678329,7.43040573540396e-19
GPR1,-2.776209680129497,0.006588887081894714
UBE2G1,-8.96021083761548,2.1812940693578894e-14
LYZ,10.845423060094888,1.787604965922146e-18
SLC7A1,-7.511191613666006,2.757346148994038e-11
MITF,17.825891763059655,1.617791493430992e-32
ACTRT3,-2.7912116655546777,0.006312821935264042
BAHD1,4.391150571672303,2.851863947963666e-05
NNT,-5.121042463189909,1.5199498685550167e-06
SPRR2B,-2.9822481978298523,0.0036103301721415364
TMPRSS4,-8.127209619255582,1.3570181840568203e-12
LARP6,-5.416202542742448,4.34623950100593e-07
C1orf51,-7.096763459874792,2.026344812244542e-10
TUSC3,-3.889470718851377,0.0001830645300285639
SLC37A2,-2.307749263590797,0.023116094047712164
ITGA7,5.0033020324405655,2.4795278766917613e-06
FAM98B,-4.67940252553942,9.231529310229287e-06
DDT,-4.824926387307145,5.14454701273351e-06
AC011755.1,5.528700665856897,2.672995871450024e-07
HTR1F,6.0155273963603015,3.097886924937898e-08
AL133481.1,2.716583024391535,0.007798493379237042
TMIGD2,5.527953951883151,2.681676183560731e-07
MCM4,-13.010814914818042,4.472357240699785e-23
ZNF280A,-5.020070688375424,2.3134318834027158e-06
SPECC1L,5.253614681033957,8.699541431632232e-07
NPTXR,-3.7335966729976606,0.0003169028014760292
GFM1,-8.00248354546356,2.5061847005469417e-12
RAG1,-3.1591370304236372,0.0021045299208276996
ALDH2,16.7427634557345,1.6740982295394224e-30
FAM91A1,-6.133337910144583,1.817878000349865e-08
SECISBP2,8.167985974955927,1.1100223405357117e-12
CCDC51,-6.7160268499686815,1.230108219307506e-09
OR6K3,4.786716946988041,6.003910394095556e-06
C2orf15,-5.587353974026562,2.0707210376810048e-07
HPS3,-4.673395971347906,9.45499923296345e-06
CCL4L1,3.0662413934210413,0.0028015250554233578
LNX1,-4.442550240670948,2.339384719214407e-05
PRKAR1B,2.0319562940115747,0.04486443309958926
EPSTI1,2.4893573691910142,0.014481821998676496
DDOST,-6.867273287211693,6.031276698258517e-10
LILRA6,10.55322357615822,7.651823685829621e-18
PTPRN,-3.9564623753183397,0.00014397530713383645
SLMO1,-6.529162139115958,2.9456920087812975e-09
MBD2,-4.76831842944386,6.4659641363300565e-06
ERCC8,-2.50331385045858,0.013956620021954025
PPP2R2C,-6.804674803230339,8.105662968864907e-10
CCP110,2.1787571923939173,0.031747134595894726
SDR9C7,-4.374923664386045,3.035046570203906e-05
SF3A2,-5.506113075681183,2.948161170193563e-07
ARNTL2,-8.638889266805833,1.0792438089795718e-13
CREM,5.121766960569878,1.5153519748280988e-06
OTOS,-2.8694963744065616,0.005036281044781575
ATAD3B,-4.6663541689047765,9.723669451203163e-06
DEFB103A,-2.2387489038171737,0.027434288787225734
SIRPA,6.071163140469441,2.40972174335596e-08
LYPLA2,-2.8896789288297584,0.004748035520085242
STXBP3,6.409001713588253,5.141190383416636e-09
SPNS2,12.305333651664489,1.3525850312170545e-21
DUXA,4.837825089288895,4.882409961908012e-06
MECOM,8.04056952496598,2.0784238325291633e-12
ERICH2,13.03415924089205,3.998592036254653e-23
WLS,6.438790992170397,4.479717662378395e-09
MFSD7,14.190581557655854,1.678506182328378e-25
SLAIN1,14.172315742709197,1.8279279858273947e-25
TBC1D10A,-2.295180079689392,0.023854940288421472
FKSG52,-5.799946225870248,8.124642687446184e-08
SF3B4,-7.088621067870216,2.1066796194738623e-10
PYGM,10.623343619962554,5.396086957060363e-18
MMP21,3.9383876472394315,0.00015365382906861111
ZNF486,3.1179288454575724,0.0023909895561662208
RP11-196G11.1,-4.31898339358705,3.75764760540443e-05
ABHD17A,5.1787668595130505,1.1931612030529271e-06
TSPAN3,12.844875319399401,9.928989129935249e-23
PABPN1L,3.324129111047369,0.0012484242700136435
CAMTA2,9.929231998144878,1.723745220708214e-16
GRHL3,-8.007198008710304,2.4488136427376515e-12
SH3TC2,-2.083618993321745,0.039797141943466514
DSPP,-5.888867205305979,5.468593739551931e-08
RNF126,-8.182267220989635,1.0345598187481284e-12
PHLDB1,7.726557354463649,9.675018927622656e-12
GPR4,8.002664228558857,2.503961482069751e-12
R3HDM4,-3.128918655370245,0.002311241185178287
LSS,5.619495314652358,1.7994224277346392e-07
PABPC1L2B,-2.9124539217585728,0.004441019184530013
SGTA,-3.5045371364197058,0.0006912307521358058
AL590822.1,11.172627514807543,3.526134072632923e-19
C16orf95,-4.602913637443132,1.2502370100686714e-05
AFG3L2,-7.4427089938669075,3.8414464847992094e-11
KCNN4,-3.4841369659018677,0.000739783038994055
NFIL3,3.3869095159294815,0.001018691993626707
GFRA2,4.915914452318556,3.5516453961588474e-06
C12orf10,-3.7885439346527487,0.0002615926798676023
ZNF197,4.425863152444995,2.4951401065077523e-05
TREX2,-4.595634356358203,1.286659561489068e-05
RNGTT,-4.0896142050524045,8.864693373176697e-05
FAM126B,2.0594861642619757,0.04209933803390162
FBXO32,-6.6709215315780455,1.5199069140212832e-09
BID,-7.252719494032153,9.599784776118372e-11
PAM,11.657677168004334,3.217446009083947e-20
HTATIP2,-4.835964094897417,4.9194125495105774e-06
HARBI1,-3.898276664415496,0.0001774010162236965
AGR3,10.05189237315444,9.338291604487596e-17
SVEP1,12.526157259759126,4.629011141241161e-22
ZNF69,8.124895785564574,1.3725705573660922e-12
AK7,5.275525874977283,7.927655210990277e-07
CGB,-2.891822354121005,0.004718330882232109
IL15RA,5.469819235624309,3.449475806927678e-07
NAT8L,-3.821340056556873,0.00023309660230513314
ZDHHC11B,6.640876183108016,1.7494446216216936e-09
PPT2,-3.8201405072760037,0.00023408461396136614
CDADC1,4.945724759198437,3.143094471011246e-06
RP11-315D16.2,-4.351668378121725,3.317486769733656e-05
MCOLN2,5.462118148719067,3.5661297186113186e-07
RASL10B,-3.5589139132009135,0.0005760873213208214
CSF2RB,3.3001127118907285,0.0013485152845974296
SLC35E4,-5.612991093557315,1.8513474013642885e-07
TRIOBP,7.255754498430389,9.46081166498596e-11
FZD6,-5.813991919934015,7.633477741432863e-08
HOXA13,-5.19560059484283,1.1115473648915201e-06
KIAA1407,3.230288522778229,0.0016838594348908998
ABCA4,-2.406318875314264,0.01798850312599673
POMC,-3.4239547045965106,0.0009024282404932968
STARD13,17.240222322043486,1.9514860491234697e-31
RNF141,-2.031865912283504,0.04487376124122556
AGK,-8.090484230138603,1.6259560169602174e-12
DPYD,13.731907448131894,1.4454182339176523e-24
COBL,16.31768443649947,1.0769670253234596e-29
TARS,-11.869915045649984,1.1346085570801793e-20
VIL1,-2.437628625256496,0.01658615008704898
TMEM41A,-8.02973657267782,2.19209633225629e-12
MED6,-5.451591392250259,3.731859319235137e-07
DAGLB,3.213769093895479,0.0017738677891755363
CEACAM19,-2.5514045643221,0.012275185514075963
SETD1A,-3.847808749233618,0.0002122803926969275
PRDX6,-3.139431242503061,0.002237276867160908
LBR,-4.868238939596533,4.314685954700616e-06
MIEF1,-6.318277537787407,7.80897183301734e-09
CHRNA5,-8.981735339801716,1.9593835751614553e-14
DIAPH3,-5.899752936642565,5.2089587451513714e-08
ATF6,3.2251280147206063,0.0017115084956358564
ZNF711,-4.4016483219722335,2.7390915484619225e-05
ZNF260,-5.1698913025081845,1.238519210863682e-06
PPP1R14D,-2.99497460612772,0.0034752912664711955
FAM219A,2.2953457866727214,0.02384506590371471
LIMA1,-4.969961366188221,2.8450009547009237e-06
TLE3,-5.186807339602687,1.1534741793642315e-06
TMEM204,11.38936010328237,1.2073884451745522e-19
CDCA8,-2.9977139553993495,0.0034468414860754624
TRPM8,-2.403587280610121,0.018115714607741567
PARD6B,8.645376871776449,1.0450190595150993e-13
NBPF12,3.6350829758881766,0.0004449406662650993
COL8A2,-2.268789389545667,0.025474233243748746
TIMM23,-6.681718312550321,1.4449211361123795e-09
EPB41L2,11.068693378373922,5.901323489862285e-19
DLX4,-3.3106074802264684,0.001303886230761837
TMEM106C,-6.956660415943623,3.948743379065209e-10
HFM1,2.908515518291377,0.004492769127615234
SEPHS2,-2.7513649934075253,0.007070411253825798
AHR,4.681748635034031,9.145642432721761e-06
ATP5H,-4.811330965392445,5.435644480621507e-06
RPL8,-4.611487660533661,1.2086163043353335e-05
ZNF154,5.207240204976087,1.0583318637096198e-06
RBM22,5.293755173098353,7.336858625176731e-07
LZIC,-5.697593681286788,1.277254050643583e-07
C11orf44,-2.7793886143612623,0.00652948445768168
MLK4,-3.3944708049439605,0.0009938743194519827
COL8A1,4.102747173033264,8.446103083564009e-05
DEPDC7,-7.378290278076999,5.2439306004393055e-11
CISD1,-3.881354717580873,0.00018843679372898079
RRAS,14.226820974392288,1.4174026778767014e-25
DHX58,4.9046763155585165,3.7187122189569627e-06
CACYBP,-8.648929796140525,1.0267369520008714e-13
RLF,-2.4726441439203204,0.015133999310801746
TPMT,-2.6798192339543623,0.008641635669283587
MAOB,15.343937192241066,8.345240804901979e-28
PUS7L,-3.4087298487831337,0.000948612227416363
LHX2,-4.645833980551509,1.0549491717489788e-05
HAAO,3.2926324204216297,0.0013811942578379256
MTBP,-10.319313988593125,2.4565234068958776e-17
MFAP2,-7.400777931838145,4.7044302911856425e-11
NPY5R,4.451020915361165,2.2639572236195475e-05
C13orf45,7.55962662726196,2.1799896408641356e-11
DGKZ,-3.050905369763338,0.002935366140951899
LCN10,4.4468324650245545,2.3009549924096016e-05
CYP2D6,-3.007906332897508,0.0033428672759555425
PKP4,-5.577683381217232,2.159931770840594e-07
HIST2H2AA4,-4.950085208188303,3.087308677038464e-06
CCDC17,3.7848712887877043,0.00026498278032380853
SLC35G5,2.2235241123732927,0.02847719621783121
CHP1,9.412093861054439,2.286256489598065e-15
DARC,8.638797569665313,1.0797354761461902e-13
CCDC37,3.0302291714051277,0.003125200411317087
ST13,-3.479944709067722,0.0007501510880566047
PARS2,-4.157482807988202,6.896965057134343e-05
ILK,16.358046308971723,9.015999302110265e-30
PAWR,-5.8019645860597455,8.052196874099017e-08
TRIM65,-2.9305871818503983,0.004209753227623894
PORCN,-5.410012606144207,4.463438091897662e-07
FKSG68,-2.4863512985008196,0.014597234766617201
NRAP,2.2655324929231284,0.025680619586710706
RNH1,10.078579468990602,8.172644256558873e-17
PDE5A,10.733211712671855,3.1231017172253395e-18
UBXN7,-6.955167772965188,3.976825974694833e-10
APEX1,-8.323169757076686,5.159869260918993e-13
ENOX2,-5.054414247306254,2.006410118731164e-06
FBRSL1,-5.7877383916429,8.57667954865702e-08
SPTAN1,11.815129581802752,1.484391559946981e-20
MIF,-10.879803164958634,1.506892088906167e-18
CLK1,5.466798547614222,3.4947797490518995e-07
MAP1B,-2.917604710677405,0.004374166337652318
PTK6,-3.660695941794924,0.00040759688782718626
ENKUR,4.477508867817717,2.04295248725295e-05
ZNF302,2.2999462051273025,0.023572363019270164
MXD1,-2.6825767411728934,0.008575635440141182
CDKN3,-10.5817144703742,6.6393009461840385e-18
SDCBP2,-3.234777537712458,0.001660147958430432
RP11-422N16.3,3.5423209232809962,0.0006091454028034746
JMJD8,2.850743450568871,0.0053184177435407825
EPHB3,-7.735735199967528,9.251370698076164e-12
ZNF233,-2.3354315956877314,0.02155962660112542
KAT2A,-9.80408433965353,3.222188125547084e-16
XRCC4,-2.438522859264794,0.016547570417568977
MAGI2,4.304062883640712,3.976809703943876e-05
SRRM3,-6.736330219947978,1.1182043447027015e-09
PTPRE,11.916135256340121,9.046276023109589e-21
RNF166,6.419458030643728,4.8986935498870126e-09
WWC1,8.313048048120285,5.424592158894152e-13
ACSM5,8.887705028144815,3.130439865905342e-14
PADI3,-4.185352230121524,6.216978983671739e-05
TMEM50B,11.188748154665612,3.255625799993171e-19
CDCP1,-6.377289358665197,5.9514960925888885e-09
POP1,-7.830197745225569,5.83154281392117e-12
RP11-368I7.4,4.317998297255661,3.771751025302515e-05
HNRNPC,-9.591164795747126,9.341647356966436e-16
ACSBG2,2.8432544036177094,0.005435085180600759
AKAP6,2.281562435309189,0.02467881548515111
HLA-DPB1,14.990447722699207,4.168459018773121e-27
VAT1,12.632880890986057,2.761443551434132e-22
MDS2,5.332280718581782,6.226426748133874e-07
GABPB2,-2.9742821408780156,0.0036973060602260646
HIST1H2BF,-5.8959946504408425,5.297196604338708e-08
GTF3C2,-11.51737956355931,6.420146368539229e-20
CCDC157,2.7281377304598573,0.007549383011261416
CD164,3.648152982877949,0.0004254969654859095
MICU1,9.403321983421542,2.3886977956789157e-15
MAP2K2,-4.131314169488983,7.600082696278261e-05
ZSWIM3,3.816545885732993,0.0002370692799306752
VSX1,-2.456441270301815,0.01579120592951119
KDELR1,-4.51461086988612,1.7681329243109585e-05
EIF4E3,18.537782782596153,8.31273167672803e-34
RP11-195F19.5,-2.1728768956312052,0.03220006759010432
TUT1,-2.1252560258150632,0.03607972269374807
BAI2,-3.8408200463785835,0.0002175975339334387
SMARCA5,6.029519171446153,2.908487572372716e-08
TMEM243,19.44962167797006,2.0351653101192163e-35
KRTAP9-4,-2.317731359634153,0.02254377330011729
ECHDC3,8.924691795525467,2.6036618930539578e-14
UBR4,-3.114459172118576,0.0024166939353056473
GALK2,3.278349366846186,0.0014456617152135624
KLHL11,-3.5806185918793996,0.0005354002616406396
XRCC3,-10.221465665864091,4.003469970342885e-17
MARCH2,13.845933917951502,8.444244533818422e-25
SLC46A1,7.002970156607185,3.168653044311719e-10
LTA4H,14.147109875089617,2.0563391102596173e-25
CD99L2,15.211435722119859,1.5222752963377265e-27
ANP32A,-4.636206171169342,1.0960013385087843e-05
USP7,-5.890665875791765,5.4248324240306914e-08
RAMP2,14.370714475683597,7.254226200124776e-26
ABHD2,3.326122700522958,0.0012404366995536927
TNNI3,-3.5800109126526927,0.0005365014467496054
SMYD5,-8.981852794948251,1.958236681530157e-14
HSF2,-3.1263066463681435,0.0023299681564034574
YBX2,-5.578212353354524,2.1549560209606907e-07
CYP2C8,5.621494128821313,1.7837543978057028e-07
LAT2,14.092331944792361,2.656650412331265e-25
NONO,-6.89112142712822,5.387703813867012e-10
ABHD10,-4.372937217542194,3.058236268209625e-05
ZNF66,2.22294422931721,0.028517595044897998
PLS1,2.6826185432359955,0.008574638448579136
MRPL43,2.778396064360869,0.006547978858502021
LRRC14B,-3.7286783215398995,0.0003223622569582707
DRAM2,4.323077760212522,3.699572130800281e-05
SBDS,12.30404083908532,1.3611204674596433e-21
RGS3,9.582429571729033,9.758602627519837e-16
GTF3C6,-3.84514490915901,0.00021429231762379555
HRNR,-2.9696771580364953,0.003748462802165605
FBXO9,5.889724771883593,5.447686159943805e-08
HMHB1,2.2730211586734623,0.02520824766549363
C14orf2,-4.470102392261664,2.102555407298159e-05
FAM71E1,-2.7683734653494554,0.006737430288888089
CCT8,-7.296099151552448,7.792469169067662e-11
ABL1,2.58463748260251,0.01122211541056058
HS1BP3,2.4053416098209284,0.018033923219103326
ATP5B,-8.023244456523686,2.263163597000693e-12
IPO7,-3.221957935393451,0.0017287027950294086
SNX6,-3.719903208641417,0.00033232546286786514
MMP28,14.94187731348557,5.2056794688217906e-27
FSD1,-3.525391341981371,0.0006447161033210523
MRPL15,-7.657994770065335,1.3513348024420681e-11
C15orf32,-2.6456624746081685,0.009498254619034974
AL359195.1,3.771733562249554,0.00027745532645027503
NOM1,-4.10590662998676,8.348267801069437e-05
TCTEX1D2,-5.156359608769456,1.3109302873298254e-06
PBRM1,5.922296281983851,4.709239504756426e-08
TMPRSS3,2.05731611155101,0.042311852970703744
ACPL2,-6.356600332069406,6.546831712834392e-09
RPS6KA3,5.497340663614091,3.0623548713704883e-07
NACC1,-6.44258794000308,4.401691612511485e-09
DYX1C1,6.477562897131486,3.743271316886612e-09
GRM4,-3.9861450861005725,0.00012933345581481916
PDE3B,10.911057370143203,1.290210451081797e-18
TCTE3,-2.3472972924331943,0.02092133209480274
TBCB,-3.140989703769651,0.0022265011802952307
LRRC3C,2.109305084093492,0.0374667489626783
GPRC5B,-3.018940196129789,0.0032335830471873998
PFDN6,-5.9460972613288146,4.2328266858193095e-08
SH2D5,-4.680489928734182,9.191624594893915e-06
GAP43,-4.9866440578184115,2.656011444530909e-06
ACBD5,3.888874337305744,0.0001834542663685181
PAPD5,3.842675341446109,0.0002161737418190947
LHX8,-2.5884317061217903,0.011107218938081705
WDR27,-2.6005435554495917,0.010747513385603074
PIK3R5,9.441055040531873,1.9782051878173606e-15
F11,14.452472408818409,4.96338739693991e-26
PAX8,4.337059953367577,3.507696147555385e-05
LST1,13.37958278092883,7.677724729353298e-24
ELN,7.970832586022525,2.9275608866172705e-12
TP53I11,7.406452652638796,4.5772345049631015e-11
GCA,10.363272623994847,1.9727180380294865e-17
WIPF2,2.2441469145329758,0.027072638373432396
MANEA,-3.7549356661997795,0.00029421766744891996
RCBTB2,8.107615140494644,1.4944741667033605e-12
STRN3,-3.2492800572125877,0.0015856584913948374
ARHGAP31,20.295063337487836,7.1496664111805574e-37
RFPL4AL1,2.48886720127176,0.0145005852042407
CAPN2,12.085492508917389,3.9505226470502354e-21
SUCLA2,2.036130938197847,0.04443538119024481
PPME1,-8.867156146542166,3.467774339005989e-14
ZFP30,-2.7773279320361586,0.006567935027467639
EVX1,-2.660257193873699,0.009123237952030284
C8orf58,2.47643864995613,0.014983669263554801
DCK,-2.5323433781053404,0.012918537014933559
FFAR2,3.460607262382319,0.0007997736803002234
IRF6,-10.435560036769125,1.3755567645761318e-17
SELE,2.6695915949525846,0.008890476575783082
CDK3,-2.0376158822503028,0.0442836149729966
ATAD3A,-8.228396156632638,8.240157364977047e-13
FLJ00273,2.699475954311934,0.00818105523161273
HDGFRP2,-4.126107968312924,7.747946440149267e-05
PCDHGA3,12.44127746303795,6.986398907533337e-22
FIGF,14.161232475645996,1.925040951027833e-25
LGMN,5.654455409838674,1.543882900548045e-07
PWP2,-6.160286141105401,1.6082649236198744e-08
HCFC1R1,4.6220766753723845,1.1590643808799249e-05
SH2B3,13.22373469138518,1.6140043908217823e-23
YIPF4,-8.193160185582439,9.804557976837261e-13
PRPF8,3.170469722767721,0.0020315476685137013
SLC18A2,12.873374540068378,8.656300522875361e-23
PTPRM,21.262323785912095,1.721274401153346e-38
ARHGAP24,7.859114887219081,5.062103615572214e-12
TSEN54,-6.7762943520758245,9.265495634753249e-10
AC135178.1,2.4849568786947454,0.014651050045314242
MOB1A,-5.018197561636466,2.331433359589097e-06
AC008948.1,9.15957575122721,8.06958900974556e-15
PSTK,-2.4243006646796084,0.017170734998464943
HAUS8,-8.796876920375633,4.920284165395348e-14
SYNE2,4.467972794725935,2.120001967686172e-05
PABPC4,-4.229433982164014,5.271145871411737e-05
GSTK1,8.00730956151756,2.4474720910916435e-12
PHYKPL,11.4717471727369,8.040137394813933e-20
SCEL,13.585184692583281,2.8926228446691342e-24
LYAR,-2.95484554289175,0.00391769993468163
AC135983.2,5.217952610488075,1.0115602486245866e-06
CXCL14,-4.5934738840750216,1.297666049700379e-05
ARHGEF28,3.3285649028532025,0.001230717004104543
FKBP8,2.7349611596555072,0.007405699045796735
SMAD7,14.875438799027688,7.058021713143615e-27
RAB11A,-2.66875007883555,0.008911237457037648
PYGL,-4.94309964516547,3.177151160460776e-06
NANP,-5.339190265922507,6.045462571544377e-07
HSPBAP1,-3.149686028151403,0.0021672533734722736
PCDHGB1,-2.420176082842818,0.017355327569560784
RTN1,10.960593053436773,1.0088972744772063e-18
DTX2,-7.092518302921307,2.0678420442938869e-10
VWF,9.478054511860499,1.6442395688085277e-15
PRSS38,-1.9968144487448671,0.048618800013812295
HSD3B7,2.353276464549421,0.020606073815824084
GIMAP5,17.73464137040055,2.3778029371890712e-32
AP2S1,-6.484397929524426,3.6264650470418725e-09
KLKB1,8.880236479273343,3.249078507242341e-14
PRKD1,9.551254299160236,1.1404264899459572e-15
CAMK2N1,12.758259198223339,1.5072194656471689e-22
CRYBB2,2.6605545756320956,0.009115738103844064
SMC1B,-3.664324638455839,0.00040255305063478434
C18orf32,8.224112205817686,8.416209177824484e-13
HIST2H2AC,-3.973908443961313,0.00013518813729711252
CTDSPL,11.026764689873986,7.265237795451467e-19
HIST1H1E,-3.3738942021978553,0.0010627798229537614
LIN7A,4.090892871884786,8.823079619079548e-05
SPOP,12.261355749028857,1.6754661137846503e-21
ANKFN1,4.663060450396146,9.851863993237986e-06
EXOC6,10.879046299175743,1.512568774815785e-18
F2RL3,5.165554163166256,1.2612921310893622e-06
F2RL1,-5.625087553323291,1.7559227667216786e-07
EOGT,12.53043221894207,4.53411454331231e-22
METTL21B,-3.6065458871742067,0.000490359673216568
CSNK2A2,-2.8513101675108596,0.005309683335468731
TMEM74B,7.05738142729177,2.445284701798261e-10
C5orf38,4.890853351013486,3.934716503283926e-06
SNRPA1,-13.792745919770146,1.0848432277401383e-24
TMEM63A,6.646413389156729,1.7047075027175305e-09
MYL1,2.8034143113669368,0.006096110584211847
B3GAT1,3.1737181238759318,0.0020110669722916688
CCDC85B,2.6922924137027917,0.008346723334371893
POFUT1,-5.020825708878517,2.3062142173558206e-06
GJA5,5.735309583255553,1.0815826484691598e-07
SP9,-2.6492551725313738,0.00940466574954948
TSSK4,4.723921040931306,7.727701966848583e-06
AC003006.7,-3.347295712349447,0.0011585103470987406
LILRA5,9.641245246315574,7.272697521160309e-16
NAPA,7.957853951198127,3.120092629836323e-12
HLA-DRA,14.253002748807063,1.254539247992972e-25
CD4,11.302397977848372,1.8554516118223865e-19
CCDC39,5.680156275269168,1.379093498476109e-07
FAM208B,-5.102491982881769,1.6424258398910873e-06
KDM5B,-8.681091859668026,8.751001661668345e-14
ZNF367,-8.387229835421921,3.758655653544973e-13
ARMC3,4.834411305253807,4.950495564223382e-06
APC2,-3.7707156494827063,0.00027844466881891516
CREB3L3,4.346780885226958,3.3799895447314956e-05
FAM21C,9.064790146766173,1.2949502558384704e-14
HBCBP,3.9683994645934733,0.00013790591683495785
SMAP1,-3.3105417083458057,0.0013041615654471744
RSPH10B2,4.166857926896565,6.660614287831933e-05
CREB3L4,-4.213685068150101,5.5919593675160936e-05
PEX14,4.389828893239692,2.866375810130782e-05
PPM1J,-7.167260584533816,1.446413206963368e-10
ACSL4,10.290422977453767,2.8375222102874073e-17
GDPD1,4.448043402777727,2.2901988293003532e-05
WDR37,6.859476180396329,6.257776259377282e-10
TFAP4,-7.861784891662259,4.9963710475743254e-12
TPT1,8.47843538199477,2.392583622966846e-13
SPATA4,4.823709242986578,5.1699776146968396e-06
SCLY,-6.5921594618749175,2.196561697232546e-09
DACT2,-2.6443139930494186,0.00953359932841786
ASZ1,5.682909573660697,1.3624991425923766e-07
CTD-3138B18.4,-2.6298146955708543,0.00992122976489627
PRX,11.021152174813308,7.470343071058491e-19
C2orf68,-4.864771011973458,4.376025230537692e-06
CHMP4C,-4.948955777709894,3.101664917216839e-06
SEZ6L2,-3.6516494912303714,0.00042043355841804765
DPY19L4,-4.528605320848756,1.674060971413366e-05
FAM35A,6.606910692230353,2.050408425827046e-09
PLA2G4C,8.931220243924107,2.5203305762509443e-14
CTC-487M23.8,-3.072770504921944,0.002746279901168948
E2F7,-13.055954549439702,3.6018572170251383e-23
VCPKMT,-5.598530165686882,1.972118205471616e-07
GJB5,-9.623140824697309,7.961629721026675e-16
ATG4C,4.909272646480848,3.649478394163723e-06
ABI1,-4.437150773883136,2.3887253311764282e-05
RHBDL1,-6.5177962812178185,3.1055235840080438e-09
PERP,-10.753147390729831,2.8282478036618793e-18
NAGA,3.019466872962813,0.0032284501883972612
ZNF738,-3.757876527266412,0.00029121511160455535
EXT1,-5.137561022628714,1.4184254460716412e-06
MROH9,5.1864379536533844,1.1552688351026192e-06
ANKRD52,-6.212015205184981,1.2704724468523167e-08
SLC37A3,-4.127598958370594,7.7053203115164e-05
POTEI,-2.9784718513092603,0.003651323241774763
SFTA2,16.98282240292775,5.910673755866777e-31
AFMID,-4.260324950485516,4.692544868538365e-05
LRRC48,4.9184643084398925,3.514768519426812e-06
TNPO1,-6.279774823818152,9.318367825686778e-09
CHIA,7.361334980277035,5.6909290106542954e-11
LETM1,-5.920267316976614,4.7522121160537945e-08
SNRNP40,-7.415143599249539,4.3890218136311177e-11
LTB4R2,-5.574604442948311,2.189118149974947e-07
JUNB,5.398927874744389,4.68109478672357e-07
ENTPD5,-3.0786348619147352,0.002697522554052803
AC087645.1,-7.15627469683189,1.524531813148245e-10
GLI3,-4.078862624844164,9.22212377069166e-05
TMEM135,2.6040200080357825,0.01064622774776662
EXT2,-3.7783746773596025,0.00027108223715598524
PEA15,7.190431484900112,1.2944310605495174e-10
TNFRSF6B,-2.122391896772974,0.03632545129268047
WDR33,-4.3148260020651765,3.817515619901815e-05
KPNA4,-7.54237131485541,2.370409490856356e-11
ATP13A5,-2.4820108654187654,0.014765330715463947
SNAP47,-8.227135709241052,8.291571908254036e-13
RTN4RL1,5.385120208743363,4.966793919139765e-07
RPS3,-2.4133004213063187,0.017666972789269982
IL2,6.475649881975168,3.776624122167351e-09
SLC6A17,-4.153904913256806,6.989272279732694e-05
BIN2,13.98935702561544,4.303854441469134e-25
BCL3,3.574202687857513,0.0005471352759997102
NOTCH3,-7.430888012895607,4.067421384031381e-11
TGM3,-2.13714213782896,0.03507526642643544
RBMX2,-5.188828038599524,1.1437047364371857e-06
KCNIP3,-2.6082173599911154,0.010525087787190884
HCN3,-6.688602552024891,1.3990319243704689e-09
PPIC,-2.1309782348126554,0.03559309082804677
TCP11L1,-2.8428289451543813,0.005441783046970201
CST11,-3.235494556601219,0.0016563895988496256
WDR34,-2.318305766034694,0.022511223667122857
CMIP,-3.5153024131153883,0.0006668373598905739
EVA1C,6.761966110641742,9.912002215474835e-10
TASP1,-2.9156706481670356,0.004399159470824667
MARCKS,-7.939102555199278,3.4207218663542447e-12
NME9,4.608058191195759,1.2251002627577123e-05
SEPT11,5.646156183133171,1.6011144041663891e-07
ALS2CR11,-3.628463355094175,0.0004551067433073009
EXOC3L2,5.035219840264042,2.172737314805717e-06
KIF6,6.052412896349352,2.6228954320107622e-08
SERTAD4,-4.510983817346387,1.7933366557779927e-05
AP5Z1,-2.699580916740399,0.008178656873862551
PRC1,-13.6030896796017,2.6574672182452667e-24
ARHGAP32,-5.85426039144976,6.381491380825626e-08
PMEPA1,-2.9975727597956245,0.003448302610001524
PTAFR,8.38285611563143,3.840894289539332e-13
LPAR6,2.018968840470761,0.04622198259061137
RAB26,-4.738202556870881,7.2977842163207554e-06
C1orf180,-2.850921735354476,0.00531566854661632
PAPSS1,3.6383235586642386,0.00044004276107429866
FOXP1,9.825142703033185,2.9002315014046817e-16
MTNR1A,-2.671745294627886,0.00883754271287587
CPNE4,-2.2256363221956925,0.028330467390054993
BTN3A2,8.8730696037808,3.367141968723128e-14
MYO9B,4.659539488478032,9.990715208992397e-06
GPIHBP1,9.461811603237832,1.7832851355962064e-15
SLC9A8,4.804653071930562,5.584429613230907e-06
ITGAX,7.859590998045047,5.050319586146649e-12
UQCRH,-8.656302791976163,9.89809725318944e-14
ELMSAN1,7.3165673175067125,7.061284810695406e-11
SEPT1,2.2587197688707166,0.026117089064831643
RBFOX2,-5.496514873094039,3.07332513159505e-07
CTSD,8.047665234900293,2.007167607341623e-12
ACTN2,11.512523539422828,6.575681285201891e-20
MUC4,-2.444285338381602,0.016300875184556113
C19orf38,9.975007456820215,1.3712532554915504e-16
CLEC9A,9.822008163208915,2.9460340379794615e-16
CEP170B,-4.119884678934292,7.928321598089348e-05
CEP89,-3.179584316260895,0.001974568086637867
RGPD6,7.6184207998748095,1.63829088112215e-11
CEP85,-8.5074853415264,2.0717071256297361e-13
SHARPIN,-2.5359919314054853,0.012793096075659805
CCNI,3.8220903758734055,0.0002324806211420069
PIP5K1B,14.705253841167377,1.543104615644199e-26
SMIM6,7.205477925457885,1.2043362949704922e-10
ELANE,5.292281639208116,7.382969629679776e-07
NDUFV1,-6.218288544445625,1.2345965739141504e-08
CPXCR1,3.7550575706973794,0.0002940926228558597
TMEM132B,-3.1321694009664838,0.0022881302411471367
CALCRL,9.410402024003847,2.3056666947873054e-15
KHK,-2.4966741819552842,0.014204313276298728
CTNS,5.644381227748219,1.61362216613834e-07
PTK2,-3.5019176007547435,0.0006972925449114391
STON2,-8.406465847632367,3.417301597284798e-13
KRTAP17-1,-2.5762801812126312,0.011478978932786361
BLCAP,-4.836368894126441,4.911340699990803e-06
SPRED3,-4.867515319902101,4.327415596667981e-06
CPN2,-3.8217421878979794,0.00023276627598074133
ANKRD29,8.922345031842056,2.6342840835048936e-14
RP5-850E9.3,-2.4286988094205753,0.016975827775019138
CDCA5,-14.815544862385375,9.291065837958792e-27
RIN2,3.3410933375346485,0.0011819681734767482
CAMK2N2,-4.685264153261512,9.018394745129444e-06
LEPRE1,-5.693143424372769,1.302520147123257e-07
RABGGTA,2.7731322871291324,0.006646861886581387
TFDP2,-5.757008684738504,9.826857359376765e-08
RFPL3S,-3.316718858927276,0.0012785390733225858
SLC1A6,-3.251738534019768,0.0015733449638570985
PLEC,-2.745853535824358,0.007181487571981338
CSF1,5.666889507324569,1.4618765630695795e-07
NUP35,-6.01770238994179,3.067667350864704e-08
LRIG1,3.335452125603422,0.0012036898864649017
GRTP1,-2.2635117095875072,0.025809411596031454
CRCP,-3.854132289834446,0.0002075762673026392
MYBBP1A,-5.8989165993737425,5.22846849755985e-08
POSTN,-3.9943442214178115,0.00012554712350980915
CD109,-6.730089247247994,1.151484618579929e-09
FSD1L,3.06935188236337,0.0027750788144489716
FZD10,-3.950089265488436,0.00014731943913835229
CCDC89,4.669151296937203,9.616074120797701e-06
AP4B1,3.9573415700353496,0.0001435197079084267
CHD2,4.493667770455846,1.9185304511984754e-05
DDAH1,16.90543655643621,8.26120757410313e-31
IGJ,4.203563734462402,5.8079606436172625e-05
TRIM10,-2.2282531376960826,0.02814960269022784
STX7,12.897446849993768,7.709760036945105e-23
ANXA4,9.453816872928796,1.855978936242228e-15
NUP160,-4.515670638428755,1.760833695326248e-05
EDEM2,4.997781268854592,2.536712731890223e-06
STRAP,-7.410770425077715,4.4827471024258076e-11
TUBAL3,-2.9140581240210057,0.004420097877606003
TMEM164,8.589905745620964,1.3764198159987109e-13
RAD51C,-7.1512087904569155,1.5619505423532933e-10
GPR108,10.016924935450753,1.1121068250530084e-16
CDK2,-6.673235434557846,1.5035189312981764e-09
ZNF726,-2.6655910225061934,0.00898956681856813
PCP2,2.9595880103675762,0.003862834308775962
SUMO2,-7.736479651038925,9.217826909488347e-12
TGFBR3L,-4.041148674013419,0.00010588358949488443
H3F3A,-3.94672923672631,0.00014911229541715316
AP2A2,5.186302847200673,1.1559259286360987e-06
AKR1D1,-2.99509602041282,0.0034740257249589353
B3GALT5,-3.350615685552651,0.0011461341679782177
LYRM4,-2.752970956088296,0.007038341099136207
POLR2B,-3.85286272347885,0.00020851265859026742
SLC22A18,-3.7876015225561885,0.0002624586308003381
GRK7,-2.6381317930565955,0.009697168609614537
TMEM138,-4.871437684785394,4.258849885398936e-06
FAM174B,13.71715119587345,1.5497036433139276e-24
ARPC5L,-4.9693721174315115,2.85191032600033e-06
TXNDC17,-5.825474844473056,7.25371926506377e-08
WARS,7.0317704203188995,2.762711342810584e-10
ASGR2,5.338079405114533,6.074205319198427e-07
TENM2,-5.232485149972833,9.513250706726348e-07
CCDC135,4.46740226186548,2.1246997253590948e-05
AC027307.3,2.6238165658511807,0.010085713411786905
CAMLG,6.101579054103863,2.0996670577006364e-08
ZNF608,13.572749849461665,3.06813669204268e-24
COMMD4,-5.134113448860881,1.439052469877597e-06
SPEF1,4.340239394545568,3.46542340536033e-05
HAUS1,-3.822075914686458,0.00023249247850816126
TUBB8,-2.6637397528832003,0.009035758968150932
PAXIP1-AS2,14.787067616969972,1.058994391434051e-26
KIAA1328,7.383063046995581,5.1245163278081026e-11
SS18L1,-3.954451159519011,0.0001450227255708955
RBBP5,-4.058959894164726,9.92056427254278e-05
KANSL1L,10.756007312250349,2.788300528291939e-18
OCIAD2,-9.151717738376501,8.392369910555138e-15
KRT27,8.573735266765915,1.4914437003640568e-13
ATXN2L,-9.466112707215748,1.7453609730980886e-15
MYL3,13.87462511448064,7.377772834171661e-25
SGCD,5.226246230743244,9.767423889114838e-07
NAA50,-12.463806295552736,6.262922643039345e-22
GGCX,-3.6887614870054253,0.0003700967794166022
ACTR5,-4.565954058665798,1.4460964450877223e-05
YPEL4,5.852292984619624,6.437669725284318e-08
COTL1,10.485439359967666,1.0726930404285714e-17
PGAM5,-10.438918206186331,1.3527139162657548e-17
CYTIP,7.161547702731452,1.4865276447775346e-10
SPNS3,7.247111987427497,9.861903189863275e-11
DNAH6,5.9907465299496305,3.4635883668231716e-08
C1QL1,-3.4925374053300926,0.0007194128897308423
CENPF,-11.379491432702432,1.2676876676224965e-19
ACBD4,10.937505445209645,1.1314197240525866e-18
OSM,3.0761973258223287,0.0027176903283501795
EXTL3,-3.3045872057465626,0.0013293152909974492
ANKRD13C,3.638183932039055,0.00044025273899261073
C16orf91,-4.429141293099754,2.46377236562005e-05
EIF3I,-5.943078821628797,4.2905123974794846e-08
CNN3,6.643121414444291,1.7311663012837034e-09
WAPAL,6.020195971537495,3.033378379635484e-08
MYO1A,4.959456882080813,2.9706549939218987e-06
PDZD9,9.25408374759182,5.034240813059604e-15
GPM6A,15.52927006840321,3.6131313458218576e-28
STRA6,-6.187394966380115,1.4214787847300557e-08
SIGLEC6,3.387847187187971,0.0010155830373402921
GARS,-7.289325322326765,8.050627890318268e-11
ZFAND4,3.883107353609146,0.00018726407796367867
SLC44A5,-7.674527316247482,1.2468031840299651e-11
TMEM50A,5.157438270739669,1.305009647591778e-06
GDPD2,-3.311285160573404,0.0013010524907510247
WNK2,-4.9700015014643,2.844530932920195e-06
AHCTF1,-7.517078706142384,2.679768834319345e-11
CLDN16,-3.3595275412197996,0.001113523350567928
UBXN4,-4.104616780536112,8.388077033181333e-05
MC3R,-2.2925643163639364,0.024011289905371616
CHKB,2.2216581806612528,0.028607369333694368
SIK2,12.930799013197344,6.567558889267647e-23
FKBP15,9.095890292658911,1.1088505265874444e-14
AL117190.3,3.5760131648504943,0.0005437994137079472
AGBL1,13.03832447964894,3.9195201152506574e-23
ACTR3B,-3.9760736211685495,0.0001341340641002474
PDE1C,13.536832063616135,3.637574577879748e-24
WDTC1,6.349617206088733,6.760755480129963e-09
LRRC8A,-3.2205849710967107,0.0017361995985398664
PARP9,2.3630205055213938,0.02010131510588738
C11orf74,4.717425693791327,7.931271115823247e-06
PSMB2,-6.969548025242734,3.7143062834016216e-10
AKIP1,-2.755965155960668,0.006978902553678402
DDB1,-6.74692971664801,1.0638495242349926e-09
PKP3,-8.532409346890445,1.8308410869413568e-13
AL590560.1,4.900416957056338,3.784010314459157e-06
FSTL5,-3.079773821511252,0.002688146664820308
GABRE,-4.717963669097077,7.914214767415499e-06
DTNB,-5.5528677956203465,2.406463948444031e-07
CASQ2,7.106275484569069,1.9363370237223685e-10
GLRX3,-9.598458927693938,9.007157621808095e-16
FBXW4,9.487970037353527,1.5647410780978983e-15
AFF4,6.72511363927696,1.1787179377223215e-09
CDK5,-5.98978269968778,3.4786395759185435e-08
SLC25A42,6.390004573931526,5.6124752355827616e-09
PP13439,-4.501639676170523,1.8598785438268353e-05
ATP6V0A2,-4.386364494060049,2.904753504098588e-05
VWA7,6.985199222616528,3.4480746521287447e-10
KIF18B,-9.57088311689606,1.0338431434148273e-15
FAM3B,2.173964671373043,0.032115859678728424
RALGAPA1,9.329978364930033,3.4459179937731207e-15
SEMA4G,6.402654925530974,5.2941240505746705e-09
LEO1,-8.678134111969584,8.880580265776758e-14
DBP,-2.8809851905781336,0.004870288059756596
HBS1L,-5.340863042382147,6.002431575455536e-07
SIRT7,-5.609703635869799,1.8781486395130246e-07
RNF207,-3.101186369835571,0.0025174113733217422
PLCB2,10.217734327495814,4.078753816690621e-17
REPS2,10.729154298867014,3.186784130447631e-18
NBPF1,2.2995227175035495,0.02359735111422885
C4orf46,-6.9750941419024395,3.6177127500009195e-10
UBE2E2,7.116612611844029,1.8430129440878078e-10
CBR3,-4.167428809892817,6.646476287020905e-05
SURF4,-2.05471426082875,0.0425678682961208
CTF1,8.226923403828398,8.300263388986279e-13
NUP210,-4.275785330468963,4.4264233352974424e-05
ZNF708,5.503497714291665,2.9817623375913595e-07
CLPSL2,-2.9934428425953223,0.0034912939777110856
BBIP1,9.388732163224425,2.569342803877826e-15
KRTCAP3,-5.620277838146245,1.7932724680788292e-07
SGCA,14.890795917952055,6.578141329626759e-27
NSUN5,-5.374811069554592,5.19116681715003e-07
TBX5,11.068364817453828,5.910944281202762e-19
SLC16A14,-3.8041846608939442,0.0002476120736734525
TNKS2,3.5474985433063924,0.0005986423949504429
LYPLA1,-5.976339095873647,3.695411564307014e-08
BCCIP,-6.331174600585455,7.3594781761627965e-09
CBX5,-3.2319024055107133,0.0016752985437579271
EIF3J,-7.766396233697761,7.965393223687243e-12
PDE12,6.712084188333367,1.2530898302198885e-09
RIMKLA,4.71002584868323,8.169532307891648e-06
CPEB1,3.234174811248247,0.0016633133986156793
CTD-2210P24.4,9.177607355086868,7.375011046133518e-15
CRKL,-4.555827786997569,1.5047470053305116e-05
KLRC4-KLRK1,7.482799383657413,3.163969550740186e-11
SLC6A15,-3.1469170424688646,0.002185957258242231
AP1AR,-3.2919946839003944,0.0013840143579158218
FLCN,6.817946222100126,7.61381200098127e-10
SNX29,2.350145755882871,0.020770615350551906
RYK,-5.267531554767976,8.201188012100922e-07
CDC25B,-4.877674409182448,4.151998142716248e-06
GSPT1,-3.997439263699458,0.0001241456115970775
TMEM117,-7.808419878296231,6.486853502101183e-12
HRASLS5,3.2254375547942535,0.0017098381564169022
TNS1,16.844105247772852,1.0777516781333205e-30
ATP10A,14.037915681677426,3.4275915547026453e-25
DYM,-5.451410622127841,3.734770203221296e-07
AC139426.2,3.7259092818098045,0.00032547514188637253
CDC25A,-14.080094998308615,2.8132290899176653e-25
SCGB3A2,7.127998039132057,1.7453803537253005e-10
EEA1,2.1885923463751236,0.031001968765443737
IL12RB2,-5.591132467758974,2.0368555605574707e-07
ARHGEF40,7.229224220186738,1.0746441906204297e-10
ARHGEF16,-6.6694458784663455,1.5304502280777119e-09
OPA1,-9.02310463845516,1.594201035435117e-14
HIST2H4B,-5.098489114800524,1.6700904431655014e-06
FAM230A,-2.642025250001232,0.00959386166083665
DENND4C,11.597351871140045,4.3295637520861765e-20
BAG4,-4.756379151345052,6.784089050640509e-06
C12orf56,-7.807459470185551,6.517381615908643e-12
PWP1,-8.924604691385369,2.6047921127146618e-14
NHLRC2,2.7785816845782874,0.006544516524331886
RPS19,-5.854544393654742,6.373421760136764e-08
BRD4,-6.100299024547935,2.1118846530503305e-08
SLC6A18,2.6520107117314455,0.009333451467686955
TMEM92,4.275990261392133,4.422995364166956e-05
ZNF214,4.34916073221787,3.3494147826457816e-05
TOMM20,-5.371173009202657,5.272691947281954e-07
HABP2,2.6017514215865782,0.010712224297519486
SPAG6,4.98798627931026,2.641349280338908e-06
RAB5C,8.813192451961813,4.5365612402359516e-14
NAV3,5.777979666291071,8.955728925248323e-08
DENND1A,-6.808752484676943,7.951283598207073e-10
CAPN15,-4.0557190744544,0.00010038989300473002
SCAPER,8.010890800365413,2.4047901113216287e-12
TARDBP,-4.347913861090854,3.3654003754885536e-05
C11orf83,-7.581951822800189,1.9560106078464125e-11
CITED2,12.598215475905803,3.265557955138633e-22
ZNF613,4.582214172476894,1.3565208293812563e-05
FNTA,-3.3770673122654977,0.0010518690193276725
LRRK2,12.675452727825085,2.247887933516906e-22
BRF2,-2.940263165480767,0.004090936957604466
ABCA3,14.168957372900504,1.8568226251140568e-25
FTCD,-2.8992172835037557,0.004617154610018135
ALDH1L2,-4.070375178890065,9.514003656346302e-05
CYB5R3,11.074776735185395,5.726001676940296e-19
CPED1,14.044681861049115,3.3206419807451926e-25
CLECL1,3.351801011521752,0.001141745652241578
LOXL4,-2.682857948707715,0.008568930583739781
PPP1R35,-6.555269662254337,2.6086959425848484e-09
MPP7,6.147517133766342,1.704435339952211e-08
ANKRD49,-2.73141386150517,0.007480082290450198
NKTR,5.510530434424233,2.89224960301028e-07
SRSF10,-3.494432829616648,0.0007148904243518097
OTX1,-4.765813869696205,6.531474228966707e-06
EPB41L1,5.843219307642886,6.703122180536998e-08
GPR141,3.988476643010767,0.00012824577636290813
SAT2,9.329728753238665,3.450217545696772e-15
DPF3,5.471124306253263,3.4300809958119095e-07
TMPRSS11F,-4.130962451199853,7.609986085935437e-05
ASB12,2.1514125371078037,0.033901418193161365
RAB3B,-5.025785406021586,2.2593444133007604e-06
CPSF6,-12.010231312241439,5.707243771716096e-21
CTSL,2.9293676538422417,0.004224951888281978
UBN1,-2.8392943250895915,0.005497720710594349
TUBB2A,-3.7468413777593734,0.00030263452855511545
RSPO4,9.320212156278782,3.618200806561993e-15
MTRR,7.052736852644151,2.5000361383149e-10
MR1,4.982102815172308,2.7062094826812715e-06
NAA10,-4.731893209654473,7.484772740841286e-06
ZDHHC13,-6.652630639258109,1.6558236175699617e-09
SLC25A15,-6.820021615842904,7.539615462414495e-10
ERGIC2,-6.229080354398164,1.1752039295281523e-08
IMPA2,-4.152220536843856,7.033137730021116e-05
CSF2,4.270954108865391,4.5079823932308875e-05
ATP5C1,-4.0337415505581955,0.00010878570378182994
IFNAR2,6.44901778608846,4.272610642639107e-09
EPOR,10.689393337314131,3.88398586454666e-18
RPL39,-3.4614691629326084,0.0007974975941392357
TLX1,-2.6593584185879426,0.009145938708393572
CTC-429P9.4,2.8484120742277224,0.005354488360048282
CDCA2,-10.001484157561212,1.2013111153341516e-16
FAM135A,-3.99002530598811,0.00012752816299980798
FAM166B,4.605336584919641,1.2383366458890703e-05
RBM4,-5.743019178413282,1.0453732946424104e-07
WDR64,2.0855277632088813,0.03961977005142294
EFNA1,3.3235059473722566,0.0012509309302019692
TRMU,-7.688294696538978,1.165919039842217e-11
PER1,9.785889813831712,3.529006328162809e-16
RPS17L,-2.30098709922926,0.02351104360213808
ATP5A1,-2.085916528046831,0.039583727814107704
TMEM145,-4.016195177962689,0.0001159674952347378
SOCS2,5.835595524222085,6.934455801165094e-08
DDX17,4.141194101651792,7.32689332636885e-05
FAM183A,4.359963315976304,3.213951225236929e-05
GLRA4,-2.013935489670125,0.046757471607118566
TFE3,6.730704775069982,1.1481591887579743e-09
GRAP2,7.926327187845961,3.641881581220262e-12
TNFRSF18,-6.299808253987828,8.50022026522947e-09
ALAS2,5.130350465177817,1.4619008517050877e-06
CHL1,-2.4318738153299293,0.016836352583472193
WDR63,5.4610745645505885,3.5822320973014524e-07
TMEM127,2.8075749162430266,0.0060237903763019785
PDCD6,-6.819024017560474,7.575190397661644e-10
DHX15,-3.7275823170128533,0.0003235909597651195
FNIP1,4.473158228241315,2.0777629365032272e-05
FAM72B,-8.188860033695194,1.0014689950272373e-12
DLG1,-7.614125263120992,1.672871372107184e-11
RPS23,2.679464974293542,0.008650148116509519
TMEM69,-10.29198130930946,2.8155385936708695e-17
GIMAP4,15.86377581081348,8.061638345745423e-29
SPEG,-2.149900790607218,0.0340241344888934
ROR2,-4.146806590093583,7.175928631383866e-05
DNM3,10.191059447248739,4.65985799830724e-17
MUC15,5.436607714870719,3.9808399262702197e-07
HOXC9,-4.798940164642828,5.714849549233197e-06
HHIPL1,-2.6033663264272953,0.01066520656535107
AC129492.6,-3.04660608001664,0.0029739366450495307
ASMTL,4.6238640512690266,1.1508967991559781e-05
MACC1,7.2302778077274095,1.0692227336455247e-10
C20orf96,3.0382974164864907,0.00304981033979706
RAI14,-3.6804048595893897,0.0003809057197648811
PCDHB15,4.456103087099164,2.2198363904940635e-05
SYT13,-3.2489513428208654,0.0015873117008562653
TGFB2,2.497708852068589,0.014165457636917072
C1orf115,4.777210867834633,6.2384863759966485e-06
SBK3,4.169653087665759,6.591666239436861e-05
LYST,11.836980338043656,1.3334915820928396e-20
SLC8A3,6.573574232955129,2.395442182671958e-09
GRIN1,-2.4141642923644615,0.01762754546245275
NCKAP1L,12.850851394845535,9.647397133730851e-23
ARHGAP27,2.953754958676428,0.0039304181178607496
CLPTM1,-2.060557730615106,0.04199473735825995
DUSP14,-6.421998692087822,4.8414991911902085e-09
NT5DC3,-4.065614636877237,9.681572407754365e-05
MLLT4,8.63996250183861,1.0735058488474015e-13
NAP1L3,5.009617728890784,2.4156489199378407e-06
SHISA3,10.921005691937305,1.228017557897778e-18
ANKRD17,-2.5443056285590306,0.012511341818001249
SOX9,-6.803899784733621,8.135338691273877e-10
FGF14,8.411509928643039,3.333024800354122e-13
MTSS1,-4.918878931009213,3.508807444704404e-06
RSF1,-2.310911129853684,0.0229334382205667
LIG4,7.259599182334973,9.287626385778248e-11
PLP2,-6.942650464025015,4.220249459884254e-10
DEGS1,2.3353643121382093,0.02156329455396652
ROCK2,6.6257128366446025,1.8779858909764273e-09
OASL,6.344761468389282,6.913560951741294e-09
DENND2D,6.789404854806347,8.71059719510314e-10
SUCNR1,2.9968938965642655,0.003455335634782523
GMPS,-10.20381274510443,4.372359917606593e-17
ACAP1,2.070367661161981,0.04104748035110559
CCK,3.8449755801118486,0.00021442081978087857
HK3,11.132977099676348,4.291292781673082e-19
ANO3,4.1083750873531715,8.272587471590529e-05
SPEM1,-5.000352606455304,2.5099203338697163e-06
GCNT3,-2.4323076732372937,0.01681737311864231
FAM64A,-9.771905064580015,3.7845537431619504e-16
SHISA2,-2.7838627222419423,0.006446708141385327
TMEM185B,-6.0505625745051805,2.644912852854252e-08
C21orf90,-2.211299307342389,0.02933953972181148
MUC8,-2.3686339806873073,0.019815527723206973
PAPPA-AS1,-3.1214354420793353,0.002365269998313208
SARDH,2.5415695972734857,0.01260344495833907
CHST12,2.7061105913109693,0.008030706144271418
TRIT1,-4.620849528718882,1.1647044327024998e-05
ACADSB,2.5588385405289293,0.012032188734769654
DNAJC19,-5.404048103616655,4.579293618954857e-07
CCDC22,2.8492568507475533,0.005341392303552469
CTC-534A2.2,2.8823859184553173,0.0048503974160077025
C2orf91,6.227180384954446,1.1854520016971392e-08
PRMT1,-8.190388673880667,9.939482194835363e-13
MED15,-2.569787968821361,0.011682161985914964
ADCY2,-3.0290587909281808,0.0031362786727971138
KLK4,-4.152589628860505,7.023503070459435e-05
NLGN2,-5.051542174382128,2.0304833510364137e-06
TDP1,-11.905263308183923,9.54120538979463e-21
CYP2E1,-2.6635022534971933,0.009041700506742932
ATPIF1,2.851193837963551,0.005311475166995039
SNAPIN,-4.2333680841231525,5.1938137266822125e-05
KMO,8.2998626776269,5.789838824347572e-13
C4orf26,-2.526714595435711,0.01311422805810496
ERLIN1,-4.694341420007966,8.697725004849248e-06
AC026703.1,4.059928624025213,9.88542595932767e-05
GALC,15.119375704651743,2.3143249028968843e-27
AC037459.4,-2.569440741728747,0.011693119662380206
MAPKAP1,-6.902191108208059,5.112563786188413e-10
PLXNB3,-7.716544677562129,1.0159229765996347e-11
UPRT,11.046723518747008,6.580514358116903e-19
STK3,-4.008058871350885,0.0001194497383534924
TMX2,-3.547990196581901,0.0005976540029212707
COG5,-3.8455093547627452,0.00021401599243384164
ABCD4,5.845117640620823,6.64671018921392e-08
VILL,8.749809537438411,6.218477030727255e-14
ELAC2,-2.729789120588215,0.007514378067507537
C7orf55,3.4803593990622774,0.000749119426964988
LEF1,-4.604302690365058,1.2434011601984711e-05
BTN2A2,8.375124381561074,3.9906846206414534e-13
MRPS6,-2.4184727759819737,0.017432071883477465
CKMT2,10.283598087501154,2.93584415518846e-17
FARS2,9.05567912871539,1.3551574480133715e-14
LARP7,3.4330835099805745,0.0008757598396918896
PATL1,-4.862582682851975,4.415167087922862e-06
LONRF1,4.970052858766256,2.843929600995508e-06
HIST2H4A,-4.4438660018435705,2.3275112473727567e-05
PRPF19,-12.54048307811345,4.318625509218454e-22
ALDOA,-11.363563256450098,1.3714475544311907e-19
ZFYVE20,14.775811563386158,1.115238079382116e-26
CYP2C18,-3.879063494073017,0.00018998045898142626
GRXCR2,-3.392393632753871,0.0010006347991217265
UBR7,-3.7416228135740113,0.0003081819061555006
STOM,15.913990314483016,6.444000560386772e-29
COMP,-2.59564383645792,0.01089174257296332
PAPOLG,-5.935487222186188,4.439038430176868e-08
ACADM,5.750246233100287,1.0125131590625778e-07
NPRL2,3.227145037973085,0.0017006515659563257
FAM63B,7.308302370876662,7.347954170717564e-11
PCNA,-9.735822818730501,4.532667811551362e-16
RAPGEF1,6.213825400616021,1.2600160907059914e-08
ELFN2,4.64503833010801,1.0582844599754934e-05
BOLA2B,-8.169315528132724,1.1027714514864336e-12
KLK10,-2.701404786398516,0.008137083916853426
MEF2BNB,3.8809119043381473,0.00018873419400033058
MRPL14,5.2038542034724635,1.0735502355961104e-06
CDC42BPA,8.410970182514742,3.341943016511481e-13
DBH,8.552543410063175,1.6568180027709552e-13
SKP2,-8.659157489569902,9.758705640866972e-14
C6orf203,-3.057755004546501,0.0028748718662341124
AMY1B,6.677823809119454,1.4715375004974099e-09
AC015987.2,-2.7163491431992184,0.007803612003792436
C10orf90,-4.130405616759059,7.625690301526965e-05
ZRSR2,6.121021108837563,1.92243792894793e-08
TSPAN4,20.836459901237042,8.760455002301043e-38
SEC11A,3.9948740523855175,0.00012530613357105376
ZDHHC12,-4.991695427247518,2.60124016201121e-06
HYAL3,-5.797870110554834,8.199829959815146e-08
KIAA1524,-13.826451506023947,9.255495154301034e-25
PTGES,-4.483065027776291,1.9993153847935364e-05
BSCL2,2.8590396549348545,0.005191860176491941
WDR78,5.218117766288108,1.0108552083311336e-06
EYA2,-4.944109578012533,3.164006567869187e-06
MFAP4,18.219566631612405,3.1087606085279554e-33
CHP2,-3.884290823093362,0.00018647614310483303
FUT3,-2.887467080433935,0.004778868484564197
PIK3CD,2.4875627188066503,0.01455062574838849
KAZN,3.0542764116832046,0.0029054480419991925
MTFR1,-8.758713851939635,5.949074520953774e-14
SMS,-6.331764096297318,7.339554847277624e-09
EFR3B,9.56266828545019,1.0771807106534231e-15
LDB3,8.779330512426322,5.369169281632056e-14
MGRN1,13.128798466077132,2.541037447126182e-23
STT3A,-6.872739023010609,5.877361238243946e-10
ANGEL1,3.349640757547512,0.0011497555717195163
COPG2,-7.9060133840921285,4.0231992492661e-12
EIF4E,-4.320359672006578,3.7380287918217796e-05
DLL3,-3.470216403769059,0.0007747408252777786
TTLL6,5.741584878654458,1.0520183129318714e-07
REM2,-2.0117128658700243,0.04699561437815917
TRIM23,7.383542704205614,5.1126656962156414e-11
TRIM36,6.192023680240179,1.3917980643956963e-08
MED26,3.2058497527841388,0.0018185918598559313
SPCS1,3.6279288289299685,0.00045593717344798667
IQCB1,-5.973981859940854,3.7347678784314685e-08
SLC2A13,7.075247323766095,2.2455359003096484e-10
CCT6A,-4.270022144269427,4.523881121336188e-05
PHKG1,6.719802376283525,1.2084919310113616e-09
AQP11,-5.497715173458015,3.0573923337581974e-07
TMEM150B,12.362677333730238,1.023413011966706e-21
MRPL47,-8.549900228742736,1.678687476162632e-13
CCNH,8.90558638341348,2.863666915442114e-14
SLC29A2,-4.362653496935101,3.181047447529568e-05
EPHB4,-2.4143238360327444,0.0176202724153301
STS,14.035296020719409,3.4699231116970635e-25
ZNF615,3.9269485541457274,0.00016009714706398303
MYRIP,6.791027386695967,8.644253346321202e-10
HLA-DQA1,5.325795465146772,6.401094516875452e-07
ANKRD18A,-3.4900600339967,0.0007253645695372073
CTB-50L17.14,6.98738504067474,3.4124306122067217e-10
HIVEP3,5.161368710303358,1.2836560526387057e-06
TLE4,2.4597677329282273,0.015654238008267752
KIF1A,-3.054712560675295,0.002901597918739928
HDGFL1,-2.324409877330459,0.022167878851616665
VCAN,-3.9909313595234654,0.00012711010270819855
FXYD5,2.1627012022155756,0.032997146096028315
MKLN1,-7.168076724888846,1.4407708196848676e-10
HRK,-2.544929462268794,0.012490426577470404
TRIM34,11.145189509246238,4.0393784086629516e-19
RFX3,3.650741054432769,0.00042174357422261166
LRRN3,9.962466578293947,1.4599449195019436e-16
C6orf195,-3.8479890222540516,0.00021214489007769503
TREML1,7.945917843623376,3.3082603368388105e-12
PPP2R2B,-2.9108032271864634,0.004462641901876484
TTC22,-7.094178424050596,2.0515146497425387e-10
SLC26A6,-6.136154328420933,1.794767848881405e-08
CRB3,5.490186985266787,3.1586764828120803e-07
HIST1H3I,-3.334838443290078,0.0012060753438420777
ZHX2,2.8977218724963185,0.004637452257472526
HPS5,10.935140007566945,1.1447859922710798e-18
HOXD11,-5.05501458970076,2.0014134339545057e-06
BLMH,-5.35531578810634,5.642914531658288e-07
CAP1,4.490804129489736,1.940032645925438e-05
DSG3,-7.884343314996091,4.473846501299794e-12
HAUS4,2.608659412797577,0.010512402415430788
EFCC1,16.210153086974405,1.7309480457959975e-29
MCAT,-2.175117690602471,0.03202681035304006
RPF2,-8.874754879222829,3.3390001955478915e-14
CAND1,-10.901779201147159,1.351055458698884e-18
GKAP1,3.356377890077596,0.001124947925487073
CPAMD8,13.682334097756774,1.8267410195519742e-24
NCR3,5.360343671896314,5.522854639772694e-07
PIGW,-6.738790478319996,1.1053480848631518e-09
MRPL53,-3.7507773903384316,0.000298513459192831
AURKAIP1,-3.1005047806898167,0.0025226872297220804
STK38L,-6.585487883323314,2.266001350716699e-09
PVRIG,3.2973097550242354,0.001360674726347586
SLC6A4,7.0795265314138875,2.2001463249604851e-10
MBP,7.808876536401234,6.472387826963555e-12
UBE2B,4.724890128867931,7.697768110829975e-06
SLC44A1,-4.389844051916581,2.8662089664872445e-05
C8orf76,-7.0657570957592775,2.3495381225328565e-10
TAF7,2.6668970563789505,0.008957108092303349
GABPA,4.889466827198803,3.957044898059411e-06
SLC13A2,4.3115826011211675,3.86485906203708e-05
PLIN3,-3.1887812847659625,0.0019185859823490055
SAMD1,-8.013479810906372,2.3743959447121346e-12
HSF1,-5.391012853332237,4.842837549672105e-07
TTC40,3.7537107958045475,0.00029547689829396013
TMPRSS11BNL,-2.9672918921253113,0.0037752167671872955
C17orf74,-3.3509337973124667,0.001144954848899592
ARMC2,4.277187170090154,4.40302514677148e-05
ZBTB34,3.4385154213197042,0.0008602452315137382
H2AFX,-9.573336564393978,1.0212411858330109e-15
PACSIN3,-5.1588832726274605,1.29711911542454e-06
LIG1,-6.66763652917393,1.5434765357585706e-09
HOXA9,-2.431881996887197,0.016835994498107097
CECR5,-8.722171921983499,7.134654426053296e-14
UXS1,6.541502900770293,2.7813496673947348e-09
SP100,10.214334471307765,4.148582806376332e-17
NDC80,-11.472473289405137,8.011393252719306e-20
MATK,8.824066584818649,4.2975480560768385e-14
TGFB1I1,7.480146520949586,3.204877986012804e-11
LY6G6C,-3.569644902696556,0.0005556190388577349
TMSB4X,12.174784809224375,2.5548601102111638e-21
CNIH4,-2.3033972227826296,0.023369601638302814
KLHL29,6.3531882405476425,6.6505107598139e-09
KIAA1467,-4.197473425256176,5.9417774358851886e-05
F8,11.142651145802509,4.0904889559230824e-19
WDR62,-8.35582300987622,4.3905161555794355e-13
ACADL,13.989675989407582,4.297419598361136e-25
YAE1D1,-2.5635107484835533,0.011881690920134063
CELSR2,-10.632638897406641,5.1520196053821955e-18
ABCG1,8.198454098550519,9.551886771709308e-13
NELL2,-3.7139690222425337,0.0003392281653843623
C2orf71,6.336405093550382,7.1845503597409915e-09
ZDHHC5,-5.664550626955426,1.4769684357429023e-07
FAM132B,-4.221705928334671,5.4262927075997747e-05
COMMD6,3.376661031267464,0.0010532601276217733
FOXL2,-3.1774683938706314,0.0019876613807893197
IL6R,11.999414534921732,6.017363467227803e-21
PIGF,-4.616831233637953,1.1833595320960256e-05
ZAR1,3.1543378584719,0.0021361662581913412
FOXM1,-13.212683690248692,1.7014829549011047e-23
DDX25,-2.285902570991845,0.02441355795497481
ZNF747,2.0531750517087604,0.04271994776524409
SPTBN2,-11.03108103738232,7.111347361746006e-19
ZNF224,3.1425310147396486,0.0022158915862594292
C20orf202,13.3697853252962,8.044224633670805e-24
NCMAP,8.95754414617809,2.2104785201004865e-14
RRS1,-5.685692629912048,1.3459247313768755e-07
TP53BP1,-3.269345027937766,0.0014877392042477074
DAPK2,14.850771631378905,7.903645620867322e-27
RRP36,-7.7418293061443135,8.980311069584777e-12
GNG3,-4.156592161703328,6.91983303795513e-05
CASP1,8.993258809723578,1.849996203034426e-14
CCDC12,6.053469361508437,2.6104053765250057e-08
CCR3,2.613038987830441,0.010387468029211
FER,2.1195315151712713,0.03657230244645029
TLDC1,-5.034379876615568,2.180314942480036e-06
ZFY,2.3902933572141842,0.0187463060179584
RAB3C,3.339786180022954,0.001186968455470436
CAMKK2,4.0713420535567035,9.480311523206412e-05
GOT1,-5.368910092206196,5.324032361911746e-07
HIST1H3H,-5.059692903710338,1.9628890986215095e-06
C16orf74,-7.605473413992645,1.7447389869164808e-11
MSTO1,-8.62101740080421,1.1794173816751576e-13
NUBPL,-2.219917380450845,0.028729281747997475
PXDN,-2.4086093658920955,0.017882447079506935
STRIP1,4.558610888072735,1.4884019454960402e-05
LHFPL2,5.436542697521351,3.981954988400103e-07
CD276,-8.238338093361827,7.845595093411281e-13
DLG4,6.27461738099329,9.541275253509451e-09
RBM6,5.3964492766287915,4.731167377818903e-07
RABIF,-5.217635324294561,1.012916073053454e-06
DDTL,-3.37959714541106,0.0010432456161752679
C5orf64,7.2461805819285985,9.906123568461987e-11
ARHGAP12,7.423681975950934,4.2116014866777715e-11
TEKT1,4.922918691324021,3.4512400446033836e-06
ZNF10,3.130497429935773,0.002299990022247575
RPL4,-4.255848914972634,4.7724234753397107e-05
CSDE1,3.8329700307404853,0.0002237213275576515
TFCP2,-8.312456923714564,5.440464069293109e-13
MED1,-2.7090687191085996,0.0079644844968585
SLC16A12,8.016909495762704,2.334720570460174e-12
RFTN1,17.358970155907773,1.1737341134793147e-31
ZSCAN29,-3.663436420830562,0.0004037821602534426
UBA52,-2.6330083122046672,0.009834646235213766
UMODL1,-3.077860556409871,0.002703913933336393
SMIM22,3.9027964368064163,0.00017455948988782198
NOX4,-5.326430356590116,6.383785429873013e-07
STRBP,-5.675853936871263,1.4054221742206178e-07
PHF13,-6.0835883170514355,2.277959162991614e-08
MAATS1,5.037081730458624,2.156031924431557e-06
THUMPD1,4.889931131987156,3.949554100342757e-06
DIP2B,-6.846714304950856,6.646810258256706e-10
SLCO5A1,-2.998558548738286,0.0034381133844562347
WDR77,-7.901674105824568,4.109666739577159e-12
MFSD2B,-4.654664299944117,1.0186107711094764e-05
AZU1,6.625008759047937,1.8841761826380985e-09
TMEM17,-4.0964213139850365,8.64530494672984e-05
RPL30,-3.5834683785261,0.0005302645831301043
GABARAP,14.991509730802832,4.148268798427373e-27
NAF1,2.7717412182758396,0.006673220645256686
SC5D,-2.9475301663501816,0.004003742124599595
PCDHGB6,4.866455899080238,4.346118440366444e-06
PLA2G16,4.766324821348226,6.518057481925095e-06
GYPB,5.3891442607156925,4.881813247269104e-07
GLIPR1L1,2.2540891372489766,0.026417462913526552
KIF23,-16.314181119453508,1.0937206713496716e-29
SMAD5,-2.5418453178876286,0.012594135827195182
C4orf29,3.1357096961308977,0.002263205367972279
ZNF546,1.9935525431248475,0.04898049491098092
ECHS1,-2.6592018400907205,0.009149898711270407
DDX5,7.895411700920353,4.2377256809937825e-12
GABRP,-3.1828392521395017,0.0019545834403655983
ZBTB33,-5.687672035630882,1.3342570855683043e-07
TRAF2,-4.192754074724477,6.0475047369048855e-05
ERLEC1,5.235233373828864,9.40334991181192e-07
INSM2,2.1438063102295204,0.03452277325261164
GARNL3,2.383540440978833,0.0190740344994078
C2CD4A,-2.7728008814086067,0.006653132911083498
PCIF1,2.2129477873708594,0.029221940154618306
ZMAT2,2.716763617979787,0.007794543074435888
PIP4K2B,2.8889464970127445,0.004758225249504157
RASA1,3.132692367133246,0.0022844323816222077
TAGLN3,-2.682309761068935,0.008582005476971199
DSTN,10.278786654893041,3.0072023856370954e-17
ADH1B,16.45618086453509,5.857526402887883e-30
ALKBH8,2.5960831753044316,0.010878739178731183
DDI2,-3.39168273021711,0.001002958452646672
CCBL2,2.7743107336547816,0.006624606414418046
SLC52A2,-7.821558094531889,6.083240505945425e-12
AIFM1,-4.924090674810322,3.434711811517306e-06
TMEM55B,3.077189917182521,0.002709460966622907
FXYD4,7.604696487278345,1.751340839663028e-11
CST4,-2.684175560798026,0.008537577978413667
OTUB2,-4.889673475699803,3.953709257224324e-06
GTF2H3,-8.434334686399687,2.9768325571238477e-13
ANKZF1,-3.792774914590876,0.0002577383769566152
PRICKLE2,13.830458523658004,9.082477534180414e-25
CAPZA1,-2.5063559534098605,0.013844432853249178
TRPC6,10.566406363393105,7.165411229080077e-18
ITM2B,6.431953403066789,4.6236885857653935e-09
HIST1H2BO,-5.59305652408538,2.0198202350837188e-07
GATAD2A,-4.870455763644561,4.275914731995284e-06
WHSC1L1,-3.507127654936867,0.0006852850355777723
PASK,-2.643479744252414,0.009555525193363331
SERPINA9,2.9581989207452826,0.0038788308513726037
GGT1,9.992619301513248,1.2557244520703274e-16
SRGAP1,-2.975493302123653,0.003683958721592299
TNFRSF21,-5.033664615373565,2.1867878889984334e-06
EPHB2,-6.2429815914236215,1.1028358137459573e-08
FBXO40,5.47679609695106,3.347025856947974e-07
PMP22,14.867159691541003,7.331180222491831e-27
HIGD1A,4.508707400899691,1.8093321726318835e-05
CETN3,2.1788651605272618,0.031738870412447384
PTCD3,-6.455767244774552,4.141135804204777e-09
DKFZP434E1119,-7.24292554228297,1.0062214180267314e-10
PECR,10.688252365466202,3.906103706900404e-18
CLCN6,8.38036922808733,3.8884522088092224e-13
N4BP2,-3.065617757976838,0.002806855421383047
HDAC11,9.495729717447768,1.5052166105688475e-15
PTGDR2,9.586265049774598,9.57328170876399e-16
PRMT10,5.767129354324044,9.396523176262095e-08
STEAP1B,-4.602501030941478,1.2522745455042958e-05
RIT1,-4.870000200668314,4.283854549414661e-06
FRMD5,-3.30570197933559,0.0013245718194399723
DDR1,-8.61798574281826,1.1973073300742387e-13
GRAPL,5.654152362218669,1.5459369402657006e-07
AKR1B10,-3.9417012593196628,0.00015183414571396352
CAPN3,10.0356303021238,1.0128728826368293e-16
MCFD2,4.476280813961007,2.0527209012530596e-05
GPX2,-5.8378899618926265,6.864020495402655e-08
USP1,-3.4932092678759337,0.0007178067530902915
SLC25A16,8.507844208892179,2.0680242236950438e-13
RPH3A,4.922393830239665,3.4586671255255315e-06
VSIG10L,-2.7740252818577003,0.006629991042904891
FAM49A,5.546185941307628,2.4774312590037434e-07
RMND5A,-6.00747555207232,3.2123331671220677e-08
SLC47A2,-2.5699972983441035,0.011675560504333616
GPR19,-6.708041847747519,1.277093544876698e-09
TTYH1,-2.467145687349907,0.015354229333186661
SRL,5.721197935833569,1.151079490979228e-07
ATXN7L3,-9.556306404916617,1.1119869419482294e-15
GPR89A,-8.875945503650227,3.319260036493709e-14
ZNF502,2.862817963897346,0.005135143270154801
COPG1,-7.79393386444571,6.962804505312904e-12
FAM212B,8.840485155485872,3.9602683882757396e-14
MEOX2,9.777785500335193,3.674917934836496e-16
CALB1,-2.584003494598007,0.011241417956821364
RP4-734P14.4,-3.008355847500255,0.003338349164642127
DCDC2,16.01666881028593,4.080300215869359e-29
BATF3,4.922574644685863,3.456106743897897e-06
NAALAD2,7.443773041862622,3.8217280742881265e-11
RASSF9,-2.9997848819373916,0.003425476704944393
SLC4A5,6.300136249108532,8.487433044938087e-09
SRXN1,-4.5709092186603035,1.4182091015671346e-05
FAM13A,4.6807512407756535,9.182060122662358e-06
SERPINA11,-3.0541925627017332,0.002906188764692855
EIF4A1,-4.305750847081153,3.951411204432741e-05
LAMP5,-3.8156423905321515,0.00023782514638980714
PHC2,4.855129440487565,4.5510522167508174e-06
PHB,-6.2078221530990065,1.2950228968730795e-08
ZNF114,-3.0604516163591327,0.002851374658133293
FAM57B,-2.6279419890931472,0.009972321645537309
ACTL10,-2.0784478944034603,0.0402811058742988
SCMH1,4.091840199573839,8.792370074407041e-05
CCDC180,6.31948817714271,7.765650799747708e-09
NSUN3,-2.3530959748864486,0.020615528421562973
HBD,4.3649752691415165,3.1529111419570255e-05
CCT3,-12.295316878894424,1.4201487844140242e-21
AFAP1L2,-3.272433678191124,0.0014731784340200533
WNK3,-3.2599307608047465,0.0015329555596001845
CLGN,-3.1667919376599554,0.0020549700275957566
DNAL1,4.098195061474068,8.588999360631866e-05
MAGEA3,-4.266202328352421,4.589610696324813e-05
ZNF550,-3.373052673563555,0.0010656912201528793
SGSM2,6.244614958573435,1.0946268021313503e-08
C6orf15,-2.088692611591832,0.039327178544671056
BMP8A,-5.3663612889564885,5.382444944528125e-07
LIMD1,15.784855571955898,1.1470270905835436e-28
PLK5,-2.419305085555865,0.01739453361950673
PKIG,15.862390696389728,8.111632991428766e-29
SERPINB7,-4.988624586471262,2.634404236913631e-06
MS4A4A,10.028525880236156,1.0494738153720299e-16
C20orf173,-1.9875000127767863,0.049657703719029514
ENY2,-5.13915259254712,1.4090006460217664e-06
TMLHE,-4.7209349789567785,7.820649643976644e-06
HES6,-2.153375294360316,0.03374266441343307
CHURC1,2.0704383535079436,0.041040721480229574
WNT2,6.509977934166656,3.220414323828861e-09
MAP10,-3.9353934791812653,0.0001553159968233516
MINK1,2.9023124030550473,0.004575402902074592
COX6C,-6.296848237241703,8.616482875285606e-09
NRIP3,-7.263198814869162,9.128332688361636e-11
RP11-514P8.6,-2.257241205423671,0.026212671241955053
NSG1,-4.767107348223464,6.497561493129923e-06
KRTAP20-2,-2.4928273633259077,0.014349614085676981
MEIG1,3.349665237762723,0.0011496645078383956
ARID2,-3.2472266182307736,0.0015960123248653178
MLKL,8.617908670257329,1.197765649118166e-13
EDEM1,10.320653654892325,2.4401558362077088e-17
LRRC10B,4.841580468058573,4.808563088853004e-06
PKNOX2,15.026226962674652,3.539711723721042e-27
OCSTAMP,-2.9416180340728992,0.004074548698791591
ZFP91,-3.1882764114529563,0.001921620362152763
ST3GAL5,16.963424661285178,6.427675376029472e-31
ADAMTSL2,10.170086071486745,5.1743884727012515e-17
WRNIP1,-5.990831689234692,3.46226160330585e-08
GTF3C1,-3.8873622906097913,0.00018444594376207908
MRPS36,8.027530025316473,2.215997969775738e-12
NCOA3,-2.9821934006133652,0.0036109219570388236
TSGA10,3.0701690180544565,0.0027681697999143223
RAPGEF6,12.513057790836353,4.932395672907487e-22
CYP4F11,-4.166729931136698,6.663788084411541e-05
HNRNPR,-6.901122935858419,5.138495072288626e-10
DLG5,-10.123460178825859,6.53122406352659e-17
SBSPON,9.855387480459234,2.4932887855943355e-16
HCG27,3.505876519390585,0.0006881505703047172
SFT2D3,-3.8478082525859056,0.00021228076611724597
RP11-758M4.1,-6.991477572386444,3.3466729534339683e-10
CDKL1,16.09489535168459,2.883225104300755e-29
CLDN18,18.825225497685192,2.5528458441223604e-34
HYDIN,4.246349754686548,4.946302666105328e-05
PRR19,-7.148686273381081,1.5809211208152245e-10
MAD2L2,-6.282372268013891,9.208058562577078e-09
NKAPL,17.6028565360417,4.154633394974973e-32
AC061992.1,3.1215758078808014,0.002364245841430111
OR1L8,8.358376666323595,4.3354075664587516e-13
YARS,-5.260950335132821,8.433276833594486e-07
TYW1,-2.1218212718969185,0.03637458082002847
MAP1LC3A,6.9577383080565065,3.9285861777002884e-10
SLC1A3,-2.331869149999958,0.02175459294799967
PIP4K2A,8.18388285780468,1.0263511894084552e-12
TUBA1C,-9.569494601147582,1.0410439211557849e-15
DMC1,-5.130516771999403,1.4608836194011064e-06
TMEM25,2.651249293651748,0.009353080591180441
CSRP2,-5.897426926091177,5.263397245068622e-08
NR3C1,12.08058316161495,4.046413709630168e-21
C10orf10,5.94333480493884,4.285590396171187e-08
MAN1C1,11.401049864733034,1.1396716350126044e-19
HIST1H2BM,-4.677415107494646,9.304896742500505e-06
AC026740.1,-5.425056881023826,4.183816508963723e-07
KLHL30,5.796575110196307,8.247074798277615e-08
NUTM2B,5.820381319658527,7.41982124141754e-08
C6orf222,-2.7254141005740102,0.007607440935584682
REEP6,-3.3767534109894246,0.0010529436672450138
UBA3,6.181762427306332,1.4584392041557184e-08
AL139099.1,-2.9395534122189817,0.004099546233618189
VBP1,-5.160308507201298,1.2893821657203724e-06
TMEM39A,-5.0050437598557345,2.461748935291006e-06
ODF3L1,7.200745245006043,1.231982530182517e-10
SEMA4C,-4.740783267917384,7.222614291362671e-06
BRI3BP,-7.477728634797094,3.24262042009586e-11
TMEM55A,2.4461376328651734,0.016222277091500856
PTTG1,-9.20577066004539,6.407702786635696e-15
LMO2,9.75768218523352,4.0634433884165146e-16
TIMP2,8.677977271734765,8.887504607764458e-14
ZNF706,-7.575501190463676,2.0182673457871634e-11
DLEC1,3.437208797782274,0.0008639533924238872
PRKCD,14.510381556665033,3.7953324177909514e-26
NHP2,-5.118760468354513,1.5345213067079737e-06
JAM2,16.380696248229352,8.160882492962796e-30
TEKT3,5.761641187389421,9.627530407521025e-08
RAD51AP2,-6.0875888958363396,2.2370656437039303e-08
MAT2B,8.186744214632778,1.011972246543479e-12
BCL7A,-7.483408150573749,3.154655485096191e-11
HIST1H4K,-2.506487021607299,0.013839617516117451
FAM20B,-2.3675897055548414,0.019868418468532618
SPRYD4,-5.044424972330464,2.091358752144099e-06
COL7A1,-6.981480795930953,3.509560545186177e-10
PLEKHF2,2.561633639464898,0.011941950161040684
IFITM3,5.2525497648454476,8.738871901291209e-07
IFNB1,-2.501632005434248,0.014018992523138532
TP53I13,-2.629490163053999,0.009930066787648725
TCTEX1D4,6.285483994611573,9.077604012161689e-09
MACROD1,-2.0334961959688957,0.044705757452770674
AGAP6,2.1107994650434168,0.03733487614204827
TP53AIP1,-4.644230226902434,1.0616824114641222e-05
ANKLE2,-4.057229231884308,9.983638001681356e-05
CAPG,3.0637588096104382,0.002822800154047051
LYRM1,7.257149549773899,9.397603698990288e-11
ZNF7,-7.377142090946391,5.273067995503603e-11
ZRANB1,5.952029198809054,4.1216761412904895e-08
TLR1,4.115832235244437,8.047936506900885e-05
QRFPR,-2.476107469813458,0.01499673649731753
MYLK2,-2.7416967021001013,0.007266312674176437
CRYBA2,-2.710935382920256,0.00792295263667588
P2RX2,4.074078885285727,9.385561711639966e-05
TBC1D13,3.7646262287127326,0.0002844336303860379
LCE3E,-3.0732062082528047,0.0027426294622436716
UGT1A1,-6.3550013828658205,6.5952168120929125e-09
PPARGC1A,9.058445270319263,1.3365886293382618e-14
IL17RA,4.359813531457077,3.2157928647882785e-05
TRPC5,-2.0778723319941506,0.04033528497712116
MAGEA9B,-5.357014889635239,5.602059002685611e-07
ELAVL2,-2.5445836656112064,0.012502016197773011
ZDHHC14,10.705469005495484,3.585368933841106e-18
MCC,-2.614881854154799,0.010335299494019033
SIDT2,14.80065657392769,9.948800451531977e-27
MIS18A,-8.971670174741332,2.06019762729405e-14
TRPA1,-3.469579953884646,0.0007763757420128744
REPS1,-7.72612747876063,9.695328104697443e-12
RAB8A,2.656785994428859,0.009211194758238542
GMDS,-4.429763738731274,2.4578595107332774e-05
HYOU1,-6.640743334411738,1.7505320978859391e-09
COPS8,-4.731774560659602,7.488333286025081e-06
TRMT12,-6.310150912056891,8.106010136543999e-09
MS4A14,8.417564982629798,3.234588421573191e-13
GBP2,4.853912270766305,4.573626204321277e-06
POM121,-3.750240133150343,0.0002990728148095324
MRPL4,-8.270604031748478,6.690208153734368e-13
CTD-3148I10.9,-1.9948594092166767,0.04883530926074118
MYO5A,-2.818536851138434,0.005836990284686605
DHRS2,-2.753266869406269,0.0070324463698411225
SHISA9,-2.1472448378245446,0.03424066578698281
MT-ATP8,3.404189755100934,0.0009628090192960399
RBM4B,-4.689749086781069,8.85854921613144e-06
RHNO1,-7.634362633312438,1.5160523636024408e-11
ONECUT1,-3.8833209677057403,0.000187121622565759
PIK3R3,3.014274436870911,0.0032793851410377706
NPAS4,2.3197780282161737,0.022427984962819416
MPHOSPH6,-4.355155208962937,3.273578922870651e-05
PNPLA3,-3.791941682865284,0.0002584931266588882
PKN1,5.882741931740954,5.620241508345579e-08
MBOAT4,5.766748827912089,9.412362961115805e-08
ADPGK,3.7789239936704555,0.00027056137489921763
RLBP1,-2.018899113710787,0.046229364729245825
DFNA5,-4.6631322199389595,9.849053270522698e-06
RPL22,-2.6199210064253484,0.010193855895554684
KDM3B,4.774976937808177,6.294890405760696e-06
BTBD11,-8.783222164345998,5.2662085112660126e-14
PSMD11,-10.358350552059942,2.0217601263798387e-17
SCNN1A,4.792367155316854,5.8685680311621126e-06
ORC2,-6.920026442158733,4.698253432695981e-10
FYB,2.5040775119208942,0.013928381252650184
MYO1C,14.601321331722199,2.4923331362378936e-26
RASSF1,14.12779572897954,2.250605917309324e-25
ICMT,-3.86239046474193,0.0002015824746257186
ATP8B4,4.338622424344371,3.486860323913677e-05
PDE7A,-3.4542270341640378,0.0008168137655586404
LCA5L,4.67781421604855,9.290118033044145e-06
P4HA3,-3.926828767418586,0.00016016596603164076
KLRC1,5.87735709255835,5.7569695218749035e-08
TMEM45A,-4.101204687773525,8.494266147181214e-05
INCENP,-12.108780338844277,3.525810337254929e-21
ZNF696,-4.378915053106688,2.9889631066104685e-05
YWHAH,4.10885189275811,8.25804517059181e-05
TCF3,-11.155676132487693,3.8349245536434926e-19
CATSPER3,2.0653028752493667,0.041534221050056705
CXCL2,5.8109135002367385,7.738565493800146e-08
CRABP1,-2.5914219380284043,0.011017417632567793
GSK3A,-6.979570701059649,3.541566004273962e-10
METTL23,-3.801032989703915,0.00025037069804129645
TXNL4A,-5.068903709404187,1.8891433002337178e-06
GTF2H1,-2.9157786461908244,0.004397760397660302
MPHOSPH10,-8.926512374223154,2.5801506973303478e-14
SRPX,6.2922860781481385,8.798754023493978e-09
ZCRB1,-4.905914010970812,3.6999442500422468e-06
FAM208A,4.030771620987981,0.00010997059279739744
AC011294.3,-2.0870486765796974,0.03947892767993114
RASD2,-2.970110831479935,0.003743617409427605
PER2,3.6570962104917797,0.0004126596412783068
SHOC2,8.431045825571587,3.0257157616129614e-13
MARK2,-7.002342214753125,3.1781327720444065e-10
C2orf50,4.613215254346666,1.2003941125982435e-05
SPATA6,10.302837016081893,2.6670542322193616e-17
RP11-404P21.8,-4.625159243545326,1.1450131767685962e-05
GTF2A1L,-3.691514013281381,0.0003666007005625444
STAP1,2.983803571236102,0.0035935701524805615
SPOCK1,-7.153240186915152,1.5468377022689465e-10
PANX1,-4.12078330048169,7.902029313190236e-05
ARRDC5,5.001059965365384,2.502598406602515e-06
PLCB3,-4.174243820833935,6.479912512138442e-05
PHKA2,-3.0787833825096627,0.0026962982180783615
KATNAL1,4.49548198896694,1.9050274784262844e-05
SYNJ2BP,6.14571062981505,1.7184910953514633e-08
LHB,-2.8370989167890053,0.005532729246859899
RAE1,-12.131855668223407,3.150169370607113e-21
FAM159A,2.244805369765365,0.027028811034357066
CD1C,10.094750106316718,7.538392302979963e-17
RCC2,-9.954432972216194,1.5197533701518426e-16
TGIF2-C20orf24,-4.60790493540688,1.2258419578662638e-05
ANKRD16,-6.656628328472041,1.6251264230577001e-09
LHX9,4.419922360592992,2.5529716200315795e-05
RNF2,-9.810285215740958,3.1238381830689147e-16
POLA1,-5.894695726035915,5.3280336748970447e-08
CYP4F3,-4.006942562230307,0.0001199352440186028
RPL32,2.325911074350496,0.022084151078256408
KCNMB2,4.659431428099389,9.995006506083953e-06
DCTN6,6.622381749731828,1.907451633498056e-09
WWC2,16.127565383134822,2.494555030424051e-29
ZNF8,-3.891401861898384,0.00018180794008606222
OAT,-3.4552097864442564,0.0008141669687797052
CROT,-2.7924370014260966,0.006290747004805419
PHTF1,4.142308914480655,7.296666429893635e-05
CCDC159,11.216484607880028,2.837975224927392e-19
FEM1C,11.919000323893549,8.920192239630934e-21
XPNPEP3,-6.245068825796135,1.0923564683930605e-08
MC2R,2.192019667933619,0.030745901159632476
AL359878.1,2.0018085996965436,0.04806943915385759
DARS,-8.500502208620178,2.1446879744484303e-13
KIF14,-13.13989070745979,2.4096846667410532e-23
TYW5,-6.0171984205152,3.074643606469064e-08
MYO9A,10.32515454356442,2.3859609755335558e-17
INSM1,-2.513968935631415,0.01356721521121917
PRKACA,4.344233732971007,3.413011878106067e-05
NR1H2,8.557934595557851,1.6130885423143918e-13
KISS1R,-3.020448221690172,0.00321890631466101
PRRC2A,-6.4691324375897485,3.892473076044147e-09
FGF10,11.02813681844786,7.215958919859478e-19
RUFY2,5.060168276346267,1.959015283326357e-06
FKBP14,-6.42041373268331,4.877101287066594e-09
ACOX2,15.651920606954194,2.0811872049855818e-28
FZR1,-6.798361261025274,8.350564575066529e-10
PPP1R11,3.773753804830041,0.00027550168451505634
IQCC,-5.102517447357211,1.6422512893650186e-06
CCZ1B,-4.047488724022646,0.00010345860377308632
DCUN1D3,8.12581397376663,1.3663778494213284e-12
STAT6,8.20316234098888,9.332623842190545e-13
SOGA1,-6.128017223858117,1.8623402411576032e-08
ELOVL2,-3.835034037512054,0.00022209546904442811
ADSS,-7.537655554351865,2.4252660833467225e-11
GPR133,18.544517105334585,8.085006083583665e-34
FBXL15,4.576548838255142,1.3871030794048108e-05
TK1,-12.932013699087465,6.529331540794998e-23
CARD17,-5.0027673703105515,2.4850105769856293e-06
MSC,-2.783665175446285,0.006450342670333643
FKBP5,2.489929645230804,0.014459943271539058
BIK,-7.708981754325865,1.054087720751477e-11
DHCR7,-4.215729068990953,5.549285613800397e-05
AC103801.2,-4.936607152754556,3.2629315702981756e-06
TAZ,-2.313477324931432,0.02278613034988616
EPN1,-2.5348476474487045,0.012832319412881455
SULT1E1,-2.3130830268983225,0.02280870991557026
EML3,3.409652739388989,0.0009457505458057164
HYAL1,24.71811341981291,6.694019638010775e-44
NECAB1,11.95504690316178,7.476657035381742e-21
ADARB1,13.146452485033883,2.3352144709712835e-23
PROM2,-6.60136800886468,2.104160921401062e-09
MSH5,-4.6541428316189375,1.020722565623421e-05
CHEK1,-13.864670810342234,7.731505296931439e-25
C2orf47,-5.006210085984694,2.4499130033955914e-06
SRSF3,-1.993276091917229,0.04901125421529259
PARP4,9.06357017809947,1.3028544742487364e-14
IRF5,2.040631929979241,0.043976731713238786
CCNF,-11.409466989504166,1.0932832616934196e-19
CARF,3.4686892387373445,0.0007786692775798762
RP11-248J23.7,2.412183726787417,0.017718055329359363
BMP5,14.90990094322009,6.026675718134336e-27
SPG20,10.288954795433472,2.858391259865352e-17
NLRX1,-2.2463208208598564,0.026928177511045818
ARNT2,2.887475142727961,0.004778755763615051
MNAT1,-8.278999567809203,6.418458921385989e-13
CLEC1B,9.088644994221081,1.1496658419790602e-14
PRTN3,2.220504210687263,0.028688133961985766
ZNF26,-2.9474345792839225,0.004004877844451562
ZNF653,4.007070077442621,0.00011987968962750409
PNPLA4,-3.303893956663208,0.0013322731542258423
CDC5L,-3.3455219711818596,0.0011651737762466005
MCM3AP,3.7573824657237105,0.00029171749284082976
MAP3K19,4.590746125081204,1.3116928830724932e-05
CBLB,-4.205377692383638,5.768667491653759e-05
FABP3,4.784817659975258,6.05008232745268e-06
G3BP1,-6.231897385024645,1.1601700413805352e-08
TTYH3,-7.167200356817264,1.4468304587195373e-10
NAA25,-10.042623784060048,9.780912310024413e-17
RCN1,-4.582070460753813,1.3572884702171953e-05
ZRSR1,2.436576195615898,0.016631657466434788
HEMK1,8.859751280855392,3.5980297825568855e-14
ZNF772,-2.493923160899605,0.014308088979827247
DROSHA,-9.215358413854496,6.108198614995116e-15
TOP3A,-2.752563052766803,0.007046474105741551
AC007952.6,6.145790473877112,1.7178674509785876e-08
C2,16.85179558939663,1.0423843313012698e-30
IFFO1,8.972225039828038,2.0545075376859584e-14
CD74,14.969443849283817,4.588720594639633e-27
SLC36A2,2.6947965473365683,0.008288629704371928
DMRTC1B,8.15096086372172,1.2071773706113468e-12
FKBP3,-7.439042526965049,3.910168783919977e-11
EGFR,-3.5965809676685705,0.0005072288395486793
CKB,4.33026397896709,3.5997264633822825e-05
ACAD9,-7.598899990206428,1.801385887954638e-11
PTGIR,7.165109344340083,1.4613910554417684e-10
CYP4A11,4.006231022995975,0.00012024569212833803
SLC35E2B,3.2822646531524353,0.0014277151419577769
TMEM260,-5.975305247772706,3.712622127918475e-08
C2orf40,9.00261635779753,1.765670968748068e-14
RAP1A,19.354543137813614,2.98204107115852e-35
GTF2E2,-6.0530036286145394,2.6159042642607084e-08
CRNKL1,-5.895356132363506,5.312333315563196e-08
GNG4,-6.138282860471813,1.777494519257665e-08
RP11-407N17.3,9.620036804902105,8.086136083717693e-16
GJA3,-6.366699848181855,6.24921145974195e-09
DKFZP779J2370,6.719566544148843,1.2098310815151221e-09
HIST4H4,-6.654704676607584,1.6398267178476334e-09
C10orf67,11.419095666823152,1.042534715512557e-19
RBM45,-3.8774054346081566,0.00019110506032905675
SDC4,6.98027244168843,3.5297741988281936e-10
SLC28A3,-3.676919715706815,0.00038550154887612647
KMT2C,3.831990332776594,0.00022449701874249813
IKZF2,-2.044222368323485,0.04361378262822254
PRAMEF14,-1.994051279910466,0.04892504464511513
PCP4,-2.519539523166279,0.013367534542346717
FAM219B,7.041894665226337,2.6326218565213957e-10
JAZF1,9.682331756554523,5.92231097026507e-16
APOM,4.211681969730235,5.634085256979565e-05
MAPKAPK3,9.393597562557465,2.5076331038235736e-15
ZNF200,-3.2450869979059482,0.001606867898567593
CCNL1,2.3319565450348723,0.021749791392680413
XYLB,-7.996247382669257,2.5841338055511065e-12
PABPC5,6.132833141976783,1.822050765606237e-08
OR11H4,-2.67660839257806,0.008719067004852834
IGFL2,-3.221414080411347,0.0017316687869483095
B3GALNT2,-10.117595785714796,6.725372370107818e-17
EZH1,8.292700595663701,5.998400586178796e-13
SLC38A7,-6.273627551288072,9.584654090443204e-09
GATA1,11.855683124849204,1.2166133112542133e-20
MMGT1,2.609308777657368,0.010493792952555658
SEMA3F,-5.006516593372824,2.446811765826548e-06
NKD2,5.578546728660601,2.1518165385889619e-07
HIST2H2AA3,-5.404086029368682,4.57854772153295e-07
EPM2A,6.814186362195979,7.750075008043196e-10
TJP2,9.512462630276302,1.3844487527851427e-15
FSCN3,2.930099948909043,0.0042158194349929115
THEGL,-3.8320299354007874,0.0002244656130968154
CUBN,7.63674288973503,1.4985961313715804e-11
SMG6,8.444230134002082,2.834451001991049e-13
STX18,3.116450828375581,0.0024019079255300094
RP11-302M6.4,-2.808981866163763,0.00599951269871531
TSEN34,-5.861158429534212,6.188303778544533e-08
CRABP2,-5.361568415940847,5.493990013482763e-07
PCDHA10,4.477426660521442,2.0436049900395734e-05
TPRA1,-3.07522639559924,0.0027257625298388257
IMPDH2,-3.560364954102259,0.0005732785151754268
PRMT6,-5.3965529762976745,4.729061966920171e-07
EGFLAM,-2.08575826557584,0.03959839685492104
MYOM2,4.321987528630376,3.714951164488111e-05
ABHD16A,5.472353230437346,3.4119155134660563e-07
MAL,13.558091198635722,3.2888363871329177e-24
FCF1,-3.9731979394093737,0.00013553575540692722
TMBIM1,5.944176890599195,4.269438100818575e-08
ANKRD42,9.02831433858645,1.553318541439119e-14
KLHL31,-2.172912960978949,0.03219727258962587
RNF11,7.51257955341698,2.7388578966062834e-11
MYBPC3,4.473390994525956,2.07588609295911e-05
SPPL3,-6.631679652379065,1.8263264154899398e-09
FBXW11,8.772529676776939,5.5539430847800885e-14
RPL28,-2.2729947346039783,0.025209900934646007
LCP2,9.74332351636426,4.365849916918968e-16
PCDH10,3.6925234296994405,0.0003653264797366913
GTPBP3,-7.581317076878902,1.962051073332169e-11
MUC12,3.438623440948803,0.0008599393463575797
PPIF,-6.196211935176554,1.3654688655997729e-08
APLN,3.090798356899889,0.002598942928651739
PIGO,-3.570375696247733,0.0005542504324846969
CEP68,-2.595905869209294,0.010883985334238146
DIRAS1,-4.256994261170532,4.751860096459843e-05
MAPK4,8.07237653478917,1.7774721275319351e-12
TM9SF4,-4.647875034142036,1.0464398074537894e-05
SUV39H2,-11.302934467156437,1.8505370483545365e-19
PRDM11,-3.256484217328343,0.0015498281476363314
PCGF3,-6.261791100126916,1.0118702921779698e-08
RNPC3,4.460682167162813,2.180795582243201e-05
AC117395.1,-4.729889563080777,7.545121345246819e-06
UBQLNL,7.277239128301992,8.532505700978445e-11
SERPINA10,3.2842052199383334,0.0014188976172641542
KHSRP,-7.449080059995059,3.724872085037602e-11
KIF5A,-3.976145287917683,0.0001340993093433717
FRG1,3.0322398359536926,0.003106252949569069
RBM34,-9.174412699400786,7.493562323388332e-15
RNASEK-C17orf49,3.6973522567442383,0.00035928883124756295
ATP13A1,-2.8823331024307977,0.004851146059352497
PRSS53,-3.373003775222229,0.00106586062152392
MTAP,-2.995522228376001,0.0034695865878451404
CA3,7.42851621156023,4.114327367782158e-11
RWDD2A,5.935869001537706,4.431449719209356e-08
VPS4B,-3.442834462830519,0.0008480942589322479
EVX2,-3.274561120162157,0.001463226733953415
FAM160B1,3.733637006375148,0.0003168583961289616
COL9A1,-2.280928531591309,0.024717769404297155
E2F2,-10.532078457040198,8.502037619819555e-18
CSRP2BP,-4.141763467364567,7.311440623900492e-05
ASUN,-8.866492666530696,3.4792507712804773e-14
ALKBH6,-4.962577798499691,2.9327689469532563e-06
PEG10,3.620401522049516,0.00046778497673433215
IL20RA,3.127614938262466,0.00232057070603644
KIAA1033,4.740202389619124,7.239468044838391e-06
RARS2,-2.900240705247173,0.0046033105237592254
STAM,4.2041351450744715,5.795555319188015e-05
RNF167,3.6237798095314915,0.0004624320060210184
AC002472.13,2.202187871696552,0.029997018402201023
USP3,3.1361777704022367,0.0022599289349039017
UBE2V2,-8.940958393117167,2.4009513186063954e-14
ALCAM,2.8714937213744305,0.005007054997664995
MRPL10,-3.2919430406496493,0.0013842429625443222
CDC23,-3.2970385145372942,0.0013618568214500792
VPRBP,2.5111861290885127,0.013667965108206486
NSA2,5.414118704565725,4.385353813845669e-07
TTC4,-5.287685772980271,7.528615154140277e-07
HDAC5,5.133938544914028,1.4401066976081923e-06
IFT140,9.401509820261042,2.4104259896756136e-15
MRPL19,-8.75575753664233,6.037201854203761e-14
KCNA7,-4.4380368314931395,2.3805601130956177e-05
KLB,9.054296724658665,1.364533693038404e-14
NDUFA3,2.178862371064464,0.031739083902173934
TTC16,4.506163103781452,1.827373291023379e-05
SOX5,5.231588649586135,9.549372330594645e-07
CHAC1,-5.3161969437778325,6.668442533651587e-07
SCN5A,-4.622663243509312,1.1563778303355122e-05
PYURF,2.1010808036568682,0.038199732420120716
GNAI1,-4.355965788782066,3.263452294257916e-05
RP11-113D6.10,-2.1248676431404334,0.03611295951830449
AL590452.1,2.5487388322292825,0.01236339071391318
SLC39A13,5.306402973565774,6.952486410674984e-07
C15ORF37,4.02554722363093,0.000112084987353327
FAM162A,-8.978451373393725,1.9917228595655606e-14
TTLL5,-3.296623945037521,0.0013636654182013215
ST20,-3.5266230371493212,0.0006420634191275404
CLUH,-6.202494434187973,1.326892740983348e-08
MBD4,-4.901553274989053,3.7664816675480125e-06
GOLGA8O,6.956753252931554,3.9470032485161666e-10
ACSL5,15.529923867161253,3.602504438701911e-28
BTN3A1,9.435383099833224,2.0350796272772036e-15
IFNL1,-2.1410524686955426,0.03475015866323267
GRXCR1,2.8376563448546523,0.0055238210624381405
MACF1,9.727606886698247,4.722716774359955e-16
ZNF558,-5.92113384926706,4.733812329186984e-08
PPM1M,18.897746778954605,1.8983317208716193e-34
CRYZ,6.757352476711836,1.0129528860453712e-09
TLK1,-5.383693517691822,4.997269436363773e-07
OTOP2,-3.7554976875584427,0.00029364158966161633
C7orf33,-3.0136847727928173,0.0032852161808349647
HIST1H1D,-3.048702212574038,0.00295507319559689
HES2,-5.44985414557452,3.759925856548578e-07
RAB32,4.73223614055155,7.474490942872948e-06
DCUN1D1,-5.068394885839846,1.8931456818068808e-06
RP11-403P17.5,5.152726977395116,1.3310628757703682e-06
TBCEL,11.917379670412236,8.991294571176211e-21
TMEM209,-4.5013991545393015,1.861622493230232e-05
TPP1,9.109152281647372,1.0378529564514565e-14
HSPB7,12.315007853216656,1.290395975136272e-21
GLRA2,-2.499080819177898,0.014114082120838745
AHNAK,8.352593329319054,4.461214365327871e-13
PLEK,4.231314763280909,5.234038399655644e-05
TSACC,-6.891945536853496,5.366724571152385e-10
RNF123,8.757101219659793,5.99698653512829e-14
VSIG2,19.035226408462137,1.0845794643646143e-34
CHD9,4.001648165606978,0.0001222637243972434
LRRC41,-3.8724051492646177,0.00019453516165712434
TBC1D2,6.147636946069699,1.703507141499276e-08
C15orf62,-2.700352423232973,0.008161047796338649
ADPRH,21.85011525353339,1.8854282365730123e-39
EFNA5,-2.6092489237223413,0.01049550699761208
MS4A6E,2.983635408469979,0.0035953787300452345
SLC4A8,6.429049830035408,4.686199411666597e-09
LENG9,2.3490368671875386,0.020829173809780735
DDX19B,8.095007470909424,1.5901600573755208e-12
ABCA10,4.13612727250538,7.465796321663033e-05
CCL23,9.937660586594587,1.6526392051769256e-16
FAM169A,-5.872542431581587,5.881987197675908e-08
RECQL5,-6.9332763772851145,4.4121614446846955e-10
C11orf48,-4.531672867243265,1.6540973982311762e-05
ATXN10,-5.307335049880615,6.924952723160286e-07
PRPF40A,-10.002010049765849,1.1981582959657824e-16
HOXA10,-8.160513572960271,1.1516663020949086e-12
SLC22A10,6.7068228598570405,1.2844208660199013e-09
AP5S1,-2.6051497060938122,0.010613500270940601
CARD16,15.093493791100647,2.6040803709348848e-27
DKK2,7.34698602002325,6.098627583547119e-11
PDCD7,-2.9798807858443785,0.003635978951706923
COX6B2,-3.3500285717407308,0.0011483137382798107
TMEM125,20.746548007425968,1.2385224634949048e-37
SEPT7,2.9902112141627386,0.003525279173729642
CDC45,-11.988081220676504,6.360451507904956e-21
ZNF227,-2.904209423048747,0.004549984892235542
AGBL4,2.391935273359767,0.018667381283234082
OTOR,-2.373263805595318,0.01958253552098751
PSPC1,-2.8747244591907224,0.004960110882506468
KLHL10,4.560774714987126,1.4758127505438475e-05
RIIAD1,5.858561887205947,6.260338337258563e-08
CRYBG3,5.524079587221722,2.7271600669798325e-07
C8orf87,2.9405966627581726,0.0040868974059835
ENTPD6,-4.780372541994881,6.159496283975381e-06
BEX5,7.113095363050654,1.8742550884569724e-10
POLE3,-7.647475011964876,1.422337942211915e-11
MOV10L1,-3.558824856929403,0.0005762601321983879
AATK,12.897338535191206,7.713777253287776e-23
MNT,-2.0902620762057493,0.03918277311139561
ZCCHC10,2.5861621018850762,0.011175818789848168
ZNF480,-4.994955960930005,2.566472766529552e-06
CD84,3.8455165384166103,0.00021401054915291226
CDK13,-2.7098520141564553,0.007947032728282635
DHRS4L2,2.5514916713992415,0.012272312841993292
RAB11FIP1,13.179011533850426,1.9985159319157623e-23
N6AMT1,4.0262908396723285,0.00011178167561265963
GAN,-8.031192322563614,2.176468128266151e-12
FAM173B,-7.463673056080565,3.470930838662588e-11
ACLY,-5.112859803848835,1.5728343214615608e-06
ISCU,14.637092319014316,2.1129122376393665e-26
TIAL1,-5.844702915544587,6.658994412376727e-08
TNNC2,4.392021740635719,2.8423374224759723e-05
ASCC1,-3.747866776943176,0.0003015557389204192
FAM9A,-2.9466375738391415,0.004014359049566328
BET1L,3.069336623524362,0.0027752079823665458
CRYBB3,-4.498199032154436,1.884976632614815e-05
GRM6,2.7946416404428622,0.006251207092054733
SNAP23,10.098836261453986,7.38607536806526e-17
FAM222A,-2.1423680356392154,0.034641370449085586
CDS1,5.189600095335201,1.1399934649346205e-06
KLK15,-3.3552718908455197,0.001128985696282146
NCOR1,4.188368698035002,6.147369325954904e-05
ZIC4,-3.399956137696995,0.0009762272623646716
ZDHHC18,-5.759095063821396,9.73658786783834e-08
NICN1,20.16987224750218,1.1675473550842684e-36
AC012414.1,-2.5486457611028897,0.012366480574548887
ZNF41,6.485750590910858,3.6037795262540132e-09
GLUL,3.608569404367889,0.00048699966430144925
SH3BP1,-10.181973563991606,4.8761528220553715e-17
FUT9,-2.609343463547161,0.010492799763860113
ARAF,11.541287393362436,5.706546272335526e-20
LGALS12,6.77583235787946,9.285674851217024e-10
NFE2L3,-4.601606212724789,1.2567043999063257e-05
AKAP10,3.390764030006161,0.0010059688251307037
APLF,-4.101915877836181,8.472027071076412e-05
SRM,-6.493995039907818,3.4685125909162855e-09
CAMK2G,3.2480191630603246,0.00159200869664384
DDX46,-2.3070251665171293,0.02315810401969015
TLR4,16.5668693753232,3.6065408759054745e-30
CDKN1A,3.535319722414123,0.000623624729851873
SORL1,-4.583647337212362,1.3488885002563983e-05
SLC9A2,-4.390718977701745,2.856594980860702e-05
HIST2H2BF,-2.6215401102398173,0.010148782193518982
WDR60,4.912138596454645,3.606945747331411e-06
MAST2,-3.456988713198151,0.0008093964129663446
RERE,4.720708656879687,7.827738479566907e-06
GHDC,11.625934102680084,3.761326655462099e-20
ANKMY2,2.0203965242061,0.04607105173543858
ERF,-3.3658071541950214,0.0010910699260235457
EARS2,-6.294471525187934,8.710969336899332e-09
CDK2AP2,5.230754689660815,9.583094406204122e-07
SUCLG2,13.273916289195856,1.2702364440676149e-23
TSPYL6,3.2848854802450624,0.0014158187431150572
NEIL1,6.139043297681596,1.7713632818754118e-08
ELOVL4,-6.63443169112492,1.802975883671298e-09
KCNMB4,2.4049477384376736,0.018052257884848842
IL18R1,5.951787652383822,4.1261455197882326e-08
PAMR1,2.135753846383539,0.03519132246223084
CMSS1,-10.171921459063336,5.1271772642400537e-17
GGT6,2.876930993998351,0.004928281538693828
SYNGR3,-3.091960764670972,0.0025896993236830344
C3orf84,2.2893204222582146,0.024206436950856457
METTL25,5.130426960116101,1.461432876925162e-06
NME4,-8.145496913028584,1.2401182624754733e-12
SLC5A9,7.503189802665216,2.8663790387604875e-11
POLR3G,-6.940596209106303,4.2615849316091577e-10
DDHD2,-2.0059405646532906,0.04761893105672432
IWS1,-2.851312718720499,0.005309644045234214
NCOA1,4.329816973504675,3.605860661476304e-05
NAGLU,4.044219450882771,0.00010470233496310151
GLB1L,2.941823273453096,0.00407207144124611
TPPP,8.739671219599895,6.540063046589072e-14
TENM3,-3.450445683911133,0.0008270736669946439
PTPRB,13.655914937138965,2.069740451250337e-24
C17orf98,2.1021093378116027,0.03810739285887145
DENND1C,11.896169487472703,9.975997239984147e-21
C11orf94,2.351206807681166,0.02071471953830461
CCDC146,4.2026906594625775,5.826964421958875e-05
DNHD1,3.092533869899179,0.002585153164447927
ZNF662,6.554314897461663,2.620320180977008e-09
BUB1,-13.205057810168746,1.7646114432443453e-23
CMC4,-3.4195327148294585,0.0009156194123462003
KLHL23,-2.986247196759249,0.00356738378247067
DNAH10OS,4.685064638284453,9.025570189125423e-06
C7orf10,-6.611610494554309,2.0058956230457673e-09
A2M,21.491589360317537,7.230857751570326e-39
HIST2H3C,-4.834973369372198,4.9392224425326795e-06
SFSWAP,-2.294362262747242,0.023903726295453044
SUPT16H,-7.272689982290787,8.721203599863557e-11
CD209,2.2566999596170985,0.026247736912386136
C22orf43,2.648017241730056,0.009436818804648141
RP11-500M8.7,-3.4104186895289486,0.0009433816697261831
ATP6V0C,3.8885888808696,0.00018364109275080529
PHLDB3,-8.031540239282391,2.1727495200958745e-12
RILPL1,4.927723024044531,3.383973577871412e-06
AHCYL1,4.886875793543079,3.999101481071447e-06
ELMO3,-4.7030450006712154,8.400660548932237e-06
RP11-426L16.10,-3.120517196966037,0.0023719800086923924
DHX29,3.0808250764265654,0.0026795195999701365
LLPH,-7.303677364409126,7.513382539333111e-11
ARL6IP4,3.167424885518575,0.0020509211956830768
BDH1,-6.608841923531476,2.032000327088072e-09
DENND5A,9.45638087885211,1.832348204113985e-15
SLC5A12,-5.9260123529648645,4.6315239554436124e-08
AC008132.13,-1.9910261924398607,0.049262201647407154
KRBOX4,3.9671457207960663,0.00013853169297490433
TIGD2,-4.223031586946874,5.399370536631348e-05
PHLPP2,7.164540757992552,1.465375433812963e-10
ACOXL,16.20700865334044,1.7551726409063977e-29
NUP54,-3.7361377418198902,0.0003141167124694938
IMP3,-3.0705373564614487,0.002765060658018255
LGALS7B,-4.299699154449257,4.0432010404740703e-05
FAM81A,-3.0431738263350887,0.0030050650902188054
HMGB3,-10.675330776431208,4.165571197183011e-18
VAX1,-3.9146221378631534,0.00016732895668517702
POLQ,-11.688011411313916,2.7715471187533325e-20
EYA4,2.3192241392904944,0.022459268782733792
MPV17L2,-4.881424827182269,4.089004023684572e-06
SMIM12,3.813825352153153,0.00023935224222584208
SPANXN5,-2.6548768310797723,0.009259897960447851
PON2,5.697238657511596,1.2792518855382595e-07
BCR,-4.447084630764153,2.2987111127194356e-05
FASTKD3,-5.169739654397266,1.2393086483021586e-06
FAM126A,-2.9125428483857725,0.004439857061038336
PYGO2,-8.379287259816643,3.909325980480888e-13
ABCD2,5.362505358640369,5.472007990364394e-07
DRAM1,18.72072024606492,3.916660808600435e-34
FBXO41,-8.116374875025482,1.431389554707827e-12
WDR19,8.351687613959635,4.4812435170817694e-13
C5orf34,-10.810959801267629,2.121610506089493e-18
F11R,-4.742034373740021,7.186443662204301e-06
HAPLN4,-2.072805264280815,0.04081497396317528
CXorf38,4.487145924932457,1.9678401240457848e-05
TRIM29,-11.33550516717436,1.5753723177719028e-19
PREB,-4.333418338305684,3.5567246668076386e-05
FBXL6,-6.2716194022122655,9.673259053799006e-09
ANG,16.17603768645054,2.0127892295253185e-29
DCPS,-4.6753735087191375,9.380853086321919e-06
AVL9,-7.1614784937727896,1.4870203167405496e-10
PSTPIP2,-2.043902369500162,0.04364602596330103
C9orf43,-4.61639305073378,1.1854112356406387e-05
KCNC3,2.365692529262355,0.019964827460199567
LDLRAD2,4.297699778893543,4.0739757621765824e-05
WBP11,-4.962125089262696,2.9382352384190736e-06
PTAR1,3.8947539649305325,0.00017964626013733587
ZNF778,2.243182645216003,0.027136933344147626
DNAJB12,13.402445325493442,6.886402789915934e-24
ZNF90,4.102994967532239,8.438390333380548e-05
EMC3,10.809983257753053,2.1319353710286663e-18
ZNF506,6.064540653091704,2.4829886208503392e-08
TCF4,3.5516597700705743,0.0005903254601809602
CLNK,3.3149359616035303,0.0012858855849031442
SEMA3C,-2.7597448482280593,0.006904524720066415
RP11-664I21.6,3.9985134842970504,0.00012366268758849102
VCX,-4.2710925513035365,4.505625246822056e-05
PLCH1,11.703719509105856,2.5655713498158058e-20
LCT,-2.1448861421135246,0.034433964125386816
VPS39,7.585282187682509,1.9246192485795387e-11
NSMCE2,-4.117834122866767,7.988632471119948e-05
SNRNP35,6.481770472604947,3.6709341916808894e-09
C1orf216,2.7802996711444115,0.0065125505381799995
FGD3,11.753016494559395,2.013647408509117e-20
TMCO2,7.189860801692257,1.2979767223411107e-10
MRPS17,-2.533142014945901,0.012890985005099475
TMEM71,2.90759564439856,0.004504935755531412
CBX4,-5.656637124673889,1.5291742270631776e-07
CLDN15,1.993510388029913,0.0489851842282974
PTBP3,-6.553479412934423,2.6305341836988035e-09
PTPN6,9.415887904431232,2.2433196445539165e-15
GLMN,-5.932268965365779,4.503518793766977e-08
RFC5,-10.9431626771143,1.1000834940544374e-18
CSNK1D,2.089700673507609,0.0392343748085061
SMURF2,5.94468912692104,4.2596420680478207e-08
IL22RA1,-6.267983064574513,9.835765606107904e-09
SEL1L2,5.334190267551025,6.175891484730272e-07
SPOPL,2.099757030393659,0.03831886214680032
ANKRD24,2.901439115632291,0.004587147841214486
FBXL3,10.686524873075912,3.939831673419626e-18
PSMB4,-7.231328121975963,1.0638451329700353e-10
INF2,4.483403617842478,1.9966854905713358e-05
MAPKAPK5,-7.228960591334392,1.076005009326866e-10
FAM3C,-6.14640941112329,1.713040630560627e-08
MOB3B,7.7693922647324225,7.849698978942395e-12
GCAT,-6.077569033812358,2.3408792529887604e-08
YIPF5,2.2433232582128477,0.027127549309475075
PCDHB10,-2.704423509793888,0.008068697477500834
HTR7,-4.435016026648908,2.408508756581157e-05
PCDHAC1,7.957275910394441,3.1289547290158502e-12
TDRD6,4.855939447117375,4.536089683844598e-06
FKSG63,-3.3386950386012506,0.0011911575973011044
KIAA1737,4.575286208404521,1.3940093495690865e-05
PRSS50,-2.994647942451259,0.0034786983058859825
CDK5R2,-4.723403151360777,7.743745188204436e-06
ARL13B,2.272171407192105,0.025261461649261435
EFTUD1,-3.787593240982258,0.0002624662525416963
ATP10B,-4.300207600942512,4.0354107383291075e-05
KIR3DL2,7.862910098068251,4.96892469632569e-12
C17orf100,-3.9700708273748355,0.0001370758992141757
SET,-9.828166105952356,2.856727880627266e-16
CCM2L,14.151693881664002,2.0127631802056112e-25
C2orf81,2.674228446849965,0.008776866452637257
EGR3,4.520552299387609,1.727585596817661e-05
HCN2,-4.1483052989294364,7.136124454493241e-05
GOLGA6L2,-3.3904374510505186,0.0010070409948077959
MFRP,2.3384232706068464,0.02139709231106588
PRICKLE4,5.7985380498992285,8.175565970613683e-08
FAM3A,-2.0241435941460204,0.04567692478064742
GMPPB,5.454581625899847,3.68402977288888e-07
RP11-977G19.10,-3.8716571694636968,0.00019505328481002297
CISD2,-5.952846336214108,4.106591793077385e-08
BST1,13.869676146373811,7.551556417312587e-25
VPS29,2.3162740696184425,0.022626539334715718
FCN3,9.465785020823112,1.7482216987314765e-15
ZZEF1,8.940460050261619,2.4069210944747578e-14
POU6F2,-8.313658900737193,5.408239012622528e-13
VPS13D,8.378193194333416,3.930546694367926e-13
GPR17,8.691860628690746,8.294955468228452e-14
ANXA8,-5.9864504977049755,3.5311732178979266e-08
PFDN1,8.0716466253081,1.7838659501691048e-12
MZF1,3.858546168520139,0.0002043518400029033
USP20,2.1937779536614928,0.030615250338852387
CDO1,11.392417154755671,1.1892992800706453e-19
LAMA1,-3.0264774690322125,0.0031608408364356467
LCLAT1,-10.413747726987454,1.5336275683474437e-17
FAU,2.474572713584679,0.015057425877823405
NOX5,-3.8675218448254953,0.00019794165318828095
TTBK1,-3.2681303438688865,0.001493502366068263
HCST,11.965053957960793,7.11921023198268e-21
SLC35G1,-4.1710398610913115,6.55771380964651e-05
TNFRSF10C,9.969009028031508,1.412981865001635e-16
DCTN5,-6.003040561498031,3.277138442811334e-08
ADAMTSL4-AS1,4.755633260851192,6.804460118004721e-06
AC131097.4,-2.915178457792747,0.00440554079759958
CTSV,-6.527313489495935,2.971123418068134e-09
MZT2B,-5.465765036424949,3.5104136951061363e-07
E4F1,-3.3005074416154283,0.0013468111148521916
SLC26A11,3.080746811103947,0.0026801609938346617
CHMP7,4.3761282859643575,3.0210666015093946e-05
B4GALNT1,-6.5755515399497915,2.373463895596557e-09
TNNI3K,6.337419007504573,7.151119229830456e-09
GTF2H2C,9.991128077146962,1.265117058890747e-16
SMIM20,2.0762706537986,0.04048638523236127
AHSG,-3.100555442250399,0.002522294729772791
BACE2,-3.674473183684535,0.000388759147163811
OSMR,-2.8672516886693167,0.005069313086738344
PSORS1C1,3.5826332942673047,0.00053176466351689
TOM1L1,-2.463559556612363,0.015499403796755564
GLIS2,6.88681350044092,5.498699363061513e-10
FAM189A2,17.2906024343945,1.5725171562667357e-31
AP4M1,-3.0284565268543173,0.0031419935701647046
CEP152,-7.59823360371971,1.8072295748111635e-11
TOP2A,-9.978233952618696,1.349320162596159e-16
GPRIN3,12.165587061092623,2.6720914256489494e-21
PTTG1IP,9.61669298034868,8.222440331087809e-16
FAM65A,12.271705981276106,1.5931185795895058e-21
N4BP1,2.56408017440794,0.011863465316473466
RUNDC3B,5.072151935820974,1.863786731758509e-06
THBS1,5.592672032970736,2.0232132520629216e-07
GRK5,17.75946364197448,2.1410839786974245e-32
TMEM74,-3.5271520288555207,0.0006409273040563903
TRPV6,-2.582331026544141,0.011292482034621262
SLC17A1,4.22778164869694,5.303954844377684e-05
TMEM8B,4.032324403371014,0.00010934955813758134
HBM,4.861162373975548,4.440753650231164e-06
BX088651.1,-3.609934790463042,0.00048474479833017693
UBXN11,5.98447194955113,3.562734678947365e-08
COL4A3BP,14.96906886199804,4.596598750788499e-27
PDIK1L,-2.241630096865298,0.027240734404738717
CTD-2410N18.5,-2.465107663716164,0.015436583229163739
APLP2,13.884665516649116,7.037453501782527e-25
PARP10,2.6453557671135814,0.009506283211244314
PTGES3L-AARSD1,-3.6984102823148253,0.00035797865719698396
PCLO,-3.4225805594380336,0.0009065081591581246
CYP19A1,-2.7041495298048113,0.008074882620619834
KIAA1671,-2.135265175470919,0.03523225265669549
SRRM2,2.679497985884861,0.00864935456501165
ZNF665,3.665947262357042,0.0004003168317509221
FLOT1,4.207329267389848,5.726678801611054e-05
TCP11X2,2.140307463736833,0.03481189666655852
PRMT3,-9.500872344205572,1.467020034615176e-15
AP001421.1,2.2329418871019158,0.027828059510819503
EXOC3,-3.76764981769538,0.00028144476757120776
EML1,7.124074641629925,1.7784309339511507e-10
AC069547.2,2.280121068773852,0.024767466983169017
PKM,-10.361726956200389,1.9879889519921215e-17
BANP,-3.1815216154609978,0.001962650642281755
SNAI2,-8.769542957686353,5.6370823403411294e-14
SCNN1G,7.237598033222863,1.0322969695839682e-10
SCGB3A1,6.460771881796969,4.0462371501508e-09
GNPNAT1,-6.808190024899601,7.972403751624594e-10
CYP27C1,-4.409893114372496,2.6535518445437184e-05
AC007390.5,-3.4764554713254316,0.0007588847817790441
TCF7L2,6.8059014469793935,8.058913262234355e-10
USHBP1,17.207323779066456,2.2473642909483803e-31
TAS1R1,3.4941110784186127,0.0007156562252888703
DYRK3,6.619532998400558,1.93301316627637e-09
HOXA1,-8.321202748085206,5.210286456143978e-13
FLT3,4.108266131695053,8.27591400621709e-05
PNKD,5.697552591032615,1.277485122051189e-07
SLC22A31,14.081935743957038,2.789095846813031e-25
DCSTAMP,8.361347322116158,4.272166851798864e-13
CA12,-6.18889407676907,1.4117983321966081e-08
SNRNP27,-2.1431262422038584,0.034578806314984424
MTFR2,-12.031954962181649,5.132017687225465e-21
C19orf77,-3.5245521007778184,0.0006465294894705139
RBP5,3.7032979485117075,0.00035198482204667483
AQP4,22.6550963343539,9.717922381709782e-41
ARF1,2.252659192443221,0.02651082912833766
FAM63A,4.963387442971668,2.9230174862605007e-06
PRAM1,12.015018734038001,5.575156706299393e-21
RPP25,-5.429017266675329,4.1131062295292623e-07
RPL7,-4.0276219418807075,0.0001112406974282815
TEFM,-4.624388017405455,1.148513077138611e-05
CENPO,-14.36529642184143,7.439184028636856e-26
CBX7,15.698618540946613,1.6877618517719815e-28
RP1-170O19.20,-4.123532778871201,7.822102521479963e-05
TIMM9,-6.260619905436143,1.017311581854672e-08
GNAL,-2.5348925049264737,0.012830779772664046
CYP2U1,12.019275229184654,5.460296354017961e-21
ANKUB1,2.593151857278404,0.010965765034583944
SLC25A48,-4.211750254314773,5.6326441962476805e-05
PI15,-3.9926402628268525,0.00012632516775826338
ITFG3,-4.567179713684717,1.4391495172468175e-05
RAPGEF3,14.638773777166561,2.0965807728477503e-26
SMOC1,-3.0346190570831935,0.0030839697862592454
KAL1,10.139740682888577,6.02113720226951e-17
LYPD6B,-5.833339316221057,7.00441040821013e-08
CYP2B6,2.8001380839556838,0.006153616251627356
FRMPD2,3.542540891057457,0.0006086956704476232
FAM210B,-3.0695503821344023,0.00277339899780946
LTC4S,13.75093357508556,1.3212938715305656e-24
FAM86B1,3.119155494618188,0.0023819631328472262
TRIM5,9.41944606481716,2.2037848377892907e-15
HLCS,-3.7665918016411633,0.00028248721770382827
PAK2,-7.3990624717244335,4.743567812220764e-11
TRPC1,2.530653700824031,0.012977003256519726
ABHD6,10.380488326771935,1.810366199611746e-17
STEAP3,-3.244472161813952,0.0016100000697612772
NUCB2,3.34040159020872,0.0011846118542020966
USP38,3.8610253395089322,0.00020256176350873386
FGF9,3.5942008018869003,0.0005113386163000688
GSAP,12.384826433705554,9.189782065956216e-22
MIA-RAB4B,-2.529371546654755,0.013021526845887301
SMAP2,4.568285608432302,1.432909119057833e-05
PSMC3IP,-9.990597164349154,1.2684780006984035e-16
EMC10,-2.0375378282529195,0.04429158127680868
CSTL1,-5.855626558400647,6.342765070851787e-08
TEPP,6.109748641833676,2.0233147885301453e-08
MRPS35,-6.555162095510273,2.610003012761014e-09
SNX15,5.504296638492924,2.971458439100551e-07
NCOR2,5.80788743293021,7.84325184730506e-08
KCNK2,-3.2993967330527316,0.0013516115408224777
FAM168B,-2.142703964071248,0.034613638893726546
ZBTB8B,-2.5530898738767016,0.012219713536016379
PRLR,-3.6535826140214565,0.0004176587174503047
HSD17B11,17.026254664371447,4.899744238416377e-31
PCNXL2,-5.546142034160607,2.4779043134097174e-07
GMNN,-11.482350183380357,7.63048697806206e-20
IMP4,-7.082363821430183,2.1705539168563533e-10
ARPC5,4.8251486062342455,5.139917191208541e-06
ANKRD66,4.9762780820665,2.7719496573686306e-06
GPR132,4.854802308583906,4.557108631083579e-06
PAFAH2,9.341377245857188,3.2551730277831256e-15
RP11-302B13.5,-2.368321778522808,0.019831327132456087
PNPLA7,13.435064649796978,5.897048524998926e-24
TRA2A,3.1386250157953217,0.0022428703929759123
ITGA11,-4.559487075995875,1.483291789141534e-05
ZNF530,-6.270497373165567,9.723117442268568e-09
GGH,-6.737293670176286,1.113152231183144e-09
ACSM2A,4.785494323835712,6.033593113907905e-06
NRROS,10.41595296236652,1.5168529141054965e-17
GSTT1,6.9000974553826415,5.163512520917357e-10
ADAMTS15,2.275389803539581,0.02506043572129197
MRC1,6.370202724455746,6.149138609812017e-09
NR0B1,-3.0556066039114858,0.0028937204900715786
HEXB,9.77806992789434,3.669696308943909e-16
APPL2,-3.295336706924224,0.0013692954555353616
RAB22A,-4.099419367112349,8.550340563198972e-05
MIB2,-2.7048798412003667,0.008058405280077598
SCIMP,13.798232173257691,1.0571518738734155e-24
SASH3,10.498741021511766,1.003875659745248e-17
ERCC1,-3.87311690410119,0.00019404335079528683
OPLAH,-7.248744883942745,9.784850310616838e-11
ZNF600,-3.3029372021175902,0.0013363654344121926
POLG2,-5.613425703037235,1.8478324230925435e-07
METTL6,-2.037306587828157,0.04431518921711802
CTD-2105E13.6,-2.435910691347224,0.016660491496977434
SFTPA2,16.967547010399453,6.314122135879235e-31
SPATA9,2.7864636216227887,0.006399030097704308
EIF5A2,-5.920972264011898,4.7372380751531e-08
TNMD,4.02493858681242,0.00011233382915527749
ADAM12,-5.9665055278102,3.8623421219766026e-08
ABCG2,7.18178848734464,1.3491743743803833e-10
C11orf72,-3.5068278532785557,0.0006859706577852955
CLEC4C,3.044070139870169,0.002996907088935211
TUBG2,2.500748156105623,0.014051870780215235
KPRP,-3.2650782183233287,0.001508075702885413
TACSTD2,-3.7276785772353356,0.00032348286686791983
SHROOM1,8.949449760912492,2.301472922439031e-14
KCTD11,-2.2166003344962384,0.028962840274851104
FST,-7.799566374113119,6.773750629016231e-12
IFI16,-6.528253269060677,2.9581681043968394e-09
HIST1H2AH,-3.467632533569502,0.0007813985084663414
STK33,6.958711838436945,3.910468246482503e-10
EIF2B5,-7.732701723743457,9.389313964263503e-12
TUBG1,-11.747788164399585,2.0660316140109274e-20
NCAPH2,-3.598834884017298,0.0005033658906915245
FAM222B,-2.8396454537379365,0.005492140391053269
PAQR4,-8.005773452183677,2.466010080317932e-12
SORBS2,12.81254562514151,1.1601851484006098e-22
GAS6,11.007251297135717,8.003678532944034e-19
IMPAD1,-3.7911883293258395,0.0002591773326086701
COLQ,3.0515347151187977,0.002929759101144821
BAG1,6.3629585267554765,6.357872576951866e-09
HIST1H3G,-3.666311617447438,0.00039981631830593255
ISG20L2,-7.531010957997164,2.504707166351705e-11
FASN,2.854698447106682,0.005257736024283863
MOCS1,11.681340301622566,2.863967648955994e-20
FBXO47,-3.4260165870619814,0.0008963387905321712
IMPACT,-4.18366488300637,6.256246893006324e-05
TEX9,2.232895761324188,0.027831206980531174
TOMM7,2.3879349206334917,0.018860191523280945
HOXD10,-4.335314093432325,3.5311194918251374e-05
PDE6A,4.384375701681209,2.9270083568093606e-05
RNF144B,6.375315500327132,6.005906904264669e-09
CCSAP,-5.12612045038713,1.48800784952357e-06
DEFA4,2.1586951569589807,0.0333156194716478
OTOG,-3.9312126102562983,0.00015766571312334475
ZNF212,-7.185225669167783,1.327134062568311e-10
SLC15A2,10.419591738219763,1.4895744104695906e-17
CNGB3,-6.081051668918569,2.3042691838920903e-08
KIAA0319L,8.256017973186033,7.189867930206167e-13
EXOC7,2.9130244584184206,0.0044335680765605606
TMEM211,-2.900437073793224,0.0046006585647250615
KHDC1L,-2.8316364718867866,0.005620722955801508
C21orf67,-3.490566355717297,0.0007241444104645479
RNF208,-2.347553803736578,0.020907720133546085
NFYA,-5.1772222467907785,1.2009365261213317e-06
ZNF343,-6.740232730719623,1.0978796160937761e-09
ZNF587B,-2.2795114857298686,0.024805043682845
MRE11A,-7.444413561574731,3.8099067850451433e-11
HLA-G,2.8761511781672957,0.004939508917342852
USP44,12.444291632801244,6.884941581059465e-22
SLC31A2,11.193757367017982,3.1758832008569385e-19
TRPM7,-2.59851054263342,0.010807147027614017
TAS2R19,-2.1468962552956823,0.03426917317791498
IGFBP7,7.632548236761482,1.529494335798707e-11
BCL2L2,8.845283527798685,3.86678180547039e-14
PGBD4,-3.5852011473674774,0.0005271647344643414
AMPD2,-2.293539561727469,0.023952892285191315
EXD1,3.6250881154179946,0.00046037459555609543
PHLPP1,-5.6337379229843885,1.6906603568330564e-07
RNF175,-2.1003469200948026,0.03826573691729215
NRSN2,-3.056457286551736,0.00288624351762326
SLC25A29,3.411159246774529,0.0009410966339914172
CD58,4.531078962647567,1.657944457236163e-05
MAGEA9,-4.933389635122881,3.3062737260965196e-06
EDA2R,8.6061816632156,1.269579812269651e-13
EFCAB6,4.226411963466699,5.331300346018956e-05
SOX13,2.1927763494573735,0.03068961587244135
DPM2,-3.721648219376454,0.0003303211738000082
ZNF684,2.1585814795666924,0.033324695449595876
SLC17A8,4.960969887377636,2.952228868305734e-06
NPIPB6,-2.1988371210606936,0.030242021729578388
FAM27D1,-3.2230199020541974,0.001722924874421014
L1TD1,4.217103670002509,5.520763620428755e-05
DIRC2,-3.648028162063537,0.0004256787869215534
GALNT8,-2.52799816739698,0.013069370412070373
USP37,-4.425523990252566,2.498407397043731e-05
PGR,11.494102076241381,7.20085626701524e-20
KLF9,11.915277116259738,9.084387288433798e-21
NELFB,-3.62939873155346,0.0004536570062264285
AC007952.5,4.188796172466139,6.137565503267528e-05
CPNE7,-3.1410281589357822,0.0022262359007626407
UBFD1,-8.351252710732805,4.4908928663270163e-13
FAM49B,-3.982565090077519,0.00013102073393954038
SIM1,-2.5048587801892896,0.013899544425264195
TFDP1,-2.1140181177368254,0.03705220543696351
HLA-DPA1,16.58841055598982,3.2823113564841896e-30
KRTAP9-1,-2.845440529900632,0.005400788653255227
SULF1,-6.128139247972057,1.8613086393111836e-08
EZH2,-10.852988460627078,1.7216460346570017e-18
LEPROTL1,8.986772973774801,1.910790781898045e-14
GTPBP1,3.115224320710131,0.002411003512348782
PI3,-3.31247054355188,0.0012961096479621027
GIMAP6,16.408597274617634,7.218817571137214e-30
STRC,-3.2545484160474465,0.0015593808732576875
DDX3Y,2.773862091079213,0.006633071191754558
SPRN,-5.271181875068993,8.075163039507619e-07
WDR65,4.545033011145326,1.5698038639329154e-05
AC090616.2,10.437321535467639,1.3635269891197274e-17
TGIF2LX,-2.0878041961939617,0.03940912425538886
HEMGN,4.0394990820888745,0.00010652340882637927
PREX1,11.580827543739092,4.696578802819408e-20
JUN,6.510861192267835,3.207227211780758e-09
NFE2,9.05389716570106,1.367255775020238e-14
ARL4D,-5.229838093253032,9.62029223187474e-07
TMEM170B,9.652932041816353,6.859968229339507e-16
RNASE6,5.794323612768402,8.329852848059059e-08
TNFRSF25,-4.372572314796321,3.06251467212868e-05
RDH5,5.098668124905702,1.6688436151285857e-06
UBE2S,-11.111871749375833,4.764341279143812e-19
FZD3,-4.589869142288224,1.316233667054731e-05
TSPAN5,-4.734693987399572,7.401199706971309e-06
NXF3,12.494835180716645,5.387925592277154e-22
SMCO2,-7.198358373801111,1.2461634967862064e-10
PODXL2,-6.858266881788947,6.293652005828955e-10
MARVELD2,5.499242155879239,3.037240126741487e-07
HSPB1,-8.263972226122826,6.912947355833453e-13
ARL14EP,2.001510875400175,0.048102040005804224
RNF180,15.28986891886185,1.066228205744187e-27
MROH8,9.511126185099858,1.3937277632705397e-15
RHOT2,-3.197267652176792,0.0018682453771730388
C22orf29,-4.309462158022488,3.896116173936483e-05
POLR2L,6.19136431513092,1.3959884837910374e-08
BCL2L1,3.780019443322534,0.0002695255104653717
COL9A2,-3.6078948140153893,0.0004881173780782931
KLF15,9.061366736663217,1.3172529314321152e-14
FNDC8,-3.9716794936456865,0.0001362815312142051
CLINT1,2.655674028646751,0.009239532962659964
TIGD1,-6.013095560236097,3.132022308271994e-08
BTBD2,-7.737452986516216,9.174152323877997e-12
PATL2,5.049479883209225,2.047942622686866e-06
PLIN5,11.046359462855449,6.592405407246534e-19
RADIL,9.942217037183624,1.6154294798935467e-16
FBLIM1,-5.276242049671784,7.903590625455789e-07
CGB7,-5.919821028385279,4.761715963436383e-08
NRG2,6.31254136364536,8.017497130180477e-09
TCEAL1,12.608012432919908,3.114382716606784e-22
PPP4C,-7.867722623469938,4.853218982525217e-12
SMOX,-6.283124073327863,9.176371752344265e-09
KDM4B,-2.0397390575650487,0.04406739107651618
ACOT1,9.664526898255641,6.473633917701152e-16
TACR2,2.2737323364565283,0.025163787334594602
CIZ1,-2.5554897380585615,0.012141111184735038
SERTAD2,-5.719944543077573,1.1574601873013239e-07
POLR1D,-2.5714102418633082,0.011631089289059407
PCBP1,-3.5786444621059235,0.0005389854438551814
LRFN1,-3.792984276785799,0.00025754906462135735
ZNF687,-5.233586562911049,9.469055556850621e-07
OVCH1,7.35085702874008,5.985867475053677e-11
FILIP1,17.468174775740696,7.365538564407884e-32
COL14A1,5.232485757656614,9.513226267393117e-07
TIGD3,-4.221325757398231,5.434037212091742e-05
COPS7B,-3.637537035098502,0.00044122681659123036
SMIM9,2.227666028537287,0.02819009337867838
TM9SF2,3.271867519395685,0.0014758374471781188
CDC14B,2.8117628865757314,0.005951787825550144
COA4,-6.370323843099644,6.145706849736424e-09
TREML2,2.5340345214180324,0.012860257072232038
CDHR2,-2.770971703860436,0.0066878427933044415
KIAA1715,-6.986847314755068,3.421165272672197e-10
HELQ,5.973225366986041,3.747485496456352e-08
KCNK16,4.467880993228252,2.1207571813544233e-05
PCDHA3,5.5166767535014625,2.8161800602755517e-07
RNF103,3.652651742947516,0.0004189927327660082
REC8,2.922335052018374,0.0043135876760098234
ZDHHC8,-3.2875498605876126,0.0014038198079042413
MAGED4,-8.280542882855789,6.369714625675399e-13
NELL1,-2.5501843218961824,0.012315491071062553
ATP1A1,3.0337519259683705,0.0030920739138220014
DUOXA1,8.276512634116681,6.49778976326733e-13
POLR2J,-7.630484993200279,1.5449238948166736e-11
NKRF,-8.52292133621383,1.919052418086494e-13
PANK1,-3.4006073620865713,0.0009741518588619793
DDX18,-6.410851769588754,5.097438122611143e-09
LRPPRC,-9.430684877401601,2.0834257165338876e-15
GZMA,4.478779356368595,2.0328938272518094e-05
ZMYM6,4.102263697847103,8.461171009922976e-05
NFATC3,5.617292929236223,1.8168425946211162e-07
STAM2,4.423115380779014,2.5217296835077222e-05
CD83,7.326153939395556,6.742654876977375e-11
PQLC3,7.065365711198777,2.353928295269137e-10
RAB11B,6.764497159603575,9.794637374885053e-10
RNF121,-4.986170836821037,2.6611997012671492e-06
KDM8,5.106674804746957,1.6139953797154904e-06
BCL6B,10.141227578563287,5.976586806254619e-17
IQCK,5.864217237451255,6.104490152967137e-08
BEND6,-6.863673299321004,6.134826250594193e-10
GEMIN8,2.4104451991777895,0.017797844858235642
ASPG,-2.201801907983984,0.03002515110490432
P2RY2,-2.764056308118406,0.006820565834957436
GPR148,-2.3334203369775723,0.021669508538551374
FAT3,3.104864102946215,0.0024891201868964073
AP1M1,6.715659498432004,1.2322317569665155e-09
PPM1D,9.203967067628096,6.46566177545858e-15
DLX3,-4.887696019466279,3.98574108710412e-06
NEUROG3,4.07171140612838,9.467471122628005e-05
NHP2L1,-5.4538916837402045,3.6950119885453435e-07
STARD4,2.94790416639742,0.003999301287403431
GIPC1,-3.0665501032690243,0.002798889910669116
PPFIA4,-5.34474030473693,5.903840919563869e-07
ZBTB12,-5.4243379336413255,4.19677995032106e-07
NFASC,3.934499194228406,0.0001558157688704135
CAMTA1,-3.7917036487889835,0.00025870912641710837
AP000350.4,-6.9910704310505265,3.3531581316652745e-10
USP39,-8.595783844561856,1.3368374607673033e-13
ZNF416,-3.672597740275348,0.0003912739971873832
OR52B6,3.428798663570602,0.0008881836283469961
CT45A1,-1.9969985340239884,0.048598455861777655
GNPTAB,3.292016927284448,0.001383915905979079
ENOSF1,3.178428811396621,0.0019817083367330702
CARD14,-8.255587587203975,7.205162694505268e-13
TIMELESS,-12.211314036192375,2.1380431396878803e-21
ATP9B,8.238077738552393,7.855683682634647e-13
C19orf53,-4.065254187694867,9.694374608371721e-05
OSBPL7,4.894372843142052,3.8785881963899684e-06
IRF2BP1,-2.4470640405290274,0.01618309399179925
TFF2,-2.243305396850452,0.027128741158554206
HRASLS,-6.584878114943896,2.272455210608926e-09
TGM2,12.164016262390119,2.692645355924781e-21
PDE6D,-2.056061383937809,0.04243514932050372
OIT3,6.017324510052983,3.072896733248569e-08
CDK20,4.184505397989294,6.236656741169538e-05
CAPS,4.341861718421281,3.4440432400618385e-05
NOL12,-5.201760304166982,1.083068024232579e-06
RFXAP,4.129281620252808,7.657484832256447e-05
PTPN1,8.319885910200156,5.244312871015441e-13
AFF3,15.285692341021758,1.0866172566529997e-27
CD14,6.114344210826806,1.9815744111495964e-08
SULF2,-5.492304141672883,3.129864553091725e-07
FAM27E3,-3.5832720582530992,0.0005306168772117542
MTPAP,-6.419796623475227,4.891032912954991e-09
RP11-505K9.4,8.893121767315094,3.047108914290122e-14
C1orf86,-4.23681045262106,5.1270439365645146e-05
SPRR2D,-4.60433712331302,1.2432321684669905e-05
RRP1,-9.478878062358534,1.637485708009649e-15
MT-ND3,5.688248682322254,1.3308767526937783e-07
OR51E1,-6.192779786985559,1.387008095146108e-08
RAD54L,-11.90557082842145,9.526839400719554e-21
CCDC92,12.700826967145156,1.9886045375947985e-22
TMEM57,4.320486768259183,3.73622202555576e-05
RIF1,-7.046474769865897,2.575783583180056e-10
CHUK,4.194908605301817,5.9990144916978394e-05
NCAPD3,-9.208901329952099,6.308327330567276e-15
RAB28,4.852503301529743,4.5998933601635945e-06
ZNF23,2.76899477735745,0.006725542092553674
CASC4,9.730281930495009,4.659979212848667e-16
ABCA8,16.712231326534592,1.912120598160263e-30
MOB4,-2.818259149467346,0.005841656338066375
GPR135,4.129065723655404,7.663606459042822e-05
FAM229B,5.360021131332794,5.530480896800232e-07
RNF17,-2.7051456145007204,0.008052416472019555
CLMN,2.021180046374233,0.04598839914236282
APOOL,-3.660713321574733,0.0004075725879597733
EPPK1,-4.365369914028031,3.148152585414658e-05
FANK1,3.60164666894483,0.0004985858526416269
PCED1B,6.003145073187653,3.275596581109851e-08
DNAJB9,6.77210033987336,9.450286940083683e-10
LPPR4,6.685965020667229,1.4164403417290744e-09
TNNC1,14.388051469701631,6.692884440451447e-26
TFB2M,-10.094907781326533,7.532456857054362e-17
FAM21B,2.7435999499720887,0.00722736199261082
EFCAB2,7.794609712485843,6.939845595717866e-12
ZNF750,-6.992698576405871,3.327298552697977e-10
PLXNA2,7.993980804164493,2.6130589719071656e-12
BCL2L12,-12.035278613484472,5.049293776330891e-21
ATP6V1B2,10.337156047180029,2.2472696551806346e-17
RHOB,11.165122171509541,3.6596532386370683e-19
FBXL19,-9.947096370145726,1.5765118455601128e-16
FOXD1,-7.89356861404445,4.2761653763112195e-12
FAM53A,-2.9331256531040006,0.004178278284262122
EVA1B,2.0513643438225886,0.04289944919270262
PLLP,15.994913220418754,4.4946357030294654e-29
SLC35B2,-7.7814339679381135,7.401315125035313e-12
RP11-192H23.4,-5.323487324837033,6.46440925457827e-07
NTN4,13.882217254421626,7.118954153502472e-25
CC2D2A,8.976081806119412,2.0153879326674726e-14
ZDHHC16,3.585247341197627,0.0005270823307913277
EIF2AK1,-8.105198569054881,1.5123595837819179e-12
SOGA2,-8.096537042561733,1.5782337723756784e-12
MAP3K7CL,5.795346798619485,8.292133875721814e-08
SLC39A7,-3.159408512467109,0.0021027534029368863
KHDC1,-6.602652056206722,2.091585641109538e-09
LILRB2,8.50086268174815,2.1408586825717563e-13
ADAMDEC1,-4.543427780460287,1.5797076752853962e-05
XRCC6BP1,-6.362478784117825,6.371940237511141e-09
NUP50,-8.951858144904252,2.274014691502917e-14
PHACTR2,12.55205387649895,4.083248286298555e-22
ZW10,-8.136007221924253,1.299470755700765e-12
CTD-2547L24.3,6.147627025375388,1.7035839792308732e-08
RP11-1055B8.6,3.154003460754387,0.002138387039025051
TSHZ1,2.3299999762304457,0.021857511383314626
IFNL2,-2.805760933727581,0.006055224235875043
FRRS1,-7.345641211029376,6.138292556664766e-11
DRAXIN,-2.307379365924669,0.0231375460144275
SLCO1B7,-2.5919018722335494,0.011003065616670245
TUBGCP6,2.3253294739021753,0.022116556067244664
RPS7,-4.178654924378532,6.374248162894811e-05
FAM179A,4.579850255322847,1.3692013556342466e-05
CYBRD1,16.405856556534896,7.306291323028888e-30
C9orf53,-4.166398105846381,6.672022827259391e-05
NOP16,-5.045639083083849,2.0808496989054678e-06
CACNA1A,-2.8485352108188042,0.005352577617330514
PSMD6,2.2137790772317323,0.029162793798676614
C18orf63,4.414140203747944,2.6105006020851815e-05
C20orf201,2.011981915270686,0.04696673210546259
ZC3H13,5.403926126217197,4.5816933928063956e-07
TUFM,-4.911235730074618,3.6202925747328765e-06
SLFN12L,4.6082717693933235,1.224067357052577e-05
PKD2L2,-2.4083165960562662,0.017895972057092313
C19orf80,5.5443207185642756,2.4976053568644505e-07
ERAL1,-8.44607447503354,2.808674086818452e-13
CD22,2.978826712678752,0.0036474529288038904
NUP153,-4.6940624617278734,8.707412824952906e-06
UBE2D3,3.7157513653201844,0.00033714074591378494
SOX12,-7.109481058006239,1.9069064739500217e-10
SCAMP5,-5.291554718496136,7.405821291997004e-07
KCNJ5,7.148637938157795,1.5812868481641198e-10
MT-ND4L,3.971095717700312,0.00013656929257072347
CAPN9,11.19131694526458,3.214485127368163e-19
SLC9A3R1,-7.0190001077044135,2.9359228338010895e-10
SRP68,-6.145098020163132,1.7232834855732203e-08
PDCL3,-9.07251820934526,1.2459804138326774e-14
SNRNP200,-7.665429619426269,1.3032894383081091e-11
PRRC2C,-6.422845650208858,4.8225797853864214e-09
FAM120B,2.552942116046794,0.012224567951412807
MRPS2,-7.321796054451118,6.885688500758565e-11
KDELR3,-6.883771026403486,5.578451715793545e-10
SLCO2A1,8.58447391781717,1.41403525602604e-13
ICA1,4.174503640609753,6.473642373109867e-05
CD300LG,9.430295138573173,2.087487432657116e-15
PDHB,10.021024240706979,1.0895586445265058e-16
AGAP5,2.420288082803325,0.017350291848199435
TANC1,3.300196127004187,0.00134815498765628
AP3S1,-2.451927362066257,0.015978778379004757
RNASE7,-2.0282179820634645,0.045251646506396966
RP11-849H4.2,-2.3008303892399153,0.023520266442818367
ITGA2B,2.824642564134233,0.005735257876469888
CCL3,3.3586295344770294,0.0011167694973048857
ATP6V1H,2.6160506831646986,0.010302334665169437
EPS15L1,-3.2526142347314586,0.0015689805610413575
SMG8,-5.079675976671052,1.806320325426499e-06
MAP3K10,-2.347277749761298,0.020922369462481147
CNOT7,-2.1674803591616816,0.03262067581812622
TAF2,-9.459661533375641,1.802550616832925e-15
GFOD2,4.013490433570913,0.0001171141661897277
MYL12B,5.316730488044679,6.653299176118815e-07
FASTKD2,-4.143007010558162,7.277799346139455e-05
LHFP,16.970463959045635,6.2349947499223755e-31
IL17RD,-3.984671129763656,0.00013002560912339515
EIF4G3,-4.084554220252033,9.031222621888034e-05
WDR96,4.337552052412613,3.501121005403458e-05
HIST1H2BI,-4.023115496374506,0.00011308237137932277
RP11-1167A19.2,3.9410532650261545,0.00015218836655862814
CHST3,-3.524988907845645,0.0006455850606596265
CENPW,-10.886076510797709,1.4606547007947198e-18
RBM8A,-9.53868241907673,1.2143927899038385e-15
TMEM33,-3.939883749448091,0.0001528296727288682
CTDNEP1,3.981943222004572,0.00013131596345252212
TMEM177,-9.160224617400138,8.043496614916686e-15
LHFPL3,8.926032284786425,2.5863299834630466e-14
DUSP13,-5.003258061958306,2.479978327386752e-06
MORF4L2,-6.070662863236634,2.41518130344384e-08
KIF4A,-15.521051382800275,3.7494402176142666e-28
PHACTR1,21.74116334725502,2.8323150580458335e-39
POLR2H,-9.47360596503256,1.6812060082666179e-15
DTNBP1,6.688859768239376,1.397345598984761e-09
GPD2,-5.375128832046274,5.184104970754496e-07
AL590867.1,-2.4866298461858234,0.01458650591563155
MAGOH,-4.5980374049600465,1.2745234932625673e-05
PRR5-ARHGAP8,-3.078799704374679,0.0026961636995216955
ZNF35,4.019661444959066,0.00011451368712065765
TMEM199,-4.758182689912453,6.735076909748345e-06
FNDC3A,13.046729174347483,3.7647167150163167e-23
TOX2,14.558153929240653,3.042636466656075e-26
C19orf47,-3.492816253981689,0.0007187458705360939
EMP3,11.524605722371021,6.195500980476534e-20
MYC,-2.282583635809922,0.024616175403988683
CLSTN2,-2.640721174954143,0.009628351812601698
RAD52,-3.0077591368863748,0.0033443479845411354
NUDT10,-3.523217169217588,0.0006494238625107176
IL31RA,-5.688907929344931,1.3270225148158329e-07
TBXAS1,12.581285370577572,3.544380932344107e-22
SLFN11,8.835246564934046,4.0649090353107794e-14
ISX,-2.5425292537464337,0.012571070835249325
SDR42E1,-7.582222049387853,1.9534446485588786e-11
LCA5,6.634162765315886,1.8052445895905936e-09
ESYT1,4.929665710772001,3.357137536618456e-06
RUNX1T1,9.927662401914978,1.7373209854552373e-16
DPH1,3.657111594019693,0.00041263787916997514
FAM57A,-8.287908505300432,6.142110583269936e-13
CCSER1,-3.225881651225013,0.001707444383028987
RNF133,10.059542702959739,8.988090444895251e-17
SUOX,7.484054422236523,3.1447974053178684e-11
EIF3G,2.0186490842911673,0.04625584422930256
UBASH3A,3.1770433619202856,0.001990301211111216
VRK2,-4.55022750775861,1.5381654574364578e-05
PET100,1.9906039364703905,0.0493094206854096
EPB41L3,10.759272424630108,2.7433841610341895e-18
MAPRE2,15.310148047576446,9.72569290296152e-28
ZNF777,-4.336815688830477,3.510964288384392e-05
WISP3,-4.2076992471992165,5.718751788592203e-05
KIF3A,4.745761722441504,7.07972195323737e-06
FNBP1L,3.181372908413333,0.0019635630442219622
SLCO4A1,2.034950814951829,0.04455631129307919
BROX,-2.815824016678209,0.005882718863265569
PDE6G,4.693847303893037,8.71489209755966e-06
HLF,10.509351047538392,9.521672470097906e-18
C1orf172,-6.383424249349115,5.785471945057033e-09
DGCR6,-2.618438719548118,0.010235279369471752
AC005544.1,2.6160750627916545,0.010301648092066
DNAJC10,-4.076050879804214,9.317854247900323e-05
DOK1,11.827839210834533,1.3946512657747673e-20
DLC1,17.192705078104236,2.392959194187443e-31
NME2,-3.480109307440543,0.000749741441857222
RASGRP4,17.612566540243925,3.9869710018378297e-32
RAB33B,8.873720103601302,3.356251576282794e-14
NDUFB3,-3.242026827708744,0.001622513940184735
SLC25A27,6.234621419144964,1.1458129290701362e-08
CRTAC1,11.54379516774864,5.63646480058942e-20
LTB4R,-5.260814417311407,8.438137064844965e-07
TYRP1,7.694152802211407,1.1331050428063041e-11
GABRB2,4.379179051620778,2.985938975614014e-05
SNRPG,-8.155669673660164,1.1794890680414686e-12
DIEXF,-9.10521103204778,1.0584645612666732e-14
ZFYVE28,3.93690744155731,0.00015447340722401368
PLEKHA1,2.0606805396160763,0.041982763664124345
MALSU1,-2.910363691158585,0.004468415762365612
KAT7,-3.0944893807588216,0.0025696967781460235
PINK1,11.338545311092538,1.5518827947401094e-19
PIAS2,-3.9664067100656695,0.00013890182357694344
NME6,2.146891331671097,0.0342695759837845
DBNDD2,4.9193025939248605,3.502726561607451e-06
RP11-3B7.1,6.274334477900203,9.55365354336986e-09
MCMBP,-2.9561401347065552,0.0039026519200720897
PARD3,-8.057485470458671,1.9125464551968857e-12
CCDC42B,4.0885936351125896,8.898042473934196e-05
PELP1,-5.001043399128469,2.5027696467413544e-06
MPP6,-7.755327381741396,8.407724717709934e-12
MCTS1,-7.139189213861088,1.65441597711843e-10
ALDH1B1,-4.650261302669464,1.0365755654609998e-05
NANOS3,2.231511807830763,0.027925788427803768
INCA1,14.705765178057458,1.539474119424528e-26
IL17RB,3.1140759745671103,0.0024195484700697645
FAM228A,3.2902778769795,0.001391632971996003
NRP1,10.82358241394953,1.992576306406792e-18
CRTAM,11.346899194240079,1.4891294119419046e-19
SLC38A2,-4.4450980528934085,2.316445972577916e-05
EFNB1,-3.4437935099972647,0.0008454181401671239
ZNF519,-5.221465133431483,9.966685501269433e-07
AC005779.2,-2.1155762674502863,0.036916030491860194
TTC21A,7.009785917657376,3.067544600579005e-10
ARF6,-3.895896475846999,0.00017891510852032912
FGFBP2,-2.4833027086834343,0.014715120164380077
CWC25,6.316252155789553,7.881981236787987e-09
NCEH1,2.142794945238116,0.03460613153296539
PLAUR,3.0241478104172415,0.0031831610494085162
SULT1A3,8.524582400587539,1.903308904582462e-13
SMIM14,7.179241235701039,1.3657420649143755e-10
RP11-796G6.2,5.217429127071375,1.0137981449306573e-06
TCEAL4,4.5115772973265775,1.7891890259446625e-05
HIST1H2AD,-2.9315442159812792,0.004197861240388181
ADORA2B,-4.908084386837396,3.6672557711550725e-06
YTHDF1,-6.135569772676152,1.7995404887566964e-08
AACS,-4.999109690506547,2.5228364517669405e-06
YIF1B,-4.797844624587974,5.740195638166595e-06
ZC3H7A,8.7837994521273,5.25110403013675e-14
PTPRJ,6.67053830049167,1.5226381137838855e-09
HID1,8.090030954539706,1.6295870758872403e-12
MMEL1,4.067991082195245,9.59757211744136e-05
USP53,7.862663414048061,4.974929015855318e-12
DRD4,-4.046129436912053,0.00010397398905666406
TMEM175,9.479095960773696,1.635703386996333e-15
PRCD,4.384678509969804,2.923609304419099e-05
LGALS3,10.659750865189837,4.501482876435302e-18
LSMEM2,5.626040106983502,1.748616835709825e-07
DEFB1,-3.025766415950202,0.0031676379560613755
GIPC3,10.469048012559371,1.164027707202447e-17
RBM10,-4.71484274640717,8.013660779319971e-06
HSPE1,-8.058634944598587,1.901765372753421e-12
CALHM2,9.613783877169201,8.342891309304189e-16
LPGAT1,-4.860884827030551,4.44577041663321e-06
C5orf45,8.08010676096525,1.7111419781909416e-12
PLAC1,-4.128987463530674,7.665826640813741e-05
RRP12,-2.034945031150189,0.04455690466686642
PSMD13,-5.215667070580959,1.0213665578272257e-06
SDK2,-4.669187227331402,9.61469954855981e-06
MCM2,-10.628839060438372,5.250427064832817e-18
SYTL5,-3.1276150756037366,0.0023205697213678858
STYK1,-10.247867835475493,3.509063316541818e-17
LRG1,3.4306651116605082,0.0008827516621937669
PPIP5K1,-3.7070268797509898,0.00034747618099088893
PCF11,6.754022587789704,1.0289457969997437e-09
RIPK4,-6.36960766108445,6.1660265617977385e-09
MTL5,-8.841839545098493,3.933654690045579e-14
AKT1S1,-7.406612647218855,4.573698255934803e-11
MEGF6,5.634698264611126,1.6835635994392992e-07
C17orf61-PLSCR3,4.141126282356948,7.328736044759686e-05
DCAF5,6.484038938274417,3.6325093557599635e-09
KPNA7,2.599246604325671,0.010785521989300332
AXDND1,-3.1629850516343803,0.002079479332981805
DCUN1D5,-10.250853029916467,3.4571574970573713e-17
IRX2,8.916372886961033,2.7138440592983e-14
EFHC2,3.84047418370859,0.00021786394279392675
NSUN6,-3.6170398520829408,0.00047316983912980726
IKZF3,3.3871644469894426,0.0010178458564748865
ZMYND19,-10.194128293652131,4.588993446511167e-17
OGFR,4.797548080784747,5.747075151539254e-06
ZNF319,2.3676289620296176,0.019866427933881686
ICOS,5.48862201400451,3.1801407765686187e-07
CLDN10,-4.430284447061958,2.45292362855676e-05
ANO6,9.303503013745114,3.933154755006144e-15
ZNF652,3.074833276160343,0.0027290372003959517
HSF4,-2.9835286381365402,0.0035965274729799824
ARHGEF3,18.790132750174116,2.9470051595322733e-34
CD96,3.1902754346350695,0.0019096320251505772
ORC4,-4.7482445004928655,7.009490456737365e-06
SMC2,-7.969626075592476,2.944948748276918e-12
AD000671.6,4.11183318653841,8.167672009432375e-05
GPI,-9.670586857780226,6.280455050540718e-16
PBXIP1,10.028348828627333,1.0504026661423454e-16
COBLL1,2.0316410516979877,0.04489697591885027
CCPG1,13.576472165905846,3.0145035477715564e-24
LCN6,5.895282340871519,5.314085357517864e-08
ICT1,-5.591275892172807,2.0355808535348661e-07
PDCD11,-7.838939725509223,5.587408924859931e-12
TIMM50,-5.749809506677767,1.0144697350892446e-07
PLAGL1,12.08089023541271,4.040347935777127e-21
CARM1,-10.663411386604325,4.4201987108917684e-18
ZBTB9,-5.290208177533186,7.448334379281161e-07
NMD3,-5.841739926869576,6.747410520454653e-08
CNGA3,2.1814251490664773,0.031543469664317245
PHTF2,-8.241760952530337,7.714155502400492e-13
DAGLA,6.74832080175314,1.0569129092935228e-09
ITGB3,2.5465162414769753,0.012437368315246673
RNF14,6.252710542284044,1.0548212719784881e-08
AC011484.1,3.973797619086992,0.00013524230276293627
ATP4A,-3.682859527824743,0.0003777000267046517
ZNF587,-4.692406352212057,8.765143052041602e-06
ZFP69B,-6.156845683700274,1.6336373441840726e-08
KBTBD11,8.198086210242522,9.569233917391608e-13
PAPOLB,2.92931697372228,0.004225584593725112
SNRK,14.64858350546783,2.003800941119124e-26
ISOC1,4.997067768534064,2.54419640650437e-06
GALR3,-3.0918077965131423,0.002590913998360336
KLC1,4.044926927205811,0.00010443198079200466
ENG,16.0510352457331,3.5026398034735263e-29
SEPT4,16.625584639914308,2.7902223248438646e-30
HPS6,2.4489235974308303,0.016104697461151948
TLR3,11.870766704109952,1.1298809643440634e-20
C10orf32,20.1604143437475,1.2117093444293227e-36
CAMKMT,-3.5802502570220915,0.000536067471542262
KLRG1,8.161417084594838,1.1465494433643281e-12
PATZ1,-3.5798792563922204,0.0005367403053440958
WFIKKN2,4.400872786398256,2.7472733259068512e-05
ZCCHC2,5.748303054617361,1.0212473345505013e-07
LY6G5B,3.6826929887278217,0.0003779167076242453
C19orf26,-4.621882035323221,1.1599571907761983e-05
IFI27L1,2.5263446809642396,0.013127181283871959
BRAP,-6.92385085932691,4.613840877061789e-10
AUNIP,-11.062660098961807,6.080516231379484e-19
COLGALT1,-4.589186133498692,1.31978064724824e-05
GSDMC,-6.90503142359631,5.044240317043155e-10
CLN5,11.030560542204313,7.129729929499433e-19
DDX56,-6.615664228524172,1.9682704044749805e-09
FGG,3.948264044945681,0.00014829077457598536
CCDC7,2.2864527264361563,0.02438011371663852
XRCC1,-2.7856599736796994,0.006413727561453154
WNT5B,-4.520549121214071,1.727607043919314e-05
LCP1,11.216732993577311,2.834488700121398e-19
BCL11A,-8.005800335808733,2.4656844462926595e-12
UGDH,-4.990228408338456,2.6170324207862642e-06
PRDM13,-4.576030430957322,1.3899346196622012e-05
RHOG,9.215627253964067,6.100005214958335e-15
CTD-2192J16.24,-2.6149348206822087,0.010333803604233584
ENDOD1,-2.0302000590857334,0.04504598869163185
RAVER1,-5.211951736541258,1.0375060925985464e-06
MBTPS1,3.245120254374655,0.0016066986419537635
KLHL14,1.9891281797831122,0.049474751074895545
SCRT1,-2.978298034624956,0.003653220365092428
DCDC2B,4.463045673458359,2.1609050141142346e-05
OPN3,2.8977025901286786,0.004637714517533335
KLHL42,-5.835848071992481,6.926668341605971e-08
ATP2A3,5.674808265152636,1.4118954741489964e-07
TM6SF2,-3.5576557362975274,0.0005785333229864726
CCDC137,-10.831214524330097,1.9184026951187222e-18
PCDHB7,3.287699438706141,0.00140314901876271
RBM47,10.392892593052375,1.701745145669654e-17
CDAN1,-5.94522189240712,4.2494769041052775e-08
CYP3A5,5.9127259504007,4.915344097909757e-08
TRDN,-3.1611837988753413,0.0020911707029876735
MAGEA4,-4.817822003894443,5.294718662034032e-06
BTC,7.811384797907625,6.39350324820738e-12
RCAN3,-2.868623455524699,0.005049103078215493
IGLON5,-2.577723444001176,0.011434244896874881
BAZ2B,8.171895069016365,1.088837871319213e-12
CALCR,2.0564107369018307,0.04240078904444072
EBF2,3.0745195534018537,0.0027316531172425036
YY2,-3.9099133863770477,0.0001701730557832247
FBXO3,2.8530392841697827,0.005283114911777152
POLR3A,-4.8578179720525245,4.501573259756029e-06
C10orf115,8.670820775780689,9.209252959573331e-14
RTN4IP1,-6.877039755895454,5.758992689124331e-10
HNRNPUL2-BSCL2,-3.169641600100953,0.002036799855379816
AOX1,6.279259441557046,9.340409806947221e-09
PLK3,7.156914514195479,1.5198695670319064e-10
OR7C1,-3.3692736515168953,0.0010788579156510447
GNG5,9.26139149172656,4.8538313433546815e-15
APOL4,2.4649781534657795,0.015441829885061448
IRGQ,-2.57666619085677,0.011466999111824675
MYOCD,9.703875937602666,5.317597523088493e-16
PRICKLE1,5.849849532157116,6.508118821272986e-08
ESF1,-6.8423631853068665,6.784850407428372e-10
NUB1,3.389803505290308,0.0010091253265450705
AWAT1,-2.252627355760257,0.026512911148942626
FAM170A,3.1669940093798346,0.0020536766097520175
PDK3,-5.089353545828505,1.7349420041028681e-06
EML2,-2.3258301523030687,0.02208865729324043
ETS1,9.156371766920438,8.19967316060716e-15
EXD3,3.5361338361060013,0.0006219244907186552
HEG1,10.865316871531501,1.6193445236582852e-18
SLC38A4,-3.959306016163392,0.00014250670631111778
PAPSS2,14.982528519489462,4.322163796464039e-27
ZNF766,-3.219840945871508,0.001740274873062444
FAM122C,2.9787356182416254,0.003648446093244294
FAM24B,-5.38957683405858,4.872763267482686e-07
C3orf67,-8.535680457726265,1.801376001505431e-13
ANKHD1,4.129892315885947,7.640194308286621e-05
VSTM4,11.927176840526009,8.56997826934844e-21
AFTPH,-4.430940493555236,2.4467184809425567e-05
TADA1,-5.063856975578898,1.9292083823359233e-06
HSP90AB1,-7.684169967132221,1.1895887090170906e-11
RP11-383H13.1,-3.7773387174978286,0.0002720671330008096
FAM199X,-5.551080894552125,2.42524474127961e-07
RP11-332O19.5,-2.5860250313073068,0.01117997402051486
PIGK,2.706255293614768,0.008027455181711806
GSTM4,-2.6202908169299755,0.010183544946556544
RIPPLY2,-3.988355719641147,0.0001283019716881023
GSG1,2.0156888742674406,0.046570333644286026
NOMO1,-7.443979180092767,3.817919662985777e-11
RASAL2,2.624773338760744,0.010059312124031711
SYDE1,7.704689191408019,1.0763799502352613e-11
POLE,-7.53332313120575,2.476774356029459e-11
WDYHV1,-9.121665419241456,9.750322760555598e-15
KTI12,-2.7786759643599384,0.006542758584017076
PAX7,-3.0056538129187578,0.0033655928239687523
KCMF1,-11.971924332338244,6.883780687792364e-21
DPCR1,10.790596255091423,2.3476592022853446e-18
DDX54,-6.446978332289293,4.313142989759644e-09
CARD8,12.13509862638961,3.100699443802318e-21
CHRDL1,15.696902229605332,1.7008015056130626e-28
PFN2,-8.78451979271076,5.232317244942552e-14
AKR7A3,-4.340771579995247,3.458395812638689e-05
C10orf62,-2.8528569409628606,0.005285910911098348
AC006547.14,5.401891036991878,4.6219137201285636e-07
VWDE,-4.383633745331407,2.9353530158871442e-05
TRRAP,-2.0994928303091673,0.03834267653446683
APOL3,14.696555425901774,1.6061994596350474e-26
NRGN,12.918839249053626,6.956158695660929e-23
ATL2,-6.325793798615133,7.543819643266486e-09
COL11A2,-2.044514883958004,0.043584326394046836
ZNF28,-3.8526941270750865,0.00020863731241703632
ITGB2,9.083995079705636,1.176647385189332e-14
IFLTD1,4.326921516995538,3.6458393508820034e-05
TMEM14A,-6.874046877768716,5.841112603817429e-10
CTSH,14.753176997835249,1.2375994842106217e-26
YIF1A,-4.481755388574332,2.009519165941177e-05
KIAA0391,-3.7652361583400853,0.0002838282852821863
APBA2,-5.486033367143994,3.2159594441994107e-07
TMC4,3.637561971475903,0.0004411892303398962
NIPAL3,4.7822684098469574,6.112597524625871e-06
TIMM8B,-3.9291456712300876,0.0001588398758496351
DPH6,-7.128644682268169,1.7399918323757666e-10
AMACR,-3.3119839882587385,0.0012981363668755842
TSEN15,-5.286708862417287,7.559934166726113e-07
RHBG,-4.661629459101207,9.90806878357265e-06
C2orf48,-4.314701262621529,3.819326043851835e-05
APITD1-CORT,-3.6331738018684967,0.00044785038046268546
FRY,20.18593185887281,1.0962422918914093e-36
FYCO1,16.49487029286557,4.94330491615938e-30
KIAA1109,9.173141152315655,7.541276359890502e-15
MAP2K4,4.155963795786133,6.93601058086325e-05
ZNF598,-8.475368207294107,2.42922953121137e-13
ZBED3,13.277812816070984,1.2468448513901573e-23
DIXDC1,11.443832362331369,9.22724277826138e-20
FAIM2,3.532260880468977,0.0006300523017578438
PTPN13,4.267315709191536,4.5703578209419796e-05
AC007461.1,-3.0474995427330205,0.0029658826249817083
MYOZ3,5.055503331197475,1.9973545725365315e-06
GATSL2,-4.648708128083916,1.0429857084650947e-05
HS3ST2,4.124841347383852,7.784335783632491e-05
FDXR,-4.573959474214274,1.4013021254646332e-05
MAGEA2B,-3.8022453333295494,0.00024930610078089424
AKAP7,7.55459801708333,2.2338561551162356e-11
ZMAT1,8.813223294087619,4.5358649123914024e-14
SLC27A4,-5.291298508648055,7.413892044539077e-07
DMD,2.1308107149375455,0.035607255977491335
KLHL41,9.990950699515109,1.266238955120601e-16
FIGNL1,-8.738355483265863,6.582996555953785e-14
CRIP1,7.040990149630828,2.64399287533666e-10
IFT88,8.70704727009209,7.691827315284365e-14
CKMT1A,-7.8973293127698225,4.198096609003279e-12
PAIP2,8.354857409262362,4.411535485177193e-13
SLC25A39,-12.265262328558535,1.6438945414101988e-21
RSPH1,4.252921426796833,4.825373168928627e-05
S1PR1,15.89537113336247,7.001735147981698e-29
EIF5B,-6.629749802835,1.8428789871012709e-09
CCNB1IP1,-2.0528778219910913,0.04274936881575822
FSIP1,3.437936520497532,0.0008618862832686029
ALG10,-7.112947702752374,1.8755781135109472e-10
CAMK2A,7.960549774661684,3.0790910284468912e-12
PAPD7,-5.144112722690556,1.3800187090454936e-06
PPP1R3D,-3.758263431599038,0.000290822266640268
NEK9,5.1377366363955,1.4173825008944012e-06
PRUNE,-3.9779355696063483,0.00013323390306964529
RP11-87C12.2,-3.663037074993449,0.0004043359314774432
APOC2,5.494027427786733,3.106603017997353e-07
POLR3E,-5.021413976614708,2.300605852777404e-06
LRRC70,9.553072070343811,1.1301110198719098e-15
ULK3,-4.452467428656953,2.2513138022787375e-05
PKHD1L1,5.97480500134505,3.720978080092448e-08
PPAPDC1A,-5.277048698370646,7.87657150087554e-07
SLC15A3,12.08208346276868,4.016864047622233e-21
RRP1B,-7.726312419757249,9.68658550607435e-12
UBA7,11.16546100745122,3.6535175601903476e-19
SYNPO2,2.8976107072847688,0.004638964406152284
UHRF1BP1L,5.8178302268473505,7.50441330168889e-08
MPND,3.0986222277533764,0.002537312569310167
PTPLB,-3.0625158662324763,0.002833508035904951
SH3GLB2,3.8831430229247013,0.0001872402835431186
HPGD,9.747939141479861,4.2662631629299126e-16
WSB1,8.150736008442992,1.2085156171651166e-12
CASKIN2,12.21337770250858,2.116645660512804e-21
RB1,2.4085560378251776,0.01788490997862108
EPO,-3.2018803753063394,0.0018414024736970404
DGCR6L,-3.68488507417711,0.0003750740456006197
WDR16,4.649102327784106,1.0413551681132728e-05
HYAL2,12.435721142169417,7.177375637966065e-22
HIP1R,-2.8096976920462957,0.005987195123020051
TAL2,-2.0288869135124696,0.04518214935746554
TTI2,-3.777068551006591,0.00027232454182235007
REEP5,6.14785240140118,1.7018392400584668e-08
STK19,2.687345614240504,0.008462572721565286
SHH,7.528846197290439,2.5311427352092514e-11
DNAAF2,-4.925496583417731,3.414986224948455e-06
RAVER2,2.669446953510276,0.008894041872021358
FRZB,5.760514170404282,9.675654766515079e-08
YBX3,-4.781977239940888,6.119777683312074e-06
BOLL,-4.547085242035618,1.5572296806077067e-05
SPICE1,-8.208799861072112,9.076670479362997e-13
AKTIP,13.493557823861504,4.466570194096547e-24
SLFN14,6.60746661474309,2.045092649945435e-09
DSG1,-2.116039900736794,0.036875594758967005
MANBA,3.873248024882176,0.0001939528779850044
KCNG1,-6.497342676516168,3.415031202192378e-09
TBC1D2B,10.414616000851659,1.5270007770238177e-17
TMEM223,-4.579761866050404,1.369677712794783e-05
MAP3K3,20.18774075714123,1.088490804204656e-36
RP11-595B24.2,1.9919954332851098,0.049153961362135824
UTRN,15.070890493817924,2.8868490202682223e-27
RAI2,21.42049409360398,9.456077061365135e-39
MAGEA1,-3.340706229715645,0.0011834469174224248
GOT2,-9.159378224840806,8.077548770158146e-15
SAP130,-6.7412609037499225,1.0925859028014698e-09
AIDA,5.523187336953581,2.737741489659231e-07
KAT2B,17.65607700487663,3.315457457124021e-32
DISP2,-2.9729395514932473,0.003712153931217714
SCGN,3.412946975032241,0.0009356019198538588
TFIP11,-2.949068880645361,0.003985500664161284
KIF12,5.728776401857837,1.1132290704452303e-07
GOLGA8I,8.050866919761852,1.975817194565581e-12
PRKRIP1,-3.2247529934809114,0.0017135342253790232
ARG2,-3.7677804557547425,0.00028131630563102167
NIPSNAP1,-9.710585083848207,5.142198741488184e-16
SMG5,-4.642209891754524,1.0702239536163322e-05
LPCAT1,11.950301153298978,7.652414267531746e-21
GTPBP10,-4.6541227059080885,1.0208041538955114e-05
ASCC3,-7.396833742047202,4.7948986291310584e-11
SGSM1,7.306517117375197,7.411376709298588e-11
CMA1,5.778693287366168,8.927461145445312e-08
IDH3B,-3.6559716970573075,0.0004142533703721517
DNASE1L1,3.1495132640588097,0.0021684159858765886
NCKAP5L,6.70014299158594,1.325318185904074e-09
CDX2,-2.698738922900262,0.008197914169606666
GAS7,8.998299220450816,1.8040869975350778e-14
OR10H1,-3.1500686050102336,0.002164680894996584
C14orf80,-4.672335455448916,9.494996225125144e-06
TMEM132A,-11.266001594708772,2.221322870898227e-19
MPP4,-2.9566968790590566,0.0038961968670352845
SNRNP25,-6.197152389480128,1.3596246296141347e-08
ZDHHC3,5.662904826708126,1.4876797174257631e-07
OR52N4,8.189893277315583,9.96379345182064e-13
UBL4A,-5.046049681021469,2.0773073261420573e-06
HIST1H3E,-3.392767675671444,0.0009994142362094594
CNNM1,-6.647232806710085,1.6981839629990733e-09
CYB5D2,7.94231602805321,3.3672289051294348e-12
AC011997.1,-3.7123176320054085,0.00034117316891769435
MARCH6,-5.557620660165132,2.3572015928855773e-07
ZNF850,-3.7389465813332765,0.0003110641276675157
LAMTOR1,5.432883446520268,4.0452075698770703e-07
KPNA3,2.8982116891700254,0.004630794816719688
WFDC13,7.573163922438613,2.0413076367504422e-11
RND1,5.587189898522357,2.072204043042548e-07
APOPT1,-5.018514988209695,2.328373187967547e-06
SUMO1,-2.2168676429215077,0.028943957370996715
KIAA0195,3.171781917635588,0.002023251188790018
LYVE1,10.71079707845485,3.491560365412643e-18
ME3,6.590079740391854,2.2179792168056825e-09
ARL2,4.55781686438032,1.4930476154073418e-05
ACRC,3.921612714890325,0.00016319021362689798
TOR4A,8.053039592114738,1.954820853379903e-12
ATXN7,9.073973664969136,1.2369668235886278e-14
EPRS,-8.3438869871228,4.657499775647797e-13
EIF4G1,-11.292795602444446,1.945661994628393e-19
NR0B2,12.781706740659798,1.3460875703588296e-22
PSMC4,-6.361840294123469,6.390710580106997e-09
HTRA4,2.4895237076208967,0.014475459648588297
RASSF4,4.154319238022733,6.978522544334972e-05
MARCO,13.61246469300601,2.5421030036276926e-24
TMPRSS13,-6.211542872412909,1.2732148642824694e-08
PKN3,5.276515691140328,7.894414718090169e-07
SLCO1B1,-4.684487244642611,9.046367045098e-06
GPD1L,17.641038826689883,3.533587750501535e-32
JOSD1,-2.3115088967058064,0.02289904964132565
PCMTD1,7.685812225324275,1.1801079423424243e-11
POP5,-3.691651717649677,0.0003664266234684635
DBT,-2.08763388923037,0.03942484983929947
KLHL6,6.355280755376952,6.5867374637640144e-09
FBXO21,3.501343009014518,0.000698628882274919
CD226,8.552644925264874,1.6559837631206248e-13
UBE2F-SCLY,-2.758333098440204,0.006932220518862472
CD44,-2.177699708179687,0.03182817648346269
USP25,9.927589040426142,1.7379581143232962e-16
NKX1-2,-3.7633886956357774,0.00028566563747487746
C4orf33,8.030413839071143,2.1848116902877215e-12
MFSD6,3.568762512785505,0.0005572758090444017
BPIFB4,-2.225325041100836,0.02835204950985539
PAN3,3.432596375898997,0.0008771639851918662
NDUFB9,-5.8969488602521185,5.274655157933073e-08
C1orf192,4.870042617587551,4.283114677524491e-06
KIAA1009,2.8354542476695506,0.005559089254910473
TTLL12,-12.607585307983939,3.1208247001262504e-22
LIMCH1,17.064289784044497,4.158325476061832e-31
SFXN3,10.32764691934133,2.3564705875242874e-17
CLP1,-3.5428445139495,0.000608075417419273
COMMD10,5.760752378758938,9.665463453563041e-08
RSPH4A,5.377545330797029,5.130708328629829e-07
FOPNL,-4.254275558686689,4.800810978980897e-05
OVCH1-AS1,2.9243953304645287,0.004287445151771119
GSTA5,3.3705633424268235,0.0010743473564650498
ZNF565,-2.202648922868421,0.029963442767447657
AC073333.1,-3.4567590474271395,0.0008100108248962782
GTF2IRD2B,8.869833352482612,3.421848361440028e-14
DDX52,-6.398045805452736,5.407994140675611e-09
HBG1,3.5904918183359813,0.0005178057045425671
KIAA1614,2.768087002680157,0.006742917927772059
RSBN1,7.497876078314073,2.941139766467133e-11
MSL1,-2.3107111388496326,0.02294495354994818
FGD4,12.625224397784015,2.8656013385128676e-22
TPX2,-10.282850725773384,2.9468160274607744e-17
AXL,8.620895767771808,1.1801299830991495e-13
TSPAN6,-5.453440404319134,3.7022126129328533e-07
SULT1A4,9.843119304145985,2.6509768120263224e-16
TMEM216,-6.364007008936711,6.327234221710994e-09
FANCI,-12.871675737561548,8.727349929038128e-23
RHBDD2,5.48222345856456,3.2693967467051575e-07
PKDCC,7.0267225430053815,2.829933651154729e-10
C10orf25,12.524725295614783,4.661242051604864e-22
USP2,4.14135827346826,7.322434454952716e-05
KIF2A,-5.835396228992341,6.940607264098647e-08
INHBC,-3.769829681306092,0.0002793085010524265
FGFR1OP,-6.472565702346111,3.831015127943019e-09
TBKBP1,4.545139387164637,1.5691496818142682e-05
ARHGEF5,-6.810500858979525,7.885985881561821e-10
ARL2BP,3.512128167106526,0.0006739441868655934
RCVRN,3.740738019534777,0.0003091319818692326
SLC26A8,3.676402574012681,0.0003861879655233085
WDR13,6.35488667067828,6.5987016083456585e-09
NMB,-3.6535875868264474,0.00041765160183500745
SMIM15,-2.8297849624060913,0.005650838323813965
SSBP1,-9.689532077461612,5.712920943250368e-16
PTPN12,3.891082691480698,0.00018201505401785846
PAG1,12.447463827977902,6.77976211557928e-22
ARTN,-8.754345960099894,6.079739008986368e-14
PPP5D1,10.44831428835449,1.2907982782047044e-17
TMEM213,5.592365675433602,2.0259207664268315e-07
LRRC3,2.0428174925647613,0.04375549119251448
IDS,7.411167346183757,4.4741589633627605e-11
SMARCB1,-9.981093720057588,1.330173623863248e-16
PEX6,-2.0405152213041413,0.043988572842265164
TWF2,8.347424016337724,4.576739956416248e-13
PON3,6.3677483116225275,6.219090714846463e-09
DSE,-2.155255843067106,0.033591165813207424
MYO7A,-3.170539531974997,0.0020311054960073407
C7orf49,-3.129175459130987,0.00230940759029045
UBE2W,-3.023406993885181,0.003190289240682107
CELSR3,-5.503078323909016,2.987185316233851e-07
AP003068.6,-2.654285873564352,0.009275020643158691
CTNNBIP1,-4.042157492257365,0.00010549411999223284
COMMD2,-5.803968171839606,7.980909530571523e-08
HPR,5.26843542699264,8.169804434586318e-07
KIAA1598,8.130449013035495,1.3355390747497418e-12
FAM203A,-6.086703912578817,2.2460490835698103e-08
CLPP,-3.404129823304493,0.0009629977541320906
FAM76A,7.354983520724852,5.867943925393219e-11
S100A14,-4.284234374623416,4.2871927849025866e-05
ALG14,2.434434395551236,0.01672461350058619
RBBP8,-5.224280713452365,9.84886493379678e-07
EAF1,7.028379702384339,2.807688490194713e-10
ABHD8,2.1551802310987056,0.033597245760293964
TMED3,-6.027690513830338,2.932577732003063e-08
NEGR1,11.706549252550763,2.53013214693085e-20
FADS6,-3.87774183311942,0.0001908763810749649
CCDC19,4.625613997239342,1.142954305978882e-05
ADRA1A,7.970100559042066,2.9380984079961838e-12
SLC45A3,3.813955394625087,0.00023924264088864128
NECAB3,7.301496083462205,7.592680822442887e-11
SART1,-2.303782486388721,0.023347061483328397
PLK1,-13.407547627243826,6.721296471280703e-24
RPL6,-4.32549971230229,3.665626839444091e-05
ZNF787,-2.9689431547434237,0.003756676941396256
RAP1B,4.649600647849158,1.0392974877826463e-05
LANCL1,-2.3194264482028735,0.02244783785013953
XRCC5,-4.713201625923852,8.066439362757534e-06
GPR180,-3.102973557808898,0.002503626226328847
CYP26A1,-4.0921797656276695,8.781387334203038e-05
ZNF326,-7.5842144235697475,1.9346288647535543e-11
POU3F2,-3.0530829424647665,0.0029160076556754523
SNTN,4.837432115389358,4.8902009464477366e-06
DYDC1,3.6598912401487813,0.0004087235023724429
ZKSCAN1,-4.652367564009744,1.0279437527033896e-05
C20orf85,5.062321660446978,1.9415605224278684e-06
NXPH3,12.36386613278199,1.017516543747062e-21
SGPL1,-9.958362888080412,1.4901957995961062e-16
SLC52A1,-4.705672480915339,8.312932449689484e-06
SERP2,9.283121437564345,4.3546444288363995e-15
LGALS7,-3.0908540491300998,0.002598499359769733
SMARCA2,5.2972188240103675,7.229577597496868e-07
TUSC5,3.6933477853470826,0.00036428898725214033
RHBDL3,-2.962719971465501,0.0038269901414312983
NXPH4,-8.516949024270534,1.9767381289672866e-13
PCDHGA8,4.550666895873503,1.5355177445027975e-05
FAM186B,-3.6687385330627014,0.0003964975854718222
NECAP2,11.62827673012868,3.7182118815215315e-20
DUSP12,-4.522265174223302,1.7160640925630743e-05
RIPK3,11.728238880810526,2.2743079342760126e-20
EEF1E1,-4.461205013567268,2.1763802789291737e-05
PLA2G12B,8.976067850213004,2.015528139769425e-14
POLD4,4.476842304832039,2.04824899696664e-05
UPK1B,-4.221293470221937,5.434695427333438e-05
NDE1,-11.446954329085294,9.086191156812448e-20
METTL12,-4.096331151356081,8.648176492432791e-05
CACNA1D,15.71953291795772,1.536717095032294e-28
MC4R,-2.084997909965793,0.03966893807591924
OSGIN1,-2.759444763736693,0.006910403336705713
FLNB,-2.4357079157395596,0.01666928592667988
CCDC28B,-2.522615802013786,0.013258397679545687
CLTCL1,-6.116259436205837,1.964430502886908e-08
NFIA,3.3317465501577925,0.0012181614965071465
HNRNPA2B1,-7.566861384465232,2.1047476358529615e-11
SAAL1,-9.071089162546334,1.2548942644068516e-14
CLCC1,4.295950662413008,4.101083407560503e-05
C12orf4,-3.5601376528732436,0.0005737176494474229
GALNT5,8.155788258758577,1.1788000015080593e-12
SEPT2,3.7037804146674005,0.0003513983603007592
MGAT1,8.374487974893864,4.0032702915430704e-13
PSMA7,-6.520549993941529,3.0660301625261015e-09
PCDHA12,13.74406475516642,1.3648189816377038e-24
PTCHD2,-2.825556261642646,0.005720174417305009
NUP62CL,-4.449668663343612,2.27583876843313e-05
TMEM200C,-3.2751060507258503,0.0014606878083504502
CRIPT,-6.5089964384800005,3.2351309939818194e-09
MYO1E,-4.642792657030362,1.0677533349914404e-05
PCDP1,13.816848640058508,9.68373875492605e-25
ZSWIM1,-4.308921934963896,3.9041183667860436e-05
ATG9A,-2.9476182771041017,0.004002695497684487
WDR38,4.612790403875566,1.2024110773339298e-05
HOXD1,6.406144487096771,5.209491114223136e-09
KDM4C,6.482968552079951,3.650590518959301e-09
MRPS24,-6.364817587537455,6.3036477492788225e-09
C9orf153,5.313499398594598,6.745523478354705e-07
DUSP1,11.887928604578306,1.0387157186860002e-20
SAMM50,-5.06999375123902,1.8805968424607777e-06
IQGAP3,-9.899330839091506,2.0016076383439943e-16
AKT2,-3.9176294976853123,0.00016553632042601448
PDLIM5,-2.610170991735915,0.010469129652892619
LMNB1,-8.1530273818001,1.1949472042961779e-12
KLHL18,4.899108965037767,3.804285467966402e-06
PCYOX1,7.455720960746662,3.607099579482257e-11
APC,8.312629688486242,5.435820491028744e-13
GPATCH1,-3.178336926436505,0.0019822771561137345
IDE,-5.2152753940084375,1.023056378123074e-06
NME5,6.956323734482281,3.9550604944909574e-10
C11orf21,10.659319822466827,4.5111524604572505e-18
GANC,13.132777085575425,2.493115688413331e-23
TBC1D15,6.766508501659892,9.702353118783505e-10
GRIN2D,-4.107866532585399,8.288125190196255e-05
HPCA,-2.8366500163837927,0.005539912631401938
AQP6,-2.138328354916486,0.034976366027264894
TMEM30A,6.933548018325226,4.4064804690341724e-10
UBAC1,-6.264816627699036,9.97946444336059e-09
PANK2,-3.8749848154346456,0.00019275829006633777
COL4A4,15.85843554307962,8.256115414086918e-29
MARS,-8.850744526174024,3.763062140448491e-14
NEU1,3.1122246637185085,0.0024333835362795064
IRF3,-4.03435401206396,0.0001085428805118315
DCAF6,-2.505897633891277,0.013861282944577514
USP47,5.416781797116299,4.3354275332101187e-07
DBN1,-6.096564322938302,2.1479333447864284e-08
CTD-2369P2.12,-5.59919017254171,1.9664415492718537e-07
VAMP7,2.8594395625178524,0.005185830008743702
FANCD2,-11.479380689124405,7.743056881685733e-20
PREPL,3.2866041337272076,0.0014080679126174615
TGM6,-2.6042888966516418,0.010638429762827353
PRR15L,9.62382643023868,7.934388651493776e-16
ERV3-1,-2.1383174730887284,0.03497727219575983
TBC1D3F,-2.076091565848437,0.04050331040727298
POLA2,-8.538783663698206,1.7738605434855303e-13
SHISA4,4.5380853277856215,1.6131064856684993e-05
TTC37,6.834744028096807,7.033440920586473e-10
DIO1,3.9474688776933937,0.00014871585389435613
MSMO1,5.4858942654131315,3.217895324810979e-07
GNRH1,3.069851750748721,0.002770850449721872
H1FX,-4.810786961486349,5.447619450908775e-06
IMPDH1,-2.369670281918545,0.019763164272995928
ARHGAP20,10.537861076116569,8.260544977392149e-18
LCE2D,-2.859685633792244,0.005182122717759485
PRKAR2A,8.031735767166232,2.170662453114498e-12
LTBP4,8.908387002801009,2.8239910801934822e-14
HIST1H4E,-5.393555379710963,4.790293658752652e-07
CETP,5.668615443344888,1.4508369667754574e-07
IL33,11.020945827940492,7.47799348398561e-19
RABEP2,-2.1095599745518747,0.03744422752366558
RP3-369A17.5,5.015567168574647,2.356943128826874e-06
KIF21A,-4.183467756588156,6.26084993594548e-05
ZNF93,-5.353492163771806,5.68708870857739e-07
PRKG2,4.173287547226451,6.503040227983208e-05
MON1A,6.49762497547085,3.4105586684239342e-09
POLR3B,-2.424730997168217,0.0171515768923479
LILRA2,9.571703291020352,1.0296131734543495e-15
PCDH9,10.412209252404066,1.545440222871512e-17
FRMD4B,9.842903463879706,2.653838603304383e-16
MRPL50,-2.764581465935706,0.006810403102716336
WDR25,7.506755360531187,2.8172754286685938e-11
CDK5RAP3,-2.4002901989119785,0.018270326033403637
C5orf49,5.434488905814008,4.017335880561164e-07
ANXA8L2,-2.195276159042595,0.03050430724992457
C12orf65,-2.2936931162071796,0.02394370885911951
RGS22,7.038240186565847,2.6788636097420743e-10
DCDC1,2.8585567632907196,0.005199150226170711
BCAP31,-4.1765822352285795,6.423689841980151e-05
MAT2A,4.757349534535475,6.757675474329892e-06
MMP16,-1.9917141399343496,0.04918535399710744
MAGEB16,-2.0774400846026246,0.04037601472773339
CTD-2260A17.2,2.3832137260596493,0.019090018634444005
NDUFA5,4.054458863472947,0.00010085404392836596
TREM1,11.830466354190989,1.37679142772501e-20
PUSL1,-5.722508270004492,1.1444458636360115e-07
PTGES3,-7.865193498272392,4.91368756427686e-12
SFTPD,16.98626114226052,5.823489988263829e-31
IQSEC3,7.608903990387826,1.7158825134407478e-11
ZNF483,7.074168950553146,2.2571199122838147e-10
LAGE3,-5.914056242748764,4.88617278521965e-08
ATP13A3,-7.37351048487581,5.366289215278899e-11
KRTAP5-6,-3.1916838022601466,0.0019012278187969783
MS4A7,13.620242548609916,2.4502211967613694e-24
KCNB1,5.501459452628168,3.0082091613125856e-07
HLA-DMB,11.25203354922862,2.3802251463131786e-19
TYMS,-8.634942670425504,1.1006082749068857e-13
CEL,-3.9720309580919375,0.0001361085632037072
PLEKHA8,-6.631854982586964,1.8248298919696917e-09
GBX2,-4.7317798768825865,7.488173715974611e-06
CATSPERD,4.958499736474484,2.9823693768265867e-06
DIAPH2,2.877043817281945,0.004926659110261915
NXF1,3.244696941669332,0.001608854308397212
RP11-514P8.7,6.406034847900214,5.2121297672342185e-09
FANCC,-4.478584695438253,2.0344318772080215e-05
CMTM5,6.940590533399202,4.261699691363478e-10
CLCF1,2.3754568759266137,0.019473021463237414
PRKCSH,-8.3467118943466,4.592886616562238e-13
ATXN1,3.972236474042445,0.00013600751888484584
WHAMM,4.837837235354865,4.88216934996131e-06
F2R,2.8988176888110706,0.0046225704125659635
SLC25A4,9.926260188219787,1.7495394628376573e-16
ATG16L2,5.9167591711825525,4.827425326924444e-08
DNAH12,4.630029291466212,1.1231499433370599e-05
ZNF730,-2.3518188022702446,0.020682540473421166
SLC25A38,9.502009405684614,1.458706238386614e-15
FOXF1,13.786116338217271,1.1192800972142134e-24
CCDC18,-5.401661588335342,4.6264700400964216e-07
NPB,-2.2373615535910547,0.027527917900089897
CCDC78,3.6086355933038385,0.0004868901279673015
OR56B4,-4.829556684810929,5.048909706547494e-06
BAZ1A,-3.0741009080598896,0.0027351475337128693
OTUD1,10.750976129852475,2.858958358971071e-18
SKA3,-12.607058251589764,3.128792314061834e-22
GSTM3,-2.648258262894419,0.009430550914279674
RPE,-7.287960043802867,8.103679096618618e-11
LUZP1,2.4621380591197264,0.015557287746968986
DAB2IP,5.1519025908234175,1.3356736061850478e-06
DDC8,3.0527286929265975,0.0029191488334428016
PCGF6,-5.845721995007816,6.628849004738126e-08
PNCK,-6.7307687656226705,1.1478140214111754e-09
ZNF217,-8.265193432469069,6.871383491304844e-13
MFAP3L,4.565156971612449,1.4506316894493275e-05
ITPKC,3.417761137257911,0.0009209549045729692
TSPAN2,6.305580892693073,8.277920322236846e-09
CENPA,-14.467963767645506,4.619431384472025e-26
RDM1,-8.410669352956493,3.346923936706594e-13
DEPDC5,-3.8195625192504967,0.00023456209831657117
ZNF692,-6.193650536412263,1.381511997422183e-08
CCDC33,3.8539923345996683,0.0002076792967861873
CNPPD1,11.108083053160808,4.854635351276345e-19
FMO2,12.583329024531642,3.5094939242598605e-22
FIGLA,3.1694359060622057,0.00203810638456657
KCNN1,-3.3099138258888945,0.0013067927549504496
KLHL33,7.672543606963732,1.2589085022621626e-11
FIBP,-6.323061662700748,7.639157329455195e-09
FLRT3,11.903714076419732,9.61390991753074e-21
TMEM2,7.902576600701056,4.091532000092303e-12
TMEM239,-2.6656991060220054,0.008986876587843745
HBA2,6.1859989836957,1.4305521335208047e-08
CLUL1,2.9669598313165606,0.0037789552161558416
CCDC174,5.919075683762128,4.777630014566403e-08
CALCOCO1,18.853676838840773,2.2725748635254755e-34
TSPYL5,-2.8883150811149982,0.004767025751176297
KLHL15,3.341142805758788,0.0011817793308263017
RHOH,3.4428507216686275,0.0008480488239873309
CTAGE6,-2.3822340480780424,0.019138019503673828
GGACT,-3.9378121884674604,0.0001539719610830613
ZNF426,2.6924855725233514,0.008342229096646106
C6orf141,-2.6399238395171625,0.009649494975837279
IQGAP2,10.368485462893178,1.9220768646722627e-17
UBE2R2,-3.924118852193638,0.00016173041894722908
CYP1A1,2.0210196423253888,0.046005309597663836
AMZ2,-6.90098813084828,5.141776885624074e-10
SLC25A40,-5.282031822194428,7.711650425086241e-07
COX7B,-2.9068223521516097,0.004515187074350637
ATXN2,6.036186822765564,2.8222896154532294e-08
RAB2B,7.214281058534582,1.1545393970560458e-10
MPPE1,9.255223024979585,5.005680391118999e-15
TRAF3,-5.333391774268401,6.196974202944824e-07
CEP63,-3.52243254180962,0.0006511307810330255
CRYM,9.096797330673922,1.1038438536665657e-14
CDRT4,2.7785574086399953,0.006544969243170666
SOD1,-4.6804179763992,9.194259870985684e-06
LRRC25,10.743641430602448,2.9651931140494392e-18
DNPH1,-4.943375222116721,3.1735591742947204e-06
PROX2,3.2717533446838587,0.0014763742222342138
FAM117B,-5.75636687517594,9.854790987752344e-08
LMOD3,11.85048322029794,1.2480367387666685e-20
FGGY,5.425358431766994,4.178390887185339e-07
HSP90B1,-8.18716320061016,1.0098836596836766e-12
CCDC14,-3.1398577855397694,0.0022343228032950424
FP15737,4.258722543259257,4.720992133739485e-05
CRBN,11.881484107302636,1.0720503956312439e-20
HPSE,-5.010897851929826,2.4028982521188823e-06
POU4F1,-3.623204393971567,0.00046333964582172634
ITPR2,3.491006090253056,0.0007230862874290076
GDPD5,6.133655592809023,1.8152566453097506e-08
WFS1,15.070224109774541,2.8956386987317206e-27
CDC73,-3.50468525082821,0.0006908894944210695
TAF6,-5.939076970140907,4.368186559181972e-08
BEST2,-2.9103871228806923,0.004468107783781237
STOML1,2.398226153481996,0.018367712136373764
AKAP13,14.195579505319563,1.6398040351396725e-25
RNF26,-7.018057240116584,2.9491301278926123e-10
PSD3,-5.854173101946695,6.383973637446316e-08
SCGB1A1,4.021993232489161,0.0001135455341130609
TRPV4,-7.106738797570822,1.9320556386929437e-10
CHST6,-2.3854398409052946,0.01898134371994682
KRT7,4.675048582265061,9.392997100345196e-06
FAM187B,5.42091484670178,4.259043650373446e-07
FCGR1A,10.127123023803337,6.412817013364057e-17
DNAJC4,2.987457666220508,0.0035544775326238763
CACNA1C,5.083594096784068,1.7770830327115294e-06
HORMAD1,-5.856951899002735,6.305416959137206e-08
FAM217B,-3.5207143752045607,0.0006548833739348154
STC2,-4.270720022417059,4.5119706934991265e-05
EMCN,15.974332977622673,4.925513959663222e-29
MIA2,11.254079914483308,2.3562516750121987e-19
NTRK2,-4.949187967606751,3.0987082427004028e-06
RP11-1220K2.2,-2.092856746433765,0.03894504182219622
C11orf73,-4.575367047408324,1.393566184575067e-05
RAB7A,-3.246834215719018,0.0015979980708858495
RANGRF,8.595421147664059,1.339246612518856e-13
SERF1A,2.748235771500848,0.0071332829817587
ZC3H12C,5.673678034869286,1.4189251626937234e-07
SAP30,-2.842757882196849,0.005442902507084607
EN2,-4.815531005015574,5.344047793726468e-06
CLDN20,-2.814293359069051,0.005908664664071279
TACC1,14.14199464850127,2.1060856004011163e-25
CCHCR1,-5.856702237551791,6.312435848473184e-08
GPR34,8.065462075913205,1.83896823369434e-12
BMX,4.881485398848764,4.0879942973150315e-06
NPIPB11,-3.311196928646453,0.0013014211080810431
ZNF407,3.4337991717807843,0.0008737008086436
PM20D2,-6.667630429559916,1.5435206345545528e-09
TAF6L,-4.777242061377501,6.237702262882345e-06
PDGFD,2.118451600968153,0.036665875775452446
CEP78,-8.408617634399484,3.3810927167170627e-13
AURKB,-13.50936737745244,4.143714514494984e-24
CASP8,3.807967007700439,0.00024433963271704027
PRB2,-2.576926975220344,0.011458912039488301
MIOX,-4.056099984535819,0.00010025000259273418
RFFL,-2.9589474903078856,0.0038702028642556177
MPP2,-4.716599359095372,7.95753931824924e-06
CENPP,-6.9851502466197735,3.448877513352267e-10
TRIAP1,-3.8770899293365986,0.00019131977417581744
CACNA1I,-2.5962827997600217,0.010872835395598123
UBE2M,-6.22020848484415,1.2238179061971257e-08
GLIPR2,16.63132795974408,2.7211167228623756e-30
DDX31,-3.77105273399465,0.0002781166743630264
JPH3,-2.713743938854905,0.007860835374008475
METTL13,-5.0998614758660255,1.6605549528508923e-06
CABIN1,5.925813713717035,4.6356460531013845e-08
UNC93B1,8.564414046375628,1.5620521318346945e-13
PCSK1,-6.861208733040217,6.206730026939721e-10
TEKT4,3.9932839080296825,0.00012603073230453657
FMO6P,-3.375280103191269,0.0010580013632269674
TAGLN2,2.7557736203969054,0.006982691022828383
NDUFB8,2.210135828644651,0.02942278883885125
GOLGA8M,6.803092246493867,8.166374034940101e-10
ARHGEF1,4.122998810051337,7.837563924139018e-05
NOL9,-2.2726498376142574,0.02523148877209593
NAT2,6.409802235686121,5.122213377016026e-09
SLC25A32,-2.2852385768038035,0.024453976267996353
UNC13D,10.064378083527272,8.773556000884824e-17
YWHAZ,-9.701429023940848,5.383046058382978e-16
SLC4A2,5.173712754498421,1.2187871334414292e-06
XG,-5.420119216203911,4.2736447173063924e-07
ATP5G2,-3.7540306111982584,0.00029514761785511093
TATDN1,-6.691154003469908,1.3823931397897356e-09
WDR43,-10.266767910375782,3.193130423983296e-17
TIMM17B,-5.232163741860823,9.526185439810085e-07
DNAJB7,-2.2391608959065485,0.027406538148806944
C6orf62,6.229709402447149,1.171830258722025e-08
MEIOB,-2.8741411219088175,0.0049685570327434436
SPR,-3.7076557144436895,0.00034672128358879993
ABI2,-2.4530239956442914,0.01593302650129196
TBC1D5,7.799904408992303,6.762568379293281e-12
AMH,-3.525548155862653,0.0006443778015153371
IRS1,-3.0242369542735026,0.003182304294776104
DOCK7,-5.793796126667071,8.349364055890931e-08
SAV1,2.3216854333033057,0.022320548220395264
TIMP3,12.615180098325911,3.0082489278735315e-22
CD5L,9.584457132200768,9.66019336808074e-16
PSMD10,-6.441701468507586,4.419787314091537e-09
ME1,-4.13149804723843,7.59491014640587e-05
SLC16A6,6.836322673845372,6.981204389903208e-10
IL36B,-2.14191555911207,0.03467875373398988
OVOL2,-3.2854240377834802,0.0014133856554936158
SNX30,14.956122929210878,4.877088243127907e-27
DQX1,-9.707408927716497,5.22450066928011e-16
GDF9,-2.9194109124979795,0.004350943572752045
EIF2S3,-5.773016423018629,9.154779838905801e-08
GPR56,-8.28727819241736,6.161266560187475e-13
MPHOSPH9,-9.325622378892708,3.521724082360277e-15
C19orf24,-5.748670078739761,1.0195919876817886e-07
CHRNA2,8.808062709650768,4.653873204610954e-14
C12orf36,-3.2208282753691573,0.0017348688741181757
IFNE,-4.729895220111217,7.544950295895372e-06
LDLRAD3,-3.0723228050759075,0.0027500355440059437
C2orf44,-8.243244199555587,7.657881502870844e-13
OR5M11,-4.128618442225833,7.676303824337485e-05
C1orf127,7.077739094217659,2.2189939821654723e-10
SLC1A7,10.26381831596959,3.240492234492335e-17
RORC,13.736195086973723,1.4164604725491045e-24
WDR35,4.22327160988519,5.394509782019718e-05
SNX16,-4.025289737092629,0.00011219019650187118
SLC20A2,-4.756793764985045,6.772791131489428e-06
RXRB,3.78756844368745,0.0002624890753773786
TPTE2,-2.466118492778386,0.015395687725696498
FCGR3B,6.565790418190496,2.4839336099086804e-09
CYB5D1,6.062252359239445,2.5088115137366416e-08
MDFIC,5.575581777012649,2.1798119811323425e-07
ROR1,18.267147113851774,2.5502540647716004e-33
C10orf82,-1.9971186647745869,0.048585183547195696
TMEM126B,5.110789019324266,1.5864999629302353e-06
COX7B2,-2.804221086469679,0.006082025354565123
ARF5,-6.914624558667059,4.820096497082086e-10
THRA,10.224073892487029,3.951673598381053e-17
DCT,2.0952271984556323,0.038728942506245
KLC3,-9.586361424785169,9.568670701693336e-16
CD101,7.270548216002692,8.811471964944307e-11
TCF21,17.64985630029426,3.403995258761535e-32
RGL2,4.283497001648054,4.2991738650347656e-05
AC016722.1,3.737801626210521,0.0003123050196175988
SLC25A12,-6.949798815975381,4.0794834213503973e-10
SRMS,-3.5515906139441094,0.0005904627839462078
CRTC3,8.213492747071003,8.868946919359916e-13
CHD4,-6.428402383592959,4.700251661252474e-09
UQCR10,-2.220717862764876,0.028673165751901295
PSEN1,2.1156276130744702,0.03691155050104828
ABCC9,12.316169175462958,1.2831261990117086e-21
YPEL1,4.360036564929319,3.2130509807639374e-05
HJURP,-10.712769386161604,3.4574619834404256e-18
SYT1,-3.5571486515784128,0.0005795219112589563
KIR2DL1,6.512353823321065,3.1850633036317203e-09
IGSF22,4.617829195257866,1.178699610993939e-05
PTGFRN,-9.963100249527237,1.4553288077642697e-16
SCTR,13.825255747641346,9.307765375695659e-25
NT5C1B,-5.040995475261479,2.1213239847490563e-06
SON,5.058310094665009,1.9742001409324547e-06
PKP2,-3.122806892504646,0.00235528107360257
RPS19BP1,-2.6981093187497724,0.008212340798980687
CDK8,-4.093142402094881,8.750323822990968e-05
PRPH2,4.232407716961032,5.212590212694633e-05
WBP1L,8.508403145551945,2.062301093221124e-13
CEP57,-2.158525466959867,0.033329168273683304
SIGLEC5,6.027820667264748,2.9308566553213303e-08
KIF20B,-10.35881735674075,2.0170570952479185e-17
XRN2,-4.738257358690979,7.2961801061502265e-06
LHX1,-3.1984483898995704,0.0018613397484613587
NOMO2,-2.7447851545391257,0.007203202561261578
FGFBP1,-4.837987606488849,4.879191472583148e-06
CLN6,-5.233042438020533,9.490863903249485e-07
UBE2K,-9.70260944540772,5.35137291429999e-16
CDC42EP2,5.988415017862741,3.5001079279659666e-08
LIN28A,2.0726374328952546,0.04083094585318611
SGOL1,-12.518188083022741,4.81126911693032e-22
IL17F,2.5823683992887414,0.011291338683191722
HOXB7,-5.963388047177164,3.916796632327324e-08
NAP1L4,-7.251351742316762,9.663074604069259e-11
RP1-102H19.8,4.448277400617639,2.288125949793532e-05
ZNF879,2.1865419186182766,0.031156050595156574
TCF19,-9.140564186987143,8.872783545385342e-15
C9orf139,2.3039104574305616,0.023339578675893848
PPP2R1A,-3.2831704290771855,0.001423593124680559
NBEA,5.7146780364753,1.1846524219567775e-07
ASH2L,-2.6228156109495253,0.010113400902658522
CPXM1,-2.360222440462845,0.02024512656028012
GBGT1,8.113153686285097,1.4542731018072095e-12
LOXL2,-4.206920441846134,5.73545039297261e-05
STYX,-3.2484020999528602,0.0015900776136721542
LY6G6E,3.1691440674652553,0.0020399614272024803
FAM46D,-3.3282149412249287,0.0012321054158392702
C20orf195,2.860507378832764,0.005169759980683952
CD200R1,5.571213397475111,2.221710862004993e-07
FAM216B,5.2470927039977555,8.943160609278504e-07
C21orf2,8.362157982015203,4.255069386858712e-13
MRPL1,-2.1778228670264808,0.031818728764152496
NKX2-3,-2.0866104922304305,0.03951946089848993
CLCN4,8.788119642858634,5.1394319505967106e-14
PTPN21,13.526150341988707,3.826592736234903e-24
CHCHD3,-3.9496372645588798,0.00014755941425819566
ZNF517,-3.043713416258452,0.0030001514294021496
WDR17,6.3138022578798765,7.971194059251346e-09
APOBEC3B,-6.940423197988367,4.2650844998567187e-10
FHIT,8.194397411370385,9.74491715559367e-13
CCNB3,2.231397900098456,0.027933585568850845
PRPF38A,-3.6457153182911433,0.0004290611686186659
NDEL1,6.876600130743581,5.770983282173804e-10
XPO1,-9.397633517131775,2.457569032501598e-15
RELL2,-4.93797248417952,3.2447072622363556e-06
SAMD9L,8.39239760179453,3.6637456973354975e-13
ACYP2,5.669806096284261,1.4432689514038466e-07
FGFR3,-4.5398067948057585,1.6022706584181396e-05
RP11-182J1.16,-2.729319805277459,0.007524311205004055
SUB1,-7.890045093376518,4.35062065611939e-12
IL34,4.5799772665865826,1.3685171334880235e-05
RALGDS,3.794019200489958,0.000256615194724856
LAMB3,-5.247267552783848,8.936543224701145e-07
KDM5A,-4.5003233649002405,1.869442091048642e-05
MAP3K15,7.752419096777361,8.527942822685141e-12
THEG,-3.5312352633078783,0.0006322214113942184
POP4,-2.242260778676871,0.027198526079445555
MTA1,-5.276368430459435,7.899351454952205e-07
ABCF3,-9.180950815658681,7.25294353478064e-15
POF1B,-3.5820139354605183,0.0005328798235165567
KRT6C,-2.677105701753964,0.008707033046184481
COL17A1,-5.417324427242402,4.3253230663923e-07
LLGL2,7.286643317832127,8.155172313404676e-11
CACNA2D2,18.070892641190724,5.782545841388103e-33
GPER1,7.95039509515699,3.236390084145426e-12
KCNV1,-2.027270155182052,0.0453502755318285
RP1-27O5.3,-3.4418120171487807,0.0008509560682348525
TCAIM,11.510245322595834,6.64994775396952e-20
NAT9,-5.220396708653631,1.0011754278148041e-06
ESD,5.324189504165093,6.445083164399146e-07
ZNF366,12.0593614134892,4.48853666192834e-21
FOXO3,3.1397825964254733,0.0022348432689717427
STK39,-5.166541453916539,1.2560725089879866e-06
ALKBH4,-5.364968330564258,5.414632889026177e-07
AZI2,9.592671235733578,9.271563315891953e-16
SEMA4B,-8.552829930201325,1.6544644920472394e-13
FKBP9,-2.303191756694003,0.02338163043590335
HMGA2,-5.853367747583787,6.406920387802816e-08
HTRA2,-3.605190573724061,0.0004926224039855963
IFNGR1,7.9057441143323235,4.028511826841683e-12
OR2B11,2.5337809309940407,0.012868981189050705
RP11-683L23.1,-2.8972667212727354,0.004643646421825217
SLC27A5,-4.270065709330283,4.5231367275556025e-05
FSCN1,-7.297041095990263,7.757227404919505e-11
CBX1,-8.391144542030698,3.6865373889040593e-13
CSF2RA,6.776878132538321,9.240059047057867e-10
NRL,10.379363207491515,1.820555536940089e-17
KPTN,-5.500463282641439,3.021218164017402e-07
IL9R,2.4916379939069535,0.014394807201493604
YEATS4,-6.7341458780154655,1.129742734483836e-09
MAP1S,4.262915456843372,4.646904734113433e-05
ALAS1,13.964385644321519,4.8389006857483615e-25
OLFM4,-3.5172725324323055,0.0006624620972232922
TMEM184B,-3.059946707755741,0.0028557606410829473
HNRNPH3,-3.224997587117758,0.0017122127648423228
PUS3,-3.951178024146248,0.00014674292896853252
RELL1,4.093481474944817,8.739407334549287e-05
SMYD4,7.800737058171777,6.735102460519756e-12
PCNXL3,-8.414503562835183,3.2839899592549154e-13
KRT8,-2.2437205315854336,0.02710105199663321
EGR1,5.014403234167535,2.3683176954742925e-06
RP11-697E2.6,-2.8986532163906085,0.004624801242914717
ADNP2,-5.093201225093639,1.7073340132345108e-06
ANP32E,-3.8047279594757546,0.00024713946461085994
NGFR,-3.4312549195544824,0.0008810416427464266
KLHL13,-6.744865748230273,1.0742245572138457e-09
TUBGCP5,-4.947724007641422,3.1173961131663295e-06
MYCBP2,2.8953043774044502,0.004670439192127964
SLC2A8,-2.929740455098006,0.004220300408940463
EDA,4.8192712556942086,5.263742632881804e-06
SYT17,4.39561424790253,2.803375616525134e-05
IL10RB,5.5502017670271835,2.434537280327496e-07
STX10,2.015913717001672,0.04654638264335387
STK38,-3.9654056974105694,0.0001394046851338554
CYB5A,14.234372398695301,1.3683609141122876e-25
DIABLO,-8.519663351165747,1.9503095741075207e-13
PPFIBP1,2.9538473664973304,0.003929339001209856
RP11-872D17.8,2.641462360543099,0.009608735208207963
PPP1R8,-3.482611652672531,0.0007435396186853723
SETD7,2.5884437544589862,0.011106855787056499
FBLL1,-2.8380802062666444,0.0055170561872435984
EMD,-3.0666053867405068,0.002798418254113064
HHAT,-3.418714991739815,0.0009180785398561243
SEPP1,6.91450997987982,4.822714513829873e-10
C12orf44,-2.6382359221592355,0.009694392650990749
TMTC3,-8.886384654215902,3.15109490042916e-14
SLC6A13,13.966372009291275,4.7939948390213025e-25
ARHGAP36,-2.21629672992903,0.028984300228658395
SLC34A2,18.054902310831146,6.182726417349272e-33
ARHGEF6,19.31102596791131,3.553142610087335e-35
RAB5B,9.063970691118065,1.3002542391974837e-14
POLR1E,-2.7054084584273914,0.008046497652452973
UPF1,-3.1136707369573173,0.002422570595265195
ARHGDIA,3.218036287894166,0.0017501967159140079
ACTL7A,1.9946430481513178,0.04885932042001721
SYT2,-3.310326423578882,0.0013050631730124828
FBL,-4.913211782240931,3.5911434232722685e-06
CTC-241N9.1,2.9664314355222,0.003784911111588883
GNPAT,-3.1595219545145357,0.0021020114772415644
LRRC7,-2.016417989635804,0.046492704112353525
MPDU1,7.145586812332607,1.6045437602166383e-10
ZXDC,-3.6257161952269157,0.0004593899758289784
SNF8,-6.845061662245063,6.698910018547879e-10
TERF1,-4.470980101138884,2.095405300796154e-05
WDR75,-11.046531778541937,6.586774429340217e-19
C4orf48,-2.4950004999311868,0.014267368312320112
PTTG2,2.9572184500919168,0.0038901585578163503
SFRP4,-2.1842616490107263,0.03132818740501577
NAA35,-5.650682139248513,1.5696500149445438e-07
GTF2H4,-7.430949442511426,4.0662136019936704e-11
FLII,3.638448520960606,0.0004398549166367136
C20orf24,-6.915803658802393,4.793236832986449e-10
RFC2,-11.976407241279793,6.734391012154744e-21
EDDM3B,3.5533103208056187,0.0005870568942758007
DDX42,-2.152190143635883,0.03383844562152834
KCNK6,-1.9897885187682938,0.04940071440864114
HTATSF1,-3.6349906515072377,0.00044508096187600136
AIM2,-4.054285985297262,0.0001009178772363038
PI4K2B,2.2173393145128797,0.028910664315654738
SERTAD1,5.89397165052193,5.34530015818864e-08
SPINK13,2.3622385155740586,0.020141415431991015
PQLC1,6.084342837032144,2.2701905832484475e-08
SCD5,2.9978834438141204,0.0034450883373732958
AGPAT2,10.42675039859366,1.4373340937091283e-17
FAM134B,9.110577770379848,1.0304971788891539e-14
HBG2,3.5454431193352516,0.0006027912549895885
MED12L,-2.8492168829586464,0.005342011237405899
SERINC5,2.0868577826722596,0.03949658146756704
MYLK4,4.843960992215828,4.762315398956268e-06
SIL1,3.660679992680274,0.00040761918859203724
HSD17B14,3.6733232543471677,0.00039029930412026774
FAM71F1,-2.91328666257253,0.004430147596013683
RP11-444E17.6,3.1221345110072716,0.002360173436948553
GLA,-2.468406465032273,0.015303479755143855
PTER,3.9850246422896927,0.00012985928128115062
DCBLD1,-3.2249317750989333,0.001712568232348985
FOXO1,4.93421571488947,3.2950926845074504e-06
COL4A3,12.80134393260197,1.2245253968768058e-22
RAET1G,-3.5204437746815644,0.0006554762418253892
CCDC81,5.378464479951343,5.110539827294286e-07
COQ9,-4.037558596700656,0.0001072807970352197
SLC16A1,-8.29968126063803,5.795031460851896e-13
FBXL5,13.037324161914528,3.938365424299921e-23
NDRG1,-6.04309649148786,2.7356179831730792e-08
MLLT3,4.963772999736905,2.9183848989493824e-06
IGF2BP2,-7.012883326780286,3.02265924849408e-10
C19orf12,-2.276180763862216,0.025011246922014164
CYSLTR2,5.427583104787571,4.1385760781963956e-07
E2F6,-7.168258951350101,1.4395139815397776e-10
RARA,16.05018827231271,3.515835974921764e-29
PLCZ1,-3.358165762490181,0.001118449433285092
OLFML1,11.028335512562666,7.2088508046046435e-19
NIN,-3.3402744716972883,0.0011850982714410965
NDUFAF4,-4.4617755282172915,2.171572285572861e-05
AC112721.1,-3.0341134841030044,0.0030886924312651626
EVL,8.016602890450892,2.3382404240258116e-12
LILRB1,7.746468273278242,8.779281806051232e-12
FOXP3,-4.146202097530816,7.192043604596793e-05
KIAA1658,-2.4182935858508947,0.017440163024268193
SCFD2,-3.086053330504921,0.0026369945324841906
ISOC2,-4.850886788872619,4.630210443119424e-06
CADM4,-7.723159071143119,9.836730199785104e-12
MPL,8.927854312037192,2.5629565184196853e-14
NFE2L2,-3.7137980752518915,0.0003394290165854248
CD3G,4.577174080896963,1.3836954348713185e-05
CLIC5,17.06478112508597,4.149526322185604e-31
AIFM3,-3.1478388319877415,0.0021797141576123044
SPRR2G,-2.983484765984657,0.0035969995920820895
AP000295.9,3.6400657959586176,0.0004374306604266221
PNRC1,5.925500874565036,4.6421453116752836e-08
RBBP8NL,-6.525998778589739,2.9893414910440808e-09
CORO7,6.270473783534704,9.724168385968544e-09
AMICA1,15.996930625030053,4.4544953425270395e-29
TRIM72,-2.1113362195284164,0.03728760783457879
NNMT,6.872731031761839,5.877583407901576e-10
LRRC59,-5.416425834864969,4.342068558223405e-07
ADRB1,9.006486190464125,1.731929983906591e-14
PAEP,-3.658075430150244,0.0004112765688743103
IL11,-6.455271851752271,4.150648274443823e-09
UCKL1,-5.175271445391548,1.2108272808127325e-06
CPA3,11.053442842283626,6.364862662666824e-19
HMBOX1,10.266226212943806,3.201776244626774e-17
ANAPC10,2.226429678999608,0.028275526390788158
HDHD3,-7.057329898498171,2.4458855664016376e-10
MRPL37,-8.782264683404234,5.291356220156561e-14
PIN1,3.3753670812275223,0.0010577021449388352
CLDN7,2.7778124385359546,0.0065588760060064635
AC009060.1,-2.339622280257699,0.021332256193295644
MKKS,-7.870024930484396,4.798817374712531e-12
CCDC127,-3.2529818935909627,0.0015671515623647478
TSPYL2,10.205587990172756,4.333773829201938e-17
PHF20L1,-5.360941467254253,5.508747373049747e-07
RING1,3.039504641061372,0.003038675914500689
WNT5A,-4.206325361352078,5.7482412854752063e-05
ABCB6,-7.375206945680831,5.322540136779495e-11
MGAM,3.539625675003423,0.0006146814903893567
RGS5,8.759978696938648,5.911762834599029e-14
MKL1,2.2353720364583705,0.027662674278235693
RCAN1,4.910740730312212,3.6276304097369757e-06
SART3,-5.71105470995361,1.2037238805586295e-07
VPS37D,-3.0116562216476646,0.0033053493289044084
ACOT9,6.235861589384589,1.1393347653992904e-08
DGKE,2.310527826467685,0.022955513015956743
N4BP2L2,10.205182442217906,4.342558526192319e-17
TMTC2,3.941016737908558,0.00015220835730867934
FGD6,-4.97834106909736,2.7484899956427077e-06
API5,-4.170609037512284,6.568243647545791e-05
LYNX1,-2.000623925154175,0.04819927299691637
SPINK7,-4.337892102021208,3.4965844040637765e-05
TCERG1,-5.121408719845292,1.517623786621855e-06
LIMK2,-5.013012274066512,2.381981060461504e-06
HHLA2,5.95413416452003,4.082928728536412e-08
DISP1,11.453044868844954,8.817211428036458e-20
TM2D2,-2.5407341292666237,0.012631690569121598
HPN,11.907054062462532,9.457853442727898e-21
WISP2,9.387919002205988,2.579803443780303e-15
CCT7,-10.785340061767304,2.4098261758098216e-18
SLC25A53,11.002028426096263,8.213785704991162e-19
MLEC,-3.211467948834494,0.0017867564353721485
SCO1,-3.5890056309951937,0.0005204187200951171
BOLA3,-8.525647522011468,1.8932815510735112e-13
TONSL,-8.769676783239623,5.6333306938341624e-14
DACT3,6.154160241454598,1.653715594513174e-08
SLC5A3,-5.549518719021213,2.441781318750565e-07
SUPT7L,-5.222081699587549,9.940767508050482e-07
TSPAN18,5.060369459703863,1.957378084905163e-06
DCST2,-3.89603824875789,0.00017882457909667953
MAML2,9.462952684408048,1.773144329425742e-15
ADAP2,5.43527758992892,4.003712862241402e-07
DEFA3,2.119993902490292,0.036532300320415954
TREX1,5.485866327574342,3.2182842737814767e-07
SIPA1L2,-3.877267663381585,0.00019119879081708224
NOXO1,-2.7545829592704796,0.007006283745216036
RYR2,8.183799350891464,1.0267738719658725e-12
MTFR1L,10.997669192483258,8.3933766432154e-19
PDLIM1,5.748610597305148,1.0198600808652411e-07
ARID1A,-2.3535620610430033,0.020591121232641337
SCLT1,-4.78807274633358,5.9711603256939915e-06
GPSM3,14.03452041892547,3.4825567424632504e-25
PARP12,3.792751025113794,0.0002577599870434045
HEATR1,-11.045082697002108,6.634278494662521e-19
SLC1A1,16.223725524208216,1.6301879622207386e-29
GREM1,-5.701549158344163,1.2552014939583664e-07
BIN3,4.637665763209715,1.0896796622637344e-05
ST3GAL3,2.0292385581805585,0.04514565266580188
RP11-123K3.4,-2.5156347119026856,0.013507225963734916
KRIT1,-2.2837614844292125,0.024544100301697246
HIPK2,3.4124784893472357,0.0009370389199805499
UBTD1,11.668189683830924,3.0553071079331664e-20
PPP1R15A,7.833975491760405,5.724767632570289e-12
SCGB1C1,2.887375789479329,0.004780145016693436
ZNF184,-2.6519033307618365,0.009336217453847898
CYP21A2,5.097652326128406,1.6759308472843472e-06
GEMIN4,-3.827656276190847,0.0002279594303738949
GLTSCR2,5.7912908894881765,8.442645421748079e-08
INO80B,-5.8173371102234634,7.520873637989754e-08
SPATS1,4.626252626917968,1.1400690033412699e-05
ZDHHC15,5.756925149280119,9.8304886837832e-08
MED11,13.33141544106838,9.656930976822948e-24
ZNF236,-2.5338617393436116,0.012866200611657145
NDUFA4,3.0433915356349477,0.0030030816705039418
PHF5A,-6.891869783375902,5.36864963457629e-10
WAS,10.898002124946423,1.3766410587880456e-18
FOXD4L1,4.846220233450325,4.7188241220872305e-06
HAUS5,-5.869840077322813,5.953322706093671e-08
ROBO1,-2.621311903038568,0.010155124252856073
SIRT5,-3.3557736084927643,0.0011271523477347973
NFATC1,3.8139952743121737,0.00023920903939471597
CPSF3L,-2.390688191133494,0.018727299856959072
POMT1,4.427906438928316,2.4755434173224865e-05
ACO2,-2.9466029001632545,0.004014771998091831
MYO3A,-4.367963567417254,3.117050729522918e-05
TSHR,-3.487789515864896,0.000730860059157863
MYO1F,12.119118896895072,3.352249702774774e-21
LIPH,10.03141226378589,1.0344466213423135e-16
KIF22,-6.9415357194403535,4.2426306761814306e-10
KLHL21,-4.869116406197753,4.299298754044012e-06
TIPARP,6.470327460045866,3.870971569888773e-09
MAP6,8.915094783362964,2.7311798904849864e-14
AMTN,-2.367304401325595,0.01988289038679728
EPDR1,12.23894726987652,1.8686879886667754e-21
STX19,3.2017133507898503,0.00184236813171308
ZNF318,-3.565662755892329,0.0005631330009394534
TTC34,3.8327405046894536,0.00022390282895377829
PEX1,-2.419470024483198,0.01738710320540268
NASP,-4.6784484350934905,9.266680169832705e-06
AGO2,-6.744838534720755,1.0743620191686658e-09
TRIM8,8.112881808636281,1.4562211296031392e-12
SYT7,-5.732513462259134,1.0950172510797288e-07
CR1,6.790276505011234,8.674893799127125e-10
SATB1,11.109182944116029,4.828246931215117e-19
FADS2,-2.87701374808505,0.004927091465257577
ZNF703,-8.097940618751077,1.567368272709779e-12
SCO2,-2.0586323753014626,0.0421828405757925
CNST,3.0739307185483224,0.002736569284030057
ETV5,2.6040889989812412,0.01064422646310509
WDR92,-5.328628969615837,6.324197638682678e-07
RAMP3,9.9734955306787,1.3816534260754727e-16
CIDEA,-3.1652918082973036,0.0020645957857665627
TK2,16.219130663849146,1.6636209130547888e-29
SOX17,11.24383537244456,2.4787455537884865e-19
SLIRP,-6.171766243853635,1.526381129532125e-08
MED14,-7.334767528936789,6.468561048863122e-11
EPHX1,9.405018899409189,2.368528933629279e-15
IRX5,3.006912921086522,0.003352872207368754
TBL1X,-7.3344780871225606,6.47758922578814e-11
SLC25A43,-3.047003623743559,0.002970350532827691
COPZ1,-6.132813794829008,1.8222108903322575e-08
MAP7,-7.784003198986603,7.308995922951487e-12
OTP,-3.0610560710033443,0.0028461321622553753
COPS3,-4.690246688692376,8.840984724248224e-06
ISL1,-3.5650095488211546,0.0005643746813747627
PTH2R,-4.156500484250599,6.92219105203277e-05
ANKRD45,3.968693719571251,0.0001377594387102368
CLIC2,14.01049433610405,3.8976800480542128e-25
KITLG,4.334504190901398,3.542036689976104e-05
TBC1D3G,-2.167446996493929,0.03262329090778395
HAP1,-4.399388862868584,2.7629942874243172e-05
CSNK2A1,-12.08384804304717,3.982386202739853e-21
WDR82,5.028155051606568,2.2372800244680167e-06
TMEM68,-4.255381973204356,4.780831434775768e-05
EVPL,-2.140897128161633,0.034763023777028744
HEATR5B,5.18257404779101,1.1742057994255164e-06
SLC25A30,12.025981688975227,5.2841229686912056e-21
TMEM214,-2.717498205186395,0.007778493465262152
SLC35A2,-5.856643413810273,6.314090715497949e-08
C4B,7.801435888697985,6.712136368703978e-12
AP1B1,-2.9163999406850225,0.00438971971499523
TNFSF12,26.213047043250565,4.4839547659184126e-46
PROCR,2.7222802311163297,0.007674746297908952
C4orf17,-4.066234641694698,9.659589381529883e-05
CTAG2,-2.861769726193657,0.005150821309087103
DYRK1A,4.939306446368315,3.2269974027062932e-06
TSNAX,-2.140900074868453,0.03476277969593653
SLK,4.379121471205876,2.986598313534865e-05
SRSF2,-5.582216745124364,2.1176519123218237e-07
AICDA,2.122621973009943,0.03630565849233309
RPL3L,-6.3989927896945415,5.384402801159615e-09
HAUS3,-3.361238122704243,0.0011073643721534882
PGM5,17.58176138335922,4.543767709988195e-32
MBNL2,8.658912313770285,9.770600036643054e-14
MAGEA12,-2.8616766729840357,0.005152215186078116
LARP4B,3.225723744081878,0.0017082951770555075
GPR115,-6.153915605987398,1.6555567057787185e-08
TUSC1,2.2608424225553403,0.025980404298585783
C17orf50,5.116741421636415,1.547527328762211e-06
SYT9,-2.4449631601409063,0.016272073962058292
HSD17B4,18.26231002274261,2.6020825097060256e-33
SLC29A1,2.191728345353052,0.030767594991714615
VIMP,3.235570913758337,0.001655989830250814
CHML,-3.6653793117501516,0.00040109820910759676
CST6,10.801704659160917,2.22151113621213e-18
S100Z,6.210795581471504,1.277565650074011e-08
PLA2G4B,-2.912127356141672,0.004445289256845869
AKR1C2,-5.462415280300337,3.5615579992542954e-07
RPS6KB2,-4.855743528305068,4.539704325631213e-06
HOXC11,-5.665303783546717,1.4720919912732836e-07
C1orf68,-2.9696929276095156,0.0037482865088535114
RFC4,-10.32631577757678,2.3721752835204112e-17
RP11-366L20.2,-5.664982726142669,1.4741687977750807e-07
RABL2A,2.935526228441893,0.0041487126920255225
TMEM123,-4.396429746159286,2.794603355532747e-05
CTD-2054N24.2,2.9667048194433887,0.0037818285416862
ASPM,-11.063457478769537,6.056524240240559e-19
HSBP1L1,4.844936918953168,4.743480818167497e-06
MICALCL,10.81787652633596,2.0499009276625143e-18
CH25H,5.229474868107803,9.635071842747986e-07
MILR1,6.468111881365388,3.910928875003084e-09
HOXC10,-4.669077755358307,9.618888160744774e-06
KLHDC2,5.517668045498718,2.8040964833793523e-07
NUDT11,-7.075998827336733,2.2374980318373553e-10
NDN,8.743484459626055,6.417205661974498e-14
FAR1,-3.2287359201483263,0.0016921338092271687
SH2D1B,8.646709297781424,1.0381251165773114e-13
ARL10,-2.8835114118401015,0.004834469260292636
RSPO1,9.134484182430231,9.146133937953188e-15
TUBB1,6.242868101997705,1.1034084424545397e-08
FAM47A,-2.4678711296073987,0.01532501005299868
TSPAN11,3.279087596171818,0.0014422618110862815
TSPAN12,17.212140122356026,2.201376148472076e-31
METTL16,3.5320042879410263,0.0006305943170258619
UGT1A10,-4.031338050202544,0.00010974365928787064
CKS2,-6.402951045523485,5.28688978666736e-09
GLT8D1,5.4690862679877785,3.460415608263306e-07
NME8,5.201867839607089,1.082577221630515e-06
NDUFA2,3.2464420416458335,0.0015999849677832338
C22orf34,7.950184696324077,3.239732410353357e-12
DLX1,-4.4759974346471285,2.0549814124906354e-05
CNTRL,2.2809386357642385,0.024717148070461097
BRMS1,-6.156982449692655,1.632621242388733e-08
ABI3,10.220938405456497,4.01402304388022e-17
PTGER1,3.537753909749442,0.0006185540597818925
AC019171.1,-2.1798002506455214,0.03166737431606967
WDR24,-3.422653318538794,0.0009062916986207991
NRBP2,3.136294788504895,0.0022591105195737247
NYAP1,-2.370482729881807,0.019722197774091562
GIMAP1,15.67440938740562,1.8813629576159263e-28
FAM120A,-3.5477404408628357,0.0005981559048651476
C17orf58,-5.825578382189115,7.25038105523122e-08
ECD,-2.046424245698885,0.04339247310178421
CKAP2L,-14.312666900380949,9.502012273902622e-26
KIAA1919,-4.04428987326624,0.00010467539381323473
MDH1,-7.807736827317852,6.5085507280596666e-12
CST5,8.47670836643334,2.4131492802743987e-13
ATRNL1,-5.162509452930793,1.2775226815715122e-06
NEUROG1,-2.1380769682860237,0.03499730508207728
TMEM230,-2.2838918278999105,0.02453613572341217
TMEM181,-3.9748915791949053,0.00013470853929292616
IL2RB,3.9734730625192944,0.00013540104865992833
C8A,4.14078113055703,7.338121063436799e-05
SLCO1B3,-3.2489376162495667,0.0015873807711890182
CCL5,2.478108605635411,0.014917933554689643
CD46,3.24442574636995,0.0016102367563132296
EBP,-2.8100904923302332,0.005980445845966473
SRBD1,4.649589337125767,1.0393441486604169e-05
DMKN,-1.9929475325886332,0.049047832728933975
BIVM-ERCC5,2.350537479460926,0.02074996397321697
RRP9,-3.234239718768564,0.0016629722421601207
ADCY6,11.036006931721749,6.939712227018586e-19
S1PR4,14.387955792401968,6.695859237499229e-26
CTBS,5.9015756322307,5.16668741324436e-08
TAF1L,-2.3258794911306184,0.022085909720868456
RBPJ,5.522835611468443,2.741923743676275e-07
ZFP36L2,7.72132824208131,9.92496344443835e-12
CTD-2228K2.5,-6.762780980945071,9.874065512084746e-10
OTOP3,-2.1295430603441425,0.03571460470536259
ZNF75D,6.9239065897032015,4.612621969540669e-10
RFX1,5.764612980345596,9.501757881627964e-08
NEB,-4.616793236722266,1.1835373086943581e-05
SCRN3,-3.9299874611870504,0.00015836067671312943
MICALL2,-3.078134270903519,0.0027016529977850734
FAM118B,9.438760616103302,2.0010182691568736e-15
CRK,10.933599366756967,1.1535765998255365e-18
MRM1,-6.628591744106676,1.8528829492195772e-09
IL16,9.61726707426971,8.198876274953068e-16
POLL,5.095286235257587,1.692553133223008e-06
MICU2,6.921939474593197,4.6558394543659167e-10
DYRK2,-6.745396576385739,1.071546695642931e-09
PCYT1A,-6.200895396946285,1.3366080386168946e-08
KPNB1,-11.040283488283347,6.794072651067707e-19
CD3EAP,-10.150599848179686,5.703269409125695e-17
CAPNS2,-5.921065930847088,4.73525196084544e-08
GGT2,3.9682819541160543,0.00013796445435975172
RHBDF1,2.632794530173311,0.009840420753716913
ERH,-6.684131870577445,1.4286656916116057e-09
KCNK7,-2.6513953536663246,0.009349312312925925
WRN,-4.256077970301774,4.7683042092900804e-05
GABPB1,-6.439030590777496,4.4747538543324714e-09
GJC2,9.51509945816706,1.3663218373154217e-15
RMND5B,5.9378297022504345,4.3926771521156804e-08
RABGAP1L,4.49445730419295,1.9126427275095086e-05
HEYL,7.594771704758784,1.8378922403216812e-11
VASH1,7.840398384887139,5.547675113477431e-12
HSD17B8,3.0044636393573496,0.0033776580090648764
DIRC1,-4.927084597526915,3.392838231683599e-06
SYTL1,-4.320939071643226,3.729799026856446e-05
CCDC42,6.994888406739354,3.292829250509321e-10
GPATCH11,2.0135074492402922,0.04680325362229489
WDR46,-5.222936332302337,9.904951030669594e-07
CINP,-3.76122387234913,0.0002878330094600256
POLR1B,-6.552468272092805,2.6429482800858854e-09
ANKRD30BL,-2.399930157142518,0.018287280459187805
SNX8,-4.0670273439521045,9.631552845518237e-05
PACSIN2,10.378692469625665,1.826657190875455e-17
CDK17,5.43962305593128,3.9294608226761605e-07
ZNF296,-4.3049169874631135,3.963938552695413e-05
NAT10,-10.079071124221134,8.152594994616334e-17
MS4A10,3.498785618715557,0.0007046060114403593
LINGO4,7.500481934397658,2.9042380625315053e-11
CADPS2,14.487667708674703,4.216337330862459e-26
BLZF1,-2.6778744027013106,0.008688461559546484
CCDC115,2.271288627032729,0.025316848508389538
GDF10,14.594469733298356,2.572479281504788e-26
YY1,-10.630777004640143,5.200005534785211e-18
NEUROD2,-3.0627062785013237,0.002831865206939166
PAK1IP1,-7.903698069220952,4.0691081147474396e-12
LRSAM1,2.903945105047128,0.0045535186630830254
SLC26A9,10.788015425200793,2.377980247488606e-18
TMEM248,-2.2286713668775144,0.02812079005874032
EHHADH,-6.078583444399748,2.3301568410984784e-08
CHSY1,2.1291082799492083,0.03575148768585705
PTPRU,3.0331363842903873,0.0030978386697892947
LRRC15,-5.034644154684903,2.1779280170242334e-06
MRPL51,-8.077174973594307,1.7360033446853545e-12
PCDH8,-2.4681263960790596,0.015314740286513842
NPAS1,-3.1557425459126858,0.002126860969754918
CYP11B1,2.083683112617431,0.0397911725899675
RAB8B,12.45119799488574,6.658014608268018e-22
BOLA1,-4.119294350191814,7.945639382540539e-05
TMEM208,-2.1820605983656636,0.031495129210753564
ANKRD12,5.478058550912016,3.328808963839593e-07
TINF2,8.643369236799098,1.0554928508356203e-13
FAM214A,6.491007719849139,3.5169359193954456e-09
ZFYVE26,5.446397975756897,3.81637920558916e-07
SLC8A1,8.389191017825572,3.722351913523759e-13
SLC22A14,-2.173424711422166,0.03215763558052926
CPSF4L,-2.8908684571016265,0.004731529299977303
OIP5,-10.69043564652686,3.86389027792782e-18
PPP1R26,5.113865059658406,1.5662418642916203e-06
RER1,-2.293160199219953,0.023975593605421994
FTH1,6.20282353954926,1.3249018487120226e-08
P2RX1,11.803296336723642,1.5731451266263024e-20
FUT8,-4.849026077048202,4.665347981612021e-06
IL13RA1,3.7469738317313492,0.00030249497188677754
INTS12,2.5124523674577977,0.013622038781084155
DOPEY2,-2.282437913686476,0.024625105384755604
ZGPAT,-2.7675213170461803,0.00675376649963389
MPZL2,-2.5207255295510604,0.013325363568562041
RILP,19.4449898662186,2.073342953737495e-35
TOR3A,-6.43969471819781,4.4610233896335064e-09
FLVCR1,-6.727953523016728,1.1630970912930317e-09
CNOT11,-9.184214785578412,7.13572512503151e-15
AC138517.1,2.257828000450461,0.026174701025128685
NPBWR1,-2.231174810993623,0.027948861845886287
DUOX2,-2.12877044659548,0.03578016929239507
HADHA,2.7453217534952836,0.007192288649228431
DENND3,14.206471721755554,1.5585383023227485e-25
ERC2,-4.0633013093901,9.764018284193813e-05
NEK11,3.453757311966258,0.0008180817054271448
CCR1,9.732126195254743,4.617211895260291e-16
NET1,-7.540107848588194,2.396583904442462e-11
DUSP22,6.907227249166484,4.992040579327688e-10
TLL2,-5.296581945636976,7.249188088649464e-07
SLC2A1,-9.541828249719163,1.1954462484439368e-15
LRP1,7.065323015427198,2.3544077067758064e-10
WDR89,-1.9954302257660128,0.048772009867319846
ATP2C2,9.194779838898313,6.769124504657244e-15
GMPR,8.520212013223716,1.9450103811945102e-13
FAM210A,-9.25449630310867,5.02387975006244e-15
RPL37,-6.554723200023062,2.615342853835039e-09
LRWD1,-3.331231661953623,0.0012201851835097698
ODF3B,6.047863560280873,2.6773558998214233e-08
LOXHD1,5.843247767494172,6.702272984406334e-08
MMP25,4.377309233409551,3.007421699523661e-05
PDGFB,8.240561258578918,7.759972782754296e-13
AQP12B,-2.6303798285796463,0.009905858166161796
RBP1,-3.7064186866910815,0.0003482077833813561
ADD1,14.693356879560575,1.630047423791597e-26
HIF3A,7.401978028694272,4.677241363939633e-11
NADK2,-6.6716923273584685,1.5144282981172683e-09
HEY1,-2.1034311745517975,0.03798900426527901
AKAP4,3.07458303370035,0.002731123611362805
NSMF,-5.770647788048413,9.251300308723251e-08
NEFM,-2.155078449153635,0.033605431540371586
TMEM154,-4.006597925275201,0.00012008551490392313
NLRC4,14.84335544004024,8.177283249693877e-27
B3GNT3,-4.357788224520134,3.24079468774242e-05
DGKI,-2.56051988959914,0.011977833834258777
OCIAD1,4.861514712783113,4.434392923577494e-06
ALX3,-3.2914515420157584,0.0013864204063454455
TMC7,6.541185435013306,2.7854615431850737e-09
RPLP0,-6.573745893299037,2.3935261836669194e-09
COX5A,-6.316570048408586,7.87047767710607e-09
RDX,9.524263957600093,1.305145732758709e-15
SIRT6,-3.0385693626643664,0.0030472988450855423
L1CAM,-3.3564093093589134,0.0011248334185384613
MDH1B,3.511595218952955,0.000675144392570304
ZNF471,5.381252646087856,5.04983389555194e-07
SGCG,5.598150454863749,1.9753913448327938e-07
LRRC47,-3.360835755970409,0.0011088102173051893
GZMH,5.954737148225442,4.071895449244212e-08
GPRASP2,4.762104051104857,6.629695522085765e-06
ODF2,-4.997516589537427,2.5394863617317496e-06
PAQR5,6.115815468390115,1.9683915648605668e-08
TMEM99,-8.828190150746213,4.210235207032039e-14
ITGA6,-6.694114693396347,1.3633308738905262e-09
FOLR2,7.116849336721405,1.8409288699851208e-10
GDF15,3.0249421285427047,0.0031755344366249764
GRIK2,-3.141918923623911,0.0022200992638842917
HS6ST3,-2.6014083000475816,0.01072223830467721
TEX11,-3.85408311869323,0.0002076124595881947
SYT15,15.61489920629791,2.457756115753274e-28
A4GALT,-5.507854263281449,2.9259971604145833e-07
USP5,-9.926681565265737,1.7458586992001337e-16
AMOTL2,6.125976980505788,1.8796723431569167e-08
AGO3,-4.325066797288646,3.671672318825474e-05
CPT1C,-2.3490912407099307,0.020826299036926003
NTN1,-2.9392028452487544,0.004103804751978986
PODNL1,-4.618817569447803,1.1741019856329542e-05
DLX5,-2.025467494583272,0.04553836463335755
PLEKHH3,-2.7087585178005074,0.007971405391153036
C9orf41,-4.4576125020416955,2.2068932317212543e-05
NXT2,-4.873021854514026,4.2314581035124204e-06
ARSH,-4.09953741178366,8.546622008419669e-05
TRAPPC13,4.327620797561374,3.636145160450847e-05
ZFP64,-8.746689611419301,6.315723032429296e-14
RBM18,-2.5323233805528624,0.012919227584739236
ITIH3,11.318107299848531,1.7168204026515915e-19
SUGT1,-2.7042197426894488,0.008073297142689643
SLC25A5,-5.588750695576208,2.0581387805094196e-07
CLU,8.192258904659328,9.848233242285779e-13
FBXL17,9.518249393553077,1.3449782795732749e-15
CCDC167,-9.60463296405181,8.733407129630464e-16
COL22A1,-3.959263700942012,0.00014252845468380165
AGAP10,2.3393973949267663,0.021344403553578133
HIST1H2BN,-4.238724957726715,5.090267497296326e-05
TEKT2,4.433387039007188,2.4237115011510053e-05
FRK,-4.711125568965008,8.133688996766478e-06
ROMO1,-3.8279822592602493,0.00022769724775674056
SCGB2A1,4.300189342202208,4.0356902441191665e-05
GPN2,-4.478147548316246,2.0378899533940364e-05
ZDHHC4,-3.1978870056611743,0.001864620069993265
ZBTB38,2.557117145078966,0.012088068151319945
RP11-1012A1.4,-2.383870302879132,0.019057908455317327
SHANK2,5.601709185883772,1.944922744995822e-07
KATNBL1,-2.9876305181769207,0.003552638076058967
AL049747.1,-2.1705908644562126,0.03237766226764693
VPS4A,3.009254718447441,0.003329331461903671
KLHDC1,11.919666042487073,8.891149134437186e-21
C9orf85,-3.6164244747344276,0.00047416191169678747
SLMO2,-7.433015762120084,4.025794042205432e-11
RPA1,-7.489057447994716,3.0695106877785707e-11
CMTM2,6.153544665744757,1.6583522345405138e-08
CDH2,-3.2514960116707985,0.001574555675658798
TM9SF3,-2.27030605376074,0.02537862198379517
SLC43A1,8.00639905821268,2.4584433660644377e-12
NDST1,9.96509365329663,1.4409024461047017e-16
ZMYM1,-4.639902167219688,1.0800620264591045e-05
MXRA5,-4.746013713378109,7.0725627307140945e-06
RPS5,-3.3268500562018737,0.0012375344047823613
LILRA3,4.4402979259543045,2.3598456203702548e-05
SLC25A36,-2.283270358650054,0.024574130752227804
PIK3R2,-5.656400869199513,1.5307603473083536e-07
RP11-701P16.2,3.4106974339174303,0.0009425209747363389
PHKG2,-3.5638406925672306,0.0005666030217224172
CNBD1,-2.479797440117063,0.014851717194117531
TMEM167B,7.1570129377631675,1.519153626501347e-10
PLCXD3,6.134573497610564,1.807703481238852e-08
ZAP70,4.201632379419058,5.850079625396575e-05
WDR90,-3.733209772537481,0.00031732906314623573
GPR63,-2.493015430033734,0.014342479659182748
TIMM8A,-10.275822723700665,3.052021960623892e-17
TAGLN,5.665769479188286,1.4690846755354186e-07
CBWD6,-9.618278224318555,8.157537034277604e-16
DCAF10,-4.148352041006432,7.134886448654327e-05
HERC3,2.284903022400944,0.02447442434907572
AZI1,-4.525651600518807,1.6935039501455193e-05
GAL3ST2,-3.218558586953788,0.0017473197474591217
ILF3,-9.764715395505165,3.923053739526462e-16
VPS72,-4.522515534038724,1.714386307828752e-05
RNF146,14.828034909393137,8.773125622732222e-27
DET1,2.276194653555386,0.02501038389881626
SLC22A3,6.9475383652397396,4.1234859631951135e-10
NUTM2F,-4.042595211812785,0.00010532555903977019
CXorf22,2.734006434310752,0.007425652130982594
TRIP10,4.412946974085144,2.6225273504180916e-05
ALDOC,-7.217193863308269,1.1385165618373761e-10
ACTR8,4.888871085175588,3.966676470182608e-06
TXNRD1,-3.4146342222529777,0.0009304437334752867
HNRNPAB,-7.389164562747041,4.975781583649174e-11
TCEB1,-6.094944029457762,2.1637609702368848e-08
DOCK6,7.0049590716843815,3.138811945649251e-10
SKA1,-14.634958570713556,2.1338209696883505e-26
SOST,-2.76536947419922,0.006795179666526119
AZIN1,-5.954040647069077,4.084642526510008e-08
LIM2,4.743027330754212,7.157861593518833e-06
TBX20,-3.175900173203229,0.0019974176603102705
PHOSPHO1,4.369671664345131,3.096730155320066e-05
DNM1L,-7.173319389988254,1.4050426582782476e-10
PTBP1,-8.859022695970573,3.611106898265099e-14
TNFRSF4,2.3892323275319303,0.018797465817126713
VPS36,5.548314341894355,2.4546058228509813e-07
RHOU,5.66017207148976,1.5056338597147825e-07
SLC25A21,-2.244375195497857,0.02705743675040251
ATP1B3,-5.836220486604978,6.915200405160036e-08
MEX3D,-7.917549807986737,3.8020203439081724e-12
NUDT19,-5.6019241414113345,1.9430972121356416e-07
CLPB,-6.763824802561785,9.82567975523521e-10
AL020996.1,2.0756067271762806,0.040549161921307225
EPB41L5,12.746583665778699,1.5945414970030327e-22
TTC29,4.783133132665204,6.091321941127196e-06
FAM107B,14.463695648113742,4.711731528197293e-26
ZNF485,-4.502396953883037,1.854398064515752e-05
CRY2,15.505752863040282,4.017103224900718e-28
LIMS2,15.953197272462853,5.411352094103238e-29
CERS4,3.0234791658114433,0.0031895941482575157
TTC31,-2.244559190470931,0.027045189653261453
RP11-351M8.1,2.62742036119933,0.009986595202747046
EGFL7,12.748623046796544,1.578930676023676e-22
RNPEPL1,9.142429232276376,8.790579927669704e-15
HOXA3,-3.2549623680933757,0.0015573335015471466
ZNF544,-5.077481770269843,1.8228980714606267e-06
KCNC4,2.1405899662171564,0.034788474712487236
FN3KRP,-5.03435018410146,2.1805832807550658e-06
TMEM131,-3.7463591773325686,0.00030314310368955897
GPBP1,4.490127268142454,1.945148931939264e-05
PRSS1,-3.1339507087998557,0.0022755574945875364
PROK2,4.514976428080776,1.7656118165564368e-05
RPL36,-3.9956398197126313,0.0001249586117427137
CHRM3,-3.8989476753799943,0.0001769763860674905
IFI30,9.856313140479068,2.4817787431777293e-16
RHOT1,4.5728257082551425,1.4075634570064872e-05
TFAP2D,-3.268916049587078,0.0014897721446257752
RCN3,-3.512316224847045,0.0006735211594419921
CCNG1,8.427206693413547,3.0837908323962526e-13
TCF20,-9.508487358997717,1.4122322260553926e-15
SERPINI2,4.324041432196403,3.6860294805943806e-05
STX8,8.580598332919383,1.4414987124112711e-13
LRP1B,-3.514753826097303,0.0006680605146870155
CGB5,-2.489821050335021,0.014464092694403349
FRMD3,14.064422073398834,3.0274023999836775e-25
ETNK2,-8.539093670418588,1.771134911592717e-13
NHS,-8.81614466445726,4.4703898546120794e-14
LAT,3.5521582845970103,0.0005893364493319248
MSLN,6.961351813754741,3.8617524848348805e-10
MOAP1,16.6297771869431,2.739604552614799e-30
EIF1AX,-4.180363347751486,6.333770772520263e-05
RGPD1,-3.2699202227221855,0.0014850174125939602
MAOA,10.484688712400569,1.0767144762180567e-17
CDH8,-7.227904244428162,1.0814749108016105e-10
HK2,-5.0051848611101235,2.4603140755685013e-06
NDUFS1,-4.896004779250879,3.852827461536474e-06
SERINC2,-5.159246675949675,1.2951420692754049e-06
SF3B2,-4.2560299935005785,4.769166727027412e-05
GEN1,-11.373635573712361,1.304886094244599e-19
CAPNS1,3.091530927210842,0.0025931138802825415
ZBTB7A,2.5590530969614695,0.012025240187827873
EIF2S2,-6.260689229595321,1.016988704326671e-08
LAMA2,8.932649228804909,2.502448688649122e-14
EFHC1,3.860375799405015,0.00020302931035009043
ELF4,-2.2486982342986113,0.026770967128477097
ZNF727,4.214636424760449,5.572058246775013e-05
ZNF432,2.68456938585901,0.008528227138416524
TNFSF4,-3.060758676108445,0.0028487103804663606
TEX22,-2.5185654317206674,0.01340225996616193
DDX51,-4.103053757085648,8.436561465775724e-05
ALDH18A1,-9.90902675665385,1.906916910448252e-16
SMC1A,-5.32106598746141,6.531487572588513e-07
ASPH,-2.157008571721413,0.03345049671721497
RNF5,2.1536501105259913,0.033720488041728294
SLC6A1,5.683250812068173,1.3604561763638299e-07
FXYD6-FXYD2,2.5286968439630613,0.013045011357638721
SGK494,-3.116703188698048,0.0024000404214834016
FAM92B,4.207915802491607,5.7141168734002106e-05
FRG2C,-2.096434638453459,0.03861926595380824
TBXA2R,10.12273855512647,6.554808385622583e-17
NKAIN2,-6.214209861469964,1.257806255116359e-08
FAM110C,-4.684103593774719,9.060211272359733e-06
DPP4,7.4916633431513056,3.031008537895852e-11
DGCR14,-5.129532638628536,1.4669132378950893e-06
CCDC102A,2.242319399680487,0.02719460578620049
VAPA,3.725003249955507,0.00032649986695011213
WDR7,5.95457894563023,4.0747873667394945e-08
OSR1,6.884851436534572,5.550000598949413e-10
SLC39A4,-4.870672423336527,4.272143685048568e-06
ACRV1,-2.9889894860316777,0.0035382068091408814
AGT,2.3599697749705673,0.02025815750531948
KCNH8,-3.441246195305977,0.0008525437004331045
HIST2H3A,-3.531999973153539,0.000630603435165495
ANO1,-2.334069303514525,0.021633999314737373
FITM2,9.947704635299692,1.5717265365403065e-16
CDCA7,-8.812122337152193,4.5607875751745257e-14
OR5K1,2.012358612678079,0.046926319368043354
TBRG1,9.440136616415497,1.987305559091266e-15
TMEM62,2.9622056004370507,0.003832855796445624
GRAMD2,7.894964989253383,4.24701068058142e-12
CPA6,-2.337644878225803,0.02143927687892559
KRT77,-2.9432911837722417,0.004054394055485749
NUDT18,2.7746842032734578,0.006617567487778857
DYNC2LI1,4.473934470411128,2.0715103100391767e-05
FLAD1,-11.454699273114104,8.745536180199604e-20
GIN1,5.054338488719434,2.0070415256412613e-06
FAM72A,-7.462348118757673,3.4932587611005596e-11
CMTM6,5.898619855742278,5.235408083087986e-08
TWISTNB,-4.265124392225627,4.608325031325056e-05
OCEL1,10.630911270406447,5.196530220631173e-18
TMEM170A,5.189918660891064,1.1384655531866082e-06
PAAF1,-5.4175156952595,4.3217669118154776e-07
CD9,-3.4555235758347114,0.0008133235588844187
TTLL7,5.738740926917579,1.0653171128976854e-07
GPBAR1,12.437266567242538,7.123737611668644e-22
EMP1,3.617106214205915,0.00047306297180477186
C14orf166B,2.686041156134872,0.008493364196069615
HAX1,-3.7731290723754713,0.00027610441935409734
PRUNE2,8.26770303770355,6.786748779367429e-13
RBM19,-5.380397667891949,5.068373649848396e-07
RNF222,-3.309113940935963,0.0013101519386894832
C15orf48,-4.932944580979881,3.312312864155649e-06
RAPH1,7.082192716512227,2.1723272735199207e-10
CTB-58E17.5,-4.6782238590232135,9.274972918024588e-06
PABPC1L2A,-2.548356450202925,0.012376089818386903
TTL,-3.698094088379316,0.0003583697304249421
AMHR2,7.5144337262592,2.7143511486250695e-11
CDH19,7.731330442790593,9.452340532584521e-12
AP2M1,-9.158810579556834,8.100466962110452e-15
BTNL9,13.481030277036316,4.74026405187921e-24
MNX1,-3.2955381952701064,0.001368412764519719
MED10,-8.191212753553264,9.899171852653733e-13
INSIG1,6.064082169659676,2.4881414419778407e-08
KCNK5,9.151839178135939,8.387284770896732e-15
PPEF1,-6.036177786924608,2.822404708918282e-08
DDX39A,-9.339997811446707,3.277682937204412e-15
PKDREJ,-4.2189136802598055,5.48342218533119e-05
CRHR1,-2.4753572568373645,0.01502637503370752
CGGBP1,7.690853714702271,1.1514701506356459e-11
TAS2R31,-2.118606908212121,0.03665240584400195
MTHFD1,-7.789298652970922,7.122313864838122e-12
RENBP,8.938012703729596,2.4364542380268815e-14
AMIGO2,4.036543537239486,0.00010767903579184424
CYP4F31P,-2.551016409927556,0.012287993668478265
HSD17B3,-4.0438666961899745,0.00010483738663246691
LLGL1,-4.372501501999396,3.06334560526437e-05
OR2B6,-3.706459616322508,0.00034815850278599957
PLA2G4F,9.824487124489481,2.909751670507299e-16
DEPDC4,-6.893039973130218,5.338988700137607e-10
KIF19,4.537272538176076,1.6182472267255903e-05
MORN5,4.456412820934601,2.2171744708981366e-05
C4orf21,-7.454042177324485,3.636517810376113e-11
HSPA5,-5.542661222998494,2.515689692150828e-07
MANBAL,-3.945733169001869,0.00014964777602305768
HLA-C,8.486212909409259,2.3021113191116554e-13
C3orf38,4.372937909679501,3.058228158534788e-05
TUBGCP4,-4.615226622492761,1.1908896157669411e-05
POT1,-6.100642245141515,2.1086018323643037e-08
WDFY4,10.13716562770238,6.099078705665294e-17
DNAJC7,-3.3371037271765043,0.0011972918732377812
MPO,2.7623957486670623,0.006852791705597074
ELK3,6.263998866963546,1.0016911270820987e-08
FOXJ1,4.724309449447337,7.71569099467513e-06
MCF2,-2.356771340853094,0.02042375670094096
FSBP,-6.405161630412493,5.233192398956073e-09
TMEM246,-3.2643939815055045,0.0015113610076708838
PIGA,4.2394649057796325,5.07612168123551e-05
MED27,-4.728684125833291,7.581655655172962e-06
CTC1,8.207895421017954,9.117257664386407e-13
FIP1L1,-5.0344879397957225,2.179338621711831e-06
SCAI,5.270316422146891,8.104869898669163e-07
TRAT1,3.6234919271207753,0.0004628858906422769
NR4A1,7.037261872822917,2.6913786810496534e-10
RPL18A,-3.397218494772202,0.0009849974796767515
MID1IP1,11.128386016232678,4.390018241658763e-19
MCHR2,-4.026829989244224,0.00011156225494170745
AC020907.1,-4.836639857589209,4.905944782440057e-06
TMEM161A,-6.658316461913638,1.6123333708170328e-09
SPRY4,11.748540984690795,2.058405454151902e-20
PXMP4,10.483997125895497,1.0804328660226681e-17
NUDT8,-7.013765801527128,3.0099906588969754e-10
TPGS1,2.520364539084307,0.013338186693157983
TMEM233,6.896869686548354,5.243046815167493e-10
CERS1,-2.2344882968619353,0.02772271784256299
HLA-DQB1,5.441975026293027,3.8898365209285397e-07
UGT1A6,-7.346124800696243,6.123999737135911e-11
LYPD1,-5.048541870456783,2.055932152155648e-06
TAPT1,16.57120830527796,3.538737029617798e-30
LIPT2,-4.78745693292249,5.9860140618665994e-06
ZNF107,-5.989076654687574,3.489706047864591e-08
GALNT2,-6.275959282730384,9.482776203282049e-09
OSTC,-5.628739561569916,1.7280741455557424e-07
LINGO2,-3.2082497382425914,0.0018049281666229625
ICAM2,16.86392580974303,9.889575672891373e-31
FHL2,-5.664466033081102,1.477517143323453e-07
ZFP2,13.49800656995209,4.373245511994516e-24
KCNH2,-2.637367572122095,0.009717563859157487
RAD17,2.8000686354967956,0.0061548405896479875
CDHR4,4.218178233212472,5.498565440140824e-05
GHRHR,3.6399607537827614,0.00043758773080569116
TBX1,-5.3751969078892845,5.182593299769682e-07
CCDC142,-5.930849579530923,4.532249414113174e-08
ZNF676,9.395879317356936,2.4792051260347153e-15
ADAT3,-3.3003070992892916,0.0013476758021098258
SNX3,5.506118175846136,2.948096009219561e-07
NUP155,-11.281667403676686,2.055722691081199e-19
C8orf44,-2.9495962347864446,0.003979266529429639
KRT38,-3.371818922738727,0.0010699731143475574
FANCD2OS,-3.453676478810915,0.0008183000884799561
PVRL4,-8.511627834905516,2.0295894952733742e-13
PARK2,7.007525993870997,3.1007099778451326e-10
P2RX7,9.52774617165029,1.2826254039029725e-15
MLST8,-5.018864697409434,2.3250063261859234e-06
DDIT3,-4.3124619674216955,3.851967472931148e-05
C6ORF165,4.7024511860878,8.420611332372195e-06
CD6,3.920140802205493,0.00016405344305021026
BMPR1A,5.319665513607161,6.570595229678726e-07
OTUD4,4.413499344063233,2.6169532915880952e-05
CPLX3,-2.729602015220911,0.007518336752178019
NRAS,-3.9799157882439125,0.00013228290604375733
ODF3L2,6.6475042838132605,1.6960281322424613e-09
LIN54,-4.946143362550638,3.1376967222405178e-06
NLRP12,6.454997164906955,4.155932074270589e-09
CUTC,4.438988949815887,2.371816182283489e-05
ITCH,-4.243548908348127,4.998724528344805e-05
TAOK2,12.411488755886634,8.073468097140161e-22
FOS,7.027186456754288,2.823688677647385e-10
GLUD2,3.383082373812908,0.0010314743036872783
HOPX,12.154366855731302,2.822436069936978e-21
MMP9,-3.6060334382110506,0.0004912140606357708
CWF19L2,2.075843040703887,0.04052680801631984
RHEBL1,-4.355134141967116,3.273842517922439e-05
SCARB2,6.006545968894194,3.2258111071283853e-08
CGNL1,19.65680998369482,8.886190130869913e-36
C1orf222,4.3208183225655175,3.731512699275402e-05
FOXD3,-4.678777968378999,9.254524764273883e-06
POLD2,-9.256262444520885,4.979764529204408e-15
PLXNC1,6.169775436182876,1.540280224779307e-08
MEX3A,-4.895109925061775,3.866932388961812e-06
SLC9A7,-7.065082644151931,2.357108534220797e-10
CHCHD10,-4.297044153042894,4.084116304825121e-05
TRPM2,-5.985960015668151,3.538971545758146e-08
UTP14C,8.154548562385534,1.1860234040345003e-12
ZBED2,6.084226834438326,2.2713832519942135e-08
EPPIN,3.820495822088756,0.0002337915429582261
RFPL3,-2.9728209756106794,0.0037134679188257956
TRAPPC3L,3.8233532339325516,0.00023144736719186518
RP11-574K11.31,3.7870782024581544,0.0002629406696721379
KLK14,-2.043981674346563,0.04363803323946675
C1orf228,7.374215446168287,5.348066173365651e-11
FABP12,2.1185667367769834,0.03665588953682999
TCEB3B,-3.9266633501102803,0.00016026104679955344
ZBTB41,-4.744641255799681,7.111640414313885e-06
RBM5,8.303627960900771,5.683106950815506e-13
DACH1,8.276296902370222,6.504717276748319e-13
KIAA1147,2.4855132633142567,0.014629556065222808
ADAL,-4.016394879462795,0.00011588325967878064
NINL,-2.038198173434045,0.04422422422851204
MVB12A,-2.384271508722857,0.01903831091383636
PPARA,-3.205147079330483,0.0018226105759600513
HNRNPU,-5.81970540729634,7.442142189692444e-08
CEP41,-2.5484828962605732,0.012371889181964664
PIP5K1C,4.525311471777695,1.695756838142614e-05
ATP2A1,-5.502131814805956,2.99945982336631e-07
KLRK1,8.404150266327827,3.4566985600587973e-13
USP8,2.610065715241375,0.010472138237412975
OGG1,4.684232618185765,9.055553072020315e-06
FAM60A,-6.460471772225362,4.0518668142475675e-09
ACAT1,14.821644161920458,9.034405081048676e-27
PACSIN1,-2.6483131056088363,0.009429125225430436
GCSH,-7.987991806297849,2.6910482788115834e-12
CC2D1B,5.893894329079546,5.3471472342727954e-08
SDC2,2.1190308999201943,0.03661565446810571
RRM2,-12.014853725720094,5.579657903399635e-21
ZC3HC1,-4.812282073263166,5.4147695094152855e-06
TRAPPC2L,3.3463054039928632,0.001162226225571825
C15orf26,6.697162798543707,1.343977493836991e-09
RP11-463C8.4,-2.1414795954466586,0.03471480582617504
FPR3,5.659947753642815,1.5071170350453424e-07
RPLP1,-4.816371145788561,5.325906473049101e-06
ATP6V0A1,11.927286474159093,8.565377438206553e-21
PLIN2,7.839475737464474,5.5727751904053706e-12
RUNDC1,3.149653899699247,0.0021674695373053235
RNF165,-4.953639213681653,3.0425544723793326e-06
RECK,11.955285594473537,7.467924951717258e-21
STMN2,-2.3681684956239746,0.01983908830573788
ADAM28,-2.062157126104718,0.04183902820885516
PHF1,8.198145651741644,9.56642893087367e-13
SLC26A2,6.428541722166751,4.697223930766329e-09
GM2A,-2.2061357418709457,0.02971057866751469
SIRPD,12.957873404132549,5.766477066206727e-23
MGP,14.252725300182329,1.256162449456684e-25
MOB3C,8.808647473748087,4.6403488232835887e-14
OR52H1,2.395091426509574,0.01851649777291151
METTL18,-2.534117681040345,0.012857397339482664
ETF1,4.511239271474192,1.7915502350186785e-05
NR1D1,-2.7709210210846864,0.00668880688225006
ZDHHC17,4.865374481211655,4.3652906994464564e-06
SACS,-2.2636329394000643,0.0258016692097764
EMC8,-6.384340125649928,5.761081782174802e-09
SLC39A8,18.684387214085938,4.546556761771274e-34
ZRANB2,4.402070080171399,2.7346519453013364e-05
MEST,-4.063636769391022,9.752021070636411e-05
DNAJC21,-6.693001653344313,1.370466429043092e-09
GOLGA8R,6.3012174835716985,8.445414321458579e-09
MFF,-3.895393682581978,0.00017923652117455158
MAGI1,14.035725871271266,3.4629412102024504e-25
SMN1,-2.684627995847338,0.008526836319087006
C5orf46,-5.15395740195323,1.3242100994377958e-06
CORIN,4.310902897083256,3.874852061893237e-05
CMTM4,5.1778236180335035,1.1979034584008997e-06
DTYMK,-11.395165462050688,1.1732690953944465e-19
PTHLH,-5.500908261869437,3.015400371458066e-07
TP53TG3B,-3.888139792157622,0.000183935381286473
RP11-146D12.2,3.4799103994722924,0.000750236503053037
AC136297.1,2.768063999238471,0.006743358771421911
GNAS,-2.9541280316170657,0.003926063135136539
CENPI,-12.051782985816157,4.6579078500709844e-21
VPS13C,10.416057900324521,1.516059273444664e-17
OGN,5.163523361390685,1.2720952809053729e-06
C9orf169,-3.3779678505694455,0.0010487917216073879
RBAK,-6.736173343311734,1.1190291155471164e-09
ALPK2,-3.5232719328639432,0.0006493048847495223
NDUFS6,-7.444520400739326,3.807938522306902e-11
HDAC3,-3.999273553347028,0.00012332207943984607
LYSMD2,8.40516158269522,3.439436793329913e-13
TMEM254,-5.1291718538822595,1.4691297843797447e-06
CHKB-CPT1B,-3.996870273510677,0.00012440213610320425
SLC12A8,-7.841296833212516,5.523341443955241e-12
FAHD1,-3.6208252857308336,0.00046711030882226563
IL3RA,11.807602485119885,1.54024746263553e-20
BTD,18.962577225561425,1.4574816767379398e-34
NELFA,-7.544635490060358,2.3445110727808506e-11
CTD-3193O13.9,-2.2010891014054073,0.030077167753946418
IL18,4.456285384129758,2.2182693167065747e-05
KRT16,-3.7233179306196496,0.00032841412832630115
CXXC5,4.444399597102087,2.3227126768898645e-05
MAGOHB,-7.998143575475644,2.560180351694629e-12
MPEG1,10.575486127606025,6.848520562682012e-18
RIPPLY3,-4.049059407620778,0.00010286611409720898
PPP1R12C,7.763639082362913,8.07336063821974e-12
ZNF333,4.787776075945491,5.97831169223062e-06
CTD-2370N5.3,6.1318666557354575,1.8300667755624374e-08
CLDN2,5.065759829651113,1.9140055896255995e-06
GUF1,-3.906487938213513,0.00017227098001222055
AC092811.1,-3.3663591695534665,0.001089116598909265
RPS16,-2.597191102755988,0.010846009325890202
NSMCE4A,2.106469979642912,0.03771804137274104
DNAH1,7.355762366500596,5.845946848395974e-11
CAD,-11.637547712962212,3.552392165770509e-20
CLEC19A,4.737668319388247,7.3134398898830855e-06
C9orf170,-2.176470235237752,0.03192262533989641
BMP2,9.110577888933596,1.0304965693008868e-14
SNAP91,-2.7322854953719617,0.0074617422381173725
ADRM1,-9.338854511337015,3.2964573864114643e-15
HIST1H2AG,-6.172751157371799,1.519550618435668e-08
KCNU1,-2.195120733781983,0.030515800269379847
MAMLD1,3.7696215867241483,0.00027951176581814146
UGGT1,-8.17174818069676,1.0896265701877046e-12
POLR1A,-7.987157461172538,2.7020955035363443e-12
C6orf89,2.8139682128166124,0.005914189605024059
WNT3A,6.805373141523429,8.079015162138188e-10
ZNHIT2,-3.395641127133379,0.0009900842571183936
PLEKHM3,5.8754150852123255,5.807078080859547e-08
FOLR1,23.17559495049139,1.4837563571693575e-41
KIAA1468,-5.716522652737146,1.1750575725149072e-07
PFKM,-3.0061468008514294,0.0033606069213808947
RP11-1099M24.7,-2.0189071991086296,0.046228508657201316
NOS1AP,-2.571170801727232,0.011638614712692544
MAPK6,-10.314427656737047,2.517160010448131e-17
DMGDH,3.493093734907111,0.0007180827020970102
SESN1,12.754446613347799,1.5351927947572695e-22
CCR8,-2.978961004295283,0.003645989258848918
UFC1,3.581765045386421,0.0005333285747481357
TRERF1,-4.172684125870814,6.517674918056874e-05
BTG2,7.5065076630064835,2.8206594537345073e-11
ZNF788,2.2385776574394622,0.02744583070521404
EGF,-2.396219133348036,0.018462849791855866
GINS3,-9.775812916183984,3.711336413273433e-16
HSPB11,-3.032567101694168,0.003103179048342924
COL24A1,-3.908471379372221,0.00017105322578261713
LSAMP,5.9469607011042225,4.2164662774339414e-08
ATP6V1E2,-5.615008425008311,1.8350871518575886e-07
RHOBTB2,16.484299389896954,5.1777968075932865e-30
EGLN3,-6.824352495814631,7.387081932208461e-10
HSPB6,15.147602173548785,2.0351401305185136e-27
SLC19A1,6.855434356560284,6.378482575220762e-10
TPBG,-9.734092099325643,4.572055961502556e-16
ADAM18,-2.1012255096373758,0.03818672936645781
MRPL45,-3.865396482106015,0.0001994419672062487
KIF13B,11.362312640557958,1.3799462238715708e-19
TP53TG3,-4.271200850174422,4.5037821576439384e-05
CRISPLD1,-3.8188262096604104,0.0002351717184672982
LCE5A,-3.2613535251087202,0.0015260406194189465
WNT7B,-7.040224198799196,2.653660003429012e-10
SEPT5,-5.555202378970759,2.382141647413157e-07
KRTAP19-1,-2.399175302742973,0.018322872080025924
ZNF284,-2.208900016987671,0.02951143940066861
DFFA,-4.028260162128773,0.00011098220616382362
SASH1,13.891671091743657,6.8093875564932575e-25
SELV,-2.4120731643176456,0.017723120088401094
RPL36A,-5.380978219392563,5.055777448062853e-07
ZNF804A,2.7362628365899484,0.007378573584463082
AOAH,2.488302414351546,0.01452223174548679
TRIM25,3.039546084810131,0.0030382943413461453
SERPINB13,-5.479009634288793,3.3151492766765685e-07
TTC7B,2.6081803470598763,0.010526150556053646
USP28,-8.699601434354058,7.981860806095362e-14
AC074091.13,-4.3341714462443,3.546531393997863e-05
ARHGAP9,6.79956373500684,8.303362698856656e-10
CEP55,-13.827090432339988,9.227686792282463e-25
CNTD1,3.1698976833736574,0.002035174353768968
GAB3,17.35171197774912,1.2107180820707243e-31
CHRNA9,-2.503301117744559,0.013957091288457311
AP2A1,-5.21100236569152,1.041670001534421e-06
CD300LF,15.331416030876555,8.832174842212505e-28
MCM10,-12.633259556244676,2.7563920496046446e-22
PTPRG,10.654262072427569,4.626179449791027e-18
PIEZO1,3.927685285973431,0.00015967450622200808
RP11-122A3.2,3.212761507052968,0.0017795005377379545
EPT1,-8.629786427823205,1.1291578528221577e-13
HDGFRP3,-4.963725708179938,2.918952737055319e-06
HMCES,-9.330947996596448,3.4292668551903348e-15
FAAH,6.024846990140097,2.97042831724872e-08
ABCA12,-6.773134377857762,9.40439040000076e-10
FYN,10.023436148078828,1.0765063279129483e-16
BBS4,4.3496183653985385,3.3435660559526444e-05
RPL17,-2.0828281959483443,0.039870826751831366
EPB42,15.563618722633748,3.095340444553307e-28
MRPL18,-5.520018810123144,2.77564413763697e-07
OTOP1,-2.782031047180191,0.006480479737107662
USP27X,7.660173997131611,1.3370726710422651e-11
RILPL2,18.634142017718396,5.589418572029393e-34
SSR3,-4.47095392124945,2.09561823037795e-05
CDK12,-4.642760735975679,1.0678885202502495e-05
HOXD12,-5.109330560289769,1.5961941815588453e-06
SMARCD1,-10.010769279627736,1.1468459678615196e-16
SMTNL1,2.5208454772292406,0.013321105229621096
ANKRD26,-2.8317310173519137,0.005619189097226395
ABCE1,-6.77010810743599,9.539339631994268e-10
SMARCD3,10.243792647419466,3.5811833784635135e-17
CYB5R2,-7.178370631912151,1.3714507470402864e-10
DNMT3A,-6.933102046964355,4.415811130841695e-10
HLX,10.057728819442865,9.069915338687657e-17
ZBTB4,16.036690080559442,3.733025978807823e-29
NCKAP1,-6.554333100338881,2.620098083306944e-09
LRRC73,2.246626223825036,0.02690793703852092
MRAP2,-4.468341432835125,2.1169719481997255e-05
KLHDC7A,5.975655602784409,3.70678091498602e-08
TTF1,-2.212840962818141,0.029229548326279033
NDUFA1,-2.113738832897228,0.03707665945809143
RPA3-AS1,7.693643224634822,1.1359225850959708e-11
ABHD17B,-3.0924243398266245,0.0025860214390491295
FAM69B,6.0594756959749025,2.540501036027088e-08
TRIO,-4.145644102077478,7.206949868105172e-05
ABCC4,7.21880180707398,1.1297662561733031e-10
MAGEB2,-3.0769748940529897,0.0027112417132346286
XPNPEP1,-6.849380900573426,6.563590306410654e-10
C9orf152,8.678405963535825,8.868591032154819e-14
GPRASP1,11.160218803431333,3.74960908046164e-19
PRMT2,5.052514052988446,2.0223058674701e-06
APOC1,8.422259885880896,3.160262978087842e-13
SOX30,-2.121231930181302,0.03642538217083666
FAM107A,8.991410687671957,1.8671199931316367e-14
MORF4L1,5.415132181067417,4.366287665400157e-07
ADAMTSL3,11.660571861260479,3.171957712760666e-20
C9orf114,-6.944133862387434,4.190647931516611e-10
DLGAP5,-13.002053522770126,4.664379919815345e-23
DKK1,-3.290268455112791,0.0013916748912109439
ZFAND6,2.435667151730142,0.016671054371684313
ITGA1,9.237235665580101,5.476114683726463e-15
SERPINA4,-3.8425712941938617,0.0002162533542281272
KLK2,-2.3609935089397887,0.020205405446273167
DLG3,-4.090795579000048,8.826239383928286e-05
MIA,-2.122530667843152,0.03631351209737372
IGF2BP1,-4.111086392853286,8.190220365395305e-05
DGUOK,-9.77997633561348,3.634888806428885e-16
ZNF488,-6.186027833007096,1.4303640474825678e-08
ATP5J2,-4.698849963756591,8.542592467536415e-06
FAM134C,-3.318991598602389,0.001269231171248459
FUOM,5.421970486656859,4.2397463953683296e-07
SRSF1,-6.469809180399027,3.8802822955697436e-09
ARAP2,5.904604427007982,5.097189830964472e-08
EXOC5,-2.0541362655854405,0.04262492173894059
ARID3A,-4.2358389184343155,5.145804148544368e-05
CLEC14A,14.84889024700537,7.972179449190286e-27
CCDC102B,10.452196863666005,1.2660500918088328e-17
PITX2,-2.595532778396983,0.010895031849840005
SOS2,7.1786502136085835,1.369614911702187e-10
RNF187,-9.862245389502531,2.409266034082514e-16
PIGR,13.759895021978634,1.2665986543389124e-24
PIM3,2.1180514108693074,0.03670060434177775
TBC1D9B,3.1730932294506955,0.002014991834961688
SSC5D,3.804395307963117,0.000247428732192907
RP11-571M6.15,-2.0935068793353286,0.03888567000846189
C5orf20,2.3488893298773945,0.020836975998055934
CYBB,11.935354105922185,8.23352844638733e-21
BOD1,-3.0594698832327505,0.002859908407167853
REEP3,4.716061137082189,7.974694146206647e-06
SLC24A3,4.93065157759733,3.3435982558610126e-06
RRP8,2.0567535508241956,0.042367095139787994
NPNT,14.088796713478228,2.7009636086397183e-25
KLC2,-6.388091871463471,5.662226652017514e-09
GPR137,-4.339182862307318,3.479415902732597e-05
CREB1,-2.596032097371861,0.01088025024511508
DR1,-6.643964389187495,1.7243525672509418e-09
SLC22A18AS,-3.8680776297116446,0.00019755109863214007
CTDSP2,7.225714593520568,1.0929012291804411e-10
RPS9,2.7990916148261684,0.006172088548120523
IFNGR2,-2.0966671586531977,0.038598176024726635
NGDN,-2.1175468038655505,0.036744434776462685
SPZ1,-3.4251653100956387,0.0008988482033367
AC008443.1,-4.523731869595749,1.706257600167026e-05
OR4D6,3.686909695344665,0.0003724665851483718
ARMC8,-3.85105770781065,0.00020985091682076905
LRP8,-5.998596613781849,3.3433654755666e-08
MPPED1,-3.174927001509915,0.002003494414697466
COX7A2L,-3.4065515607501835,0.0009553989479285565
AMPD3,-3.449563773997573,0.0008294839392747874
SPHK1,-5.892380372853422,5.383439814359756e-08
PRMT5,-8.108519863442904,1.4878324953007988e-12
CLEC2L,-5.284767201160216,7.62256109483191e-07
STIP1,-9.07647701745413,1.221615688301766e-14
RABGEF1,2.2216650198134684,0.028606891264962273
SLC10A7,4.7050690026814985,8.333002808270929e-06
ABLIM1,5.302422718178061,7.071273683390727e-07
ATXN1L,5.933028427926283,4.4882197524405494e-08
PUM2,-4.182345841362864,6.287109501177311e-05
ORAI3,-2.031151617566094,0.04494754080635222
UBE2I,-8.004082771128829,2.486575070251794e-12
UGT8,-6.3106603069068825,8.087067898648028e-09
WDR48,7.913577142449465,3.8767844698713054e-12
PIGN,-7.195130885401767,1.2655966173753585e-10
ORM1,3.578436119699236,0.0005393651328089174
GIT2,9.346861664959718,3.1671946832598553e-15
CNOT1,-4.4496481799088015,2.2760192082483148e-05
CGN,11.952189674456719,7.581982270359686e-21
CSNK2A3,-6.592672197054145,2.1913129165804206e-09
SNCB,-3.732741717103086,0.00031784546442975006
BMPER,5.508518239188911,2.917588336239833e-07
RUVBL1,-11.73925819099213,2.15444695998098e-20
TRABD2B,5.630664832991114,1.713567836574319e-07
SDC3,4.665043085882304,9.774503022116436e-06
CNIH2,-3.4568475257601925,0.00080977407177267
CERS2,8.846977835831877,3.834300493741037e-14
KIAA1456,10.183666824536685,4.835095527209289e-17
KIF21B,4.871308212839971,4.2610961859394e-06
TNFSF11,-3.134093840529717,0.0022745500426953956
PRSS27,-3.9257884693928498,0.0001607648198809796
ANKS1A,9.422875284378696,2.1663417623567118e-15
AC006449.1,8.650584767053362,1.0183303049754129e-13
ZG16B,-2.071376040668843,0.0409511600660417
NOTCH4,13.134856867195683,2.4684274968502155e-23
SLC25A2,-2.326842475937444,0.022032343587686135
LTK,5.087130040723645,1.7510942340116337e-06
HYLS1,-7.697696812136822,1.1137008772182732e-11
MSL2,-3.640185350360698,0.0004372519548212204
ANKDD1A,4.926957423883499,3.3946067561397562e-06
SCML4,6.207993243748359,1.294012061206371e-08
VEGFC,2.5269158142935977,0.013107186835261428
ZNF444,3.8000504739826564,0.0002512366503796091
ZSWIM7,9.141567197288945,8.828479961504488e-15
DPH7,-3.5160594269833823,0.0006651529580073738
JAKMIP3,-4.264722623250335,4.61531902523498e-05
CDH24,-9.02956665073916,1.5436482594387618e-14
PLA2G4A,-2.0813041177439127,0.04001316867523103
AKAP2,14.824456071562656,8.918492254825831e-27
SCN8A,-7.134771067033098,1.6897518991696551e-10
BCAR3,2.0558488637971295,0.04245606323099305
METTL5,-8.24310456064279,7.663161881383603e-13
ADSSL1,-4.038907874739773,0.00010675361789449437
ADHFE1,10.65070576042126,4.708814497149684e-18
SLC7A11,-4.572257996418914,1.4107088698046899e-05
SLCO4C1,9.487167858596852,1.5710272184362551e-15
RANBP6,4.661714289098831,9.904728279153245e-06
STAU1,-3.7099923034093303,0.00034392990107038533
RP11-159G9.5,3.4996336277968014,0.0007026187195577018
RHOQ,3.7850114013185463,0.00026485268331987604
PAQR3,-5.778381983510615,8.939781636680345e-08
PCDHB17,-3.0874463356176403,0.0026257703847053495
ABCA13,-4.188688807208063,6.14002643503636e-05
PARP1,-7.732376557607526,9.404221289441723e-12
PDE7B,6.6102793003422065,2.018405721460033e-09
ZNF12,-5.697721307643489,1.2765366044110365e-07
CLRN2,3.723012338282827,0.0003287623739426799
WIPF3,-4.80076089988114,5.672965932546745e-06
PPP1R13B,6.39063763405544,5.596103945968643e-09
GCOM1,8.457312963798511,2.65657625252628e-13
DDX10,-6.589238097930484,2.22670524605261e-09
TRAK1,4.676929057995492,9.322925610460974e-06
IFI27,3.219009468954765,0.0017448397151627138
SAGE1,-2.2775932131150003,0.024923619614395414
VSTM5,-5.029652090876974,2.2234491214398676e-06
TMEM219,12.148618242613546,2.902724466839973e-21
ZMYND15,11.823938978374247,1.421595417412581e-20
CP,-2.144273244155452,0.03448434663233014
CLUAP1,2.669619184580032,0.008889796660678276
NAA38,-6.213861333370345,1.2598093913638575e-08
ASNS,-5.605216733863026,1.915343729543446e-07
ZNF620,5.658402377288492,1.5173740165016298e-07
VDAC2,-7.160684137338902,1.4926866454264816e-10
METTL21C,5.078691589297602,1.8137393344289718e-06
FOXD4,2.543615064908579,0.012534531024452898
CHMP2A,2.6054911040433564,0.01060362782533686
GOLGA8Q,3.544387847637729,0.0006049318549657128
PSMA2,-5.31564999923252,6.684001223263864e-07
AMY1C,6.109810871003115,2.0227438309753156e-08
GDF5,3.99958183014006,0.0001231841881019986
DKK3,6.433470582347419,4.591353702691067e-09
ATP7A,4.999157959343409,2.5223336456541487e-06
ADAM19,-2.196947052572485,0.030380990207592645
HLA-DQB2,5.4731020632388265,3.400892814493742e-07
HOXC8,-7.805277035928741,6.587286165307171e-12
ZC3HAV1L,-8.703858427074904,7.81473061355643e-14
MS4A4E,2.2641175423771425,0.025770740229620687
KNSTRN,-12.872320594734658,8.700311213334499e-23
EHMT1,-2.8939579226035037,0.004688905073192025
SGMS1,14.48641150195201,4.2409465800478815e-26
CFL1,-2.7290773563783453,0.007529447358201754
ZNF844,8.474428151515035,2.440572740564423e-13
MYBPHL,14.127408715829622,2.254681624808799e-25
CSH2,-2.3832887028682204,0.01908634943332873
ZNF181,3.7894423071980317,0.0002607697278581848
MAP1LC3B,15.389968630551767,6.775930035808504e-28
LMO7,17.49130185342424,6.674710421263751e-32
TFAP2A,-10.769963134219728,2.6013283001299237e-18
RAB4B,6.563284644744323,2.51310271790302e-09
C7orf43,-3.6534516107917274,0.0004178462121312091
APIP,8.769847136438605,5.628558640407265e-14
ADAM20,-2.3202977416198505,0.022398666369978386
SRD5A1,-11.15652362687411,3.8188614994206076e-19
NPIPB3,2.1157419734182383,0.03690157406106603
NUFIP2,-4.344394147358549,3.4109230531360496e-05
SUPT3H,-4.66935061763085,9.60845120560303e-06
CREB3L1,7.511504924762187,2.7531618375661498e-11
FAM109A,8.597463909405496,1.32573417655882e-13
GLDN,12.029536366287706,5.1930689593428656e-21
DUSP18,6.22203036385894,1.2136756104610615e-08
SCUBE1,9.230694975422699,5.657916447418919e-15
INMT,16.142658013186843,2.3332515637105966e-29
FAM71A,3.539596957901474,0.0006147407309465199
ADAMTSL5,-6.264628331015733,9.988074649450939e-09
MRGBP,-13.756377460971676,1.287791063274409e-24
METTL4,-2.312907958898395,0.02281874154967547
CBWD7,-3.082173679855354,0.0026684899764558285
ASRGL1,4.019296128634526,0.00011466608003657671
BIRC5,-14.683823402049201,1.703261444965051e-26
SMCO3,8.25841900451288,7.105133377243173e-13
CYP4V2,15.633644433276833,2.2592178124308452e-28
SAMD4B,-5.075170834085784,1.840518191474889e-06
RNF13,4.775579968262811,6.279615991592774e-06
HMG20A,7.564016083296704,2.1340260493564098e-11
CSK,-3.72711621202706,0.00032411484579295577
ATP6V0E1,8.644196994321586,1.0511618304379581e-13
RHOJ,13.988502384895357,4.321143929459103e-25
CCKBR,-2.322846923256642,0.022255348788505408
GLIPR1L2,5.637678766766897,1.6617238839877948e-07
TIRAP,4.799807163274184,5.694868047138432e-06
ZNF709,4.303106881885873,3.991264193951356e-05
CDH12,-2.2421856009427943,0.027203554332617785
DNAH7,4.834141304722457,4.95591976022502e-06
LY96,5.184645314561314,1.1640171517736643e-06
HIST1H2AL,-5.756137657229316,9.864786190970209e-08
HEPH,4.569797455705021,1.4244203651124121e-05
TLR2,11.449964915787884,8.952219913993033e-20
TYSND1,-7.582896482151682,1.9470550993432635e-11
LRRC36,11.090342474399982,5.300799380914423e-19
NDUFAF3,9.156715881120753,8.18560206670113e-15
GALNT1,-6.196648043429589,1.3627556977303333e-08
VRK3,3.12330425483536,0.002351668247705165
ATAD2,-10.867799688231923,1.5994908320736047e-18
NDUFA4L2,-6.1325316038029545,1.8245479932094176e-08
TNFRSF14,8.41748093928661,3.235934672678638e-13
WNT16,-3.215591154093348,0.0017637240942437252
CA5A,-2.218513365462942,0.028827938957173168
PCDHAC2,12.762983332085852,1.473266979767786e-22
ZC3H12A,2.9032983150681884,0.004562176499121784
CRYBA1,2.0633312511992936,0.041725037311694184
CPNE2,6.5642397935315895,2.501944335452431e-09
GOLGA8J,3.610539989611416,0.0004837485077358004
SEL1L3,2.5652256961861344,0.011826876856596495
FSIP2,-4.243133704787699,5.006541018223436e-05
UNK,-4.867268343433076,4.3317686687512064e-06
TPO,-2.9920458676637405,0.003505947852185171
SEC22C,21.351093444801325,1.22941458165051e-38
NTSR2,-2.0198033621805185,0.04613370796857867
GPSM2,-10.525024279616105,8.80622730233139e-18
ALPPL2,2.4751397677161653,0.015034977128873816
CEACAM8,4.702547699894881,8.417365567859268e-06
C17orf67,4.716293951082184,7.967269231675254e-06
CMBL,-2.95294851468231,0.003939847184880236
ITPR3,2.2261855913969426,0.02829241984148508
ZCWPW2,11.927154319585163,8.570923679038955e-21
PZP,6.948915062443132,4.096631138577869e-10
FAM159B,-2.513446577651154,0.013586075939523379
C17orf80,-2.840234231004629,0.0054827948836874
RNMT,-5.8823049660778945,5.631216496751741e-08
ADAMTS17,-3.780802404540352,0.00026878745111283235
MMP24,13.312673248234857,1.0559074449247162e-23
WIZ,-6.341439813402484,7.020049088669451e-09
MAZ,-10.514769179145388,9.267993519521206e-18
CEBPG,-5.736514098314306,1.0758453068631352e-07
SYT6,-3.8182263342181466,0.0002356694948113706
CNPY1,-3.211120762941762,0.001788708584022948
TP53TG3D,-4.166080221387861,6.679920775862723e-05
UBR2,6.674488811253892,1.4947151325723355e-09
GNG7,14.919879846133071,5.757370237768694e-27
ZFHX4,-3.3262855407859706,0.001239786380423446
CENPN,-10.910956496942484,1.2908569710818516e-18
LCTL,-6.4799369682541865,3.7022846161504483e-09
C17orf64,2.629508038336127,0.009929579858378647
SLC2A12,-2.3462990029922497,0.020974381732127265
C10orf99,-4.751345190656557,6.922729316260949e-06
NEK1,2.9429298173298313,0.004058739255405204
TTLL9,3.926279439145004,0.00016048192411453584
SEMA6A,5.233263504458675,9.481997719165841e-07
FNIP2,14.290732975145204,1.0523375472556805e-25
KRTCAP2,-3.501865384265268,0.0006974138859500078
SIAH2,-7.826830883864253,5.928372952709009e-12
WNT10A,-3.418236239338201,0.0009195211679266377
LPCAT3,3.7020707171493688,0.00035348077474835004
RAB3D,-3.3732869955518616,0.0010648797957201533
LRRC28,-4.288565828101371,4.217460516810687e-05
UBA2,-7.692971658596159,1.1396464311312818e-11
PSMC3,-3.4664423574085834,0.0007844832592049101
CTC-260F20.3,-2.742511614560039,0.007249611830573564
C16orf45,7.811258443193979,6.397454118622294e-12
PLCE1,11.763522729639998,1.9123763186661198e-20
CNFN,-3.033594686716492,0.0030935455673948794
IFFO2,-3.9713040939551307,0.00013646651078918102
RGS20,-5.794336221509567,8.329387011620529e-08
UBAP2L,-7.939440470853979,3.4150572076081336e-12
CCDC60,2.5355824260181707,0.012807120553969844
ORC6,-11.334988137100279,1.5794024474422273e-19
BBS12,6.0296884602944845,2.9062672962261306e-08
RECQL,-3.7744645164532713,0.0002748175201966958
ANKRD23,-4.787437361545368,5.986486721652495e-06
PMS1,-3.6446634592743856,0.00043060785676960535
CD320,-1.9885940997630558,0.04953470080012212
C11orf63,9.824074103689062,2.915765512051322e-16
NR4A2,5.583560847875365,2.1052731003395528e-07
TPPP3,8.686808738408898,8.505867698343993e-14
ELOVL7,2.233400024544223,0.027796814649123
LZTFL1,8.15638389818274,1.1753449585348146e-12
NFYB,3.3190205420351524,0.001269113045348111
FAM204A,5.9559893277105775,4.049076977141688e-08
NAGS,2.858696989902339,0.005197032306144575
GLP2R,3.0280702553773033,0.0031456639804603452
ZNF577,7.595434913473329,1.831978311171004e-11
DSG2,-9.743927998343628,4.3526764627902234e-16
LRCH3,-3.6401727207041064,0.00043727082990687924
CABP4,12.705191711597939,1.947132324663441e-22
C15orf57,8.234709516983965,7.987371209959047e-13
S100A3,5.361349630301703,5.49913547340378e-07
DCLRE1B,-2.4619769349324754,0.01556386096001485
SLC22A4,5.387867834890874,4.90861371252295e-07
ANKRD1,6.435316409883178,4.552315565140596e-09
TMUB1,-4.0701746348211225,9.521006261263257e-05
AP3M2,-4.97535229909793,2.7825406831128412e-06
PDIA5,-2.9012202056098326,0.004590096328882549
NUSAP1,-10.366107779554245,1.9450118584756583e-17
RP1-32I10.10,-2.0719583291639108,0.040895628554405365
LRRC45,-3.892612042780015,0.0001810246792361203
IK,7.400177389469435,4.71809480574594e-11
SMNDC1,-6.35328011727397,6.647697893307609e-09
SPRYD7,9.555371717612823,1.1171945419385749e-15
BUB3,-8.733562449147463,6.741788679783126e-14
TRAIP,-12.553712668060149,4.050576952242571e-22
NHSL2,8.498411676192404,2.1670306418425608e-13
MRPS26,-6.682294309532636,1.4410252194165719e-09
RNF7,-6.276480583784789,9.460146103825616e-09
ZNF385D,3.8769916798367237,0.0001913866838420251
SLC25A22,-3.6953709507238415,0.0003617545759892193
SCARF1,17.184981885196287,2.473675451396093e-31
GOLGA8B,2.2949583887959215,0.02386815635394214
MTOR,-4.693707738384039,8.719746977529167e-06
ARHGEF4,-5.263864843111898,8.32971420766906e-07
USP35,-2.9919374270895123,0.0035070877367344255
PTPN3,-3.300738096360388,0.001345816241239817
C9orf84,-8.727490778436902,6.948439696987458e-14
FAM98A,-6.276657669644379,9.452470795989645e-09
GUCY1B3,4.277212046399882,4.4026110122569404e-05
ENDOV,2.1817574636117865,0.03151818148854796
NANOS1,-2.7774909397986556,0.006564885928418652
CDCA4,-13.776059564218224,1.1736286181194844e-24
MS4A6A,6.251690902867091,1.0597550751289627e-08
NCF1,8.191811476797737,9.86998712099084e-13
CNTNAP3,-4.015022126889983,0.00011646348161606784
TBP,-2.8742372984056277,0.004967163583139981
GDI2,-2.5466901846912173,0.01243156439570956
KANK2,17.130929467275017,3.1208169499948763e-31
ZNF628,-2.6107943316285462,0.010451331879523828
CHEK2,-10.077573029320725,8.213839984319688e-17
KIAA1244,12.177419863672776,2.522235918949945e-21
SGCE,10.930317849409455,1.1725264642930265e-18
RERGL,7.511164479499294,2.7577088265428674e-11
MDC1,-3.6599631391884997,0.0004086227208196944
SNRPD2,-8.337775064577343,4.800412457156049e-13
UAP1L1,-2.340538962267155,0.021282804106084057
HNF4G,-5.1484778045404225,1.3549956921238707e-06
GATA5,4.799533087770383,5.701177247436485e-06
MRGPRX3,-2.235526569951052,0.027652186576439246
CCRL2,17.502931018432356,6.352375312165662e-32
SPDL1,-9.565767258621023,1.0606226664919515e-15
AC018755.1,6.5196218074068115,3.079286326655207e-09
ST6GALNAC6,22.844666746536664,4.884512674524689e-41
TPST1,-4.745960540162128,7.074072830161785e-06
ZNF322,-3.3936827802657072,0.0009964339981561002
CDC34,-3.8959016777282858,0.00017891178607383257
PTPRN2,14.27556390968022,1.1293634723510372e-25
EEF1A1,4.293736701818422,4.135644396297674e-05
CNIH1,-2.4873084500022524,0.014560397599763866
PRDM15,-4.467105024293569,2.127151158875282e-05
U2SURP,-7.58440758759356,1.932814248497806e-11
MST4,-7.0789053715795385,2.2066780892946393e-10
STRN4,-3.408370949440067,0.0009497272932963708
TRIB1,6.363506748443956,6.341834420445088e-09
CT45A3,-2.3975397211719356,0.018400201566199755
NELFCD,-10.925930293809994,1.198351693991645e-18
UBE2Q1,-3.3813194987044084,0.001037412705733418
ZZZ3,-2.782790166694561,0.006466463876573011
PRKCZ,15.21470633018792,1.4998164013516102e-27
PPP2R5B,8.776469564671062,5.446139730551525e-14
DENND4A,3.1975289193978362,0.0018667152816474809
GLRX,12.132891682759531,3.134279908707891e-21
HIST1H3B,-5.837433345876269,6.877981523572711e-08
ZNF454,4.8484213864218315,4.676822637842416e-06
VPS28,2.6257726628151437,0.010031803410206317
CDCA3,-11.147707888072466,3.9893028834353047e-19
PIFO,6.580674986000594,2.317438717604968e-09
AASS,2.7613370312289054,0.006873410294950448
SRGN,8.618850551344298,1.1921766437487128e-13
FAM25B,-3.5382475487135574,0.0006175305188615573
ADH1A,9.844338288102755,2.634872349555112e-16
LDB2,16.45447800573303,5.901464640685513e-30
RRAD,6.262162243775471,1.0101519834068331e-08
RABAC1,4.749606494793547,6.971250920580336e-06
IL27RA,3.4354062961479195,0.0008690935450046469
S100A11,-7.174307881771552,1.398405351575715e-10
XPO4,6.45142210557057,4.2253099873115525e-09
PFKFB2,9.542848363855905,1.1893660312033278e-15
ARHGEF38,11.995064174674516,6.146807376183545e-21
PCED1A,-2.042481915976613,0.043789398858423534
MESP2,-5.569622083767693,2.2371692563218845e-07
CD97,17.81810153899831,1.6717965906662617e-32
GDA,-5.710113726289651,1.208725895319428e-07
RAD51AP1,-9.6026683024537,8.819603627565849e-16
PRPF4,-9.23050661611435,5.663240360791752e-15
DEC1,-4.367695552487208,3.120250853191586e-05
MGEA5,3.910943809748539,0.00016954675882390832
BCL2L13,-4.661206669642913,9.924734026900008e-06
CTNNAL1,8.14010023096051,1.2735321292987419e-12
NME1-NME2,-9.588814600574961,9.452044568497923e-16
RP11-242G20.1,-2.0013369412946944,0.048121094541561354
ERVFRD-1,8.827477223472624,4.225203217290386e-14
GFAP,-2.4372225225184168,0.016603696921905043
GAL3ST1,8.054070928806116,1.944932084070577e-12
ADAMTS20,-6.364597127346021,6.310054161429853e-09
FEZ2,7.055940725747509,2.4621396488989534e-10
METTL20,7.738654947688814,9.120502919875739e-12
FGF21,-3.424628851317081,0.0009004329824396789
ODF2L,2.9594862692941444,0.00386400387499532
FZD5,9.124256352373283,9.625071920278543e-15
CA1,7.640110248346777,1.4742414660863494e-11
PAH,-2.178056507569585,0.031800812519279166
ITIH4,6.135727544634728,1.7982511191116715e-08
ZNF534,3.984739412516129,0.0001299934661758055
CERS6,-9.194604125108025,6.775065066186245e-15
CACNA2D4,3.351341423418893,0.0011434453424592444
C10orf12,-6.3166163831794195,7.868802348010268e-09
SPRY1,6.689840584701469,1.3909337402606816e-09
TRAP1,-9.868676466761958,2.333048064755513e-16
SURF6,-3.2365444334218414,0.0016509008530138025
CHURC1-FNTB,-3.319072482997158,0.0012689010862105155
MTG2,-3.7911282022690065,0.0002592320150466634
KRTAP2-3,-2.3286134958574483,0.021934129919847212
PPP2R3B,-5.963151427150578,3.920960508666818e-08
PIK3R6,4.623830028379089,1.1510517479269384e-05
CCDC150,-7.959167530122303,3.1000465728522832e-12
SPAG7,9.458524897573128,1.8128192376857033e-15
PSMA4,-7.232898912435223,1.0558527382577654e-10
MAGEB17,-2.0332472863526605,0.044731373157328946
ZNF18,-3.5972094119179907,0.0005061489479261402
PPP2R5E,-5.735242690016158,1.0819021536107441e-07
NUPL1,4.614198818707268,1.1957372418716158e-05
TMEM129,5.911948909216279,4.932462654242468e-08
RAPGEFL1,-8.072237404253753,1.7786891132448645e-12
CSTA,-5.116858397731415,1.5467708809478872e-06
CIRBP,12.569474173877035,3.7529406053314074e-22
ANKRD13B,-7.766722970101089,7.95269408458175e-12
SHBG,4.366048726139731,3.1399837940823975e-05
EFCAB14,8.5133546841834,2.0122853762572681e-13
SOX2,-6.500090714760365,3.3717386137931314e-09
MAN2A2,4.976286665214436,2.7718516494890158e-06
SUV420H2,-4.630601522120447,1.12060773254633e-05
SYNE1,21.357850254225898,1.1983675012918065e-38
CCDC34,-9.56428500401606,1.0685104739935407e-15
RNF111,2.6316439276049155,0.009871552674354437
CTSK,-3.5078466799173427,0.0006836433179265903
RINT1,-6.563448456473453,2.511185522741371e-09
TNPO3,-5.888597068484818,5.4751960431236835e-08
PSMA3,-3.559700468924714,0.0005745631604905457
PDLIM2,17.850360645880208,1.4593220721231365e-32
ST6GAL1,5.161243877504722,1.2843289774941613e-06
PAK1,-8.767597564393846,5.69190158614604e-14
DDIT4,-4.158766049775947,6.864144505252911e-05
ACMSD,3.113185593752259,0.0024261932427097886
AREG,4.141320942375375,7.323448130516593e-05
KCTD6,8.142475570517446,1.2587160156393577e-12
MIER2,2.794703359189902,0.006250103450155826
DNA2,-8.581634106351098,1.434107276816731e-13
WDHD1,-12.580741558186581,3.5537228146393734e-22
LBX2,-3.404259375321087,0.0009625898177304521
FUT6,-2.6559515943493595,0.009232451872946726
STX1A,-6.8159901463599395,7.684404453627842e-10
KATNA1,-2.910575229053093,0.004465636087801384
SLC25A21-AS1,2.669232742666232,0.008899324380745359
LA16c-431H6.6,-2.4197382026878667,0.017375027947466606
FBXO31,3.220868709532707,0.0017346478164579839
DUSP11,-7.403010094695602,4.653984113099255e-11
SOCS3,6.216396814761944,1.2453084289065674e-08
NRARP,-6.066496293575597,2.4611272978665062e-08
PTRF,14.264184176071684,1.1908481333725232e-25
SKIL,-2.796263187256758,0.006222269986623188
ADAM32,-5.245412118484474,9.007009357926159e-07
BHLHE22,2.5799286465989595,0.011366197856043836
ANKRD34C,2.7001204455359864,0.008166338893793156
PFAS,-4.661819140930997,9.900600847824454e-06
VARS,-7.66865193358286,1.28299740145235e-11
POLR2I,-4.401229845395688,2.7435034839171032e-05
HLA-F,8.764629303011104,5.77657091479587e-14
THSD7A,3.3368078528635774,0.0011984356878348569
SOX18,8.558683132360963,1.6071086390632843e-13
NT5M,-5.158090602533044,1.3014417587183883e-06
LSG1,-8.842140400194952,3.927767170303806e-14
CCDC57,4.648746905927147,1.0428252007783506e-05
NMNAT1,3.2233745951742665,0.001720999089657577
AC105020.1,3.3015157119487175,0.001342467253710058
TMED2,-7.247768876165515,9.830833898411955e-11
UTP3,4.213459699855044,5.5966837787538887e-05
TECR,-6.681941257417068,1.4434119515905e-09
PRPSAP2,-3.927635409277415,0.00015970308530680724
SGMS2,7.8439638946402335,5.451730138819545e-12
SPECC1L-ADORA2A,2.8563581121181123,0.005232461369273439
SCN1B,4.3583963085841795,3.2332684393561126e-05
VCX3B,-5.6179877090259165,1.8113293141968934e-07
LRPAP1,7.888352886241449,4.386835672403948e-12
SLC22A25,-2.1810913113142294,0.03156889154092972
AWAT2,4.1772457394113855,6.407822727065604e-05
OPRK1,-3.131282093488791,0.0022944170724375273
NQO1,-4.557090302404595,1.4973108765209594e-05
ANTXR2,7.136890707213126,1.6727067767925032e-10
RP11-1105G2.3,2.7843604800220048,0.006437558528403059
IFIT3,5.309294340386053,6.867422257768599e-07
TAB2,3.418296571859389,0.0009193392501317902
SULT4A1,-4.8310587943744725,5.018257090768553e-06
METTL17,-2.5783023369877607,0.01141634625678772
STMN4,-2.246202208860365,0.026936042076465706
LONRF2,2.736530028078223,0.007373016825068913
WDR55,2.132294380188507,0.035481969897981205
IKZF4,11.470251417450466,8.099674919186688e-20
SPP2,-2.3347935093721577,0.021594433978391756
PPP1CC,-6.703416939703873,1.3051150232926705e-09
UPK3BL,-4.201415766521379,5.8548217930615505e-05
SLC35D1,-3.1234139309140057,0.002350872257391549
RBM24,2.0633177795971354,0.04172634369787428
SP2,6.7592805623243715,1.003805339746866e-09
KIAA0513,8.8800815372964,3.251586713466343e-14
UBXN1,2.141200399207854,0.03473791107637321
IGFLR1,2.2655190031309997,0.0256814774664368
PTPLA,9.283591202803171,4.344439276894199e-15
TMEM220,15.60976570315984,2.5151273166534363e-28
TMEM163,17.234582008176375,1.9992734918024345e-31
RP11-463D19.2,-3.5185809731431514,0.000659571288870222
ACKR4,14.088108862506008,2.709671613239966e-25
COMTD1,-3.633915280586539,0.00044671818023618945
C3orf70,2.1262248810722846,0.03599692586242828
CLTC,-3.27447857180717,0.0014636117009298125
BX255923.1,3.9199468039243524,0.00016416754159269008
USP48,-2.2236296087684457,0.028469851963538125
RGS12,-2.159588046424486,0.03324440602118465
MBTD1,-2.6503266870452027,0.009376915206960913
ATR,-8.314131495509118,5.395620881503856e-13
CSF1R,6.359509209492447,6.45970450404794e-09
SYNE3,9.538573420068431,1.2150546166785519e-15
TMA7,2.872865448857369,0.004987073558186047
MRPS34,-7.93920935376135,3.418930535699113e-12
OGDH,6.081076488831495,2.3040103079030662e-08
PCDH15,9.073226303203239,1.2415870481751261e-14
GATC,-7.673278299774654,1.2544115749250063e-11
FEN1,-10.452268472715396,1.265598134430978e-17
STMND1,4.596336949871263,1.2830997359419005e-05
NOTCH2,4.2027619491634,5.82541045653817e-05
PITPNB,-6.5760503385884865,2.367951181816528e-09
RQCD1,-7.930282518890658,3.571929895133126e-12
NISCH,12.340438005537893,1.14026700133976e-21
CCL25,-3.4855356228960064,0.0007363541273903691
CA13,6.693026404472766,1.3703073517863331e-09
ZNF846,2.45792604530804,0.01572993825957234
ZNF774,-5.735078323646617,1.0826876178675253e-07
HABP4,5.692187721759865,1.3080097806415473e-07
PTPN5,3.1076400672923445,0.002467961807695708
HMX1,-2.763111913871079,0.0068388763523442265
ARL6IP1,-6.0937598882402355,2.1754007314179895e-08
HNRNPDL,3.2733201927259366,0.0014690238450740876
PRPS1,-2.8922521988759793,0.004712394481875158
C1orf174,-4.849654993723356,4.653442655658566e-06
KMT2E,5.1567770293039485,1.3086360141191988e-06
CLDN19,-2.7640145402751126,0.006821374710244802
ZNF267,-3.145324416360131,0.0021967830334608677
RAC3,-5.587156671941019,2.0725044901475795e-07
SH3D19,11.31755710895561,1.7214955275835315e-19
BEX4,4.375597192241964,3.0272224173632122e-05
EXOSC1,-3.8097002181524013,0.00024285387988070902
SSMEM1,5.583545498949246,2.1054140581812588e-07
PRR9,-3.063985779559194,0.0028208488771122283
PPP1R1B,5.487621151399037,3.1939429405718363e-07
FAM200A,-2.4753425321651594,0.015026957282659565
BLM,-12.28637571182377,1.4833145012625081e-21
HMGA1,-12.830775526193055,1.0626524580573798e-22
DLX6,-2.1568750907975174,0.03346119149386299
MT-ND4,3.815895532753605,0.00023761313576014978
ADRBK2,5.301149061725114,7.109702409714846e-07
ADH7,-4.421352987838423,2.53892778224025e-05
KRT14,-3.9205463550538506,0.0001638151650174569
CHRDL2,2.7012672423074577,0.008140212364000343
PLEKHG5,-5.6212241120619,1.7858631204147923e-07
ABCG4,-2.4547869979236463,0.015859718636805496
FARSB,-10.244954572649254,3.5604704715403673e-17
PEX26,-3.986251462083858,0.00012928363947383128
CA5B,4.928920825837647,3.3674027065796234e-06
MT1E,2.627084086723922,0.00999580663642488
TRIM46,-4.433731725349084,2.4204869586579286e-05
SRSF12,-5.2499322459254865,8.836284693892084e-07
INTS1,-5.984708163318377,3.558952086712909e-08
CEBPZ,-5.603285883782934,1.9315714685255133e-07
LIFR,9.397865633980734,2.4547203024496282e-15
TLL1,3.5135695004190777,0.000670708366673846
SLC38A1,-8.65467943530399,9.978247864985778e-14
CREBL2,14.44169610347192,5.217735288721374e-26
FAM178B,-2.1842365848730143,0.03133008408274238
ZNF627,2.8697775191444106,0.005032157765103276
HNRNPA1,-5.291001711577938,7.423252071068943e-07
CEP350,-2.6091998793691684,0.010496911675735177
CCDC11,3.619793643262006,0.00046875438338604523
SLC37A1,8.695282959406368,8.155048339495018e-14
HCN4,3.210990432336093,0.001789441917580629
VAPB,-5.065033358337793,1.9197958697560307e-06
U2AF1,-2.7415791571338137,0.007268724535317985
LMNA,3.7650726137649326,0.000283990480220616
MYO1B,10.881819802121024,1.491870797664618e-18
CABP7,-3.2119134948772428,0.0017842541425616642
UGT3A2,-2.0763319732038767,0.04048059148101749
NEK4,2.7366741923533033,0.007370020235810991
RPGRIP1,8.09630136508302,1.5800655615621858e-12
SPATA5,-3.386188275471908,0.0010210894317543389
SRCIN1,-2.296481676800887,0.023777475715906462
CLCA4,-3.0336415740254297,0.0030931066659035467
FAM195A,-2.4435660920725915,0.016331486296408057
NUF2,-9.603616452059184,8.777899349507578e-16
PRKAR1A,12.327775980498506,1.2126893221788337e-21
CBLN3,3.5372728800871975,0.0006195529973983514
TBX18,-5.456212495283345,3.658197245495837e-07
TIPRL,-7.407363412219918,4.5571408188145626e-11
CPPED1,7.218886126329318,1.1293092430958935e-10
ROGDI,2.0298997360372493,0.04507709830337098
BRIX1,-11.166005630910627,3.6436770594649523e-19
UBE2G2,9.806665838187115,3.1808730761295507e-16
SH2D3C,18.44182138878537,1.235691950587153e-33
Z98049.1,5.187463484719006,1.1502930213211407e-06
KMT2B,-4.231053389786292,5.239180174441037e-05
GPR39,9.563709535285934,1.0715886065466588e-15
PATE4,-1.997504538354286,0.04854257227385122
TBC1D10B,-5.7645435583891524,9.504677462457085e-08
OR7A5,-3.6172139683534197,0.00047288949685042836
NUTM2E,2.6408558048768436,0.00962478593478861
CDX1,-3.8501154825534836,0.0002105527422038763
GLTSCR1L,8.267916983657383,6.779581825304469e-13
C21orf119,-4.238281071193032,5.098771607687757e-05
TBC1D32,-5.360337096330599,5.523010011821971e-07
LEFTY2,7.576103870266115,2.0123682863388696e-11
GSTA2,3.263055760002461,0.0015178057208538726
RALGAPA2,8.083389221434066,1.6837273498138704e-12
ZYX,10.050871594006653,9.386039814617919e-17
HGS,-7.305536255754336,7.446453561549534e-11
MEF2A,8.955579110464965,2.2322331559552678e-14
ZNFX1,9.248695328345125,5.171543988005577e-15
KCNH6,6.1206144790859875,1.9259891211914604e-08
C8orf59,-4.166868817726865,6.660344304688591e-05
ZNF513,-3.1637970805305624,0.0020742286387324454
C2orf42,-2.1659484125517974,0.032740943629710396
SLC50A1,-5.134902709080345,1.4343045925880561e-06
PLAGL2,-3.1856183116775405,0.0019376699448142509
ZC3H14,3.3552931722898056,0.0011289078740098803
FAM171B,-4.028140807333265,0.0001110305033393648
RP11-5A19.5,-3.1405902665390157,0.0022292584022518464
AREL1,-3.0237337430570266,0.0031871434173705174
CCDC169,-5.250889579957121,8.800534346758821e-07
FXYD6,9.913134233420662,1.8681669599571596e-16
DDAH2,8.078607801110508,1.723808448600805e-12
WDR26,-2.2528204159211844,0.026500287813301986
KIFC1,-11.755806965583393,1.9862363307227756e-20
PPIP5K2,4.8216945651810095,5.212340386627932e-06
IL4R,4.063356546514041,9.762041840509065e-05
PNN,-4.948162072979959,3.111792606182607e-06
C1QB,11.065966919409865,5.981636264882471e-19
ADAMTS1,5.449530681285102,3.765174455918581e-07
GPR183,5.717402109885055,1.1705099516463786e-07
APRT,-3.9244411916473396,0.0001615435680417295
CDHR1,-3.9250209235306417,0.00016120803301684968
SNRNP70,-4.923869029266058,3.4378317116263418e-06
RGMA,-6.9032486068258985,5.087019318293843e-10
FTO,6.646072643356787,1.7074275364309228e-09
GBP3,8.573730717692948,1.4914773713950148e-13
DDX60,4.976875600147852,2.765134869654255e-06
PPAP2B,11.672757443758274,2.9874354243236685e-20
C3orf14,-3.629816120708737,0.00045301150886041525
PCM1,6.728415083538302,1.1605776935763323e-09
PRDX5,3.6691748559562862,0.0003959037053774649
FKSG61,-5.671745287649009,1.431025975440295e-07
STAT4,5.739759085333727,1.0605371591809807e-07
ECE2,-8.927739778206071,2.564419559163605e-14
COL18A1,-2.691769649179363,0.008358897559099993
GOLGA6L4,2.519145904532827,0.013381556935333041
CPSF7,-3.665793014634342,0.00040052890036794945
GTF2I,-2.1060713921702816,0.0377534870573945
DRD1,4.658281134071628,1.0040797933432231e-05
OTOA,4.287454283579602,4.2352503975122896e-05
FBXW12,-3.015575445394876,0.0032665536386294923
RARB,-2.1040944323579645,0.03792972019514869
ACOT4,7.63278064862625,1.527765917098339e-11
FBXL12,5.900693713671904,5.187098253074622e-08
CTU1,-5.947180284258018,4.2123155645670266e-08
C17orf59,4.880903854819572,4.097698628546484e-06
BIRC7,2.6052524088585245,0.010610529470061875
STX12,17.351314459670025,1.212777196233733e-31
HIP1,12.021357461618578,5.4049758488327495e-21
GAB1,6.05314116456771,2.614279197115814e-08
TMEM98,5.972787027035107,3.7548740521605533e-08
UCN2,-6.38595584230952,5.718301888421824e-09
TRIP13,-12.327955760523654,1.211629399934739e-21
FKBP1B,7.481378610320599,3.1858136328157306e-11
CLEC10A,10.185276218130104,4.7963925720503935e-17
ABHD4,-3.3669975472046567,0.0010868617701422878
DDX47,-6.231858856577314,1.1603743742364403e-08
SOX6,-2.321506977944158,0.022330580618511234
RASL12,13.786484880984702,1.1173372037873256e-24
RPP25L,-4.005031021330207,0.00012077100213072303
CDK9,2.413293437067448,0.01766729187150633
NCKAP5,13.077854347885252,3.243021073436747e-23
TPPP2,3.332396109423474,0.0012156129959062394
TGFBR2,25.365971455562477,7.445820954348187e-45
RHEB,-3.8687254125663024,0.00019709682402097234
BUD31,-3.0624292041858014,0.002834256026683104
PRR11,-12.156902621088172,2.7877321866668417e-21
RP11-216L13.17,3.5136510827348055,0.0006705256520726117
MAGI3,14.309495430394135,9.643289396277093e-26
PDCD1LG2,7.250920297502705,9.683124577720936e-11
ZC3H3,-6.6882150064288535,1.4015765001181151e-09
CDKL5,7.186959819514821,1.3161500762598943e-10
LIMS3,-2.2512531437510654,0.02660291717280324
PSMA6,-3.333866750396695,0.001209861501659157
SORT1,14.66153070061054,1.887636215490608e-26
TNFAIP8L1,2.1483760921340784,0.034148292500159584
C17orf96,-6.8334441640472905,7.076743111711004e-10
TFAM,-5.53679116923676,2.580694868032954e-07
PAPD4,6.683753161933389,1.4312042952195685e-09
CNP,-7.203479078681237,1.2159367862484107e-10
WNT3,-5.471209755237937,3.4288148621191097e-07
TMEM19,-4.407908212446843,2.673906360642482e-05
TELO2,-5.3643991824883965,5.427838692423517e-07
TCN2,4.857462846019001,4.508078782130819e-06
ZNF22,3.99165872945373,0.00012677543772660554
MRPL13,-8.115301886031956,1.4389720345205308e-12
RPS6KA6,-2.134091176176666,0.03533075336189665
TCTE1,4.699138636784916,8.532751619260367e-06
GNL3,-5.893479904651387,5.35705782707442e-08
TTC38,9.022995302854767,1.595070445813935e-14
LRFN4,-9.931129162627867,1.7074778376486667e-16
NUP93,-6.942987743338684,4.213500835254934e-10
FANCL,-6.072493483766099,2.3952627023581073e-08
ZSCAN18,7.929102333771712,3.592660829525916e-12
ECSCR,17.494589724618248,6.581942883084548e-32
CBWD5,-5.635683130518442,1.6763159812079116e-07
CPSF1,-5.018429857741676,2.3291935093922243e-06
UQCC1,-2.786382857521533,0.006400505754833417
CELSR1,-3.3428157909852065,0.0011754094271679014
LAMA4,7.567142198957946,2.1018797610829997e-11
BASP1,-6.148486233656232,1.69694189139868e-08
IRX3,4.1083181008735705,8.274327170666939e-05
ACPP,-3.3452970543364966,0.0011660212877497756
DPP3,-6.76541782760325,9.752288018549128e-10
NR4A3,5.351969011797646,5.724243687772034e-07
FLI1,17.59442785693977,4.3059188628727014e-32
RASGRP1,2.479500874922458,0.014863325949137252
ABCF1,-6.1642698662513205,1.579371141677736e-08
GOLGA8H,3.3194364650230486,0.0012674166898451258
ARHGAP44,21.994743625029212,1.1008007438217118e-39
GNGT1,-6.442951279208679,4.3942958681890436e-09
MITD1,-3.9655918729185773,0.00013931102774538415
UBAC2,-4.759498063143214,6.699547958400261e-06
NIM1,6.21614978844204,1.2467139563429715e-08
FAM89A,4.065649152768554,9.680347345262048e-05
UTP14A,-7.133725585673677,1.6982224799872616e-10
ITGB7,3.0655850707708607,0.0028071350661812203
USP51,2.1368662656153763,0.035098301877962514
CDR2L,2.108441422100064,0.03754314686879236
PDRG1,-4.805759993015946,5.559496393684236e-06
C10orf2,-8.570545173779578,1.515243028287785e-13
TMEM198,-4.250232557406946,4.874504784896745e-05
ATP6V1C2,-3.064648226947879,0.002815160918349299
ZNF239,-2.195981054041659,0.030452230712998584
SAMD4A,6.463647273810132,3.992688755158861e-09
CCNE2,-5.558936660765114,2.343737290469147e-07
FMN1,8.932052009960897,2.5099066496117308e-14
GIMAP2,11.152838547201927,3.8892016195714893e-19
DUSP3,15.94550362218493,5.599938987126329e-29
HRAS,-8.487195914442756,2.290922002463215e-13
SFXN1,-9.933344506180402,1.688676485593005e-16
RMDN3,12.642450498963498,2.6365877261364597e-22
TRIM61,4.998559215872382,2.528577540802815e-06
RYR1,-2.6862212741748577,0.008489106501321966
C8orf48,3.375356444902261,0.00105773873132432
TXNDC12,-5.012078337324121,2.3911981754935643e-06
CEACAM1,-2.891539605587902,0.0047222395468027
PREX2,11.954700559653016,7.489345598446989e-21
ALOX5,12.952672628696472,5.912348110861285e-23
GAR1,-4.839086512484035,4.857482815884031e-06
ALDH5A1,3.6487118506577545,0.0004246837877688757
RPL12,-2.329417130918604,0.021889691246918527
OCLN,15.559548727792397,3.1525699427890846e-28
AC005481.5,-2.222297718077734,0.028562694753910826
AQR,-3.800657974393613,0.0002507008865055912
JARID2,-9.678801599857618,6.027756589873374e-16
FAM180A,6.475336392071214,3.7821176487882745e-09
THEM5,-4.126816130479059,7.727672543678131e-05
MCM5,-8.799557130147043,4.8550952966127756e-14
NRD1,-5.938697435418838,4.375624613029022e-08
ABCG8,-2.7271766879987656,0.00756982274478177
RAB40B,-4.432724540385594,2.429920834167578e-05
FLNA,3.651719900563808,0.0004203321855455195
GJA4,13.343811279835606,9.103220869137262e-24
DUS1L,-7.5980839844463395,1.8085442062222498e-11
DGCR8,-4.214708733402102,5.570548434222887e-05
NCCRP1,-4.635142940496765,1.1006286874835032e-05
C7orf73,-9.023278251262983,1.592821480219473e-14
GORASP2,-7.186449905164637,1.3193704440695672e-10
DNAH2,3.1808158821351853,0.0019669842308933597
OSR2,-2.668328624329129,0.008921651594345943
VIPR1,9.369737939418119,2.8251296075699774e-15
DPPA2,-2.778677454057695,0.006542730810581256
RPAP3,-10.348752684353517,2.1209291367773363e-17
KLHDC3,-2.662989998069793,0.009054527695994153
EPHX3,-3.5004803598581686,0.0007006396974018356
MAP2K3,5.365275791713223,5.407512031639713e-07
CACNG4,7.683061002072433,1.196033564484163e-11
WSB2,-3.0568410946697817,0.002882875947439821
DVL3,-8.509078312778197,2.0554088958571275e-13
TMEM178B,-2.846295590830603,0.005387428289541476
FBXL4,-3.520564507972496,0.0006552116605706201
CASP4,6.136478980306234,1.7921226006007004e-08
SDF2L1,-2.2954084585558485,0.023841332260189505
SNX10,7.669567883547777,1.2772868915772421e-11
GUCY1A3,6.676071228647547,1.483672936417796e-09
CAPN13,2.891782463532991,0.004718882142291662
STARD6,-4.1992098238223114,5.903326029801136e-05
SMPD1,9.398721698117068,2.444242473676834e-15
ADAMTS8,15.72480382687047,1.5008455047580384e-28
NAT8,2.916833464292062,0.004384117145865674
RP11-108K14.8,-5.162573123614482,1.2771811912487076e-06
CARS,-5.15916609156983,1.2955802235324058e-06
PNPLA1,-3.0823138725515093,0.002667345823703665
ACSS2,8.490459088103291,2.2541653591262216e-13
TMEM56,7.18375467788895,1.3365224664697884e-10
PLEKHG4,-4.822042552021121,5.204999213438715e-06
PRR26,3.096754433271373,0.0025519010334700536
TNFSF14,6.607094371126971,2.048650563708471e-09
SCRIB,-8.743235545790446,6.425154603726227e-14
RAB14,7.529162523301425,2.5272626086244188e-11
SMG7,-8.749615310910123,6.224487094611239e-14
GOLM1,-5.128428253123104,1.4737085480949239e-06
KLHL24,-3.738540531232344,0.00031150366379027695
OVOL3,-4.9868133769738385,2.654157473768442e-06
AC068533.7,2.4997094911612967,0.01409059631381821
WDR93,3.8082488889255828,0.00024409740879304277
PPP1CB,-5.40066206338415,4.6463696586171236e-07
GMEB2,-4.9490936726616415,3.099908650553939e-06
IFIT5,11.096487984193713,5.1417730512846e-19
CBY3,2.4393881791118095,0.016510314385081836
MUSTN1,12.796849571612427,1.251336602000016e-22
MT1M,3.9244432486813525,0.00016154237630079007
CBLC,-10.20156624524497,4.421682348235854e-17
FAM209A,4.000727451906353,0.00012267304674047408
NT5C2,4.0822346015482545,9.108562677601203e-05
PMM2,-6.940473557134106,4.264065570685978e-10
TRO,-4.350565849154799,3.3314881403164254e-05
WASF3,9.583744778851566,9.694654433456431e-16
RTN4R,-5.927696432539944,4.596721093858125e-08
GALNT3,-5.265981597038381,8.255279067887885e-07
KIAA0226L,3.0151061053261214,0.003271177251214963
CEACAM4,6.978693223653973,3.556365768225764e-10
LCE1C,-2.3529053978454653,0.02062551560355125
SMG9,-2.976408106283432,0.003673906822437365
RAP2A,5.422869441766365,4.2233808935277875e-07
KDM4D,-5.512820610293249,2.863672808468222e-07
VPS16,-3.7377884431566053,0.00031231933465369644
ENTPD8,-2.5892327232235473,0.011083098640223096
AC006486.1,-4.367848084364876,3.11842921972001e-05
ZNF768,-5.2207492700812725,9.996860401675614e-07
TRIM16,-5.308279200689581,6.897171101566826e-07
C10orf11,14.860978459557439,7.542033686711478e-27
RP11-322E11.6,-2.279792113328968,0.02478773865359543
ZSCAN2,-3.1782321408547527,0.0019829260232672036
KM-PA-2,-2.606165846089738,0.010584140219653553
HERC5,2.8187014293659844,0.005834226586345819
RETN,9.632508016286929,7.597399493445098e-16
DLX2,-4.026380722796807,0.00011174506669708599
PLCL1,6.898468169827645,5.203508641473024e-10
CTSF,6.272401434281146,9.63865801048952e-09
OR6N2,2.093763736505264,0.03886223467341613
NAT6,5.516920572325307,2.8132032505173396e-07
SRP72,-3.12179853953721,0.002362621561118516
GTSE1,-11.597258574032736,4.3315529910684514e-20
ZIC1,-3.397370653787153,0.00098450809077632
TMEM253,-2.7490901560422096,0.007116066471194912
SUSD4,-6.175313400785777,1.501921972676691e-08
ROS1,12.005424049095494,5.843038468943117e-21
HMGCL,6.106347759593391,2.0547608653561924e-08
SHC1,-4.103435092893162,8.424707827895306e-05
CS,-7.037477560052656,2.6886145328573183e-10
FAM151B,5.768629512349198,9.334332428858585e-08
NTF4,-4.318370580135119,3.7664151421567576e-05
ALYREF,-10.601025143694633,6.030451444855877e-18
FAM131C,-6.026845157414296,2.9437805085214988e-08
B4GALNT4,-6.709685578155457,1.2672785526849333e-09
VGF,-2.385925368699331,0.018957714215551993
UFM1,7.207259791057709,1.1940876803604356e-10
LRRN4,13.47595655731768,4.8558501017864635e-24
UBE2T,-11.195330607563182,3.151244809524878e-19
ZNF521,5.024277726947567,2.273493070017423e-06
SPINT2,-5.897987975942098,5.250215300402821e-08
HAVCR2,9.075401768911874,1.228185913854998e-14
CTD-2116N17.1,-8.17576098716633,1.0682834694218772e-12
FUT2,-5.5804893111702825,2.133665995554072e-07
